opp_id,lead_id,account_id,first_touch_channel,stage,amount_brl,created_date,close_date,is_won,win_probability_hist,stage_prospecting_dt,stage_qualification_dt,stage_proposal_dt,stage_negotiation_dt,stage_closed_dt
OPP-00001,LEAD-000007,ACC-01330,direct,Closed Won,34100.0,2023-01-11,2023-02-27,1,0.315,2023-01-11,2023-01-23,2023-02-03,2023-02-09,2023-02-27
OPP-00002,LEAD-000011,ACC-01186,meta_ads,Closed Lost,22000.0,2023-01-08,2023-02-11,0,0.112,2023-01-08,2023-01-10,2023-01-18,2023-01-30,2023-02-11
OPP-00003,LEAD-000015,ACC-00296,organic_search,Closed Won,148100.0,2023-01-12,2023-02-28,1,0.317,2023-01-12,2023-01-25,2023-02-18,2023-02-25,2023-02-28
OPP-00004,LEAD-000016,ACC-00152,direct,Closed Won,101200.0,2023-01-22,2023-02-27,1,0.358,2023-01-22,2023-02-06,2023-02-11,2023-02-12,2023-02-27
OPP-00005,LEAD-000022,ACC-00639,organic_search,Closed Lost,37400.0,2023-01-10,2023-03-04,0,0.238,2023-01-10,2023-01-11,2023-02-08,2023-02-14,2023-03-04
OPP-00006,LEAD-000023,ACC-00952,meta_ads,Closed Lost,46300.0,2023-01-28,2023-03-14,0,0.145,2023-01-28,2023-02-08,2023-02-20,2023-03-13,2023-03-14
OPP-00007,LEAD-000024,ACC-00352,paid_search,Closed Lost,58400.0,2023-01-17,2023-02-22,0,0.24,2023-01-17,2023-01-19,2023-01-19,2023-01-23,2023-02-22
OPP-00008,LEAD-000030,ACC-01988,linkedin_ads,Closed Lost,92500.0,2023-01-31,2023-04-22,0,0.297,2023-01-31,2023-03-21,2023-04-07,2023-04-16,2023-04-22
OPP-00009,LEAD-000038,ACC-01876,organic_search,Closed Lost,40800.0,2023-01-25,2023-03-26,0,0.29,2023-01-25,2023-02-06,2023-02-23,2023-03-10,2023-03-26
OPP-00010,LEAD-000043,ACC-01500,linkedin_ads,Closed Lost,74100.0,2023-01-22,2023-03-19,0,0.327,2023-01-22,2023-02-06,2023-02-19,2023-03-11,2023-03-19
OPP-00011,LEAD-000052,ACC-00719,paid_search,Closed Lost,134600.0,2023-01-21,2023-03-06,0,0.23,2023-01-21,2023-02-03,2023-02-16,2023-03-04,2023-03-06
OPP-00012,LEAD-000060,ACC-00314,paid_search,Closed Won,126700.0,2023-01-19,2023-02-23,1,0.293,2023-01-19,2023-01-27,2023-01-31,2023-02-05,2023-02-23
OPP-00013,LEAD-000065,ACC-01676,organic_search,Closed Lost,30500.0,2023-01-23,2023-03-15,0,0.317,2023-01-23,2023-02-09,2023-02-11,2023-03-12,2023-03-15
OPP-00014,LEAD-000069,ACC-00781,direct,Closed Lost,47400.0,2023-01-19,2023-03-07,0,0.343,2023-01-19,2023-01-29,2023-02-22,2023-02-28,2023-03-07
OPP-00015,LEAD-000070,ACC-00986,paid_search,Closed Lost,30000.0,2023-01-24,2023-02-27,0,0.209,2023-01-24,2023-01-28,2023-02-06,2023-02-26,2023-02-27
OPP-00016,LEAD-000076,ACC-00463,linkedin_ads,Closed Lost,45600.0,2023-01-22,2023-03-23,0,0.267,2023-01-22,2023-02-18,2023-03-03,2023-03-05,2023-03-23
OPP-00017,LEAD-000085,ACC-00910,webinar_evento,Closed Lost,188000.0,2023-01-20,2023-03-25,0,0.318,2023-01-20,2023-02-03,2023-03-02,2023-03-22,2023-03-25
OPP-00018,LEAD-000088,ACC-01141,organic_search,Closed Lost,93000.0,2023-01-20,2023-03-25,0,0.33,2023-01-20,2023-02-02,2023-02-27,2023-03-03,2023-03-25
OPP-00019,LEAD-000089,ACC-00225,direct,Closed Won,33800.0,2023-02-01,2023-03-20,1,0.343,2023-02-01,2023-02-09,2023-02-10,2023-02-22,2023-03-20
OPP-00020,LEAD-000090,ACC-00077,paid_search,Closed Lost,80200.0,2023-01-24,2023-02-28,0,0.261,2023-01-24,2023-01-24,2023-02-02,2023-02-06,2023-02-28
OPP-00021,LEAD-000095,ACC-01790,organic_search,Closed Won,92200.0,2023-01-21,2023-03-22,1,0.277,2023-01-21,2023-02-06,2023-02-14,2023-02-21,2023-03-22
OPP-00022,LEAD-000110,ACC-00599,organic_search,Closed Won,140800.0,2023-02-04,2023-03-30,1,0.304,2023-02-04,2023-02-18,2023-03-12,2023-03-27,2023-03-30
OPP-00023,LEAD-000111,ACC-01920,webinar_evento,Closed Won,112000.0,2023-01-23,2023-03-11,1,0.393,2023-01-23,2023-02-09,2023-02-10,2023-03-09,2023-03-11
OPP-00024,LEAD-000126,ACC-00601,paid_search,Closed Lost,64900.0,2023-02-02,2023-03-22,0,0.209,2023-02-02,2023-03-02,2023-03-05,2023-03-07,2023-03-22
OPP-00025,LEAD-000134,ACC-00648,webinar_evento,Closed Lost,48900.0,2023-02-06,2023-05-02,0,0.411,2023-02-06,2023-03-11,2023-03-18,2023-04-24,2023-05-02
OPP-00026,LEAD-000139,ACC-00518,paid_search,Closed Lost,67800.0,2023-02-06,2023-03-07,0,0.24,2023-02-06,2023-02-09,2023-02-09,2023-02-15,2023-03-07
OPP-00027,LEAD-000140,ACC-00786,direct,Closed Lost,90400.0,2023-02-01,2023-03-05,0,0.3,2023-02-01,2023-02-10,2023-02-10,2023-02-16,2023-03-05
OPP-00028,LEAD-000141,ACC-01761,organic_search,Closed Won,38700.0,2023-02-02,2023-03-12,1,0.317,2023-02-02,2023-02-02,2023-02-16,2023-02-24,2023-03-12
OPP-00029,LEAD-000145,ACC-00338,linkedin_ads,Closed Lost,67500.0,2023-01-30,2023-04-26,0,0.312,2023-01-30,2023-03-01,2023-03-13,2023-04-06,2023-04-26
OPP-00030,LEAD-000148,ACC-00397,paid_search,Closed Lost,80100.0,2023-02-04,2023-03-25,0,0.209,2023-02-04,2023-02-06,2023-02-20,2023-03-22,2023-03-25
OPP-00031,LEAD-000150,ACC-01539,webinar_evento,Closed Won,55900.0,2023-02-08,2023-05-01,1,0.411,2023-02-08,2023-03-02,2023-03-12,2023-04-20,2023-05-01
OPP-00032,LEAD-000158,ACC-01521,paid_search,Closed Lost,35700.0,2023-01-26,2023-03-09,0,0.251,2023-01-26,2023-01-29,2023-02-12,2023-02-21,2023-03-09
OPP-00033,LEAD-000161,ACC-01226,webinar_evento,Closed Won,49600.0,2023-02-05,2023-05-02,1,0.337,,,,,
OPP-00034,LEAD-000167,ACC-00312,direct,Closed Lost,31900.0,2023-02-11,2023-03-21,0,0.315,2023-02-11,2023-02-12,2023-02-19,2023-02-26,2023-03-21
OPP-00035,LEAD-000173,ACC-00382,webinar_evento,Closed Won,59600.0,2023-02-07,2023-04-21,1,0.411,2023-02-07,2023-02-09,2023-02-12,2023-02-26,2023-04-21
OPP-00036,LEAD-000184,ACC-01336,meta_ads,Closed Won,52500.0,2023-02-03,2023-03-07,1,0.165,2023-02-03,2023-02-05,2023-02-25,2023-02-27,2023-03-07
OPP-00037,LEAD-000194,ACC-01734,linkedin_ads,Closed Lost,82600.0,2023-01-29,2023-05-04,0,0.297,2023-01-29,2023-03-21,2023-05-01,2023-05-02,2023-05-04
OPP-00038,LEAD-000195,ACC-01198,meta_ads,Closed Lost,59500.0,2023-02-03,2023-03-15,0,0.152,2023-02-03,2023-02-16,2023-02-20,2023-03-01,2023-03-15
OPP-00039,LEAD-000198,ACC-01644,webinar_evento,Closed Lost,128100.0,2023-02-13,2023-04-17,0,0.374,2023-02-13,2023-02-24,2023-02-27,2023-03-19,2023-04-17
OPP-00040,LEAD-000201,ACC-00045,direct,Closed Lost,37800.0,2023-01-31,2023-03-12,0,0.315,2023-01-31,2023-02-06,2023-02-06,2023-03-07,2023-03-12
OPP-00041,LEAD-000216,ACC-00861,organic_search,Closed Lost,74800.0,2023-01-30,2023-04-12,0,0.264,2023-01-30,2023-02-09,2023-02-09,2023-04-01,2023-04-12
OPP-00042,LEAD-000223,ACC-01011,linkedin_ads,Closed Won,93200.0,2023-02-11,2023-04-30,1,0.371,2023-02-11,2023-03-21,2023-04-05,2023-04-07,2023-04-30
OPP-00043,LEAD-000233,ACC-00874,direct,Closed Won,41600.0,2023-02-09,2023-04-03,1,0.229,2023-02-09,2023-02-09,2023-03-07,2023-03-18,2023-04-03
OPP-00044,LEAD-000235,ACC-00007,linkedin_ads,Closed Lost,50600.0,2023-01-31,2023-04-23,0,0.252,2023-01-31,2023-03-02,2023-03-09,2023-03-19,2023-04-23
OPP-00045,LEAD-000240,ACC-00677,paid_search,Closed Won,28200.0,2023-01-29,2023-04-02,1,0.251,2023-01-29,2023-02-01,2023-02-24,2023-03-09,2023-04-02
OPP-00046,LEAD-000242,ACC-00347,paid_search,Closed Won,54600.0,2023-02-05,2023-03-21,1,0.24,2023-02-05,2023-03-09,2023-03-17,2023-03-18,2023-03-21
OPP-00047,LEAD-000243,ACC-01296,organic_search,Closed Lost,26900.0,2023-01-31,2023-03-27,0,0.317,2023-01-31,2023-02-06,2023-02-24,2023-02-26,2023-03-27
OPP-00048,LEAD-000251,ACC-00652,linkedin_ads,Closed Lost,119800.0,2023-01-31,2023-04-25,0,0.371,2023-01-31,2023-02-07,2023-03-08,2023-04-07,2023-04-25
OPP-00049,LEAD-000264,ACC-00012,organic_search,Closed Lost,38800.0,2023-01-30,2023-03-18,0,0.251,2023-01-30,2023-02-14,2023-02-27,2023-02-28,2023-03-18
OPP-00050,LEAD-000271,ACC-01500,linkedin_ads,Closed Lost,120500.0,2023-02-17,2023-05-01,0,0.327,2023-02-17,2023-02-18,2023-03-13,2023-04-21,2023-05-01
OPP-00051,LEAD-000273,ACC-01798,paid_search,Closed Lost,110500.0,2023-02-09,2023-03-02,0,0.209,2023-02-09,2023-02-14,2023-02-14,2023-02-24,2023-03-02
OPP-00052,LEAD-000276,ACC-00185,paid_search,Closed Lost,73500.0,2023-02-02,2023-03-27,0,0.24,2023-02-02,2023-03-11,2023-03-16,2023-03-18,2023-03-27
OPP-00053,LEAD-000277,ACC-00293,organic_search,Closed Won,37000.0,2023-02-13,2023-04-22,1,0.29,2023-02-13,2023-02-22,2023-03-12,2023-03-29,2023-04-22
OPP-00054,LEAD-000280,ACC-00022,paid_search,Closed Lost,84600.0,2023-02-06,2023-03-19,0,0.209,2023-02-06,2023-02-16,2023-02-18,2023-03-13,2023-03-19
OPP-00055,LEAD-000297,ACC-01219,paid_search,Closed Won,148700.0,2023-02-16,2023-03-25,1,0.178,2023-02-16,2023-02-22,2023-03-17,2023-03-17,2023-03-25
OPP-00056,LEAD-000303,ACC-00247,webinar_evento,Closed Lost,176100.0,2023-02-19,2023-04-23,0,0.411,2023-02-19,2023-02-19,2023-04-13,2023-04-21,2023-04-23
OPP-00057,LEAD-000305,ACC-00038,organic_search,Closed Lost,31500.0,2023-02-04,2023-04-23,0,0.251,2023-02-04,2023-02-26,2023-03-09,2023-04-07,2023-04-23
OPP-00058,LEAD-000306,ACC-00943,webinar_evento,Closed Lost,45000.0,2023-02-15,2023-05-05,0,0.449,2023-02-15,2023-02-28,2023-04-25,2023-04-25,2023-05-05
OPP-00059,LEAD-000311,ACC-00503,paid_search,Closed Lost,24100.0,2023-02-20,2023-04-19,0,0.209,2023-02-20,2023-02-21,2023-03-11,2023-03-16,2023-04-19
OPP-00060,LEAD-000316,ACC-00282,organic_search,Closed Lost,141800.0,2023-02-09,2023-03-20,0,0.264,2023-02-09,2023-02-16,2023-02-17,2023-02-27,2023-03-20
OPP-00061,LEAD-000321,ACC-00494,webinar_evento,Closed Lost,61400.0,2023-02-12,2023-04-12,0,0.374,2023-02-12,2023-03-06,2023-03-13,2023-03-16,2023-04-12
OPP-00062,LEAD-000324,ACC-01277,paid_search,Closed Lost,34800.0,2023-02-10,2023-03-22,0,0.178,2023-02-10,2023-02-12,2023-02-17,2023-03-18,2023-03-22
OPP-00063,LEAD-000329,ACC-00797,linkedin_ads,Closed Lost,39400.0,2023-02-11,2023-04-26,0,0.327,2023-02-11,2023-02-22,2023-04-19,2023-04-21,2023-04-26
OPP-00064,LEAD-000349,ACC-01261,organic_search,Closed Won,116200.0,2023-02-05,2023-04-22,1,0.317,2023-02-05,2023-02-22,2023-03-06,2023-04-11,2023-04-22
OPP-00065,LEAD-000352,ACC-01703,organic_search,Closed Won,39100.0,2023-02-19,2023-04-03,1,0.317,2023-02-19,2023-03-13,2023-03-20,2023-03-23,2023-04-03
OPP-00066,LEAD-000353,ACC-01111,organic_search,Closed Won,75300.0,2023-02-18,2023-04-03,1,0.264,2023-02-18,2023-02-19,2023-03-15,2023-03-22,2023-04-03
OPP-00067,LEAD-000357,ACC-01028,organic_search,Closed Lost,123900.0,2023-02-09,2023-04-02,0,0.264,2023-02-09,2023-02-12,2023-03-11,2023-03-13,2023-04-02
OPP-00068,LEAD-000359,ACC-00694,paid_search,Closed Lost,26700.0,2023-02-13,2023-04-04,0,0.251,2023-02-13,2023-02-24,2023-03-18,2023-03-22,2023-04-04
OPP-00069,LEAD-000367,ACC-00145,linkedin_ads,Closed Lost,45800.0,2023-02-19,2023-04-29,0,0.267,2023-02-19,2023-03-28,2023-04-17,2023-04-18,2023-04-29
OPP-00070,LEAD-000369,ACC-00799,direct,Closed Lost,144500.0,2023-02-20,2023-03-22,0,0.286,2023-02-20,2023-02-25,2023-02-27,2023-03-19,2023-03-22
OPP-00071,LEAD-000374,ACC-00291,organic_search,Closed Lost,29700.0,2023-02-14,2023-04-05,0,0.317,2023-02-14,2023-02-14,2023-03-25,2023-04-03,2023-04-05
OPP-00072,LEAD-000375,ACC-01378,meta_ads,Closed Lost,21800.0,2023-02-06,2023-03-16,0,0.132,2023-02-06,2023-03-07,2023-03-09,2023-03-09,2023-03-16
OPP-00073,LEAD-000382,ACC-01066,webinar_evento,Closed Lost,42800.0,2023-02-10,2023-04-06,0,0.374,2023-02-10,2023-03-06,2023-03-09,2023-03-10,2023-04-06
OPP-00074,LEAD-000383,ACC-01463,linkedin_ads,Closed Won,110800.0,2023-02-21,2023-05-25,1,0.297,2023-02-21,2023-03-04,2023-04-08,2023-04-21,2023-05-25
OPP-00075,LEAD-000384,ACC-00025,paid_search,Closed Won,52800.0,2023-02-14,2023-03-29,1,0.24,2023-02-14,2023-02-16,2023-03-05,2023-03-10,2023-03-29
OPP-00076,LEAD-000386,ACC-00831,paid_search,Closed Lost,23200.0,2023-02-16,2023-04-01,0,0.209,2023-02-16,2023-02-23,2023-03-23,2023-03-24,2023-04-01
OPP-00077,LEAD-000388,ACC-01835,webinar_evento,Closed Lost,117500.0,2023-02-22,2023-05-22,0,0.468,2023-02-22,2023-04-18,2023-04-26,2023-05-01,2023-05-22
OPP-00078,LEAD-000392,ACC-01386,linkedin_ads,Closed Lost,36100.0,2023-02-12,2023-04-04,0,0.327,,,,,
OPP-00079,LEAD-000396,ACC-01850,paid_search,Closed Lost,38900.0,2023-02-23,2023-03-29,0,0.23,2023-02-23,2023-03-04,2023-03-08,2023-03-24,2023-03-29
OPP-00080,LEAD-000406,ACC-00944,meta_ads,Closed Lost,53800.0,2023-02-13,2023-04-03,0,0.152,2023-02-13,2023-02-15,2023-02-19,2023-03-01,2023-04-03
OPP-00081,LEAD-000414,ACC-01443,webinar_evento,Closed Lost,92900.0,2023-02-26,2023-05-21,0,0.374,2023-02-26,2023-03-09,2023-04-06,2023-05-04,2023-05-21
OPP-00082,LEAD-000416,ACC-01694,webinar_evento,Closed Won,109000.0,2023-03-01,2023-05-30,1,0.374,2023-03-01,2023-03-01,2023-03-29,2023-05-18,2023-05-30
OPP-00083,LEAD-000417,ACC-00031,webinar_evento,Closed Lost,95600.0,2023-02-21,2023-05-02,0,0.374,2023-02-21,2023-03-03,2023-03-23,2023-04-13,2023-05-02
OPP-00084,LEAD-000437,ACC-01846,paid_search,Closed Lost,27100.0,2023-02-26,2023-04-04,0,0.251,2023-02-26,2023-02-28,2023-03-15,2023-03-24,2023-04-04
OPP-00085,LEAD-000439,ACC-01469,webinar_evento,Closed Lost,108000.0,2023-02-26,2023-04-07,0,0.374,2023-02-26,2023-03-03,2023-03-16,2023-03-22,2023-04-07
OPP-00086,LEAD-000445,ACC-00761,paid_search,Closed Lost,27900.0,2023-02-28,2023-04-02,0,0.199,2023-02-28,2023-03-11,2023-03-15,2023-03-26,2023-04-02
OPP-00087,LEAD-000459,ACC-01059,organic_search,Closed Won,73400.0,2023-03-06,2023-05-06,1,0.304,2023-03-06,2023-03-09,2023-03-21,2023-04-09,2023-05-06
OPP-00088,LEAD-000466,ACC-00058,email_marketing,Closed Lost,39200.0,2023-03-07,2023-05-04,0,0.277,2023-03-07,2023-03-11,2023-04-09,2023-04-11,2023-05-04
OPP-00089,LEAD-000468,ACC-01365,webinar_evento,Closed Lost,58700.0,2023-02-26,2023-04-23,0,0.411,2023-02-26,2023-02-28,2023-03-30,2023-04-04,2023-04-23
OPP-00090,LEAD-000470,ACC-00587,direct,Closed Lost,88200.0,2023-03-08,2023-04-12,0,0.315,2023-03-08,2023-03-09,2023-03-31,2023-04-08,2023-04-12
OPP-00091,LEAD-000471,ACC-01581,webinar_evento,Closed Lost,195900.0,2023-03-02,2023-05-12,0,0.524,2023-03-02,2023-03-07,2023-03-25,2023-04-25,2023-05-12
OPP-00092,LEAD-000472,ACC-01225,organic_search,Closed Lost,25200.0,2023-03-05,2023-05-03,0,0.317,2023-03-05,2023-04-15,2023-04-16,2023-04-30,2023-05-03
OPP-00093,LEAD-000477,ACC-00514,paid_search,Closed Lost,86100.0,2023-03-07,2023-04-25,0,0.24,,,,,
OPP-00094,LEAD-000479,ACC-01219,organic_search,Closed Lost,150600.0,2023-03-01,2023-04-10,0,0.224,2023-03-01,2023-03-08,2023-03-28,2023-04-02,2023-04-10
OPP-00095,LEAD-000480,ACC-00588,meta_ads,Closed Lost,26700.0,2023-03-09,2023-04-10,0,0.132,2023-03-09,2023-03-12,2023-03-19,2023-03-19,2023-04-10
OPP-00096,LEAD-000482,ACC-00912,paid_search,Closed Lost,24700.0,2023-02-25,2023-03-27,0,0.188,2023-02-25,2023-02-25,2023-03-13,2023-03-23,2023-03-27
OPP-00097,LEAD-000492,ACC-00334,linkedin_ads,Closed Lost,178500.0,2023-03-07,2023-05-02,0,0.327,2023-03-07,2023-03-19,2023-04-12,2023-04-20,2023-05-02
OPP-00098,LEAD-000495,ACC-00823,webinar_evento,Closed Won,47800.0,2023-03-11,2023-06-06,1,0.318,2023-03-11,2023-04-15,2023-04-21,2023-04-26,2023-06-06
OPP-00099,LEAD-000498,ACC-00044,paid_search,Closed Lost,31400.0,2023-02-25,2023-04-09,0,0.23,2023-02-25,2023-03-08,2023-03-30,2023-03-31,2023-04-09
OPP-00100,LEAD-000500,ACC-00436,webinar_evento,Closed Lost,92300.0,2023-02-28,2023-05-07,0,0.411,2023-02-28,2023-03-06,2023-03-24,2023-03-28,2023-05-07
OPP-00101,LEAD-000510,ACC-00935,linkedin_ads,Closed Lost,57400.0,2023-03-14,2023-05-12,0,0.327,2023-03-14,2023-03-26,2023-03-29,2023-05-08,2023-05-12
OPP-00102,LEAD-000511,ACC-01840,paid_search,Closed Lost,83000.0,2023-03-12,2023-04-05,0,0.23,2023-03-12,2023-03-17,2023-03-17,2023-03-31,2023-04-05
OPP-00103,LEAD-000518,ACC-00585,direct,Closed Lost,78600.0,2023-02-26,2023-04-08,0,0.3,2023-02-26,2023-03-04,2023-03-22,2023-03-31,2023-04-08
OPP-00104,LEAD-000519,ACC-00682,direct,Closed Won,34300.0,2023-03-07,2023-04-17,1,0.315,2023-03-07,2023-03-08,2023-04-04,2023-04-05,2023-04-17
OPP-00105,LEAD-000523,ACC-01089,email_marketing,Closed Lost,92700.0,2023-02-25,2023-04-17,0,0.266,2023-02-25,2023-02-28,2023-03-07,2023-03-11,2023-04-17
OPP-00106,LEAD-000525,ACC-00715,organic_search,Closed Won,62400.0,2023-03-14,2023-05-23,1,0.264,2023-03-14,2023-03-24,2023-03-26,2023-04-15,2023-05-23
OPP-00107,LEAD-000581,ACC-01260,linkedin_ads,Closed Won,190900.0,2023-03-08,2023-05-19,1,0.327,2023-03-08,2023-03-28,2023-04-19,2023-04-23,2023-05-19
OPP-00108,LEAD-000585,ACC-00194,organic_search,Closed Lost,71000.0,2023-03-10,2023-05-24,0,0.29,2023-03-10,2023-04-23,2023-04-23,2023-05-07,2023-05-24
OPP-00109,LEAD-000596,ACC-00933,paid_search,Closed Lost,129900.0,2023-03-18,2023-04-25,0,0.24,2023-03-18,2023-03-22,2023-03-22,2023-04-03,2023-04-25
OPP-00110,LEAD-000602,ACC-00765,organic_search,Closed Won,29500.0,2023-03-10,2023-04-16,1,0.317,2023-03-10,2023-03-15,2023-03-25,2023-03-28,2023-04-16
OPP-00111,LEAD-000604,ACC-00671,organic_search,Closed Won,155000.0,2023-03-05,2023-04-29,1,0.37,2023-03-05,2023-03-10,2023-03-24,2023-03-30,2023-04-29
OPP-00112,LEAD-000605,ACC-01806,meta_ads,Closed Lost,45500.0,2023-03-05,2023-03-24,0,0.132,2023-03-05,2023-03-06,2023-03-07,2023-03-07,2023-03-24
OPP-00113,LEAD-000612,ACC-01649,paid_search,Closed Won,30500.0,2023-03-04,2023-04-06,1,0.209,2023-03-04,2023-03-21,2023-03-23,2023-03-31,2023-04-06
OPP-00114,LEAD-000618,ACC-01988,webinar_evento,Closed Lost,106900.0,2023-03-15,2023-05-29,0,0.374,2023-03-15,2023-03-17,2023-03-22,2023-04-26,2023-05-29
OPP-00115,LEAD-000622,ACC-00570,linkedin_ads,Closed Won,202400.0,2023-03-17,2023-04-23,1,0.297,2023-03-17,2023-03-25,2023-03-30,2023-04-17,2023-04-23
OPP-00116,LEAD-000624,ACC-01054,linkedin_ads,Closed Won,47300.0,2023-03-05,2023-05-18,1,0.327,,,,,
OPP-00117,LEAD-000630,ACC-00457,linkedin_ads,Closed Lost,94700.0,2023-03-18,2023-06-04,0,0.342,2023-03-18,2023-03-26,2023-04-27,2023-05-03,2023-06-04
OPP-00118,LEAD-000635,ACC-01766,webinar_evento,Closed Won,51100.0,2023-03-19,2023-06-19,1,0.411,2023-03-19,2023-04-12,2023-05-01,2023-06-16,2023-06-19
OPP-00119,LEAD-000643,ACC-00036,paid_search,Closed Lost,30100.0,2023-03-11,2023-04-26,0,0.178,2023-03-11,2023-04-04,2023-04-07,2023-04-10,2023-04-26
OPP-00120,LEAD-000647,ACC-01581,organic_search,Closed Lost,141300.0,2023-03-09,2023-05-17,0,0.37,2023-03-09,2023-03-30,2023-04-20,2023-05-10,2023-05-17
OPP-00121,LEAD-000649,ACC-01821,linkedin_ads,Closed Lost,44400.0,2023-03-12,2023-04-22,0,0.327,2023-03-12,2023-03-17,2023-03-21,2023-03-28,2023-04-22
OPP-00122,LEAD-000654,ACC-00154,paid_search,Closed Lost,71400.0,2023-03-16,2023-04-21,0,0.209,2023-03-16,2023-03-16,2023-03-27,2023-04-01,2023-04-21
OPP-00123,LEAD-000655,ACC-00094,linkedin_ads,Closed Lost,197100.0,2023-03-10,2023-05-11,0,0.416,2023-03-10,2023-03-10,2023-03-18,2023-03-22,2023-05-11
OPP-00124,LEAD-000658,ACC-01047,direct,Closed Won,48200.0,2023-03-19,2023-05-03,1,0.315,2023-03-19,2023-04-01,2023-04-06,2023-04-23,2023-05-03
OPP-00125,LEAD-000670,ACC-01586,webinar_evento,Closed Lost,171000.0,2023-03-07,2023-06-13,0,0.374,2023-03-07,2023-03-09,2023-03-12,2023-05-14,2023-06-13
OPP-00126,LEAD-000677,ACC-00768,webinar_evento,Closed Won,53500.0,2023-03-08,2023-04-19,1,0.318,2023-03-08,2023-03-23,2023-03-27,2023-04-05,2023-04-19
OPP-00127,LEAD-000694,ACC-00134,organic_search,Closed Won,161200.0,2023-03-16,2023-05-28,1,0.356,2023-03-16,2023-04-09,2023-05-10,2023-05-24,2023-05-28
OPP-00128,LEAD-000706,ACC-00243,webinar_evento,Closed Lost,59900.0,2023-03-15,2023-06-20,0,0.355,2023-03-15,2023-04-27,2023-05-07,2023-05-14,2023-06-20
OPP-00129,LEAD-000710,ACC-01678,linkedin_ads,Closed Won,49900.0,2023-03-22,2023-05-09,1,0.356,2023-03-22,2023-04-14,2023-04-14,2023-04-29,2023-05-09
OPP-00130,LEAD-000712,ACC-01511,email_marketing,Closed Lost,29400.0,2023-03-27,2023-05-03,0,0.254,2023-03-27,2023-03-29,2023-04-13,2023-04-28,2023-05-03
OPP-00131,LEAD-000716,ACC-01400,direct,Closed Lost,67700.0,2023-03-16,2023-04-24,0,0.329,2023-03-16,2023-03-19,2023-03-23,2023-04-07,2023-04-24
OPP-00132,LEAD-000730,ACC-01374,webinar_evento,Closed Lost,115800.0,2023-03-16,2023-06-07,0,0.374,2023-03-16,2023-04-03,2023-05-04,2023-05-29,2023-06-07
OPP-00133,LEAD-000731,ACC-01169,linkedin_ads,Closed Lost,118600.0,2023-03-25,2023-06-03,0,0.327,2023-03-25,2023-04-20,2023-05-24,2023-05-28,2023-06-03
OPP-00134,LEAD-000734,ACC-00215,webinar_evento,Closed Lost,53800.0,2023-03-11,2023-04-15,0,0.355,2023-03-11,2023-04-08,2023-04-11,2023-04-13,2023-04-15
OPP-00135,LEAD-000747,ACC-01590,direct,Closed Lost,40900.0,2023-03-25,2023-04-24,0,0.229,2023-03-25,2023-04-07,2023-04-14,2023-04-18,2023-04-24
OPP-00136,LEAD-000757,ACC-00429,direct,Closed Lost,38000.0,2023-03-26,2023-04-27,0,0.243,2023-03-26,2023-04-10,2023-04-15,2023-04-23,2023-04-27
OPP-00137,LEAD-000783,ACC-01946,linkedin_ads,Closed Won,46500.0,2023-03-20,2023-06-07,1,0.356,2023-03-20,2023-03-21,2023-03-25,2023-04-30,2023-06-07
OPP-00138,LEAD-000787,ACC-01167,organic_search,Closed Lost,38200.0,2023-03-30,2023-05-25,0,0.317,2023-03-30,2023-04-23,2023-05-04,2023-05-08,2023-05-25
OPP-00139,LEAD-000788,ACC-00528,paid_search,Closed Lost,124400.0,2023-03-30,2023-05-12,0,0.178,2023-03-30,2023-04-02,2023-04-13,2023-05-06,2023-05-12
OPP-00140,LEAD-000792,ACC-00859,meta_ads,Closed Lost,88800.0,2023-03-13,2023-05-02,0,0.158,2023-03-13,2023-04-01,2023-04-25,2023-04-29,2023-05-02
OPP-00141,LEAD-000795,ACC-00046,paid_search,Closed Won,78700.0,2023-03-24,2023-05-04,1,0.209,2023-03-24,2023-04-05,2023-04-21,2023-04-23,2023-05-04
OPP-00142,LEAD-000803,ACC-00786,email_marketing,Closed Lost,86100.0,2023-03-19,2023-04-25,0,0.243,2023-03-19,2023-04-07,2023-04-13,2023-04-22,2023-04-25
OPP-00143,LEAD-000808,ACC-01552,webinar_evento,Closed Won,175300.0,2023-04-02,2023-06-08,1,0.318,2023-04-02,2023-05-07,2023-05-08,2023-06-03,2023-06-08
OPP-00144,LEAD-000811,ACC-00216,direct,Closed Won,42800.0,2023-03-28,2023-04-22,1,0.243,2023-03-28,2023-04-01,2023-04-06,2023-04-14,2023-04-22
OPP-00145,LEAD-000815,ACC-00509,paid_search,Closed Lost,114900.0,2023-03-29,2023-04-23,0,0.23,2023-03-29,2023-03-31,2023-03-31,2023-04-05,2023-04-23
OPP-00146,LEAD-000816,ACC-00771,organic_search,Closed Won,77500.0,2023-03-22,2023-05-19,1,0.264,2023-03-22,2023-04-18,2023-04-24,2023-04-26,2023-05-19
OPP-00147,LEAD-000821,ACC-01991,paid_search,Closed Lost,27200.0,2023-03-29,2023-04-30,0,0.251,2023-03-29,2023-03-29,2023-04-06,2023-04-13,2023-04-30
OPP-00148,LEAD-000822,ACC-00876,direct,Closed Lost,149800.0,2023-03-30,2023-05-09,0,0.4,2023-03-30,2023-04-01,2023-04-11,2023-04-25,2023-05-09
OPP-00149,LEAD-000826,ACC-00853,organic_search,Closed Lost,29500.0,2023-03-21,2023-05-09,0,0.317,2023-03-21,2023-04-13,2023-04-22,2023-04-23,2023-05-09
OPP-00150,LEAD-000843,ACC-01531,linkedin_ads,Closed Lost,108600.0,2023-03-21,2023-06-10,0,0.297,2023-03-21,2023-03-26,2023-04-16,2023-05-16,2023-06-10
OPP-00151,LEAD-000846,ACC-01834,linkedin_ads,Closed Lost,78500.0,2023-03-27,2023-05-16,0,0.327,2023-03-27,2023-04-11,2023-04-22,2023-05-03,2023-05-16
OPP-00152,LEAD-000848,ACC-00821,paid_search,Closed Won,46900.0,2023-03-31,2023-05-26,1,0.261,2023-03-31,2023-04-12,2023-04-19,2023-05-13,2023-05-26
OPP-00153,LEAD-000861,ACC-01292,organic_search,Closed Won,71100.0,2023-03-20,2023-05-12,1,0.264,2023-03-20,2023-04-06,2023-04-13,2023-04-16,2023-05-12
OPP-00154,LEAD-000868,ACC-00931,linkedin_ads,Closed Lost,38100.0,2023-03-22,2023-06-13,0,0.356,2023-03-22,2023-04-07,2023-04-18,2023-05-24,2023-06-13
OPP-00155,LEAD-000871,ACC-01754,paid_search,Closed Lost,73000.0,2023-03-18,2023-05-01,0,0.219,2023-03-18,2023-03-24,2023-03-26,2023-04-28,2023-05-01
OPP-00156,LEAD-000875,ACC-00307,webinar_evento,Closed Won,45700.0,2023-03-20,2023-05-29,1,0.411,2023-03-20,2023-03-28,2023-05-11,2023-05-16,2023-05-29
OPP-00157,LEAD-000885,ACC-01420,direct,Closed Lost,70300.0,2023-03-28,2023-05-15,0,0.286,2023-03-28,2023-04-16,2023-04-20,2023-05-01,2023-05-15
OPP-00158,LEAD-000886,ACC-01262,direct,Closed Won,42200.0,2023-03-27,2023-05-14,1,0.315,2023-03-27,2023-04-12,2023-04-29,2023-05-06,2023-05-14
OPP-00159,LEAD-000896,ACC-00424,email_marketing,Closed Lost,91700.0,2023-04-01,2023-05-13,0,0.266,2023-04-01,2023-04-29,2023-05-10,2023-05-10,2023-05-13
OPP-00160,LEAD-000899,ACC-01651,paid_search,Closed Lost,55100.0,2023-03-26,2023-05-04,0,0.209,2023-03-26,2023-03-27,2023-03-29,2023-04-10,2023-05-04
OPP-00161,LEAD-000900,ACC-00158,paid_search,Closed Lost,143900.0,2023-04-03,2023-05-01,0,0.293,2023-04-03,2023-04-10,2023-04-24,2023-04-24,2023-05-01
OPP-00162,LEAD-000901,ACC-01408,webinar_evento,Closed Lost,110600.0,2023-03-22,2023-05-27,0,0.43,2023-03-22,2023-04-04,2023-04-20,2023-05-06,2023-05-27
OPP-00163,LEAD-000902,ACC-00160,organic_search,Closed Lost,90000.0,2023-03-20,2023-06-03,0,0.264,2023-03-20,2023-04-06,2023-05-05,2023-05-19,2023-06-03
OPP-00164,LEAD-000921,ACC-00931,direct,Closed Lost,42600.0,2023-03-30,2023-04-24,0,0.343,2023-03-30,2023-03-31,2023-04-09,2023-04-09,2023-04-24
OPP-00165,LEAD-000928,ACC-01158,organic_search,Closed Lost,75500.0,2023-03-27,2023-05-05,0,0.304,2023-03-27,2023-04-05,2023-04-29,2023-04-29,2023-05-05
OPP-00166,LEAD-000930,ACC-01381,organic_search,Closed Lost,33900.0,2023-04-08,2023-05-23,0,0.281,2023-04-08,2023-04-24,2023-04-30,2023-05-21,2023-05-23
OPP-00167,LEAD-000933,ACC-00496,linkedin_ads,Closed Won,47900.0,2023-03-24,2023-06-11,1,0.356,2023-03-24,2023-05-25,2023-05-29,2023-06-06,2023-06-11
OPP-00168,LEAD-000948,ACC-00791,webinar_evento,Closed Lost,57200.0,2023-04-07,2023-06-27,0,0.374,,,,,
OPP-00169,LEAD-000955,ACC-01517,webinar_evento,Closed Lost,50500.0,2023-04-05,2023-06-22,0,0.411,2023-04-05,2023-04-15,2023-04-21,2023-05-05,2023-06-22
OPP-00170,LEAD-000962,ACC-01781,direct,Closed Lost,161300.0,2023-04-06,2023-05-21,0,0.368,2023-04-06,2023-04-16,2023-04-18,2023-05-11,2023-05-21
OPP-00171,LEAD-000964,ACC-00842,linkedin_ads,Closed Won,120900.0,2023-03-31,2023-05-28,1,0.297,2023-03-31,2023-04-18,2023-04-19,2023-05-07,2023-05-28
OPP-00172,LEAD-000969,ACC-00544,webinar_evento,Closed Lost,48700.0,2023-03-31,2023-05-31,0,0.411,2023-03-31,2023-04-24,2023-05-07,2023-05-19,2023-05-31
OPP-00173,LEAD-000971,ACC-00041,linkedin_ads,Closed Lost,118300.0,2023-03-24,2023-07-04,0,0.297,2023-03-24,2023-04-21,2023-06-16,2023-06-23,2023-07-04
OPP-00174,LEAD-000972,ACC-00001,paid_search,Closed Lost,37200.0,2023-03-24,2023-05-09,0,0.188,2023-03-24,2023-04-05,2023-04-22,2023-05-05,2023-05-09
OPP-00175,LEAD-000979,ACC-01641,linkedin_ads,Closed Lost,85000.0,2023-03-31,2023-05-20,0,0.297,2023-03-31,2023-04-13,2023-05-01,2023-05-10,2023-05-20
OPP-00176,LEAD-000981,ACC-01501,linkedin_ads,Closed Lost,195300.0,2023-03-26,2023-05-11,0,0.282,2023-03-26,2023-04-14,2023-04-14,2023-05-02,2023-05-11
OPP-00177,LEAD-000987,ACC-01835,linkedin_ads,Closed Lost,87600.0,2023-04-05,2023-06-01,0,0.371,2023-04-05,2023-04-18,2023-05-17,2023-05-25,2023-06-01
OPP-00178,LEAD-000992,ACC-00361,organic_search,Closed Lost,37300.0,2023-04-08,2023-06-04,0,0.29,2023-04-08,2023-04-24,2023-05-20,2023-05-31,2023-06-04
OPP-00179,LEAD-001002,ACC-00277,meta_ads,Closed Lost,25900.0,2023-04-08,2023-05-06,0,0.106,2023-04-08,2023-04-12,2023-04-12,2023-05-01,2023-05-06
OPP-00180,LEAD-001006,ACC-00683,organic_search,Closed Lost,48800.0,2023-04-09,2023-06-09,0,0.304,2023-04-09,2023-04-10,2023-05-06,2023-05-27,2023-06-09
OPP-00181,LEAD-001008,ACC-01973,linkedin_ads,Closed Lost,80400.0,2023-04-04,2023-06-15,0,0.342,2023-04-04,2023-05-18,2023-05-24,2023-06-13,2023-06-15
OPP-00182,LEAD-001019,ACC-00652,linkedin_ads,Closed Lost,113600.0,2023-03-30,2023-05-23,0,0.371,2023-03-30,2023-04-17,2023-05-01,2023-05-21,2023-05-23
OPP-00183,LEAD-001020,ACC-00116,organic_search,Closed Lost,90700.0,2023-04-08,2023-05-26,0,0.33,2023-04-08,2023-04-08,2023-04-22,2023-05-22,2023-05-26
OPP-00184,LEAD-001021,ACC-00896,paid_search,Closed Won,27000.0,2023-04-05,2023-05-09,1,0.251,2023-04-05,2023-04-24,2023-04-28,2023-05-02,2023-05-09
OPP-00185,LEAD-001022,ACC-00453,direct,Closed Lost,31100.0,2023-03-29,2023-05-10,0,0.343,2023-03-29,2023-04-02,2023-04-21,2023-04-30,2023-05-10
OPP-00186,LEAD-001024,ACC-00686,organic_search,Closed Lost,90300.0,2023-04-09,2023-05-19,0,0.277,2023-04-09,2023-04-13,2023-04-24,2023-05-07,2023-05-19
OPP-00187,LEAD-001034,ACC-00819,direct,Closed Lost,32700.0,2023-03-29,2023-05-22,0,0.229,2023-03-29,2023-04-06,2023-04-20,2023-05-10,2023-05-22
OPP-00188,LEAD-001039,ACC-00080,organic_search,Closed Lost,32100.0,2023-04-12,2023-06-10,0,0.317,2023-04-12,2023-05-13,2023-06-01,2023-06-07,2023-06-10
OPP-00189,LEAD-001045,ACC-00924,direct,Closed Lost,39100.0,2023-04-04,2023-05-12,0,0.286,2023-04-04,2023-04-10,2023-04-21,2023-05-10,2023-05-12
OPP-00190,LEAD-001053,ACC-01914,paid_search,Closed Lost,28700.0,2023-04-06,2023-05-19,0,0.209,2023-04-06,2023-04-13,2023-04-14,2023-04-18,2023-05-19
OPP-00191,LEAD-001059,ACC-00371,paid_search,Closed Won,75200.0,2023-03-31,2023-05-19,1,0.24,2023-03-31,2023-04-16,2023-04-24,2023-04-28,2023-05-19
OPP-00192,LEAD-001060,ACC-01031,direct,Closed Lost,47900.0,2023-04-16,2023-05-02,0,0.343,2023-04-16,2023-04-17,2023-04-17,2023-04-22,2023-05-02
OPP-00193,LEAD-001063,ACC-00511,paid_search,Closed Lost,62600.0,2023-04-08,2023-06-07,0,0.209,2023-04-08,2023-04-15,2023-05-19,2023-05-29,2023-06-07
OPP-00194,LEAD-001064,ACC-00468,webinar_evento,Closed Lost,56400.0,2023-04-12,2023-07-03,0,0.318,2023-04-12,2023-04-13,2023-04-16,2023-05-28,2023-07-03
OPP-00195,LEAD-001066,ACC-00190,organic_search,Closed Lost,29700.0,2023-04-05,2023-05-17,0,0.29,2023-04-05,2023-04-17,2023-04-25,2023-05-07,2023-05-17
OPP-00196,LEAD-001086,ACC-01579,direct,Closed Won,34300.0,2023-03-31,2023-04-14,1,0.286,2023-03-31,2023-03-31,2023-03-31,2023-04-01,2023-04-14
OPP-00197,LEAD-001098,ACC-01015,webinar_evento,Closed Lost,38200.0,2023-04-09,2023-06-08,0,0.337,2023-04-09,2023-04-27,2023-05-07,2023-05-29,2023-06-08
OPP-00198,LEAD-001101,ACC-01422,paid_search,Closed Lost,75100.0,2023-04-17,2023-06-11,0,0.219,2023-04-17,2023-04-25,2023-04-30,2023-05-17,2023-06-11
OPP-00199,LEAD-001105,ACC-01100,linkedin_ads,Closed Lost,117300.0,2023-04-13,2023-06-14,0,0.366,2023-04-13,2023-05-06,2023-05-17,2023-06-05,2023-06-14
OPP-00200,LEAD-001106,ACC-01808,paid_search,Closed Lost,35800.0,2023-03-31,2023-04-28,0,0.251,2023-03-31,2023-04-12,2023-04-14,2023-04-15,2023-04-28
OPP-00201,LEAD-001111,ACC-01154,webinar_evento,Closed Lost,42800.0,2023-04-10,2023-07-23,0,0.337,2023-04-10,2023-05-12,2023-06-14,2023-07-20,2023-07-23
OPP-00202,LEAD-001117,ACC-01775,paid_search,Closed Won,26900.0,2023-04-14,2023-05-21,1,0.23,2023-04-14,2023-04-27,2023-04-28,2023-05-02,2023-05-21
OPP-00203,LEAD-001119,ACC-01487,direct,Closed Lost,36000.0,2023-04-14,2023-05-28,0,0.343,2023-04-14,2023-04-30,2023-05-02,2023-05-07,2023-05-28
OPP-00204,LEAD-001123,ACC-01308,organic_search,Closed Lost,130700.0,2023-04-10,2023-06-10,0,0.224,2023-04-10,2023-04-25,2023-05-13,2023-06-03,2023-06-10
OPP-00205,LEAD-001133,ACC-01176,organic_search,Closed Won,40100.0,2023-04-18,2023-06-12,1,0.224,2023-04-18,2023-04-24,2023-05-30,2023-06-06,2023-06-12
OPP-00206,LEAD-001136,ACC-01652,webinar_evento,Closed Won,205000.0,2023-04-16,2023-06-18,1,0.524,2023-04-16,2023-05-12,2023-05-14,2023-06-04,2023-06-18
OPP-00207,LEAD-001139,ACC-00800,paid_search,Closed Lost,133600.0,2023-04-08,2023-05-11,0,0.282,2023-04-08,2023-04-24,2023-05-01,2023-05-04,2023-05-11
OPP-00208,LEAD-001149,ACC-01531,paid_search,Closed Lost,64700.0,2023-04-02,2023-05-03,0,0.209,2023-04-02,2023-04-13,2023-04-22,2023-04-29,2023-05-03
OPP-00209,LEAD-001155,ACC-00676,organic_search,Closed Won,77700.0,2023-04-07,2023-06-11,1,0.33,2023-04-07,2023-05-07,2023-05-09,2023-05-10,2023-06-11
OPP-00210,LEAD-001159,ACC-01360,webinar_evento,Closed Won,48000.0,2023-04-17,2023-07-12,1,0.449,2023-04-17,2023-04-21,2023-04-21,2023-06-29,2023-07-12
OPP-00211,LEAD-001161,ACC-01528,organic_search,Closed Lost,27700.0,2023-04-15,2023-06-03,0,0.224,2023-04-15,2023-04-16,2023-05-19,2023-05-27,2023-06-03
OPP-00212,LEAD-001164,ACC-00596,organic_search,Closed Lost,71300.0,2023-04-19,2023-06-08,0,0.277,2023-04-19,2023-04-30,2023-05-05,2023-05-16,2023-06-08
OPP-00213,LEAD-001173,ACC-00414,webinar_evento,Closed Won,52000.0,2023-04-19,2023-08-06,1,0.337,2023-04-19,2023-05-02,2023-05-24,2023-05-31,2023-08-06
OPP-00214,LEAD-001177,ACC-00388,webinar_evento,Closed Lost,45700.0,2023-04-17,2023-06-21,0,0.411,2023-04-17,2023-05-22,2023-05-24,2023-06-09,2023-06-21
OPP-00215,LEAD-001190,ACC-00301,paid_search,Closed Lost,28200.0,2023-04-21,2023-06-19,0,0.188,2023-04-21,2023-04-29,2023-05-17,2023-05-17,2023-06-19
OPP-00216,LEAD-001193,ACC-00591,webinar_evento,Closed Lost,121600.0,2023-04-12,2023-05-24,0,0.374,2023-04-12,2023-04-29,2023-05-04,2023-05-16,2023-05-24
OPP-00217,LEAD-001200,ACC-01258,organic_search,Closed Won,60800.0,2023-04-13,2023-06-08,1,0.33,2023-04-13,2023-05-01,2023-05-09,2023-06-04,2023-06-08
OPP-00218,LEAD-001201,ACC-01503,linkedin_ads,Closed Won,81500.0,2023-04-21,2023-07-01,1,0.342,2023-04-21,2023-06-07,2023-06-08,2023-06-22,2023-07-01
OPP-00219,LEAD-001212,ACC-00518,paid_search,Closed Won,72500.0,2023-04-16,2023-05-23,1,0.24,,,,,
OPP-00220,LEAD-001213,ACC-01893,webinar_evento,Closed Lost,50500.0,2023-04-24,2023-06-09,0,0.411,2023-04-24,2023-05-03,2023-05-03,2023-05-23,2023-06-09
OPP-00221,LEAD-001233,ACC-01364,paid_search,Closed Lost,33900.0,2023-04-18,2023-06-04,0,0.23,2023-04-18,2023-05-05,2023-05-12,2023-05-28,2023-06-04
OPP-00222,LEAD-001254,ACC-01516,webinar_evento,Closed Won,49800.0,2023-04-16,2023-06-23,1,0.449,2023-04-16,2023-04-30,2023-05-16,2023-06-22,2023-06-23
OPP-00223,LEAD-001256,ACC-01070,email_marketing,Closed Lost,66700.0,2023-04-14,2023-05-13,0,0.219,2023-04-14,2023-04-26,2023-05-04,2023-05-10,2023-05-13
OPP-00224,LEAD-001257,ACC-01825,webinar_evento,Closed Lost,111300.0,2023-04-13,2023-06-08,0,0.43,2023-04-13,2023-04-30,2023-05-07,2023-05-09,2023-06-08
OPP-00225,LEAD-001262,ACC-01753,organic_search,Closed Won,26100.0,2023-04-18,2023-06-17,1,0.29,2023-04-18,2023-05-22,2023-05-26,2023-06-14,2023-06-17
OPP-00226,LEAD-001264,ACC-01203,paid_search,Closed Lost,63900.0,2023-04-16,2023-06-06,0,0.24,2023-04-16,2023-05-21,2023-05-21,2023-05-21,2023-06-06
OPP-00227,LEAD-001272,ACC-00509,webinar_evento,Closed Won,199600.0,2023-04-22,2023-07-17,1,0.411,2023-04-22,2023-05-08,2023-05-08,2023-06-09,2023-07-17
OPP-00228,LEAD-001279,ACC-00734,linkedin_ads,Closed Lost,126000.0,2023-04-20,2023-07-12,0,0.342,2023-04-20,2023-05-03,2023-05-22,2023-07-05,2023-07-12
OPP-00229,LEAD-001284,ACC-00604,email_marketing,Closed Won,171500.0,2023-04-14,2023-05-22,1,0.196,2023-04-14,2023-04-29,2023-05-05,2023-05-15,2023-05-22
OPP-00230,LEAD-001292,ACC-01342,direct,Closed Lost,65900.0,2023-04-12,2023-05-08,0,0.286,2023-04-12,2023-04-13,2023-04-16,2023-04-16,2023-05-08
OPP-00231,LEAD-001295,ACC-00625,paid_search,Closed Won,127100.0,2023-04-18,2023-05-26,1,0.23,2023-04-18,2023-04-22,2023-05-11,2023-05-13,2023-05-26
OPP-00232,LEAD-001299,ACC-00615,linkedin_ads,Closed Lost,38000.0,2023-04-12,2023-06-25,0,0.297,2023-04-12,2023-05-06,2023-05-12,2023-05-21,2023-06-25
OPP-00233,LEAD-001301,ACC-00553,webinar_evento,Closed Lost,50700.0,2023-04-20,2023-05-23,0,0.337,2023-04-20,2023-04-21,2023-05-02,2023-05-08,2023-05-23
OPP-00234,LEAD-001303,ACC-01211,paid_search,Closed Lost,31400.0,2023-04-12,2023-05-29,0,0.209,2023-04-12,2023-04-20,2023-05-01,2023-05-21,2023-05-29
OPP-00235,LEAD-001304,ACC-01591,linkedin_ads,Closed Won,105600.0,2023-04-26,2023-06-12,1,0.282,2023-04-26,2023-04-27,2023-05-15,2023-05-23,2023-06-12
OPP-00236,LEAD-001305,ACC-01495,linkedin_ads,Closed Lost,217500.0,2023-04-12,2023-06-16,0,0.297,2023-04-12,2023-04-12,2023-04-21,2023-06-12,2023-06-16
OPP-00237,LEAD-001307,ACC-01413,paid_search,Closed Lost,26700.0,2023-04-18,2023-05-17,0,0.188,2023-04-18,2023-04-20,2023-04-26,2023-05-15,2023-05-17
OPP-00238,LEAD-001313,ACC-00990,webinar_evento,Closed Won,49700.0,2023-04-22,2023-06-23,1,0.411,2023-04-22,2023-05-13,2023-06-01,2023-06-07,2023-06-23
OPP-00239,LEAD-001314,ACC-00334,paid_search,Closed Lost,132200.0,2023-04-21,2023-06-21,0,0.23,2023-04-21,2023-05-13,2023-05-26,2023-05-27,2023-06-21
OPP-00240,LEAD-001316,ACC-01073,organic_search,Closed Won,72500.0,2023-04-25,2023-06-15,1,0.277,2023-04-25,2023-04-28,2023-05-26,2023-05-26,2023-06-15
OPP-00241,LEAD-001324,ACC-00734,meta_ads,Closed Lost,47200.0,2023-04-29,2023-05-27,0,0.152,2023-04-29,2023-05-03,2023-05-19,2023-05-22,2023-05-27
OPP-00242,LEAD-001325,ACC-01562,organic_search,Closed Lost,32400.0,2023-04-18,2023-06-08,0,0.29,2023-04-18,2023-05-05,2023-05-06,2023-05-27,2023-06-08
OPP-00243,LEAD-001332,ACC-01259,linkedin_ads,Closed Lost,93900.0,2023-04-17,2023-06-09,0,0.312,2023-04-17,2023-05-23,2023-05-27,2023-05-30,2023-06-09
OPP-00244,LEAD-001333,ACC-00831,paid_search,Closed Won,24800.0,2023-04-19,2023-05-29,1,0.234,2023-04-19,2023-04-30,2023-05-01,2023-05-21,2023-05-29
OPP-00245,LEAD-001337,ACC-01780,webinar_evento,Closed Won,46800.0,2023-04-19,2023-06-21,1,0.411,2023-04-19,2023-06-05,2023-06-12,2023-06-17,2023-06-21
OPP-00246,LEAD-001343,ACC-00264,linkedin_ads,Closed Won,38900.0,2023-04-14,2023-06-27,1,0.267,2023-04-14,2023-04-18,2023-05-14,2023-06-02,2023-06-27
OPP-00247,LEAD-001346,ACC-01955,linkedin_ads,Closed Won,108900.0,2023-04-16,2023-06-21,1,0.371,2023-04-16,2023-04-16,2023-04-26,2023-05-29,2023-06-21
OPP-00248,LEAD-001348,ACC-00188,organic_search,Closed Lost,80100.0,2023-04-21,2023-06-07,0,0.304,2023-04-21,2023-04-26,2023-05-05,2023-05-27,2023-06-07
OPP-00249,LEAD-001363,ACC-01400,email_marketing,Closed Lost,67800.0,2023-04-16,2023-06-08,0,0.266,2023-04-16,2023-05-18,2023-05-20,2023-06-01,2023-06-08
OPP-00250,LEAD-001373,ACC-01064,paid_search,Closed Lost,55300.0,2023-05-02,2023-06-13,0,0.261,2023-05-02,2023-05-05,2023-05-16,2023-05-18,2023-06-13
OPP-00251,LEAD-001374,ACC-01204,linkedin_ads,Closed Lost,97300.0,2023-04-22,2023-07-12,0,0.312,2023-04-22,2023-05-22,2023-06-22,2023-06-30,2023-07-12
OPP-00252,LEAD-001386,ACC-00294,webinar_evento,Closed Won,53200.0,2023-04-16,2023-06-18,1,0.374,2023-04-16,2023-04-19,2023-06-07,2023-06-13,2023-06-18
OPP-00253,LEAD-001391,ACC-01831,webinar_evento,Closed Lost,47600.0,2023-04-27,2023-06-26,0,0.411,2023-04-27,2023-05-17,2023-06-03,2023-06-06,2023-06-26
OPP-00254,LEAD-001393,ACC-01276,webinar_evento,Closed Lost,43600.0,2023-04-18,2023-07-05,0,0.449,2023-04-18,2023-04-30,2023-05-18,2023-06-29,2023-07-05
OPP-00255,LEAD-001398,ACC-00243,organic_search,Closed Lost,32800.0,2023-04-19,2023-06-05,0,0.281,2023-04-19,2023-05-11,2023-05-15,2023-05-30,2023-06-05
OPP-00256,LEAD-001402,ACC-01590,linkedin_ads,Closed Lost,37600.0,2023-05-02,2023-07-13,0,0.238,2023-05-02,2023-06-01,2023-07-02,2023-07-04,2023-07-13
OPP-00257,LEAD-001411,ACC-00559,organic_search,Closed Lost,68800.0,2023-04-30,2023-06-28,0,0.277,2023-04-30,2023-05-29,2023-06-05,2023-06-16,2023-06-28
OPP-00258,LEAD-001415,ACC-01262,paid_search,Closed Won,31100.0,2023-05-03,2023-06-15,1,0.23,2023-05-03,2023-05-10,2023-05-17,2023-06-08,2023-06-15
OPP-00259,LEAD-001419,ACC-01638,webinar_evento,Closed Won,113300.0,2023-04-26,2023-07-10,1,0.461,2023-04-26,2023-04-27,2023-05-09,2023-07-04,2023-07-10
OPP-00260,LEAD-001424,ACC-01870,organic_search,Closed Lost,24300.0,2023-05-05,2023-06-16,0,0.264,2023-05-05,2023-05-27,2023-06-04,2023-06-04,2023-06-16
OPP-00261,LEAD-001433,ACC-00631,linkedin_ads,Closed Lost,141200.0,2023-05-02,2023-07-01,0,0.342,2023-05-02,2023-06-02,2023-06-24,2023-06-29,2023-07-01
OPP-00262,LEAD-001439,ACC-00630,organic_search,Closed Lost,33300.0,2023-05-05,2023-06-24,0,0.29,,,,,
OPP-00263,LEAD-001440,ACC-01212,organic_search,Closed Won,34900.0,2023-04-21,2023-06-24,1,0.317,2023-04-21,2023-04-27,2023-05-05,2023-06-11,2023-06-24
OPP-00264,LEAD-001451,ACC-01157,direct,Closed Won,95300.0,2023-04-25,2023-06-05,1,0.358,2023-04-25,2023-04-26,2023-06-01,2023-06-01,2023-06-05
OPP-00265,LEAD-001471,ACC-01536,meta_ads,Closed Lost,22400.0,2023-05-03,2023-06-03,0,0.145,2023-05-03,2023-05-03,2023-05-19,2023-05-31,2023-06-03
OPP-00266,LEAD-001474,ACC-01710,paid_search,Closed Lost,35600.0,2023-04-24,2023-05-27,0,0.251,2023-04-24,2023-05-13,2023-05-19,2023-05-20,2023-05-27
OPP-00267,LEAD-001485,ACC-00475,webinar_evento,Closed Won,100900.0,2023-04-27,2023-06-28,1,0.374,2023-04-27,2023-05-31,2023-06-05,2023-06-20,2023-06-28
OPP-00268,LEAD-001491,ACC-00652,webinar_evento,Closed Lost,120900.0,2023-05-08,2023-07-14,0,0.468,2023-05-08,2023-05-18,2023-07-01,2023-07-03,2023-07-14
OPP-00269,LEAD-001501,ACC-00931,paid_search,Closed Lost,37200.0,2023-04-25,2023-06-04,0,0.251,2023-04-25,2023-05-03,2023-05-07,2023-06-02,2023-06-04
OPP-00270,LEAD-001503,ACC-00807,linkedin_ads,Closed Won,45000.0,2023-04-30,2023-07-14,1,0.252,2023-04-30,2023-05-31,2023-06-12,2023-06-26,2023-07-14
OPP-00271,LEAD-001515,ACC-00729,organic_search,Closed Won,34600.0,2023-05-01,2023-06-22,1,0.317,2023-05-01,2023-05-08,2023-06-01,2023-06-05,2023-06-22
OPP-00272,LEAD-001524,ACC-00341,webinar_evento,Closed Lost,102600.0,2023-05-03,2023-08-03,0,0.374,2023-05-03,2023-05-05,2023-05-09,2023-05-21,2023-08-03
OPP-00273,LEAD-001527,ACC-00165,webinar_evento,Closed Lost,99600.0,2023-05-11,2023-07-17,0,0.43,2023-05-11,2023-06-06,2023-06-29,2023-06-30,2023-07-17
OPP-00274,LEAD-001528,ACC-01646,organic_search,Closed Lost,78700.0,2023-04-24,2023-06-26,0,0.304,2023-04-24,2023-05-08,2023-05-11,2023-06-13,2023-06-26
OPP-00275,LEAD-001530,ACC-01408,paid_search,Closed Won,48600.0,2023-04-28,2023-06-16,1,0.24,2023-04-28,2023-05-02,2023-06-05,2023-06-07,2023-06-16
OPP-00276,LEAD-001539,ACC-00122,paid_search,Closed Lost,84800.0,2023-05-13,2023-06-20,0,0.24,2023-05-13,2023-05-15,2023-06-04,2023-06-04,2023-06-20
OPP-00277,LEAD-001549,ACC-00402,webinar_evento,Closed Lost,106700.0,2023-05-03,2023-07-20,0,0.43,2023-05-03,2023-05-08,2023-05-18,2023-07-04,2023-07-20
OPP-00278,LEAD-001561,ACC-01092,linkedin_ads,Closed Won,94300.0,2023-05-10,2023-07-28,1,0.327,,,,,
OPP-00279,LEAD-001577,ACC-00624,organic_search,Closed Won,58500.0,2023-05-13,2023-08-04,1,0.264,2023-05-13,2023-05-27,2023-07-16,2023-07-26,2023-08-04
OPP-00280,LEAD-001585,ACC-00659,meta_ads,Closed Lost,21900.0,2023-05-08,2023-06-13,0,0.125,2023-05-08,2023-05-22,2023-05-22,2023-06-08,2023-06-13
OPP-00281,LEAD-001589,ACC-01349,paid_search,Closed Lost,65400.0,2023-05-12,2023-06-15,0,0.24,2023-05-12,2023-05-21,2023-06-01,2023-06-07,2023-06-15
OPP-00282,LEAD-001591,ACC-00927,linkedin_ads,Closed Won,226600.0,2023-05-01,2023-07-26,1,0.282,2023-05-01,2023-05-12,2023-07-13,2023-07-15,2023-07-26
OPP-00283,LEAD-001593,ACC-01153,meta_ads,Closed Lost,25100.0,2023-05-07,2023-06-09,0,0.145,2023-05-07,2023-05-11,2023-05-22,2023-05-22,2023-06-09
OPP-00284,LEAD-001598,ACC-01561,linkedin_ads,Closed Lost,119900.0,2023-05-15,2023-07-12,0,0.297,2023-05-15,2023-05-22,2023-06-24,2023-07-03,2023-07-12
OPP-00285,LEAD-001603,ACC-01318,webinar_evento,Closed Lost,194400.0,2023-05-12,2023-07-29,0,0.411,2023-05-12,2023-05-12,2023-05-25,2023-07-19,2023-07-29
OPP-00286,LEAD-001608,ACC-00922,linkedin_ads,Closed Lost,196600.0,2023-05-06,2023-06-28,0,0.327,2023-05-06,2023-05-12,2023-06-02,2023-06-03,2023-06-28
OPP-00287,LEAD-001615,ACC-00482,webinar_evento,Closed Lost,106400.0,2023-04-30,2023-06-22,0,0.374,2023-04-30,2023-05-12,2023-06-03,2023-06-07,2023-06-22
OPP-00288,LEAD-001617,ACC-00102,meta_ads,Closed Lost,72200.0,2023-05-01,2023-06-20,0,0.152,2023-05-01,2023-05-20,2023-06-07,2023-06-16,2023-06-20
OPP-00289,LEAD-001632,ACC-01696,organic_search,Closed Lost,61000.0,2023-05-06,2023-06-20,0,0.264,2023-05-06,2023-05-08,2023-05-15,2023-05-30,2023-06-20
OPP-00290,LEAD-001638,ACC-01576,paid_search,Closed Lost,30900.0,2023-05-16,2023-06-25,0,0.251,2023-05-16,2023-05-28,2023-05-30,2023-06-03,2023-06-25
OPP-00291,LEAD-001642,ACC-00506,linkedin_ads,Closed Lost,46500.0,2023-05-15,2023-08-13,0,0.327,2023-05-15,2023-05-26,2023-06-23,2023-07-29,2023-08-13
OPP-00292,LEAD-001644,ACC-00889,organic_search,Closed Won,72300.0,2023-05-02,2023-07-05,1,0.304,2023-05-02,2023-05-02,2023-05-30,2023-07-03,2023-07-05
OPP-00293,LEAD-001652,ACC-00963,linkedin_ads,Closed Won,201300.0,2023-05-04,2023-06-24,1,0.327,2023-05-04,2023-05-26,2023-06-02,2023-06-11,2023-06-24
OPP-00294,LEAD-001653,ACC-01562,paid_search,Closed Lost,29400.0,2023-05-08,2023-06-16,0,0.23,2023-05-08,2023-05-08,2023-05-19,2023-05-20,2023-06-16
OPP-00295,LEAD-001657,ACC-00176,direct,Closed Won,84600.0,2023-05-11,2023-06-19,1,0.286,2023-05-11,2023-06-04,2023-06-04,2023-06-10,2023-06-19
OPP-00296,LEAD-001658,ACC-00761,organic_search,Closed Lost,33500.0,2023-05-08,2023-07-04,0,0.251,2023-05-08,2023-05-26,2023-06-26,2023-06-27,2023-07-04
OPP-00297,LEAD-001660,ACC-00614,organic_search,Closed Lost,37900.0,2023-05-17,2023-07-03,0,0.29,2023-05-17,2023-06-03,2023-06-03,2023-06-30,2023-07-03
OPP-00298,LEAD-001661,ACC-00990,organic_search,Closed Lost,28400.0,2023-05-09,2023-07-08,0,0.29,2023-05-09,2023-05-23,2023-06-27,2023-06-27,2023-07-08
OPP-00299,LEAD-001674,ACC-01887,paid_search,Closed Won,27400.0,2023-05-16,2023-07-20,1,0.188,2023-05-16,2023-05-26,2023-07-14,2023-07-18,2023-07-20
OPP-00300,LEAD-001679,ACC-01801,paid_search,Closed Lost,48500.0,2023-05-06,2023-06-13,0,0.24,2023-05-06,2023-05-14,2023-06-01,2023-06-02,2023-06-13
OPP-00301,LEAD-001686,ACC-00306,webinar_evento,Closed Lost,94100.0,2023-05-09,2023-08-06,0,0.43,2023-05-09,2023-05-26,2023-06-08,2023-07-16,2023-08-06
OPP-00302,LEAD-001689,ACC-01134,organic_search,Closed Won,28600.0,2023-05-07,2023-07-13,1,0.29,,,,,
OPP-00303,LEAD-001691,ACC-01751,paid_search,Closed Lost,145500.0,2023-05-21,2023-06-19,0,0.178,2023-05-21,2023-05-29,2023-06-14,2023-06-14,2023-06-19
OPP-00304,LEAD-001699,ACC-00391,organic_search,Closed Lost,70400.0,2023-05-19,2023-07-05,0,0.277,2023-05-19,2023-05-19,2023-05-23,2023-05-31,2023-07-05
OPP-00305,LEAD-001702,ACC-00149,paid_search,Closed Won,24900.0,2023-05-14,2023-06-28,1,0.23,2023-05-14,2023-05-26,2023-06-01,2023-06-09,2023-06-28
OPP-00306,LEAD-001703,ACC-00750,linkedin_ads,Closed Lost,54200.0,2023-05-13,2023-08-07,0,0.252,2023-05-13,2023-07-02,2023-07-03,2023-07-18,2023-08-07
OPP-00307,LEAD-001712,ACC-00306,webinar_evento,Closed Lost,127500.0,2023-05-23,2023-07-27,0,0.43,2023-05-23,2023-05-30,2023-06-05,2023-06-26,2023-07-27
OPP-00308,LEAD-001720,ACC-00236,organic_search,Closed Lost,35300.0,2023-05-14,2023-07-01,0,0.29,2023-05-14,2023-05-15,2023-05-15,2023-06-15,2023-07-01
OPP-00309,LEAD-001731,ACC-01198,paid_search,Closed Lost,57800.0,2023-05-25,2023-07-31,0,0.24,2023-05-25,2023-05-27,2023-06-17,2023-07-06,2023-07-31
OPP-00310,LEAD-001739,ACC-00607,webinar_evento,Closed Lost,46000.0,2023-05-25,2023-07-08,0,0.411,2023-05-25,2023-06-08,2023-06-15,2023-06-17,2023-07-08
OPP-00311,LEAD-001746,ACC-00941,linkedin_ads,Closed Won,45300.0,2023-05-19,2023-07-08,1,0.327,2023-05-19,2023-06-13,2023-06-21,2023-06-28,2023-07-08
OPP-00312,LEAD-001747,ACC-00896,organic_search,Closed Won,36600.0,2023-05-16,2023-07-11,1,0.317,2023-05-16,2023-05-25,2023-05-28,2023-06-16,2023-07-11
OPP-00313,LEAD-001753,ACC-00315,meta_ads,Closed Lost,49500.0,2023-05-16,2023-07-05,0,0.165,2023-05-16,2023-05-16,2023-05-27,2023-05-28,2023-07-05
OPP-00314,LEAD-001757,ACC-01257,meta_ads,Closed Lost,66400.0,2023-05-24,2023-06-27,0,0.152,2023-05-24,2023-05-26,2023-06-04,2023-06-23,2023-06-27
OPP-00315,LEAD-001758,ACC-01886,linkedin_ads,Closed Won,41100.0,2023-05-25,2023-08-31,1,0.327,2023-05-25,2023-05-29,2023-08-11,2023-08-28,2023-08-31
OPP-00316,LEAD-001760,ACC-00443,direct,Closed Won,31500.0,2023-05-13,2023-06-16,1,0.343,2023-05-13,2023-05-14,2023-05-19,2023-06-11,2023-06-16
OPP-00317,LEAD-001774,ACC-00002,organic_search,Closed Lost,32700.0,2023-05-14,2023-08-05,0,0.238,2023-05-14,2023-05-31,2023-07-05,2023-07-10,2023-08-05
OPP-00318,LEAD-001778,ACC-00165,linkedin_ads,Closed Won,113000.0,2023-05-23,2023-08-22,1,0.342,2023-05-23,2023-06-05,2023-06-06,2023-07-09,2023-08-22
OPP-00319,LEAD-001784,ACC-01106,email_marketing,Closed Won,32100.0,2023-05-28,2023-07-24,1,0.277,2023-05-28,2023-06-18,2023-07-07,2023-07-22,2023-07-24
OPP-00320,LEAD-001787,ACC-00956,webinar_evento,Closed Lost,87900.0,2023-05-23,2023-08-30,0,0.374,2023-05-23,2023-06-11,2023-06-18,2023-07-31,2023-08-30
OPP-00321,LEAD-001789,ACC-00891,direct,Closed Won,187100.0,2023-05-22,2023-07-08,1,0.4,2023-05-22,2023-05-26,2023-05-26,2023-06-12,2023-07-08
OPP-00322,LEAD-001792,ACC-01135,linkedin_ads,Closed Lost,102400.0,2023-05-17,2023-08-19,0,0.327,2023-05-17,2023-05-18,2023-06-16,2023-07-02,2023-08-19
OPP-00323,LEAD-001802,ACC-00255,linkedin_ads,Closed Lost,35500.0,2023-05-20,2023-09-02,0,0.356,2023-05-20,2023-05-30,2023-06-04,2023-07-03,2023-09-02
OPP-00324,LEAD-001815,ACC-00925,linkedin_ads,Closed Won,210100.0,2023-05-22,2023-07-28,1,0.356,2023-05-22,2023-06-27,2023-06-27,2023-07-06,2023-07-28
OPP-00325,LEAD-001820,ACC-01683,paid_search,Closed Won,25300.0,2023-05-23,2023-06-13,1,0.209,2023-05-23,2023-05-26,2023-06-01,2023-06-06,2023-06-13
OPP-00326,LEAD-001821,ACC-00771,linkedin_ads,Closed Lost,107700.0,2023-05-22,2023-08-07,0,0.297,2023-05-22,2023-06-27,2023-07-08,2023-07-19,2023-08-07
OPP-00327,LEAD-001837,ACC-00072,email_marketing,Closed Lost,30300.0,2023-05-25,2023-07-18,0,0.208,2023-05-25,2023-06-28,2023-07-15,2023-07-15,2023-07-18
OPP-00328,LEAD-001839,ACC-00158,direct,Closed Won,169800.0,2023-05-24,2023-06-29,1,0.4,2023-05-24,2023-05-24,2023-06-10,2023-06-18,2023-06-29
OPP-00329,LEAD-001849,ACC-00983,organic_search,Closed Lost,30500.0,2023-05-24,2023-08-05,0,0.238,2023-05-24,2023-07-17,2023-07-17,2023-07-17,2023-08-05
OPP-00330,LEAD-001851,ACC-01007,paid_search,Closed Lost,125000.0,2023-05-23,2023-06-22,0,0.293,2023-05-23,2023-05-26,2023-06-08,2023-06-08,2023-06-22
OPP-00331,LEAD-001857,ACC-00436,organic_search,Closed Lost,54700.0,2023-05-28,2023-07-31,0,0.29,2023-05-28,2023-06-13,2023-07-27,2023-07-29,2023-07-31
OPP-00332,LEAD-001860,ACC-01207,paid_search,Closed Won,142500.0,2023-05-17,2023-07-11,1,0.23,2023-05-17,2023-05-22,2023-06-16,2023-06-30,2023-07-11
OPP-00333,LEAD-001864,ACC-01588,organic_search,Closed Won,84600.0,2023-05-26,2023-07-16,1,0.304,2023-05-26,2023-05-26,2023-05-27,2023-06-11,2023-07-16
OPP-00334,LEAD-001876,ACC-01364,linkedin_ads,Closed Lost,34600.0,2023-06-02,2023-07-21,0,0.327,2023-06-02,2023-06-15,2023-06-15,2023-06-20,2023-07-21
OPP-00335,LEAD-001882,ACC-00873,paid_search,Closed Lost,67000.0,2023-05-24,2023-07-09,0,0.219,2023-05-24,2023-05-28,2023-05-28,2023-06-27,2023-07-09
OPP-00336,LEAD-001900,ACC-00900,webinar_evento,Closed Won,207800.0,2023-06-03,2023-08-10,1,0.374,2023-06-03,2023-06-17,2023-07-22,2023-07-26,2023-08-10
OPP-00337,LEAD-001901,ACC-00907,organic_search,Closed Lost,153500.0,2023-06-03,2023-08-09,0,0.224,2023-06-03,2023-06-13,2023-08-02,2023-08-02,2023-08-09
OPP-00338,LEAD-001906,ACC-01222,webinar_evento,Closed Lost,59900.0,2023-06-02,2023-07-12,0,0.449,2023-06-02,2023-06-10,2023-06-27,2023-07-09,2023-07-12
OPP-00339,LEAD-001911,ACC-01908,webinar_evento,Closed Lost,48000.0,2023-06-05,2023-08-03,0,0.449,2023-06-05,2023-06-24,2023-07-14,2023-07-29,2023-08-03
OPP-00340,LEAD-001926,ACC-00825,organic_search,Closed Lost,33000.0,2023-06-06,2023-08-29,0,0.224,2023-06-06,2023-06-15,2023-06-23,2023-07-30,2023-08-29
OPP-00341,LEAD-001933,ACC-00133,linkedin_ads,Closed Lost,98000.0,2023-06-04,2023-08-05,0,0.342,2023-06-04,2023-06-27,2023-07-06,2023-07-18,2023-08-05
OPP-00342,LEAD-001935,ACC-00752,webinar_evento,Closed Won,53900.0,2023-05-23,2023-08-13,1,0.318,2023-05-23,2023-06-12,2023-08-07,2023-08-11,2023-08-13
OPP-00343,LEAD-001946,ACC-00599,webinar_evento,Closed Won,218200.0,2023-05-24,2023-08-03,1,0.43,2023-05-24,2023-06-07,2023-06-16,2023-07-04,2023-08-03
OPP-00344,LEAD-001952,ACC-00377,linkedin_ads,Closed Lost,99800.0,2023-05-31,2023-08-05,0,0.297,2023-05-31,2023-06-06,2023-06-06,2023-07-12,2023-08-05
OPP-00345,LEAD-001972,ACC-00847,paid_search,Closed Lost,29200.0,2023-05-30,2023-07-08,0,0.251,2023-05-30,2023-05-30,2023-06-24,2023-06-28,2023-07-08
OPP-00346,LEAD-001975,ACC-01710,webinar_evento,Closed Won,46600.0,2023-05-28,2023-08-21,1,0.449,2023-05-28,2023-05-31,2023-08-08,2023-08-15,2023-08-21
OPP-00347,LEAD-001983,ACC-00335,organic_search,Closed Lost,81700.0,2023-06-02,2023-07-19,0,0.304,2023-06-02,2023-06-02,2023-07-15,2023-07-16,2023-07-19
OPP-00348,LEAD-001985,ACC-00132,paid_search,Closed Won,111600.0,2023-06-02,2023-08-01,1,0.24,2023-06-02,2023-06-08,2023-06-25,2023-07-08,2023-08-01
OPP-00349,LEAD-001991,ACC-01709,linkedin_ads,Closed Lost,96100.0,2023-05-28,2023-08-20,0,0.312,2023-05-28,2023-07-11,2023-08-14,2023-08-15,2023-08-20
OPP-00350,LEAD-001993,ACC-00772,direct,Closed Lost,112100.0,2023-06-06,2023-07-11,0,0.286,,,,,
OPP-00351,LEAD-001994,ACC-00344,paid_search,Closed Lost,79600.0,2023-06-08,2023-07-06,0,0.24,2023-06-08,2023-06-09,2023-06-09,2023-06-10,2023-07-06
OPP-00352,LEAD-001996,ACC-01152,webinar_evento,Closed Won,133200.0,2023-05-31,2023-08-05,1,0.374,2023-05-31,2023-07-08,2023-07-14,2023-07-17,2023-08-05
OPP-00353,LEAD-001999,ACC-00284,webinar_evento,Closed Won,120400.0,2023-06-04,2023-08-08,1,0.374,2023-06-04,2023-06-19,2023-07-03,2023-07-17,2023-08-08
OPP-00354,LEAD-002001,ACC-00661,linkedin_ads,Closed Lost,44800.0,2023-06-06,2023-09-04,0,0.327,2023-06-06,2023-06-12,2023-08-05,2023-08-29,2023-09-04
OPP-00355,LEAD-002005,ACC-01285,paid_search,Closed Lost,24000.0,2023-06-12,2023-07-18,0,0.178,2023-06-12,2023-06-18,2023-06-23,2023-07-09,2023-07-18
OPP-00356,LEAD-002006,ACC-00133,paid_search,Closed Lost,66900.0,2023-06-02,2023-07-20,0,0.24,2023-06-02,2023-06-10,2023-06-19,2023-07-04,2023-07-20
OPP-00357,LEAD-002007,ACC-01508,paid_search,Closed Won,26000.0,2023-05-31,2023-06-20,1,0.23,2023-05-31,2023-06-02,2023-06-10,2023-06-18,2023-06-20
OPP-00358,LEAD-002009,ACC-00158,organic_search,Closed Lost,138100.0,2023-06-11,2023-08-01,0,0.37,2023-06-11,2023-06-23,2023-07-16,2023-07-20,2023-08-01
OPP-00359,LEAD-002012,ACC-01680,paid_search,Closed Won,116700.0,2023-06-02,2023-07-13,1,0.282,2023-06-02,2023-06-06,2023-06-16,2023-07-05,2023-07-13
OPP-00360,LEAD-002030,ACC-00912,linkedin_ads,Closed Lost,46000.0,2023-06-08,2023-06-24,0,0.267,2023-06-08,2023-06-13,2023-06-13,2023-06-18,2023-06-24
OPP-00361,LEAD-002059,ACC-01023,webinar_evento,Closed Won,147100.0,2023-05-31,2023-08-27,1,0.43,,,,,
OPP-00362,LEAD-002062,ACC-01499,paid_search,Closed Won,65700.0,2023-06-09,2023-08-11,1,0.209,2023-06-09,2023-06-26,2023-07-09,2023-08-09,2023-08-11
OPP-00363,LEAD-002066,ACC-00215,webinar_evento,Closed Lost,44900.0,2023-06-10,2023-09-08,0,0.355,2023-06-10,2023-06-21,2023-07-10,2023-09-05,2023-09-08
OPP-00364,LEAD-002072,ACC-01630,organic_search,Closed Won,26700.0,2023-06-13,2023-08-14,1,0.224,2023-06-13,2023-07-05,2023-07-18,2023-08-10,2023-08-14
OPP-00365,LEAD-002078,ACC-00690,paid_search,Closed Lost,76300.0,2023-06-06,2023-07-16,0,0.209,2023-06-06,2023-06-07,2023-06-12,2023-06-30,2023-07-16
OPP-00366,LEAD-002099,ACC-01458,paid_search,Closed Won,26800.0,2023-06-06,2023-07-01,1,0.23,2023-06-06,2023-06-14,2023-06-14,2023-06-23,2023-07-01
OPP-00367,LEAD-002101,ACC-01060,direct,Closed Lost,202600.0,2023-06-11,2023-07-13,0,0.386,2023-06-11,2023-06-20,2023-06-24,2023-06-29,2023-07-13
OPP-00368,LEAD-002102,ACC-00468,meta_ads,Closed Lost,29800.0,2023-06-16,2023-07-15,0,0.112,2023-06-16,2023-06-24,2023-07-01,2023-07-06,2023-07-15
OPP-00369,LEAD-002106,ACC-01931,webinar_evento,Closed Won,103500.0,2023-06-15,2023-08-09,1,0.468,2023-06-15,2023-06-18,2023-07-28,2023-07-28,2023-08-09
OPP-00370,LEAD-002108,ACC-00039,paid_search,Closed Lost,26900.0,2023-06-10,2023-07-18,0,0.209,2023-06-10,2023-06-17,2023-07-02,2023-07-09,2023-07-18
OPP-00371,LEAD-002117,ACC-00366,organic_search,Closed Lost,33600.0,2023-06-03,2023-07-14,0,0.317,2023-06-03,2023-06-20,2023-06-23,2023-06-25,2023-07-14
OPP-00372,LEAD-002125,ACC-01976,paid_search,Closed Lost,137600.0,2023-06-17,2023-07-25,0,0.209,2023-06-17,2023-06-22,2023-06-30,2023-07-23,2023-07-25
OPP-00373,LEAD-002133,ACC-01571,webinar_evento,Closed Lost,100000.0,2023-06-06,2023-08-08,0,0.393,2023-06-06,2023-06-15,2023-07-22,2023-07-30,2023-08-08
OPP-00374,LEAD-002136,ACC-01194,organic_search,Closed Lost,28800.0,2023-06-07,2023-07-11,0,0.211,2023-06-07,2023-06-10,2023-06-18,2023-06-20,2023-07-11
OPP-00375,LEAD-002138,ACC-00132,email_marketing,Closed Lost,168300.0,2023-06-18,2023-07-31,0,0.266,2023-06-18,2023-06-21,2023-07-05,2023-07-26,2023-07-31
OPP-00376,LEAD-002151,ACC-01289,linkedin_ads,Closed Lost,46200.0,2023-06-14,2023-08-02,0,0.327,2023-06-14,2023-06-28,2023-07-25,2023-07-28,2023-08-02
OPP-00377,LEAD-002160,ACC-00647,webinar_evento,Closed Lost,44400.0,2023-06-13,2023-09-24,0,0.411,2023-06-13,2023-07-01,2023-07-01,2023-08-25,2023-09-24
OPP-00378,LEAD-002162,ACC-01673,email_marketing,Closed Lost,133600.0,2023-06-18,2023-08-18,0,0.323,2023-06-18,2023-07-11,2023-07-17,2023-07-24,2023-08-18
OPP-00379,LEAD-002168,ACC-01980,linkedin_ads,Closed Lost,222900.0,2023-06-06,2023-08-15,0,0.356,2023-06-06,2023-06-20,2023-07-23,2023-07-29,2023-08-15
OPP-00380,LEAD-002170,ACC-00997,linkedin_ads,Closed Won,49500.0,2023-06-12,2023-08-05,1,0.327,2023-06-12,2023-06-12,2023-07-23,2023-07-29,2023-08-05
OPP-00381,LEAD-002172,ACC-00266,linkedin_ads,Closed Lost,114000.0,2023-06-17,2023-08-09,0,0.312,2023-06-17,2023-07-19,2023-08-03,2023-08-05,2023-08-09
OPP-00382,LEAD-002173,ACC-01721,paid_search,Closed Won,26700.0,2023-06-05,2023-07-29,1,0.251,2023-06-05,2023-07-10,2023-07-10,2023-07-27,2023-07-29
OPP-00383,LEAD-002175,ACC-00630,organic_search,Closed Lost,35700.0,2023-06-13,2023-08-20,0,0.29,2023-06-13,2023-07-04,2023-07-18,2023-07-27,2023-08-20
OPP-00384,LEAD-002178,ACC-00518,organic_search,Closed Lost,64800.0,2023-06-16,2023-08-17,0,0.304,2023-06-16,2023-06-18,2023-07-22,2023-07-27,2023-08-17
OPP-00385,LEAD-002179,ACC-00554,webinar_evento,Closed Lost,258100.0,2023-06-21,2023-09-25,0,0.355,2023-06-21,2023-07-25,2023-08-15,2023-08-19,2023-09-25
OPP-00386,LEAD-002181,ACC-00285,webinar_evento,Closed Won,108600.0,2023-06-15,2023-10-08,1,0.43,2023-06-15,2023-08-24,2023-09-11,2023-09-13,2023-10-08
OPP-00387,LEAD-002188,ACC-01570,webinar_evento,Closed Won,109100.0,2023-06-22,2023-09-11,1,0.411,2023-06-22,2023-07-09,2023-08-06,2023-09-07,2023-09-11
OPP-00388,LEAD-002190,ACC-01699,webinar_evento,Closed Lost,94700.0,2023-06-12,2023-08-16,0,0.374,2023-06-12,2023-08-07,2023-08-12,2023-08-14,2023-08-16
OPP-00389,LEAD-002208,ACC-00263,organic_search,Closed Won,62700.0,2023-06-15,2023-08-06,1,0.277,2023-06-15,2023-06-22,2023-07-18,2023-07-25,2023-08-06
OPP-00390,LEAD-002211,ACC-01576,webinar_evento,Closed Won,59200.0,2023-06-24,2023-09-01,1,0.449,2023-06-24,2023-07-05,2023-08-08,2023-08-11,2023-09-01
OPP-00391,LEAD-002216,ACC-00337,organic_search,Closed Lost,30100.0,2023-06-10,2023-08-17,0,0.264,2023-06-10,2023-06-29,2023-07-22,2023-08-13,2023-08-17
OPP-00392,LEAD-002219,ACC-01494,direct,Closed Lost,77600.0,2023-06-15,2023-07-23,0,0.286,2023-06-15,2023-06-15,2023-06-28,2023-06-29,2023-07-23
OPP-00393,LEAD-002222,ACC-01720,organic_search,Closed Lost,66600.0,2023-06-23,2023-07-25,0,0.277,2023-06-23,2023-06-29,2023-07-09,2023-07-13,2023-07-25
OPP-00394,LEAD-002224,ACC-00528,direct,Closed Lost,181100.0,2023-06-13,2023-07-25,0,0.243,2023-06-13,2023-06-19,2023-06-23,2023-07-02,2023-07-25
OPP-00395,LEAD-002229,ACC-00101,organic_search,Closed Won,125100.0,2023-06-09,2023-07-21,1,0.264,2023-06-09,2023-06-09,2023-06-13,2023-07-14,2023-07-21
OPP-00396,LEAD-002234,ACC-00516,linkedin_ads,Closed Lost,43400.0,2023-06-17,2023-08-31,0,0.267,2023-06-17,2023-07-06,2023-07-08,2023-07-27,2023-08-31
OPP-00397,LEAD-002235,ACC-01096,linkedin_ads,Closed Lost,113200.0,2023-06-19,2023-07-30,0,0.342,2023-06-19,2023-06-30,2023-07-25,2023-07-28,2023-07-30
OPP-00398,LEAD-002251,ACC-00168,direct,Closed Lost,83500.0,2023-06-25,2023-08-01,0,0.358,2023-06-25,2023-06-27,2023-07-10,2023-07-20,2023-08-01
OPP-00399,LEAD-002258,ACC-00543,paid_search,Closed Lost,66000.0,2023-06-16,2023-07-14,0,0.24,2023-06-16,2023-06-26,2023-07-03,2023-07-04,2023-07-14
OPP-00400,LEAD-002259,ACC-01410,webinar_evento,Closed Lost,39700.0,2023-06-12,2023-08-14,0,0.374,2023-06-12,2023-07-16,2023-07-26,2023-08-02,2023-08-14
OPP-00401,LEAD-002266,ACC-01279,email_marketing,Closed Lost,32300.0,2023-06-12,2023-07-30,0,0.196,2023-06-12,2023-06-20,2023-07-28,2023-07-28,2023-07-30
OPP-00402,LEAD-002298,ACC-00504,paid_search,Closed Lost,61300.0,2023-06-28,2023-08-21,0,0.209,2023-06-28,2023-06-30,2023-08-03,2023-08-10,2023-08-21
OPP-00403,LEAD-002304,ACC-01374,paid_search,Closed Lost,70500.0,2023-06-25,2023-07-27,0,0.209,2023-06-25,2023-06-29,2023-06-30,2023-06-30,2023-07-27
OPP-00404,LEAD-002309,ACC-00716,email_marketing,Closed Lost,94300.0,2023-06-18,2023-08-08,0,0.266,2023-06-18,2023-07-04,2023-07-22,2023-07-23,2023-08-08
OPP-00405,LEAD-002311,ACC-00618,organic_search,Closed Lost,136800.0,2023-06-16,2023-08-21,0,0.224,2023-06-16,2023-06-16,2023-08-09,2023-08-13,2023-08-21
OPP-00406,LEAD-002314,ACC-00792,paid_search,Closed Won,118100.0,2023-06-27,2023-08-04,1,0.23,2023-06-27,2023-07-14,2023-07-14,2023-08-03,2023-08-04
OPP-00407,LEAD-002318,ACC-01349,paid_search,Closed Lost,94300.0,2023-06-15,2023-08-07,0,0.24,2023-06-15,2023-07-16,2023-07-18,2023-07-20,2023-08-07
OPP-00408,LEAD-002333,ACC-01091,paid_search,Closed Won,79800.0,2023-06-30,2023-09-04,1,0.261,2023-06-30,2023-07-07,2023-08-03,2023-08-20,2023-09-04
OPP-00409,LEAD-002338,ACC-00055,linkedin_ads,Closed Won,79800.0,2023-06-24,2023-09-05,1,0.297,2023-06-24,2023-06-26,2023-08-20,2023-08-20,2023-09-05
OPP-00410,LEAD-002346,ACC-01721,linkedin_ads,Closed Lost,43500.0,2023-06-29,2023-10-01,0,0.356,2023-06-29,2023-07-16,2023-07-24,2023-07-31,2023-10-01
OPP-00411,LEAD-002348,ACC-01139,webinar_evento,Closed Lost,224300.0,2023-06-21,2023-08-15,0,0.411,2023-06-21,2023-06-22,2023-06-22,2023-08-05,2023-08-15
OPP-00412,LEAD-002354,ACC-00559,direct,Closed Lost,94000.0,2023-06-28,2023-07-28,0,0.3,2023-06-28,2023-06-30,2023-07-10,2023-07-15,2023-07-28
OPP-00413,LEAD-002360,ACC-01054,organic_search,Closed Lost,32700.0,2023-06-19,2023-08-17,0,0.29,2023-06-19,2023-07-07,2023-07-20,2023-08-09,2023-08-17
OPP-00414,LEAD-002363,ACC-00207,meta_ads,Closed Lost,26100.0,2023-06-16,2023-07-11,0,0.158,,,,,
OPP-00415,LEAD-002364,ACC-01202,linkedin_ads,Closed Lost,201100.0,2023-07-02,2023-08-28,0,0.327,2023-07-02,2023-07-15,2023-07-24,2023-08-25,2023-08-28
OPP-00416,LEAD-002369,ACC-00562,organic_search,Closed Lost,40100.0,2023-06-17,2023-08-24,0,0.317,2023-06-17,2023-07-27,2023-07-28,2023-08-08,2023-08-24
OPP-00417,LEAD-002375,ACC-00106,organic_search,Closed Lost,66700.0,2023-06-28,2023-08-29,0,0.264,2023-06-28,2023-07-03,2023-07-05,2023-07-13,2023-08-29
OPP-00418,LEAD-002381,ACC-01595,organic_search,Closed Lost,28400.0,2023-06-30,2023-09-01,0,0.264,2023-06-30,2023-07-15,2023-08-03,2023-08-24,2023-09-01
OPP-00419,LEAD-002382,ACC-00374,paid_search,Closed Won,29700.0,2023-06-17,2023-08-04,1,0.188,2023-06-17,2023-06-28,2023-07-23,2023-07-30,2023-08-04
OPP-00420,LEAD-002384,ACC-00849,paid_search,Closed Lost,29000.0,2023-07-02,2023-08-24,0,0.209,2023-07-02,2023-07-16,2023-07-31,2023-08-13,2023-08-24
OPP-00421,LEAD-002388,ACC-00391,paid_search,Closed Lost,54600.0,2023-07-03,2023-08-16,0,0.219,2023-07-03,2023-07-05,2023-07-16,2023-08-14,2023-08-16
OPP-00422,LEAD-002398,ACC-00752,organic_search,Closed Won,34100.0,2023-06-24,2023-08-13,1,0.224,2023-06-24,2023-06-30,2023-07-11,2023-07-24,2023-08-13
OPP-00423,LEAD-002410,ACC-01010,linkedin_ads,Closed Lost,104400.0,2023-07-05,2023-09-20,0,0.342,2023-07-05,2023-07-10,2023-07-12,2023-08-12,2023-09-20
OPP-00424,LEAD-002413,ACC-00510,linkedin_ads,Closed Lost,220300.0,2023-06-21,2023-09-16,0,0.252,2023-06-21,2023-07-22,2023-07-30,2023-09-12,2023-09-16
OPP-00425,LEAD-002421,ACC-01324,paid_search,Closed Lost,30700.0,2023-06-22,2023-08-11,0,0.209,2023-06-22,2023-07-12,2023-07-28,2023-08-04,2023-08-11
OPP-00426,LEAD-002435,ACC-00904,webinar_evento,Closed Won,51000.0,2023-06-21,2023-09-01,1,0.318,2023-06-21,2023-07-26,2023-07-30,2023-08-19,2023-09-01
OPP-00427,LEAD-002446,ACC-01057,organic_search,Closed Lost,33600.0,2023-07-01,2023-08-16,0,0.264,2023-07-01,2023-07-04,2023-07-08,2023-08-02,2023-08-16
OPP-00428,LEAD-002449,ACC-01550,organic_search,Closed Lost,69200.0,2023-07-05,2023-08-28,0,0.264,2023-07-05,2023-07-15,2023-08-05,2023-08-18,2023-08-28
OPP-00429,LEAD-002450,ACC-01549,paid_search,Closed Lost,23700.0,2023-06-25,2023-08-12,0,0.199,2023-06-25,2023-07-19,2023-08-07,2023-08-08,2023-08-12
OPP-00430,LEAD-002456,ACC-00796,paid_search,Closed Lost,32100.0,2023-06-30,2023-07-30,0,0.23,2023-06-30,2023-07-04,2023-07-20,2023-07-22,2023-07-30
OPP-00431,LEAD-002460,ACC-00486,webinar_evento,Closed Lost,46800.0,2023-06-28,2023-09-01,0,0.411,2023-06-28,2023-08-03,2023-08-08,2023-08-12,2023-09-01
OPP-00432,LEAD-002462,ACC-00888,paid_search,Closed Won,54600.0,2023-06-23,2023-08-08,1,0.24,2023-06-23,2023-07-09,2023-07-19,2023-08-05,2023-08-08
OPP-00433,LEAD-002463,ACC-01445,webinar_evento,Closed Won,138000.0,2023-06-25,2023-09-10,1,0.355,2023-06-25,2023-06-29,2023-07-02,2023-07-11,2023-09-10
OPP-00434,LEAD-002465,ACC-00064,organic_search,Closed Won,81700.0,2023-07-03,2023-08-26,1,0.277,2023-07-03,2023-07-07,2023-07-18,2023-08-06,2023-08-26
OPP-00435,LEAD-002467,ACC-01743,organic_search,Closed Lost,31800.0,2023-07-03,2023-09-03,0,0.251,2023-07-03,2023-07-27,2023-08-03,2023-08-27,2023-09-03
OPP-00436,LEAD-002477,ACC-01353,webinar_evento,Closed Won,90600.0,2023-06-28,2023-10-08,1,0.43,2023-06-28,2023-07-18,2023-07-27,2023-09-21,2023-10-08
OPP-00437,LEAD-002479,ACC-01378,linkedin_ads,Closed Lost,52200.0,2023-06-29,2023-09-25,0,0.297,2023-06-29,2023-07-18,2023-08-19,2023-08-23,2023-09-25
OPP-00438,LEAD-002487,ACC-00054,organic_search,Closed Lost,157200.0,2023-07-01,2023-08-02,0,0.304,2023-07-01,2023-07-02,2023-07-02,2023-07-11,2023-08-02
OPP-00439,LEAD-002503,ACC-00180,linkedin_ads,Closed Won,172900.0,2023-06-30,2023-09-03,1,0.252,2023-06-30,2023-07-10,2023-08-15,2023-08-28,2023-09-03
OPP-00440,LEAD-002506,ACC-01752,paid_search,Closed Lost,73100.0,2023-07-03,2023-08-07,0,0.209,2023-07-03,2023-07-08,2023-07-21,2023-07-29,2023-08-07
OPP-00441,LEAD-002508,ACC-01464,webinar_evento,Closed Lost,50700.0,2023-07-03,2023-10-04,0,0.318,2023-07-03,2023-07-30,2023-08-02,2023-09-22,2023-10-04
OPP-00442,LEAD-002514,ACC-01436,email_marketing,Closed Won,69000.0,2023-06-26,2023-08-02,1,0.231,2023-06-26,2023-06-26,2023-06-27,2023-07-22,2023-08-02
OPP-00443,LEAD-002516,ACC-01972,organic_search,Closed Lost,28700.0,2023-07-04,2023-08-15,0,0.29,,,,,
OPP-00444,LEAD-002519,ACC-01144,webinar_evento,Closed Won,96100.0,2023-07-02,2023-09-18,1,0.411,2023-07-02,2023-07-23,2023-08-25,2023-09-05,2023-09-18
OPP-00445,LEAD-002522,ACC-01705,paid_search,Closed Won,61300.0,2023-06-30,2023-07-29,1,0.209,2023-06-30,2023-07-12,2023-07-17,2023-07-25,2023-07-29
OPP-00446,LEAD-002526,ACC-01429,paid_search,Closed Lost,27400.0,2023-06-25,2023-08-08,0,0.209,2023-06-25,2023-07-16,2023-07-21,2023-07-28,2023-08-08
OPP-00447,LEAD-002529,ACC-00273,organic_search,Closed Lost,83700.0,2023-06-28,2023-08-06,0,0.264,2023-06-28,2023-07-09,2023-07-09,2023-07-12,2023-08-06
OPP-00448,LEAD-002533,ACC-00922,linkedin_ads,Closed Lost,194200.0,2023-07-11,2023-09-16,0,0.327,2023-07-11,2023-07-27,2023-08-27,2023-08-31,2023-09-16
OPP-00449,LEAD-002535,ACC-00867,direct,Closed Won,34200.0,2023-07-04,2023-08-09,1,0.343,2023-07-04,2023-07-07,2023-07-12,2023-07-28,2023-08-09
OPP-00450,LEAD-002542,ACC-00256,paid_search,Closed Won,34300.0,2023-06-30,2023-08-09,1,0.251,2023-06-30,2023-08-03,2023-08-05,2023-08-06,2023-08-09
OPP-00451,LEAD-002547,ACC-00021,linkedin_ads,Closed Lost,190800.0,2023-07-08,2023-09-24,0,0.252,2023-07-08,2023-07-19,2023-07-21,2023-08-14,2023-09-24
OPP-00452,LEAD-002550,ACC-00729,direct,Closed Lost,39600.0,2023-07-01,2023-08-01,0,0.343,2023-07-01,2023-07-01,2023-07-06,2023-07-28,2023-08-01
OPP-00453,LEAD-002557,ACC-01316,paid_search,Closed Lost,50900.0,2023-07-03,2023-08-31,0,0.261,2023-07-03,2023-07-04,2023-08-23,2023-08-23,2023-08-31
OPP-00454,LEAD-002560,ACC-01339,meta_ads,Closed Lost,23700.0,2023-07-06,2023-08-06,0,0.158,2023-07-06,2023-07-09,2023-07-26,2023-07-28,2023-08-06
OPP-00455,LEAD-002568,ACC-01728,paid_search,Closed Won,87100.0,2023-07-04,2023-08-06,1,0.24,2023-07-04,2023-07-06,2023-07-31,2023-07-31,2023-08-06
OPP-00456,LEAD-002577,ACC-00512,direct,Closed Lost,66600.0,2023-07-06,2023-08-07,0,0.358,2023-07-06,2023-07-06,2023-07-08,2023-07-08,2023-08-07
OPP-00457,LEAD-002584,ACC-00059,organic_search,Closed Lost,27200.0,2023-07-06,2023-09-07,0,0.264,2023-07-06,2023-07-09,2023-08-30,2023-09-03,2023-09-07
OPP-00458,LEAD-002587,ACC-00297,webinar_evento,Closed Lost,38900.0,2023-07-16,2023-09-13,0,0.449,2023-07-16,2023-07-18,2023-08-10,2023-09-01,2023-09-13
OPP-00459,LEAD-002590,ACC-01399,organic_search,Closed Won,83000.0,2023-07-04,2023-09-01,1,0.29,2023-07-04,2023-07-06,2023-07-24,2023-08-21,2023-09-01
OPP-00460,LEAD-002592,ACC-01425,linkedin_ads,Closed Lost,180700.0,2023-07-16,2023-09-25,0,0.297,2023-07-16,2023-08-05,2023-08-29,2023-09-05,2023-09-25
OPP-00461,LEAD-002595,ACC-01440,direct,Closed Lost,38200.0,2023-07-16,2023-08-28,0,0.243,2023-07-16,2023-07-24,2023-07-27,2023-08-11,2023-08-28
OPP-00462,LEAD-002599,ACC-01531,paid_search,Closed Lost,62100.0,2023-07-07,2023-08-06,0,0.209,2023-07-07,2023-07-20,2023-07-27,2023-08-04,2023-08-06
OPP-00463,LEAD-002614,ACC-01940,webinar_evento,Closed Won,114800.0,2023-07-07,2023-09-17,1,0.374,2023-07-07,2023-07-10,2023-07-13,2023-09-09,2023-09-17
OPP-00464,LEAD-002615,ACC-01545,direct,Closed Lost,75500.0,2023-07-06,2023-08-15,0,0.272,2023-07-06,2023-08-01,2023-08-03,2023-08-10,2023-08-15
OPP-00465,LEAD-002617,ACC-00735,paid_search,Closed Won,31200.0,2023-07-07,2023-08-23,1,0.251,2023-07-07,2023-07-11,2023-07-11,2023-07-20,2023-08-23
OPP-00466,LEAD-002619,ACC-00467,paid_search,Closed Lost,60000.0,2023-07-03,2023-08-13,0,0.24,2023-07-03,2023-07-09,2023-07-11,2023-07-17,2023-08-13
OPP-00467,LEAD-002620,ACC-00143,organic_search,Closed Won,32700.0,2023-07-10,2023-08-28,1,0.264,2023-07-10,2023-07-17,2023-07-23,2023-07-31,2023-08-28
OPP-00468,LEAD-002622,ACC-00182,organic_search,Closed Lost,24700.0,2023-07-11,2023-08-24,0,0.317,2023-07-11,2023-07-13,2023-08-10,2023-08-21,2023-08-24
OPP-00469,LEAD-002624,ACC-00900,direct,Closed Lost,149100.0,2023-07-17,2023-09-09,0,0.286,2023-07-17,2023-08-08,2023-08-28,2023-09-04,2023-09-09
OPP-00470,LEAD-002627,ACC-01866,linkedin_ads,Closed Lost,221800.0,2023-07-17,2023-09-21,0,0.282,2023-07-17,2023-08-01,2023-08-05,2023-08-16,2023-09-21
OPP-00471,LEAD-002632,ACC-00246,organic_search,Closed Lost,62700.0,2023-07-16,2023-09-04,0,0.264,2023-07-16,2023-07-28,2023-08-14,2023-08-19,2023-09-04
OPP-00472,LEAD-002634,ACC-00150,linkedin_ads,Closed Lost,46200.0,2023-07-08,2023-08-31,0,0.327,2023-07-08,2023-07-15,2023-07-26,2023-07-29,2023-08-31
OPP-00473,LEAD-002637,ACC-01073,paid_search,Closed Lost,59600.0,2023-07-16,2023-08-29,0,0.219,2023-07-16,2023-08-03,2023-08-06,2023-08-08,2023-08-29
OPP-00474,LEAD-002642,ACC-01856,email_marketing,Closed Lost,90500.0,2023-07-03,2023-08-11,0,0.266,2023-07-03,2023-07-09,2023-07-20,2023-07-21,2023-08-11
OPP-00475,LEAD-002649,ACC-01881,organic_search,Closed Lost,63700.0,2023-07-05,2023-08-29,0,0.33,2023-07-05,2023-07-07,2023-07-23,2023-08-21,2023-08-29
OPP-00476,LEAD-002652,ACC-00012,organic_search,Closed Won,28100.0,2023-07-05,2023-08-27,1,0.251,2023-07-05,2023-07-12,2023-07-13,2023-08-21,2023-08-27
OPP-00477,LEAD-002657,ACC-00172,paid_search,Closed Lost,146900.0,2023-07-18,2023-08-15,0,0.251,2023-07-18,2023-07-21,2023-08-02,2023-08-02,2023-08-15
OPP-00478,LEAD-002663,ACC-01829,paid_search,Closed Lost,151000.0,2023-07-05,2023-08-21,0,0.251,2023-07-05,2023-07-07,2023-07-09,2023-07-23,2023-08-21
OPP-00479,LEAD-002666,ACC-01450,webinar_evento,Closed Lost,48000.0,2023-07-13,2023-08-24,0,0.337,2023-07-13,2023-07-27,2023-08-05,2023-08-17,2023-08-24
OPP-00480,LEAD-002677,ACC-00613,paid_search,Closed Lost,54400.0,2023-07-06,2023-08-16,0,0.209,2023-07-06,2023-07-08,2023-07-08,2023-07-31,2023-08-16
OPP-00481,LEAD-002694,ACC-00960,direct,Closed Lost,35100.0,2023-07-13,2023-08-24,0,0.343,2023-07-13,2023-07-22,2023-08-07,2023-08-21,2023-08-24
OPP-00482,LEAD-002697,ACC-00798,paid_search,Closed Lost,32200.0,2023-07-11,2023-08-12,0,0.251,2023-07-11,2023-07-13,2023-07-13,2023-07-27,2023-08-12
OPP-00483,LEAD-002698,ACC-01047,organic_search,Closed Lost,37400.0,2023-07-17,2023-09-11,0,0.29,2023-07-17,2023-08-04,2023-08-22,2023-08-30,2023-09-11
OPP-00484,LEAD-002701,ACC-00328,paid_search,Closed Lost,29800.0,2023-07-17,2023-08-22,0,0.251,2023-07-17,2023-07-18,2023-07-18,2023-08-18,2023-08-22
OPP-00485,LEAD-002709,ACC-01657,linkedin_ads,Closed Lost,52000.0,2023-07-17,2023-09-25,0,0.252,2023-07-17,2023-08-12,2023-08-26,2023-08-26,2023-09-25
OPP-00486,LEAD-002724,ACC-00412,paid_search,Closed Lost,91700.0,2023-07-10,2023-08-23,0,0.24,2023-07-10,2023-08-11,2023-08-13,2023-08-21,2023-08-23
OPP-00487,LEAD-002728,ACC-01038,webinar_evento,Closed Lost,42500.0,2023-07-20,2023-10-10,0,0.449,2023-07-20,2023-08-14,2023-08-17,2023-09-13,2023-10-10
OPP-00488,LEAD-002732,ACC-01166,webinar_evento,Closed Lost,55100.0,2023-07-16,2023-09-26,0,0.449,2023-07-16,2023-08-22,2023-08-26,2023-08-27,2023-09-26
OPP-00489,LEAD-002739,ACC-01972,direct,Closed Won,41400.0,2023-07-20,2023-08-26,1,0.315,2023-07-20,2023-07-22,2023-08-07,2023-08-23,2023-08-26
OPP-00490,LEAD-002753,ACC-00149,direct,Closed Lost,41100.0,2023-07-19,2023-08-12,0,0.315,2023-07-19,2023-08-04,2023-08-05,2023-08-11,2023-08-12
OPP-00491,LEAD-002756,ACC-01924,paid_search,Closed Won,34100.0,2023-07-31,2023-09-13,1,0.188,2023-07-31,2023-08-09,2023-08-10,2023-08-11,2023-09-13
OPP-00492,LEAD-002764,ACC-01133,meta_ads,Closed Lost,56700.0,2023-07-18,2023-08-14,0,0.152,2023-07-18,2023-07-21,2023-07-25,2023-08-01,2023-08-14
OPP-00493,LEAD-002768,ACC-00800,organic_search,Closed Lost,153500.0,2023-07-20,2023-09-11,0,0.356,2023-07-20,2023-07-24,2023-08-05,2023-09-05,2023-09-11
OPP-00494,LEAD-002777,ACC-01655,paid_search,Closed Lost,84600.0,2023-07-16,2023-09-03,0,0.24,2023-07-16,2023-08-04,2023-08-10,2023-08-30,2023-09-03
OPP-00495,LEAD-002781,ACC-01520,paid_search,Closed Lost,32500.0,2023-07-19,2023-08-22,0,0.23,2023-07-19,2023-07-29,2023-07-29,2023-08-02,2023-08-22
OPP-00496,LEAD-002782,ACC-00966,direct,Closed Lost,34000.0,2023-07-18,2023-08-15,0,0.315,2023-07-18,2023-07-20,2023-08-05,2023-08-09,2023-08-15
OPP-00497,LEAD-002784,ACC-01942,webinar_evento,Closed Lost,49400.0,2023-08-02,2023-09-29,0,0.374,2023-08-02,2023-08-16,2023-08-20,2023-09-08,2023-09-29
OPP-00498,LEAD-002785,ACC-00402,paid_search,Closed Won,61400.0,2023-07-16,2023-08-31,1,0.24,2023-07-16,2023-08-04,2023-08-23,2023-08-23,2023-08-31
OPP-00499,LEAD-002790,ACC-00612,webinar_evento,Closed Lost,44500.0,2023-07-23,2023-09-18,0,0.374,2023-07-23,2023-08-21,2023-09-02,2023-09-03,2023-09-18
OPP-00500,LEAD-002791,ACC-01046,paid_search,Closed Won,68700.0,2023-07-18,2023-08-27,1,0.219,2023-07-18,2023-07-21,2023-07-24,2023-08-24,2023-08-27
OPP-00501,LEAD-002792,ACC-00537,webinar_evento,Closed Won,108200.0,2023-07-28,2023-09-08,1,0.468,2023-07-28,2023-07-30,2023-08-13,2023-09-01,2023-09-08
OPP-00502,LEAD-002793,ACC-00255,organic_search,Closed Won,37300.0,2023-07-26,2023-09-22,1,0.317,2023-07-26,2023-07-26,2023-08-05,2023-08-17,2023-09-22
OPP-00503,LEAD-002795,ACC-00045,meta_ads,Closed Lost,26200.0,2023-08-03,2023-09-05,0,0.145,2023-08-03,2023-08-07,2023-08-24,2023-08-25,2023-09-05
OPP-00504,LEAD-002796,ACC-01680,paid_search,Closed Won,111900.0,2023-07-29,2023-09-09,1,0.282,2023-07-29,2023-07-30,2023-08-03,2023-08-29,2023-09-09
OPP-00505,LEAD-002797,ACC-00350,webinar_evento,Closed Lost,100200.0,2023-07-27,2023-10-26,0,0.411,,,,,
OPP-00506,LEAD-002803,ACC-01430,linkedin_ads,Closed Lost,45100.0,2023-07-30,2023-10-05,0,0.327,2023-07-30,2023-08-05,2023-08-18,2023-09-23,2023-10-05
OPP-00507,LEAD-002808,ACC-00850,linkedin_ads,Closed Lost,46000.0,2023-07-29,2023-10-23,0,0.252,2023-07-29,2023-08-02,2023-08-05,2023-09-20,2023-10-23
OPP-00508,LEAD-002809,ACC-01656,organic_search,Closed Won,125600.0,2023-07-24,2023-09-10,1,0.356,2023-07-24,2023-08-09,2023-08-14,2023-08-26,2023-09-10
OPP-00509,LEAD-002815,ACC-00119,paid_search,Closed Lost,25600.0,2023-07-27,2023-09-16,0,0.23,2023-07-27,2023-08-17,2023-08-24,2023-09-12,2023-09-16
OPP-00510,LEAD-002819,ACC-01029,paid_search,Closed Lost,67700.0,2023-07-31,2023-09-17,0,0.219,2023-07-31,2023-08-08,2023-08-14,2023-09-07,2023-09-17
OPP-00511,LEAD-002822,ACC-00439,webinar_evento,Closed Won,122800.0,2023-07-31,2023-10-31,1,0.374,2023-07-31,2023-09-12,2023-10-18,2023-10-21,2023-10-31
OPP-00512,LEAD-002834,ACC-00313,paid_search,Closed Lost,58400.0,2023-08-06,2023-09-30,0,0.209,2023-08-06,2023-08-17,2023-09-10,2023-09-22,2023-09-30
OPP-00513,LEAD-002839,ACC-00017,organic_search,Closed Lost,62400.0,2023-08-02,2023-10-03,0,0.33,2023-08-02,2023-09-14,2023-09-21,2023-10-01,2023-10-03
OPP-00514,LEAD-002846,ACC-01615,paid_search,Closed Lost,118700.0,2023-07-30,2023-09-02,0,0.209,2023-07-30,2023-07-31,2023-08-04,2023-08-10,2023-09-02
OPP-00515,LEAD-002848,ACC-00393,webinar_evento,Closed Won,60000.0,2023-08-03,2023-10-11,1,0.449,2023-08-03,2023-08-12,2023-09-10,2023-09-30,2023-10-11
OPP-00516,LEAD-002866,ACC-00810,meta_ads,Closed Lost,57900.0,2023-07-24,2023-08-23,0,0.132,2023-07-24,2023-08-02,2023-08-02,2023-08-13,2023-08-23
OPP-00517,LEAD-002881,ACC-00321,paid_search,Closed Won,26700.0,2023-07-29,2023-09-19,1,0.251,,,,,
OPP-00518,LEAD-002882,ACC-00326,webinar_evento,Closed Won,49000.0,2023-08-09,2023-10-04,1,0.318,2023-08-09,2023-08-31,2023-09-18,2023-09-19,2023-10-04
OPP-00519,LEAD-002888,ACC-00342,webinar_evento,Closed Won,230200.0,2023-08-12,2023-10-05,1,0.505,2023-08-12,2023-08-18,2023-09-14,2023-09-26,2023-10-05
OPP-00520,LEAD-002890,ACC-01993,webinar_evento,Closed Won,95800.0,2023-08-08,2023-11-10,1,0.43,2023-08-08,2023-09-17,2023-11-02,2023-11-08,2023-11-10
OPP-00521,LEAD-002896,ACC-00741,organic_search,Closed Lost,85700.0,2023-08-12,2023-09-22,0,0.264,2023-08-12,2023-08-14,2023-09-07,2023-09-15,2023-09-22
OPP-00522,LEAD-002900,ACC-00023,webinar_evento,Closed Lost,123100.0,2023-08-11,2023-10-18,0,0.393,2023-08-11,2023-08-29,2023-09-21,2023-10-13,2023-10-18
OPP-00523,LEAD-002905,ACC-01234,linkedin_ads,Closed Won,110300.0,2023-08-02,2023-10-21,1,0.342,2023-08-02,2023-08-12,2023-09-09,2023-09-23,2023-10-21
OPP-00524,LEAD-002908,ACC-00615,paid_search,Closed Lost,26300.0,2023-08-11,2023-09-20,0,0.209,2023-08-11,2023-08-15,2023-09-06,2023-09-16,2023-09-20
OPP-00525,LEAD-002911,ACC-01275,paid_search,Closed Lost,28600.0,2023-08-16,2023-09-23,0,0.178,2023-08-16,2023-08-26,2023-08-28,2023-09-05,2023-09-23
OPP-00526,LEAD-002919,ACC-01893,webinar_evento,Closed Lost,44900.0,2023-08-12,2023-10-14,0,0.411,2023-08-12,2023-08-12,2023-08-31,2023-09-08,2023-10-14
OPP-00527,LEAD-002938,ACC-00704,paid_search,Closed Lost,147100.0,2023-08-20,2023-09-25,0,0.23,2023-08-20,2023-08-23,2023-09-08,2023-09-23,2023-09-25
OPP-00528,LEAD-002940,ACC-00052,paid_search,Closed Won,138600.0,2023-08-11,2023-09-26,1,0.293,2023-08-11,2023-08-22,2023-09-09,2023-09-18,2023-09-26
OPP-00529,LEAD-002941,ACC-01972,meta_ads,Closed Lost,22700.0,2023-08-11,2023-08-25,0,0.145,2023-08-11,2023-08-17,2023-08-20,2023-08-23,2023-08-25
OPP-00530,LEAD-002942,ACC-00258,webinar_evento,Closed Lost,98900.0,2023-08-18,2023-11-03,0,0.393,2023-08-18,2023-09-04,2023-09-09,2023-09-29,2023-11-03
OPP-00531,LEAD-002944,ACC-01051,linkedin_ads,Closed Lost,39900.0,2023-08-08,2023-10-23,0,0.297,2023-08-08,2023-08-28,2023-08-29,2023-10-17,2023-10-23
OPP-00532,LEAD-002946,ACC-01481,organic_search,Closed Lost,55900.0,2023-08-06,2023-09-28,0,0.264,2023-08-06,2023-09-13,2023-09-16,2023-09-18,2023-09-28
OPP-00533,LEAD-002947,ACC-00129,paid_search,Closed Lost,65000.0,2023-08-18,2023-10-09,0,0.24,2023-08-18,2023-09-04,2023-09-14,2023-10-01,2023-10-09
OPP-00534,LEAD-002961,ACC-01144,webinar_evento,Closed Lost,110300.0,2023-08-17,2023-11-13,0,0.411,2023-08-17,2023-09-08,2023-09-14,2023-10-25,2023-11-13
OPP-00535,LEAD-002968,ACC-00418,linkedin_ads,Closed Won,50400.0,2023-08-18,2023-10-28,1,0.356,2023-08-18,2023-09-16,2023-10-02,2023-10-20,2023-10-28
OPP-00536,LEAD-002969,ACC-01738,linkedin_ads,Closed Lost,41300.0,2023-08-05,2023-10-27,0,0.356,2023-08-05,2023-09-16,2023-09-22,2023-09-24,2023-10-27
OPP-00537,LEAD-002979,ACC-01899,linkedin_ads,Closed Lost,103200.0,2023-08-11,2023-10-08,0,0.297,2023-08-11,2023-08-26,2023-09-02,2023-10-05,2023-10-08
OPP-00538,LEAD-002984,ACC-00066,paid_search,Closed Won,57300.0,2023-08-10,2023-09-19,1,0.209,2023-08-10,2023-08-16,2023-09-11,2023-09-13,2023-09-19
OPP-00539,LEAD-002991,ACC-02000,webinar_evento,Closed Won,44800.0,2023-08-08,2023-12-19,1,0.355,2023-08-08,2023-09-09,2023-09-24,2023-11-18,2023-12-19
OPP-00540,LEAD-002993,ACC-01049,organic_search,Closed Lost,38700.0,2023-08-22,2023-10-20,0,0.317,2023-08-22,2023-08-22,2023-09-01,2023-10-17,2023-10-20
OPP-00541,LEAD-002995,ACC-01239,meta_ads,Closed Lost,54300.0,2023-08-12,2023-09-08,0,0.148,2023-08-12,2023-08-16,2023-08-23,2023-08-28,2023-09-08
OPP-00542,LEAD-002996,ACC-00154,webinar_evento,Closed Lost,100700.0,2023-08-20,2023-10-23,0,0.374,2023-08-20,2023-10-02,2023-10-05,2023-10-08,2023-10-23
OPP-00543,LEAD-003000,ACC-00183,paid_search,Closed Lost,24800.0,2023-08-09,2023-09-19,0,0.23,,,,,
OPP-00544,LEAD-003002,ACC-01879,direct,Closed Lost,45200.0,2023-08-14,2023-09-26,0,0.343,2023-08-14,2023-09-04,2023-09-05,2023-09-15,2023-09-26
OPP-00545,LEAD-003012,ACC-00220,webinar_evento,Closed Lost,55100.0,2023-08-17,2023-12-14,0,0.449,2023-08-17,2023-10-29,2023-11-08,2023-12-09,2023-12-14
OPP-00546,LEAD-003013,ACC-00834,webinar_evento,Closed Lost,51400.0,2023-08-13,2023-11-06,0,0.374,2023-08-13,2023-09-07,2023-09-07,2023-09-08,2023-11-06
OPP-00547,LEAD-003015,ACC-01734,paid_search,Closed Lost,50700.0,2023-08-17,2023-09-26,0,0.209,2023-08-17,2023-08-27,2023-08-28,2023-08-28,2023-09-26
OPP-00548,LEAD-003017,ACC-01503,paid_search,Closed Lost,56000.0,2023-08-19,2023-09-18,0,0.24,2023-08-19,2023-08-25,2023-09-12,2023-09-14,2023-09-18
OPP-00549,LEAD-003022,ACC-01251,webinar_evento,Closed Lost,49700.0,2023-08-21,2023-11-04,0,0.449,2023-08-21,2023-08-22,2023-09-21,2023-09-30,2023-11-04
OPP-00550,LEAD-003032,ACC-00810,paid_search,Closed Lost,59200.0,2023-08-19,2023-10-01,0,0.209,2023-08-19,2023-08-25,2023-08-27,2023-09-09,2023-10-01
OPP-00551,LEAD-003034,ACC-01304,webinar_evento,Closed Lost,110100.0,2023-08-27,2023-10-27,0,0.374,2023-08-27,2023-09-02,2023-09-09,2023-10-05,2023-10-27
OPP-00552,LEAD-003040,ACC-01561,webinar_evento,Closed Won,126500.0,2023-08-17,2023-10-20,1,0.374,2023-08-17,2023-08-31,2023-09-04,2023-09-13,2023-10-20
OPP-00553,LEAD-003045,ACC-00255,webinar_evento,Closed Won,47600.0,2023-08-19,2023-10-24,1,0.449,2023-08-19,2023-08-21,2023-10-14,2023-10-21,2023-10-24
OPP-00554,LEAD-003050,ACC-01273,webinar_evento,Closed Lost,45400.0,2023-08-24,2023-11-13,0,0.337,2023-08-24,2023-09-10,2023-09-15,2023-10-06,2023-11-13
OPP-00555,LEAD-003056,ACC-01056,webinar_evento,Closed Lost,40800.0,2023-08-14,2023-10-10,0,0.411,2023-08-14,2023-08-22,2023-10-01,2023-10-06,2023-10-10
OPP-00556,LEAD-003060,ACC-00372,organic_search,Closed Lost,74400.0,2023-08-23,2023-10-17,0,0.264,2023-08-23,2023-09-19,2023-09-27,2023-10-04,2023-10-17
OPP-00557,LEAD-003061,ACC-01966,organic_search,Closed Lost,79500.0,2023-08-18,2023-09-30,0,0.264,2023-08-18,2023-09-03,2023-09-24,2023-09-28,2023-09-30
OPP-00558,LEAD-003064,ACC-01798,paid_search,Closed Lost,108100.0,2023-08-25,2023-09-24,0,0.209,2023-08-25,2023-08-31,2023-09-03,2023-09-15,2023-09-24
OPP-00559,LEAD-003078,ACC-01757,paid_search,Closed Lost,64100.0,2023-08-18,2023-09-19,0,0.234,2023-08-18,2023-08-18,2023-09-11,2023-09-11,2023-09-19
OPP-00560,LEAD-003084,ACC-01215,meta_ads,Closed Lost,23400.0,2023-08-23,2023-09-23,0,0.106,2023-08-23,2023-08-25,2023-09-03,2023-09-19,2023-09-23
OPP-00561,LEAD-003087,ACC-00132,webinar_evento,Closed Won,195600.0,2023-08-29,2023-11-15,1,0.43,2023-08-29,2023-09-17,2023-10-22,2023-10-29,2023-11-15
OPP-00562,LEAD-003088,ACC-01984,paid_search,Closed Lost,61300.0,2023-08-20,2023-10-07,0,0.261,2023-08-20,2023-09-03,2023-09-06,2023-09-10,2023-10-07
OPP-00563,LEAD-003097,ACC-01430,meta_ads,Closed Lost,26700.0,2023-08-16,2023-09-09,0,0.145,2023-08-16,2023-08-21,2023-08-28,2023-08-29,2023-09-09
OPP-00564,LEAD-003101,ACC-01088,meta_ads,Closed Lost,94300.0,2023-08-14,2023-09-20,0,0.185,2023-08-14,2023-08-30,2023-09-07,2023-09-14,2023-09-20
OPP-00565,LEAD-003107,ACC-01925,webinar_evento,Closed Won,103300.0,2023-08-20,2023-11-24,1,0.468,2023-08-20,2023-09-08,2023-10-18,2023-10-27,2023-11-24
OPP-00566,LEAD-003114,ACC-00821,paid_search,Closed Lost,79600.0,2023-08-18,2023-09-30,0,0.261,2023-08-18,2023-08-26,2023-09-05,2023-09-19,2023-09-30
OPP-00567,LEAD-003128,ACC-01533,paid_search,Closed Lost,27600.0,2023-08-30,2023-10-17,0,0.234,2023-08-30,2023-09-10,2023-09-21,2023-09-26,2023-10-17
OPP-00568,LEAD-003143,ACC-00867,organic_search,Closed Lost,37500.0,2023-09-01,2023-10-19,0,0.317,2023-09-01,2023-09-08,2023-09-13,2023-10-01,2023-10-19
OPP-00569,LEAD-003144,ACC-01038,linkedin_ads,Closed Won,46200.0,2023-08-19,2023-10-14,1,0.356,2023-08-19,2023-08-31,2023-09-12,2023-10-10,2023-10-14
OPP-00570,LEAD-003146,ACC-01265,organic_search,Closed Won,86900.0,2023-08-31,2023-10-15,1,0.29,2023-08-31,2023-09-04,2023-10-03,2023-10-13,2023-10-15
OPP-00571,LEAD-003147,ACC-01656,paid_search,Closed Won,105500.0,2023-08-24,2023-10-23,1,0.282,2023-08-24,2023-09-19,2023-09-24,2023-10-18,2023-10-23
OPP-00572,LEAD-003157,ACC-00577,organic_search,Closed Won,68400.0,2023-08-25,2023-10-31,1,0.264,2023-08-25,2023-10-02,2023-10-09,2023-10-23,2023-10-31
OPP-00573,LEAD-003166,ACC-01904,webinar_evento,Closed Lost,48400.0,2023-08-30,2023-10-26,0,0.299,2023-08-30,2023-09-08,2023-09-13,2023-10-01,2023-10-26
OPP-00574,LEAD-003171,ACC-01092,webinar_evento,Closed Lost,92900.0,2023-09-01,2023-11-23,0,0.411,2023-09-01,2023-09-02,2023-09-28,2023-11-07,2023-11-23
OPP-00575,LEAD-003178,ACC-00007,paid_search,Closed Lost,35300.0,2023-08-28,2023-10-06,0,0.178,2023-08-28,2023-08-28,2023-08-28,2023-08-28,2023-10-06
OPP-00576,LEAD-003184,ACC-00603,paid_search,Closed Lost,30000.0,2023-09-05,2023-10-24,0,0.251,2023-09-05,2023-09-19,2023-09-21,2023-09-24,2023-10-24
OPP-00577,LEAD-003200,ACC-01464,organic_search,Closed Lost,32800.0,2023-08-25,2023-11-09,0,0.224,2023-08-25,2023-09-23,2023-10-06,2023-10-20,2023-11-09
OPP-00578,LEAD-003205,ACC-01657,direct,Closed Lost,42100.0,2023-08-24,2023-10-11,0,0.243,2023-08-24,2023-08-27,2023-08-31,2023-09-30,2023-10-11
OPP-00579,LEAD-003208,ACC-01039,organic_search,Closed Won,53400.0,2023-08-20,2023-10-11,1,0.264,2023-08-20,2023-08-20,2023-08-29,2023-10-06,2023-10-11
OPP-00580,LEAD-003211,ACC-00773,meta_ads,Closed Lost,22700.0,2023-09-04,2023-10-06,0,0.112,2023-09-04,2023-09-11,2023-09-18,2023-09-21,2023-10-06
OPP-00581,LEAD-003213,ACC-01597,direct,Closed Won,97100.0,2023-08-29,2023-09-20,1,0.358,2023-08-29,2023-09-07,2023-09-14,2023-09-16,2023-09-20
OPP-00582,LEAD-003219,ACC-01014,organic_search,Closed Lost,32000.0,2023-08-23,2023-10-14,0,0.317,2023-08-23,2023-09-03,2023-09-11,2023-10-10,2023-10-14
OPP-00583,LEAD-003225,ACC-01235,organic_search,Closed Lost,155700.0,2023-09-06,2023-10-25,0,0.29,2023-09-06,2023-09-18,2023-09-25,2023-10-20,2023-10-25
OPP-00584,LEAD-003227,ACC-00676,organic_search,Closed Lost,83200.0,2023-08-23,2023-09-22,0,0.33,2023-08-23,2023-09-02,2023-09-07,2023-09-11,2023-09-22
OPP-00585,LEAD-003232,ACC-00964,paid_search,Closed Lost,29800.0,2023-08-25,2023-10-04,0,0.167,2023-08-25,2023-09-04,2023-09-16,2023-09-30,2023-10-04
OPP-00586,LEAD-003241,ACC-01016,paid_search,Closed Lost,33000.0,2023-09-03,2023-10-13,0,0.23,2023-09-03,2023-09-13,2023-09-19,2023-10-01,2023-10-13
OPP-00587,LEAD-003242,ACC-01883,linkedin_ads,Closed Lost,180700.0,2023-09-04,2023-11-14,0,0.252,2023-09-04,2023-09-16,2023-10-10,2023-10-20,2023-11-14
OPP-00588,LEAD-003244,ACC-01424,webinar_evento,Closed Won,55300.0,2023-08-25,2023-11-15,1,0.449,2023-08-25,2023-09-02,2023-09-02,2023-10-01,2023-11-15
OPP-00589,LEAD-003251,ACC-01218,organic_search,Closed Won,34200.0,2023-08-27,2023-10-07,1,0.29,2023-08-27,2023-09-08,2023-09-12,2023-09-29,2023-10-07
OPP-00590,LEAD-003252,ACC-01378,webinar_evento,Closed Lost,47600.0,2023-08-31,2023-10-19,0,0.374,2023-08-31,2023-09-23,2023-09-23,2023-09-23,2023-10-19
OPP-00591,LEAD-003258,ACC-00894,paid_search,Closed Lost,68200.0,2023-08-27,2023-09-25,0,0.261,2023-08-27,2023-09-11,2023-09-14,2023-09-20,2023-09-25
OPP-00592,LEAD-003261,ACC-00350,webinar_evento,Closed Won,100700.0,2023-09-01,2023-12-01,1,0.411,2023-09-01,2023-10-31,2023-11-16,2023-11-22,2023-12-01
OPP-00593,LEAD-003262,ACC-01750,paid_search,Closed Lost,29900.0,2023-09-05,2023-10-22,0,0.199,2023-09-05,2023-09-14,2023-10-11,2023-10-11,2023-10-22
OPP-00594,LEAD-003267,ACC-01515,organic_search,Closed Won,40500.0,2023-08-30,2023-10-20,1,0.29,2023-08-30,2023-09-27,2023-10-08,2023-10-08,2023-10-20
OPP-00595,LEAD-003277,ACC-01092,linkedin_ads,Closed Lost,102300.0,2023-09-11,2023-12-06,0,0.327,2023-09-11,2023-10-05,2023-10-14,2023-10-26,2023-12-06
OPP-00596,LEAD-003281,ACC-01713,organic_search,Closed Lost,84100.0,2023-09-02,2023-11-05,0,0.264,2023-09-02,2023-09-10,2023-10-07,2023-10-10,2023-11-05
OPP-00597,LEAD-003286,ACC-00993,organic_search,Closed Lost,59400.0,2023-08-26,2023-10-13,0,0.277,2023-08-26,2023-09-02,2023-09-22,2023-10-06,2023-10-13
OPP-00598,LEAD-003295,ACC-01897,linkedin_ads,Closed Lost,39800.0,2023-09-01,2023-12-21,0,0.356,2023-09-01,2023-09-05,2023-09-12,2023-12-02,2023-12-21
OPP-00599,LEAD-003296,ACC-01789,webinar_evento,Closed Lost,139500.0,2023-09-04,2023-11-08,0,0.374,2023-09-04,2023-09-25,2023-10-11,2023-10-22,2023-11-08
OPP-00600,LEAD-003303,ACC-00533,webinar_evento,Closed Won,130800.0,2023-08-30,2023-12-22,1,0.374,2023-08-30,2023-09-15,2023-10-31,2023-12-05,2023-12-22
OPP-00601,LEAD-003305,ACC-00753,linkedin_ads,Closed Lost,193000.0,2023-08-27,2023-11-01,0,0.327,2023-08-27,2023-09-07,2023-09-25,2023-10-23,2023-11-01
OPP-00602,LEAD-003307,ACC-00614,linkedin_ads,Closed Lost,32600.0,2023-09-12,2023-11-02,0,0.327,,,,,
OPP-00603,LEAD-003315,ACC-00038,paid_search,Closed Lost,28500.0,2023-09-05,2023-10-20,0,0.199,2023-09-05,2023-09-11,2023-09-23,2023-10-06,2023-10-20
OPP-00604,LEAD-003316,ACC-00868,paid_search,Closed Lost,66500.0,2023-09-04,2023-09-26,0,0.24,2023-09-04,2023-09-04,2023-09-05,2023-09-07,2023-09-26
OPP-00605,LEAD-003326,ACC-01721,paid_search,Closed Won,33200.0,2023-09-08,2023-10-12,1,0.251,2023-09-08,2023-09-10,2023-09-24,2023-09-26,2023-10-12
OPP-00606,LEAD-003328,ACC-00609,organic_search,Closed Lost,69900.0,2023-09-09,2023-11-15,0,0.296,2023-09-09,2023-09-21,2023-09-28,2023-10-08,2023-11-15
OPP-00607,LEAD-003329,ACC-00048,organic_search,Closed Lost,90300.0,2023-09-05,2023-11-10,0,0.304,2023-09-05,2023-10-04,2023-10-08,2023-10-08,2023-11-10
OPP-00608,LEAD-003332,ACC-00200,paid_search,Closed Lost,28400.0,2023-09-05,2023-10-16,0,0.251,2023-09-05,2023-09-17,2023-09-28,2023-09-29,2023-10-16
OPP-00609,LEAD-003335,ACC-00361,organic_search,Closed Lost,36900.0,2023-09-02,2023-10-24,0,0.29,2023-09-02,2023-09-14,2023-09-23,2023-09-30,2023-10-24
OPP-00610,LEAD-003339,ACC-00529,paid_search,Closed Lost,25300.0,2023-09-02,2023-10-06,0,0.211,2023-09-02,2023-09-04,2023-09-19,2023-09-27,2023-10-06
OPP-00611,LEAD-003341,ACC-01951,paid_search,Closed Lost,26400.0,2023-08-28,2023-10-06,0,0.23,2023-08-28,2023-09-06,2023-09-08,2023-09-08,2023-10-06
OPP-00612,LEAD-003347,ACC-00263,linkedin_ads,Closed Lost,107300.0,2023-09-11,2023-11-26,0,0.312,2023-09-11,2023-10-16,2023-11-03,2023-11-09,2023-11-26
OPP-00613,LEAD-003355,ACC-01622,paid_search,Closed Won,72100.0,2023-09-02,2023-10-18,1,0.261,2023-09-02,2023-09-07,2023-09-20,2023-10-10,2023-10-18
OPP-00614,LEAD-003356,ACC-01585,paid_search,Closed Lost,31000.0,2023-08-28,2023-10-22,0,0.188,2023-08-28,2023-09-06,2023-09-14,2023-09-28,2023-10-22
OPP-00615,LEAD-003358,ACC-01338,direct,Closed Lost,37100.0,2023-09-10,2023-10-19,0,0.343,2023-09-10,2023-09-18,2023-10-10,2023-10-16,2023-10-19
OPP-00616,LEAD-003365,ACC-00969,paid_search,Closed Won,131900.0,2023-09-05,2023-10-26,1,0.282,2023-09-05,2023-09-06,2023-10-17,2023-10-23,2023-10-26
OPP-00617,LEAD-003373,ACC-00914,paid_search,Closed Lost,23300.0,2023-09-04,2023-09-27,0,0.209,2023-09-04,2023-09-04,2023-09-16,2023-09-25,2023-09-27
OPP-00618,LEAD-003375,ACC-00733,organic_search,Closed Won,164200.0,2023-09-08,2023-10-29,1,0.224,2023-09-08,2023-10-07,2023-10-13,2023-10-18,2023-10-29
OPP-00619,LEAD-003378,ACC-00262,direct,Closed Lost,148400.0,2023-09-04,2023-10-23,0,0.329,2023-09-04,2023-09-12,2023-09-25,2023-10-14,2023-10-23
OPP-00620,LEAD-003380,ACC-01581,paid_search,Closed Lost,119200.0,2023-09-05,2023-10-17,0,0.293,2023-09-05,2023-10-05,2023-10-09,2023-10-09,2023-10-17
OPP-00621,LEAD-003385,ACC-01197,organic_search,Closed Lost,30500.0,2023-09-11,2023-10-25,0,0.224,2023-09-11,2023-09-13,2023-09-17,2023-10-03,2023-10-25
OPP-00622,LEAD-003391,ACC-01802,paid_search,Closed Lost,74800.0,2023-09-08,2023-10-22,0,0.209,2023-09-08,2023-09-16,2023-09-17,2023-10-08,2023-10-22
OPP-00623,LEAD-003394,ACC-00825,paid_search,Closed Won,25800.0,2023-08-31,2023-10-06,1,0.178,2023-08-31,2023-09-03,2023-09-03,2023-10-03,2023-10-06
OPP-00624,LEAD-003400,ACC-00772,linkedin_ads,Closed Lost,91900.0,2023-09-05,2023-11-21,0,0.297,2023-09-05,2023-10-01,2023-10-15,2023-11-16,2023-11-21
OPP-00625,LEAD-003407,ACC-00297,meta_ads,Closed Won,20100.0,2023-09-18,2023-10-30,1,0.158,,,,,
OPP-00626,LEAD-003408,ACC-00069,linkedin_ads,Closed Won,40800.0,2023-09-06,2023-11-06,1,0.267,2023-09-06,2023-09-07,2023-09-12,2023-09-21,2023-11-06
OPP-00627,LEAD-003409,ACC-00510,direct,Closed Lost,168800.0,2023-09-10,2023-10-13,0,0.243,2023-09-10,2023-09-15,2023-09-24,2023-10-02,2023-10-13
OPP-00628,LEAD-003415,ACC-01424,webinar_evento,Closed Won,42000.0,2023-09-10,2023-11-25,1,0.449,2023-09-10,2023-09-20,2023-10-03,2023-10-27,2023-11-25
OPP-00629,LEAD-003421,ACC-01370,paid_search,Closed Won,32800.0,2023-09-09,2023-10-30,1,0.23,2023-09-09,2023-09-09,2023-10-09,2023-10-20,2023-10-30
OPP-00630,LEAD-003425,ACC-00390,webinar_evento,Closed Lost,138300.0,2023-09-15,2023-10-15,0,0.393,2023-09-15,2023-09-27,2023-10-09,2023-10-14,2023-10-15
OPP-00631,LEAD-003426,ACC-01468,organic_search,Closed Lost,32600.0,2023-09-14,2023-11-01,0,0.251,2023-09-14,2023-09-15,2023-10-12,2023-10-17,2023-11-01
OPP-00632,LEAD-003430,ACC-00603,linkedin_ads,Closed Lost,45800.0,2023-09-05,2023-11-25,0,0.356,2023-09-05,2023-10-05,2023-10-18,2023-10-31,2023-11-25
OPP-00633,LEAD-003433,ACC-00986,meta_ads,Closed Lost,21100.0,2023-09-05,2023-10-04,0,0.132,2023-09-05,2023-09-16,2023-09-25,2023-09-26,2023-10-04
OPP-00634,LEAD-003440,ACC-00580,paid_search,Closed Lost,83600.0,2023-09-18,2023-10-24,0,0.209,2023-09-18,2023-09-18,2023-10-03,2023-10-21,2023-10-24
OPP-00635,LEAD-003441,ACC-00351,linkedin_ads,Closed Lost,78600.0,2023-09-04,2023-11-14,0,0.297,2023-09-04,2023-09-28,2023-11-03,2023-11-03,2023-11-14
OPP-00636,LEAD-003451,ACC-00676,linkedin_ads,Closed Lost,122500.0,2023-09-07,2023-12-18,0,0.371,2023-09-07,2023-09-10,2023-11-26,2023-12-01,2023-12-18
OPP-00637,LEAD-003455,ACC-01611,organic_search,Closed Lost,29000.0,2023-09-20,2023-12-03,0,0.251,2023-09-20,2023-10-12,2023-10-27,2023-11-26,2023-12-03
OPP-00638,LEAD-003457,ACC-01960,organic_search,Closed Lost,149600.0,2023-09-13,2023-11-11,0,0.37,2023-09-13,2023-10-10,2023-10-19,2023-11-04,2023-11-11
OPP-00639,LEAD-003466,ACC-00365,meta_ads,Closed Lost,21700.0,2023-09-16,2023-10-14,0,0.158,2023-09-16,2023-09-30,2023-10-02,2023-10-08,2023-10-14
OPP-00640,LEAD-003467,ACC-01005,webinar_evento,Closed Lost,53300.0,2023-09-11,2023-12-06,0,0.449,2023-09-11,2023-09-29,2023-10-31,2023-11-02,2023-12-06
OPP-00641,LEAD-003469,ACC-01940,webinar_evento,Closed Lost,117400.0,2023-09-12,2023-11-13,0,0.374,2023-09-12,2023-09-17,2023-10-10,2023-10-14,2023-11-13
OPP-00642,LEAD-003482,ACC-01848,linkedin_ads,Closed Lost,199200.0,2023-09-17,2023-11-15,0,0.327,2023-09-17,2023-09-19,2023-10-04,2023-10-06,2023-11-15
OPP-00643,LEAD-003489,ACC-00457,linkedin_ads,Closed Lost,126100.0,2023-09-19,2023-11-27,0,0.342,,,,,
OPP-00644,LEAD-003494,ACC-01541,paid_search,Closed Won,83300.0,2023-09-18,2023-10-20,1,0.261,2023-09-18,2023-09-21,2023-09-29,2023-10-15,2023-10-20
OPP-00645,LEAD-003499,ACC-01083,webinar_evento,Closed Won,55500.0,2023-09-15,2023-11-02,1,0.411,2023-09-15,2023-09-16,2023-10-22,2023-10-29,2023-11-02
OPP-00646,LEAD-003503,ACC-00169,linkedin_ads,Closed Lost,46200.0,2023-09-20,2023-12-17,0,0.356,2023-09-20,2023-09-29,2023-11-17,2023-11-26,2023-12-17
OPP-00647,LEAD-003507,ACC-01750,organic_search,Closed Lost,30900.0,2023-09-09,2023-10-22,0,0.251,2023-09-09,2023-09-17,2023-10-02,2023-10-03,2023-10-22
OPP-00648,LEAD-003512,ACC-01745,webinar_evento,Closed Lost,82300.0,2023-09-18,2023-11-20,0,0.43,2023-09-18,2023-09-27,2023-10-04,2023-10-24,2023-11-20
OPP-00649,LEAD-003516,ACC-00450,linkedin_ads,Closed Lost,209500.0,2023-09-15,2023-12-09,0,0.416,2023-09-15,2023-11-06,2023-11-15,2023-11-18,2023-12-09
OPP-00650,LEAD-003521,ACC-01069,paid_search,Closed Lost,76400.0,2023-09-18,2023-11-02,0,0.209,2023-09-18,2023-10-07,2023-10-09,2023-10-22,2023-11-02
OPP-00651,LEAD-003527,ACC-01674,organic_search,Closed Won,30900.0,2023-09-23,2023-11-22,1,0.224,2023-09-23,2023-10-18,2023-10-19,2023-10-19,2023-11-22
OPP-00652,LEAD-003536,ACC-01939,direct,Closed Lost,91300.0,2023-09-22,2023-11-06,0,0.286,2023-09-22,2023-09-27,2023-10-19,2023-10-27,2023-11-06
OPP-00653,LEAD-003548,ACC-01129,paid_search,Closed Lost,72100.0,2023-09-23,2023-10-28,0,0.24,2023-09-23,2023-10-14,2023-10-22,2023-10-25,2023-10-28
OPP-00654,LEAD-003550,ACC-00650,webinar_evento,Closed Lost,42300.0,2023-09-15,2023-11-17,0,0.318,2023-09-15,2023-10-07,2023-10-10,2023-10-16,2023-11-17
OPP-00655,LEAD-003554,ACC-00152,direct,Closed Lost,88800.0,2023-09-10,2023-10-18,0,0.358,2023-09-10,2023-09-22,2023-10-07,2023-10-10,2023-10-18
OPP-00656,LEAD-003570,ACC-00320,webinar_evento,Closed Won,111000.0,2023-09-11,2023-12-09,1,0.43,2023-09-11,2023-09-20,2023-10-14,2023-12-04,2023-12-09
OPP-00657,LEAD-003577,ACC-01840,linkedin_ads,Closed Won,89300.0,2023-09-20,2023-12-11,1,0.327,2023-09-20,2023-09-21,2023-10-28,2023-10-28,2023-12-11
OPP-00658,LEAD-003578,ACC-00945,organic_search,Closed Lost,33800.0,2023-09-17,2023-11-08,0,0.266,2023-09-17,2023-10-10,2023-10-13,2023-10-25,2023-11-08
OPP-00659,LEAD-003581,ACC-01461,direct,Closed Won,190600.0,2023-09-20,2023-10-06,1,0.315,2023-09-20,2023-09-20,2023-09-25,2023-10-02,2023-10-06
OPP-00660,LEAD-003607,ACC-00813,paid_search,Closed Lost,85300.0,2023-09-14,2023-10-03,0,0.209,2023-09-14,2023-09-14,2023-09-15,2023-09-19,2023-10-03
OPP-00661,LEAD-003609,ACC-01162,webinar_evento,Closed Lost,42300.0,2023-09-29,2023-11-23,0,0.411,2023-09-29,2023-10-11,2023-10-21,2023-11-09,2023-11-23
OPP-00662,LEAD-003614,ACC-00027,organic_search,Closed Lost,28100.0,2023-09-17,2023-11-18,0,0.266,2023-09-17,2023-09-30,2023-10-16,2023-10-28,2023-11-18
OPP-00663,LEAD-003620,ACC-00167,webinar_evento,Closed Won,36800.0,2023-09-25,2023-11-20,1,0.449,2023-09-25,2023-10-14,2023-10-19,2023-11-04,2023-11-20
OPP-00664,LEAD-003621,ACC-00369,paid_search,Closed Lost,30800.0,2023-09-19,2023-11-15,0,0.251,2023-09-19,2023-10-14,2023-10-25,2023-10-28,2023-11-15
OPP-00665,LEAD-003625,ACC-00206,paid_search,Closed Lost,115300.0,2023-09-23,2023-11-12,0,0.222,2023-09-23,2023-10-04,2023-10-08,2023-11-04,2023-11-12
OPP-00666,LEAD-003628,ACC-01859,organic_search,Closed Lost,39600.0,2023-09-22,2023-10-29,0,0.266,2023-09-22,2023-10-01,2023-10-11,2023-10-19,2023-10-29
OPP-00667,LEAD-003630,ACC-00740,webinar_evento,Closed Won,94400.0,2023-09-26,2023-12-15,1,0.411,2023-09-26,2023-09-29,2023-10-29,2023-11-24,2023-12-15
OPP-00668,LEAD-003631,ACC-00861,organic_search,Closed Lost,105000.0,2023-09-23,2023-11-17,0,0.264,2023-09-23,2023-10-08,2023-10-27,2023-11-01,2023-11-17
OPP-00669,LEAD-003637,ACC-00733,direct,Closed Lost,173600.0,2023-09-17,2023-10-29,0,0.243,2023-09-17,2023-09-23,2023-10-10,2023-10-17,2023-10-29
OPP-00670,LEAD-003644,ACC-01014,linkedin_ads,Closed Lost,50300.0,2023-09-25,2023-12-10,0,0.356,2023-09-25,2023-09-29,2023-09-29,2023-10-18,2023-12-10
OPP-00671,LEAD-003645,ACC-00846,organic_search,Closed Lost,164900.0,2023-10-02,2023-12-05,0,0.29,2023-10-02,2023-10-20,2023-11-26,2023-11-29,2023-12-05
OPP-00672,LEAD-003647,ACC-01758,paid_search,Closed Won,60600.0,2023-09-26,2023-11-06,1,0.209,2023-09-26,2023-09-28,2023-10-19,2023-11-02,2023-11-06
OPP-00673,LEAD-003650,ACC-01068,linkedin_ads,Closed Lost,117300.0,2023-09-18,2023-10-26,0,0.282,2023-09-18,2023-09-26,2023-09-30,2023-10-09,2023-10-26
OPP-00674,LEAD-003651,ACC-00170,organic_search,Closed Lost,28000.0,2023-09-26,2023-11-03,0,0.29,2023-09-26,2023-10-18,2023-10-29,2023-10-30,2023-11-03
OPP-00675,LEAD-003662,ACC-01770,direct,Closed Lost,96800.0,2023-09-18,2023-10-24,0,0.329,2023-09-18,2023-09-21,2023-10-11,2023-10-21,2023-10-24
OPP-00676,LEAD-003663,ACC-01014,paid_search,Closed Lost,29100.0,2023-09-29,2023-11-17,0,0.251,2023-09-29,2023-10-08,2023-10-10,2023-10-11,2023-11-17
OPP-00677,LEAD-003670,ACC-00094,paid_search,Closed Lost,127800.0,2023-09-24,2023-10-30,0,0.293,2023-09-24,2023-09-26,2023-09-28,2023-10-02,2023-10-30
OPP-00678,LEAD-003673,ACC-01143,direct,Closed Lost,92100.0,2023-09-18,2023-10-25,0,0.286,2023-09-18,2023-09-18,2023-10-05,2023-10-06,2023-10-25
OPP-00679,LEAD-003691,ACC-00450,direct,Closed Won,158200.0,2023-09-24,2023-10-22,1,0.4,2023-09-24,2023-09-28,2023-10-10,2023-10-16,2023-10-22
OPP-00680,LEAD-003696,ACC-00817,organic_search,Closed Lost,71100.0,2023-09-18,2023-11-09,0,0.264,2023-09-18,2023-09-28,2023-10-07,2023-10-09,2023-11-09
OPP-00681,LEAD-003698,ACC-00258,paid_search,Closed Won,79100.0,2023-10-02,2023-11-02,1,0.219,2023-10-02,2023-10-03,2023-10-07,2023-10-16,2023-11-02
OPP-00682,LEAD-003713,ACC-01955,direct,Closed Lost,85600.0,2023-09-24,2023-11-12,0,0.358,2023-09-24,2023-10-13,2023-10-15,2023-10-20,2023-11-12
OPP-00683,LEAD-003716,ACC-00202,paid_search,Closed Won,27800.0,2023-09-24,2023-11-14,1,0.178,2023-09-24,2023-10-25,2023-11-04,2023-11-07,2023-11-14
OPP-00684,LEAD-003720,ACC-00217,paid_search,Closed Lost,25200.0,2023-10-02,2023-11-15,0,0.23,2023-10-02,2023-10-12,2023-11-06,2023-11-11,2023-11-15
OPP-00685,LEAD-003727,ACC-01455,paid_search,Closed Lost,80300.0,2023-10-07,2023-12-04,0,0.24,2023-10-07,2023-11-14,2023-11-21,2023-11-28,2023-12-04
OPP-00686,LEAD-003740,ACC-00220,organic_search,Closed Lost,42100.0,2023-10-06,2023-11-19,0,0.317,2023-10-06,2023-10-27,2023-11-03,2023-11-13,2023-11-19
OPP-00687,LEAD-003742,ACC-01485,direct,Closed Lost,113500.0,2023-10-03,2023-11-06,0,0.286,2023-10-03,2023-10-12,2023-10-25,2023-11-01,2023-11-06
OPP-00688,LEAD-003752,ACC-00933,organic_search,Closed Won,140000.0,2023-09-23,2023-11-18,1,0.304,2023-09-23,2023-10-03,2023-10-08,2023-11-06,2023-11-18
OPP-00689,LEAD-003755,ACC-01135,linkedin_ads,Closed Lost,112600.0,2023-10-09,2023-11-29,0,0.327,2023-10-09,2023-10-09,2023-10-10,2023-10-21,2023-11-29
OPP-00690,LEAD-003757,ACC-00956,paid_search,Closed Won,66900.0,2023-09-22,2023-11-13,1,0.209,2023-09-22,2023-09-23,2023-09-26,2023-11-04,2023-11-13
OPP-00691,LEAD-003759,ACC-01829,organic_search,Closed Lost,131100.0,2023-09-30,2023-12-03,0,0.317,2023-09-30,2023-11-13,2023-11-16,2023-11-19,2023-12-03
OPP-00692,LEAD-003762,ACC-01688,meta_ads,Closed Lost,87900.0,2023-09-25,2023-11-05,0,0.132,2023-09-25,2023-10-19,2023-10-30,2023-10-31,2023-11-05
OPP-00693,LEAD-003765,ACC-01446,paid_search,Closed Lost,62500.0,2023-09-23,2023-11-07,0,0.209,2023-09-23,2023-09-24,2023-09-30,2023-10-29,2023-11-07
OPP-00694,LEAD-003766,ACC-00766,webinar_evento,Closed Lost,120900.0,2023-09-27,2024-01-16,0,0.355,2023-09-27,2023-11-15,2023-12-15,2024-01-01,2024-01-16
OPP-00695,LEAD-003772,ACC-01024,webinar_evento,Closed Won,222200.0,2023-10-06,2024-01-12,1,0.449,2023-10-06,2023-11-22,2023-11-25,2023-11-29,2024-01-12
OPP-00696,LEAD-003774,ACC-01765,organic_search,Closed Lost,29400.0,2023-09-24,2023-12-01,0,0.264,2023-09-24,2023-10-28,2023-11-01,2023-11-20,2023-12-01
OPP-00697,LEAD-003785,ACC-01336,paid_search,Closed Won,58800.0,2023-10-07,2023-11-11,1,0.261,2023-10-07,2023-10-09,2023-10-23,2023-10-28,2023-11-11
OPP-00698,LEAD-003806,ACC-01781,paid_search,Closed Won,131400.0,2023-09-28,2023-11-28,1,0.24,2023-09-28,2023-10-13,2023-11-22,2023-11-25,2023-11-28
OPP-00699,LEAD-003808,ACC-00960,paid_search,Closed Lost,31300.0,2023-10-07,2023-11-21,0,0.251,2023-10-07,2023-10-08,2023-10-24,2023-11-07,2023-11-21
OPP-00700,LEAD-003811,ACC-00381,direct,Closed Won,164800.0,2023-09-28,2023-10-21,1,0.286,2023-09-28,2023-10-05,2023-10-09,2023-10-13,2023-10-21
OPP-00701,LEAD-003817,ACC-01225,linkedin_ads,Closed Won,46800.0,2023-10-04,2023-12-05,1,0.356,2023-10-04,2023-10-19,2023-10-27,2023-11-27,2023-12-05
OPP-00702,LEAD-003822,ACC-00543,webinar_evento,Closed Lost,119500.0,2023-10-06,2023-11-22,0,0.43,2023-10-06,2023-10-11,2023-10-31,2023-11-06,2023-11-22
OPP-00703,LEAD-003833,ACC-01299,paid_search,Closed Lost,129000.0,2023-10-06,2023-11-17,0,0.24,2023-10-06,2023-10-09,2023-10-10,2023-11-06,2023-11-17
OPP-00704,LEAD-003850,ACC-01282,organic_search,Closed Lost,74100.0,2023-09-29,2023-11-28,0,0.277,2023-09-29,2023-10-21,2023-11-07,2023-11-23,2023-11-28
OPP-00705,LEAD-003862,ACC-01916,webinar_evento,Closed Won,53100.0,2023-10-15,2023-11-28,1,0.355,2023-10-15,2023-10-26,2023-11-19,2023-11-20,2023-11-28
OPP-00706,LEAD-003866,ACC-01814,paid_search,Closed Lost,73600.0,2023-10-06,2023-11-17,0,0.209,2023-10-06,2023-10-07,2023-10-15,2023-10-18,2023-11-17
OPP-00707,LEAD-003879,ACC-00974,paid_search,Closed Lost,73600.0,2023-09-29,2023-11-15,0,0.209,2023-09-29,2023-10-04,2023-10-28,2023-11-06,2023-11-15
OPP-00708,LEAD-003890,ACC-01925,organic_search,Closed Lost,69800.0,2023-10-07,2023-11-29,0,0.33,2023-10-07,2023-10-24,2023-11-20,2023-11-23,2023-11-29
OPP-00709,LEAD-003895,ACC-01877,direct,Closed Won,41500.0,2023-10-16,2023-12-05,1,0.343,2023-10-16,2023-11-07,2023-11-19,2023-11-25,2023-12-05
OPP-00710,LEAD-003898,ACC-01769,organic_search,Closed Lost,37200.0,2023-10-02,2023-12-11,0,0.29,2023-10-02,2023-10-28,2023-10-28,2023-11-23,2023-12-11
OPP-00711,LEAD-003901,ACC-00143,organic_search,Closed Lost,27800.0,2023-10-02,2023-12-12,0,0.264,2023-10-02,2023-10-12,2023-10-24,2023-11-13,2023-12-12
OPP-00712,LEAD-003913,ACC-00541,webinar_evento,Closed Won,99800.0,2023-10-02,2023-12-25,1,0.374,,,,,
OPP-00713,LEAD-003921,ACC-00431,organic_search,Closed Lost,68000.0,2023-10-14,2023-12-09,0,0.277,2023-10-14,2023-10-22,2023-11-12,2023-11-25,2023-12-09
OPP-00714,LEAD-003925,ACC-01732,meta_ads,Closed Lost,27600.0,2023-10-02,2023-11-03,0,0.158,2023-10-02,2023-10-02,2023-10-10,2023-10-29,2023-11-03
OPP-00715,LEAD-003929,ACC-01097,webinar_evento,Closed Lost,231800.0,2023-10-16,2023-12-29,0,0.411,2023-10-16,2023-11-02,2023-12-06,2023-12-12,2023-12-29
OPP-00716,LEAD-003944,ACC-00629,webinar_evento,Closed Lost,44700.0,2023-10-06,2023-12-30,0,0.337,2023-10-06,2023-10-23,2023-11-11,2023-11-24,2023-12-30
OPP-00717,LEAD-003949,ACC-01320,paid_search,Closed Lost,69700.0,2023-10-13,2023-11-26,0,0.209,2023-10-13,2023-11-03,2023-11-07,2023-11-24,2023-11-26
OPP-00718,LEAD-003966,ACC-01810,paid_search,Closed Won,32700.0,2023-10-12,2023-11-21,1,0.178,2023-10-12,2023-10-20,2023-10-31,2023-11-14,2023-11-21
OPP-00719,LEAD-003971,ACC-01316,linkedin_ads,Closed Won,85300.0,2023-10-04,2023-11-30,1,0.371,2023-10-04,2023-10-05,2023-10-17,2023-10-19,2023-11-30
OPP-00720,LEAD-003974,ACC-01316,paid_search,Closed Lost,66300.0,2023-10-08,2023-11-22,0,0.261,2023-10-08,2023-10-19,2023-11-02,2023-11-03,2023-11-22
OPP-00721,LEAD-003979,ACC-01794,linkedin_ads,Closed Lost,44500.0,2023-10-12,2023-11-26,0,0.252,2023-10-12,2023-10-15,2023-11-02,2023-11-09,2023-11-26
OPP-00722,LEAD-003981,ACC-01362,paid_search,Closed Lost,65500.0,2023-10-20,2023-12-15,0,0.219,2023-10-20,2023-11-11,2023-11-20,2023-11-23,2023-12-15
OPP-00723,LEAD-003990,ACC-00667,paid_search,Closed Lost,26400.0,2023-10-12,2023-12-03,0,0.167,2023-10-12,2023-10-17,2023-11-04,2023-11-14,2023-12-03
OPP-00724,LEAD-003996,ACC-00969,linkedin_ads,Closed Lost,199000.0,2023-10-23,2024-01-13,0,0.401,2023-10-23,2023-11-10,2023-11-10,2023-11-13,2024-01-13
OPP-00725,LEAD-004003,ACC-01886,direct,Closed Lost,37200.0,2023-10-08,2023-11-21,0,0.315,2023-10-08,2023-10-13,2023-10-13,2023-11-13,2023-11-21
OPP-00726,LEAD-004006,ACC-01305,paid_search,Closed Lost,28600.0,2023-10-17,2023-11-29,0,0.199,2023-10-17,2023-10-27,2023-10-27,2023-11-20,2023-11-29
OPP-00727,LEAD-004010,ACC-00820,organic_search,Closed Lost,33300.0,2023-10-20,2023-11-20,0,0.29,2023-10-20,2023-10-30,2023-11-03,2023-11-14,2023-11-20
OPP-00728,LEAD-004012,ACC-01209,paid_search,Closed Lost,62800.0,2023-10-19,2023-11-16,0,0.219,2023-10-19,2023-10-26,2023-10-26,2023-11-01,2023-11-16
OPP-00729,LEAD-004013,ACC-00548,webinar_evento,Closed Won,189100.0,2023-10-09,2023-12-31,1,0.374,2023-10-09,2023-10-30,2023-12-07,2023-12-07,2023-12-31
OPP-00730,LEAD-004019,ACC-00941,linkedin_ads,Closed Lost,64200.0,2023-10-08,2023-12-27,0,0.327,2023-10-08,2023-10-11,2023-10-12,2023-12-02,2023-12-27
OPP-00731,LEAD-004020,ACC-00972,direct,Closed Lost,38700.0,2023-10-10,2023-12-01,0,0.257,2023-10-10,2023-10-11,2023-10-25,2023-11-16,2023-12-01
OPP-00732,LEAD-004036,ACC-00166,email_marketing,Closed Won,144600.0,2023-10-17,2023-11-30,1,0.312,2023-10-17,2023-10-19,2023-10-29,2023-11-05,2023-11-30
OPP-00733,LEAD-004053,ACC-00259,paid_search,Closed Lost,101500.0,2023-10-15,2023-11-27,0,0.209,2023-10-15,2023-10-25,2023-10-31,2023-11-22,2023-11-27
OPP-00734,LEAD-004062,ACC-01246,linkedin_ads,Closed Lost,57700.0,2023-10-14,2023-12-31,0,0.267,2023-10-14,2023-10-26,2023-11-17,2023-11-26,2023-12-31
OPP-00735,LEAD-004069,ACC-00869,paid_search,Closed Lost,26100.0,2023-10-23,2023-11-19,0,0.188,2023-10-23,2023-10-25,2023-11-04,2023-11-06,2023-11-19
OPP-00736,LEAD-004076,ACC-00245,paid_search,Closed Lost,66900.0,2023-10-11,2023-11-15,0,0.24,2023-10-11,2023-10-25,2023-11-06,2023-11-06,2023-11-15
OPP-00737,LEAD-004080,ACC-01357,linkedin_ads,Closed Won,40000.0,2023-10-09,2023-12-29,1,0.267,2023-10-09,2023-10-20,2023-11-17,2023-11-29,2023-12-29
OPP-00738,LEAD-004083,ACC-00452,email_marketing,Closed Won,145700.0,2023-10-15,2023-12-03,1,0.277,2023-10-15,2023-10-26,2023-10-26,2023-10-31,2023-12-03
OPP-00739,LEAD-004091,ACC-01985,webinar_evento,Closed Lost,102600.0,2023-10-24,2023-12-21,0,0.43,2023-10-24,2023-10-30,2023-11-08,2023-11-16,2023-12-21
OPP-00740,LEAD-004092,ACC-01177,direct,Closed Lost,37700.0,2023-10-24,2023-12-11,0,0.257,2023-10-24,2023-11-09,2023-11-09,2023-11-21,2023-12-11
OPP-00741,LEAD-004103,ACC-00950,organic_search,Closed Won,134700.0,2023-10-26,2023-12-25,1,0.37,2023-10-26,2023-11-24,2023-12-18,2023-12-22,2023-12-25
OPP-00742,LEAD-004106,ACC-00798,organic_search,Closed Won,35100.0,2023-10-25,2024-01-04,1,0.317,2023-10-25,2023-10-25,2023-11-01,2023-11-22,2024-01-04
OPP-00743,LEAD-004107,ACC-01080,linkedin_ads,Closed Lost,170000.0,2023-10-19,2023-12-25,0,0.327,2023-10-19,2023-11-16,2023-12-12,2023-12-21,2023-12-25
OPP-00744,LEAD-004113,ACC-01860,paid_search,Closed Lost,53100.0,2023-10-25,2023-11-22,0,0.199,2023-10-25,2023-11-07,2023-11-10,2023-11-18,2023-11-22
OPP-00745,LEAD-004120,ACC-01095,paid_search,Closed Lost,64500.0,2023-10-14,2023-11-26,0,0.219,2023-10-14,2023-11-09,2023-11-21,2023-11-22,2023-11-26
OPP-00746,LEAD-004124,ACC-00205,webinar_evento,Closed Won,92700.0,2023-10-15,2024-02-07,1,0.43,2023-10-15,2023-12-02,2023-12-04,2024-01-28,2024-02-07
OPP-00747,LEAD-004132,ACC-01960,linkedin_ads,Closed Won,234500.0,2023-10-25,2024-01-20,1,0.416,2023-10-25,2023-11-19,2024-01-08,2024-01-14,2024-01-20
OPP-00748,LEAD-004133,ACC-01662,direct,Closed Lost,171900.0,2023-10-30,2023-12-08,0,0.315,2023-10-30,2023-11-01,2023-11-20,2023-11-25,2023-12-08
OPP-00749,LEAD-004144,ACC-00842,paid_search,Closed Lost,68400.0,2023-10-16,2023-11-19,0,0.209,2023-10-16,2023-10-31,2023-11-10,2023-11-11,2023-11-19
OPP-00750,LEAD-004149,ACC-00928,webinar_evento,Closed Lost,44100.0,2023-10-31,2024-01-20,0,0.411,2023-10-31,2023-11-07,2023-11-23,2023-12-21,2024-01-20
OPP-00751,LEAD-004150,ACC-00535,direct,Closed Lost,87800.0,2023-10-21,2023-11-16,0,0.286,2023-10-21,2023-10-24,2023-11-01,2023-11-02,2023-11-16
OPP-00752,LEAD-004153,ACC-01353,paid_search,Closed Lost,78800.0,2023-10-14,2023-11-14,0,0.24,2023-10-14,2023-10-25,2023-10-25,2023-11-06,2023-11-14
OPP-00753,LEAD-004173,ACC-01165,paid_search,Closed Lost,72900.0,2023-10-30,2023-12-08,0,0.209,2023-10-30,2023-11-03,2023-11-05,2023-11-22,2023-12-08
OPP-00754,LEAD-004182,ACC-00767,organic_search,Closed Won,118700.0,2023-10-22,2023-12-09,1,0.356,2023-10-22,2023-11-02,2023-11-19,2023-11-20,2023-12-09
OPP-00755,LEAD-004189,ACC-01109,linkedin_ads,Closed Lost,191900.0,2023-10-17,2024-01-04,0,0.252,2023-10-17,2023-10-18,2023-12-27,2024-01-01,2024-01-04
OPP-00756,LEAD-004193,ACC-01180,direct,Closed Lost,85100.0,2023-11-02,2023-12-13,0,0.286,2023-11-02,2023-11-13,2023-11-24,2023-12-04,2023-12-13
OPP-00757,LEAD-004197,ACC-00128,direct,Closed Lost,31300.0,2023-10-28,2023-11-17,0,0.243,2023-10-28,2023-10-29,2023-10-30,2023-11-12,2023-11-17
OPP-00758,LEAD-004206,ACC-00566,webinar_evento,Closed Won,84500.0,2023-10-19,2023-12-26,1,0.43,2023-10-19,2023-10-25,2023-11-05,2023-12-17,2023-12-26
OPP-00759,LEAD-004211,ACC-00093,paid_search,Closed Lost,68300.0,2023-11-03,2023-12-11,0,0.209,2023-11-03,2023-11-27,2023-11-28,2023-12-09,2023-12-11
OPP-00760,LEAD-004214,ACC-00898,direct,Closed Lost,44400.0,2023-11-03,2023-12-15,0,0.343,2023-11-03,2023-11-11,2023-11-26,2023-12-13,2023-12-15
OPP-00761,LEAD-004224,ACC-01605,linkedin_ads,Closed Lost,115500.0,2023-10-27,2024-01-18,0,0.297,2023-10-27,2023-11-11,2023-11-18,2023-11-19,2024-01-18
OPP-00762,LEAD-004231,ACC-01198,paid_search,Closed Lost,78500.0,2023-10-27,2023-12-11,0,0.24,2023-10-27,2023-10-31,2023-11-11,2023-11-27,2023-12-11
OPP-00763,LEAD-004236,ACC-00022,paid_search,Closed Won,67200.0,2023-10-24,2023-12-12,1,0.209,2023-10-24,2023-11-04,2023-11-20,2023-12-05,2023-12-12
OPP-00764,LEAD-004254,ACC-00021,paid_search,Closed Lost,119800.0,2023-10-23,2023-12-04,0,0.178,2023-10-23,2023-10-28,2023-11-01,2023-11-30,2023-12-04
OPP-00765,LEAD-004255,ACC-00830,linkedin_ads,Closed Lost,99000.0,2023-10-26,2024-01-24,0,0.282,2023-10-26,2023-10-26,2023-11-02,2023-12-02,2024-01-24
OPP-00766,LEAD-004260,ACC-00729,paid_search,Closed Lost,31400.0,2023-11-03,2023-12-12,0,0.251,2023-11-03,2023-11-10,2023-11-25,2023-12-06,2023-12-12
OPP-00767,LEAD-004266,ACC-00355,organic_search,Closed Lost,94400.0,2023-10-30,2023-12-23,0,0.33,2023-10-30,2023-11-18,2023-11-20,2023-11-20,2023-12-23
OPP-00768,LEAD-004267,ACC-01934,email_marketing,Closed Lost,33100.0,2023-10-22,2023-12-18,0,0.254,2023-10-22,2023-10-28,2023-11-21,2023-12-14,2023-12-18
OPP-00769,LEAD-004273,ACC-01871,linkedin_ads,Closed Lost,84200.0,2023-11-02,2024-01-17,0,0.297,2023-11-02,2023-12-17,2023-12-21,2024-01-14,2024-01-17
OPP-00770,LEAD-004274,ACC-00688,webinar_evento,Closed Won,100100.0,2023-11-04,2023-12-31,1,0.374,2023-11-04,2023-11-10,2023-11-27,2023-12-21,2023-12-31
OPP-00771,LEAD-004280,ACC-00673,linkedin_ads,Closed Lost,48600.0,2023-11-04,2024-01-23,0,0.327,2023-11-04,2023-11-23,2023-12-08,2023-12-13,2024-01-23
OPP-00772,LEAD-004283,ACC-00936,paid_search,Closed Lost,101700.0,2023-11-01,2023-12-24,0,0.178,2023-11-01,2023-11-13,2023-11-22,2023-12-14,2023-12-24
OPP-00773,LEAD-004284,ACC-01109,paid_search,Closed Lost,124200.0,2023-10-25,2023-11-18,0,0.178,2023-10-25,2023-11-04,2023-11-07,2023-11-11,2023-11-18
OPP-00774,LEAD-004288,ACC-01941,organic_search,Closed Lost,28800.0,2023-10-31,2023-12-11,0,0.224,2023-10-31,2023-11-10,2023-11-13,2023-11-18,2023-12-11
OPP-00775,LEAD-004289,ACC-01797,webinar_evento,Closed Won,58200.0,2023-10-24,2024-01-10,1,0.411,2023-10-24,2023-10-25,2023-10-30,2023-12-26,2024-01-10
OPP-00776,LEAD-004295,ACC-01541,organic_search,Closed Lost,73300.0,2023-10-28,2024-01-14,0,0.33,2023-10-28,2023-11-18,2023-11-26,2023-12-30,2024-01-14
OPP-00777,LEAD-004296,ACC-01221,organic_search,Closed Lost,76400.0,2023-11-09,2024-01-06,0,0.304,2023-11-09,2023-11-10,2023-11-12,2023-11-19,2024-01-06
OPP-00778,LEAD-004301,ACC-00326,webinar_evento,Closed Lost,51500.0,2023-11-10,2024-01-27,0,0.318,2023-11-10,2023-11-20,2024-01-20,2024-01-25,2024-01-27
OPP-00779,LEAD-004304,ACC-01354,paid_search,Closed Won,74600.0,2023-11-02,2023-11-27,1,0.219,2023-11-02,2023-11-19,2023-11-21,2023-11-22,2023-11-27
OPP-00780,LEAD-004305,ACC-01663,webinar_evento,Closed Lost,94200.0,2023-10-28,2023-12-01,0,0.374,2023-10-28,2023-11-01,2023-11-24,2023-11-25,2023-12-01
OPP-00781,LEAD-004309,ACC-00416,paid_search,Closed Lost,123900.0,2023-10-30,2023-12-04,0,0.23,2023-10-30,2023-11-03,2023-11-06,2023-11-30,2023-12-04
OPP-00782,LEAD-004314,ACC-01984,paid_search,Closed Lost,50000.0,2023-11-04,2023-12-16,0,0.261,2023-11-04,2023-11-06,2023-11-10,2023-11-25,2023-12-16
OPP-00783,LEAD-004319,ACC-00539,webinar_evento,Closed Won,52200.0,2023-11-05,2024-01-11,1,0.337,2023-11-05,2023-11-15,2023-12-03,2023-12-15,2024-01-11
OPP-00784,LEAD-004325,ACC-00432,paid_search,Closed Lost,69700.0,2023-10-27,2023-11-19,0,0.209,2023-10-27,2023-11-06,2023-11-10,2023-11-11,2023-11-19
OPP-00785,LEAD-004329,ACC-01035,direct,Closed Lost,40300.0,2023-11-03,2023-12-11,0,0.343,2023-11-03,2023-11-04,2023-11-15,2023-12-05,2023-12-11
OPP-00786,LEAD-004331,ACC-00894,organic_search,Closed Lost,77100.0,2023-11-12,2024-01-02,0,0.33,2023-11-12,2023-11-16,2023-12-24,2023-12-31,2024-01-02
OPP-00787,LEAD-004334,ACC-01636,organic_search,Closed Lost,88300.0,2023-11-03,2023-12-12,0,0.29,2023-11-03,2023-11-04,2023-11-25,2023-11-27,2023-12-12
OPP-00788,LEAD-004350,ACC-00421,direct,Closed Lost,37900.0,2023-11-04,2023-11-21,0,0.315,2023-11-04,2023-11-13,2023-11-14,2023-11-15,2023-11-21
OPP-00789,LEAD-004356,ACC-00688,organic_search,Closed Lost,80900.0,2023-11-11,2024-01-21,0,0.264,2023-11-11,2023-11-11,2023-12-03,2024-01-07,2024-01-21
OPP-00790,LEAD-004367,ACC-00860,linkedin_ads,Closed Lost,200800.0,2023-11-06,2023-12-28,0,0.416,2023-11-06,2023-12-02,2023-12-16,2023-12-18,2023-12-28
OPP-00791,LEAD-004373,ACC-00822,organic_search,Closed Lost,78400.0,2023-11-06,2023-12-29,0,0.277,2023-11-06,2023-11-19,2023-12-01,2023-12-19,2023-12-29
OPP-00792,LEAD-004374,ACC-00495,organic_search,Closed Lost,74900.0,2023-11-07,2023-12-27,0,0.33,2023-11-07,2023-12-02,2023-12-05,2023-12-25,2023-12-27
OPP-00793,LEAD-004376,ACC-01099,organic_search,Closed Lost,63700.0,2023-11-12,2024-01-16,0,0.304,2023-11-12,2023-12-10,2023-12-27,2024-01-05,2024-01-16
OPP-00794,LEAD-004393,ACC-00925,linkedin_ads,Closed Lost,166500.0,2023-11-01,2023-12-23,0,0.356,2023-11-01,2023-11-08,2023-12-05,2023-12-16,2023-12-23
OPP-00795,LEAD-004394,ACC-00713,paid_search,Closed Lost,24000.0,2023-11-15,2023-12-26,0,0.23,2023-11-15,2023-11-26,2023-12-14,2023-12-24,2023-12-26
OPP-00796,LEAD-004397,ACC-00603,paid_search,Closed Lost,29000.0,2023-11-07,2023-12-22,0,0.251,2023-11-07,2023-11-18,2023-11-26,2023-12-01,2023-12-22
OPP-00797,LEAD-004398,ACC-01189,organic_search,Closed Lost,31000.0,2023-11-04,2024-01-14,0,0.29,2023-11-04,2023-11-17,2023-11-24,2024-01-01,2024-01-14
OPP-00798,LEAD-004403,ACC-01825,webinar_evento,Closed Lost,101900.0,2023-11-05,2024-01-16,0,0.43,2023-11-05,2023-11-12,2023-11-24,2023-12-02,2024-01-16
OPP-00799,LEAD-004406,ACC-00699,paid_search,Closed Lost,31900.0,2023-11-03,2023-12-13,0,0.199,2023-11-03,2023-11-07,2023-12-10,2023-12-11,2023-12-13
OPP-00800,LEAD-004411,ACC-01802,paid_search,Closed Won,71900.0,2023-11-11,2023-12-23,1,0.209,2023-11-11,2023-11-23,2023-11-27,2023-12-19,2023-12-23
OPP-00801,LEAD-004412,ACC-00293,webinar_evento,Closed Lost,45800.0,2023-11-02,2024-01-25,0,0.411,2023-11-02,2023-11-24,2023-12-13,2023-12-19,2024-01-25
OPP-00802,LEAD-004415,ACC-01220,webinar_evento,Closed Lost,69600.0,2023-11-05,2023-12-10,0,0.355,2023-11-05,2023-11-08,2023-11-18,2023-11-26,2023-12-10
OPP-00803,LEAD-004416,ACC-01938,direct,Closed Lost,94700.0,2023-11-08,2023-12-19,0,0.272,2023-11-08,2023-11-09,2023-12-05,2023-12-07,2023-12-19
OPP-00804,LEAD-004418,ACC-00008,paid_search,Closed Lost,24000.0,2023-11-15,2023-12-30,0,0.251,2023-11-15,2023-12-25,2023-12-28,2023-12-28,2023-12-30
OPP-00805,LEAD-004419,ACC-00207,email_marketing,Closed Lost,35600.0,2023-11-16,2023-12-19,0,0.277,2023-11-16,2023-12-12,2023-12-12,2023-12-14,2023-12-19
OPP-00806,LEAD-004424,ACC-00816,direct,Closed Lost,39800.0,2023-11-06,2023-12-07,0,0.343,2023-11-06,2023-11-13,2023-11-23,2023-11-23,2023-12-07
OPP-00807,LEAD-004425,ACC-01683,direct,Closed Lost,43300.0,2023-11-09,2023-12-18,0,0.286,2023-11-09,2023-11-15,2023-12-01,2023-12-01,2023-12-18
OPP-00808,LEAD-004427,ACC-01538,paid_search,Closed Lost,20800.0,2023-11-12,2023-12-28,0,0.251,2023-11-12,2023-11-22,2023-11-27,2023-12-26,2023-12-28
OPP-00809,LEAD-004430,ACC-01509,linkedin_ads,Closed Lost,83200.0,2023-11-07,2024-01-14,0,0.312,2023-11-07,2023-11-14,2023-12-22,2023-12-30,2024-01-14
OPP-00810,LEAD-004433,ACC-00129,direct,Closed Lost,83100.0,2023-11-05,2023-12-21,0,0.329,2023-11-05,2023-11-08,2023-12-06,2023-12-13,2023-12-21
OPP-00811,LEAD-004437,ACC-01935,meta_ads,Closed Lost,61100.0,2023-11-18,2023-12-22,0,0.125,2023-11-18,2023-11-22,2023-11-25,2023-12-19,2023-12-22
OPP-00812,LEAD-004443,ACC-00916,linkedin_ads,Closed Lost,121900.0,2023-11-14,2024-01-30,0,0.342,2023-11-14,2023-11-16,2023-11-17,2024-01-28,2024-01-30
OPP-00813,LEAD-004444,ACC-01746,paid_search,Closed Lost,67800.0,2023-11-03,2023-12-15,0,0.209,2023-11-03,2023-11-04,2023-11-06,2023-11-18,2023-12-15
OPP-00814,LEAD-004448,ACC-01399,organic_search,Closed Lost,91400.0,2023-11-12,2024-01-16,0,0.29,2023-11-12,2023-11-30,2023-12-30,2024-01-07,2024-01-16
OPP-00815,LEAD-004451,ACC-01064,organic_search,Closed Won,87100.0,2023-11-11,2024-01-10,1,0.33,2023-11-11,2023-11-12,2023-11-24,2023-12-17,2024-01-10
OPP-00816,LEAD-004453,ACC-01548,organic_search,Closed Lost,27700.0,2023-11-03,2023-12-22,0,0.29,2023-11-03,2023-11-07,2023-12-02,2023-12-19,2023-12-22
OPP-00817,LEAD-004464,ACC-00969,webinar_evento,Closed Won,228400.0,2023-11-18,2024-02-02,1,0.505,2023-11-18,2023-12-03,2024-01-22,2024-01-28,2024-02-02
OPP-00818,LEAD-004479,ACC-00288,webinar_evento,Closed Won,42600.0,2023-11-19,2024-02-16,1,0.299,2023-11-19,2023-12-10,2024-01-26,2024-02-08,2024-02-16
OPP-00819,LEAD-004480,ACC-00061,direct,Closed Won,38100.0,2023-11-06,2023-12-16,1,0.243,2023-11-06,2023-11-13,2023-11-27,2023-12-04,2023-12-16
OPP-00820,LEAD-004482,ACC-00846,paid_search,Closed Lost,106400.0,2023-11-11,2024-01-03,0,0.23,2023-11-11,2023-12-06,2023-12-07,2023-12-13,2024-01-03
OPP-00821,LEAD-004491,ACC-01555,meta_ads,Closed Lost,110100.0,2023-11-09,2023-12-27,0,0.185,2023-11-09,2023-11-14,2023-11-15,2023-12-09,2023-12-27
OPP-00822,LEAD-004494,ACC-00777,webinar_evento,Closed Lost,238000.0,2023-11-07,2024-01-03,0,0.411,2023-11-07,2023-11-07,2023-11-07,2023-12-10,2024-01-03
OPP-00823,LEAD-004495,ACC-00040,paid_search,Closed Lost,81300.0,2023-11-20,2024-01-04,0,0.24,2023-11-20,2023-11-24,2023-12-18,2023-12-22,2024-01-04
OPP-00824,LEAD-004505,ACC-01015,paid_search,Closed Won,26100.0,2023-11-10,2023-12-26,1,0.188,2023-11-10,2023-12-12,2023-12-17,2023-12-20,2023-12-26
OPP-00825,LEAD-004507,ACC-00449,webinar_evento,Closed Lost,112900.0,2023-11-19,2024-01-23,0,0.374,2023-11-19,2023-12-17,2023-12-30,2024-01-05,2024-01-23
OPP-00826,LEAD-004511,ACC-00220,meta_ads,Closed Won,22000.0,2023-11-18,2023-12-10,1,0.158,2023-11-18,2023-11-22,2023-11-24,2023-12-07,2023-12-10
OPP-00827,LEAD-004522,ACC-00863,organic_search,Closed Lost,59500.0,2023-11-15,2024-01-04,0,0.251,2023-11-15,2023-11-19,2023-12-15,2023-12-29,2024-01-04
OPP-00828,LEAD-004525,ACC-01110,organic_search,Closed Won,94800.0,2023-11-18,2024-01-25,1,0.277,2023-11-18,2023-12-15,2023-12-16,2023-12-28,2024-01-25
OPP-00829,LEAD-004527,ACC-01763,webinar_evento,Closed Lost,92500.0,2023-11-19,2024-02-08,0,0.374,2023-11-19,2023-11-29,2023-12-31,2024-01-10,2024-02-08
OPP-00830,LEAD-004530,ACC-01759,email_marketing,Closed Lost,33500.0,2023-11-23,2024-01-12,0,0.254,2023-11-23,2024-01-03,2024-01-08,2024-01-09,2024-01-12
OPP-00831,LEAD-004532,ACC-00328,organic_search,Closed Won,35400.0,2023-11-11,2024-01-16,1,0.317,2023-11-11,2023-12-15,2023-12-24,2023-12-26,2024-01-16
OPP-00832,LEAD-004541,ACC-00116,paid_search,Closed Won,87900.0,2023-11-22,2024-01-04,1,0.261,2023-11-22,2023-12-05,2023-12-16,2023-12-28,2024-01-04
OPP-00833,LEAD-004542,ACC-01087,organic_search,Closed Lost,32600.0,2023-11-25,2024-01-16,0,0.264,2023-11-25,2023-12-24,2023-12-27,2024-01-01,2024-01-16
OPP-00834,LEAD-004548,ACC-00230,organic_search,Closed Won,28600.0,2023-11-18,2024-01-27,1,0.264,2023-11-18,2023-12-11,2024-01-04,2024-01-12,2024-01-27
OPP-00835,LEAD-004557,ACC-00634,organic_search,Closed Lost,80600.0,2023-11-18,2024-01-15,0,0.304,2023-11-18,2023-12-20,2023-12-31,2024-01-12,2024-01-15
OPP-00836,LEAD-004561,ACC-01254,webinar_evento,Closed Lost,44000.0,2023-11-25,2024-02-11,0,0.318,2023-11-25,2023-12-06,2024-01-18,2024-01-29,2024-02-11
OPP-00837,LEAD-004569,ACC-01736,organic_search,Closed Won,34000.0,2023-11-27,2024-01-05,1,0.264,2023-11-27,2023-11-29,2023-12-11,2023-12-19,2024-01-05
OPP-00838,LEAD-004571,ACC-00527,organic_search,Closed Lost,143900.0,2023-11-20,2023-12-22,0,0.304,2023-11-20,2023-11-23,2023-12-02,2023-12-10,2023-12-22
OPP-00839,LEAD-004575,ACC-01987,webinar_evento,Closed Lost,116600.0,2023-11-21,2024-01-25,0,0.374,2023-11-21,2023-11-30,2023-12-01,2024-01-11,2024-01-25
OPP-00840,LEAD-004578,ACC-00226,paid_search,Closed Won,63800.0,2023-11-22,2024-01-16,1,0.24,,,,,
OPP-00841,LEAD-004592,ACC-00887,organic_search,Closed Lost,32600.0,2023-11-15,2023-12-23,0,0.29,2023-11-15,2023-11-22,2023-12-02,2023-12-20,2023-12-23
OPP-00842,LEAD-004593,ACC-00860,direct,Closed Lost,166100.0,2023-11-18,2024-01-05,0,0.4,2023-11-18,2023-11-20,2023-11-20,2023-11-20,2024-01-05
OPP-00843,LEAD-004594,ACC-01137,linkedin_ads,Closed Lost,77100.0,2023-11-12,2024-01-13,0,0.297,2023-11-12,2023-12-06,2023-12-17,2023-12-21,2024-01-13
OPP-00844,LEAD-004596,ACC-00550,webinar_evento,Closed Won,127000.0,2023-11-25,2024-03-03,1,0.43,2023-11-25,2023-12-12,2024-01-06,2024-02-25,2024-03-03
OPP-00845,LEAD-004598,ACC-01506,webinar_evento,Closed Won,124300.0,2023-11-18,2024-02-02,1,0.43,2023-11-18,2023-12-15,2024-01-20,2024-01-27,2024-02-02
OPP-00846,LEAD-004599,ACC-00849,paid_search,Closed Won,25200.0,2023-11-20,2024-01-13,1,0.209,2023-11-20,2023-12-12,2023-12-16,2023-12-22,2024-01-13
OPP-00847,LEAD-004604,ACC-00347,webinar_evento,Closed Lost,124500.0,2023-11-22,2024-01-15,0,0.43,2023-11-22,2023-11-28,2023-12-11,2024-01-10,2024-01-15
OPP-00848,LEAD-004609,ACC-01990,organic_search,Closed Won,93300.0,2023-11-29,2024-01-22,1,0.277,2023-11-29,2023-11-30,2024-01-06,2024-01-12,2024-01-22
OPP-00849,LEAD-004612,ACC-00531,paid_search,Closed Won,62000.0,2023-11-27,2024-01-04,1,0.24,,,,,
OPP-00850,LEAD-004635,ACC-01993,direct,Closed Lost,66700.0,2023-11-25,2023-12-25,0,0.329,,,,,
OPP-00851,LEAD-004638,ACC-00543,linkedin_ads,Closed Won,106300.0,2023-11-28,2024-01-07,1,0.342,2023-11-28,2023-12-02,2023-12-06,2024-01-03,2024-01-07
OPP-00852,LEAD-004642,ACC-00125,organic_search,Closed Lost,29900.0,2023-11-26,2024-01-24,0,0.238,2023-11-26,2024-01-02,2024-01-02,2024-01-08,2024-01-24
OPP-00853,LEAD-004643,ACC-01282,paid_search,Closed Won,66800.0,2023-11-20,2024-01-18,1,0.219,2023-11-20,2023-11-24,2023-11-30,2024-01-03,2024-01-18
OPP-00854,LEAD-004644,ACC-00356,direct,Closed Lost,183300.0,2023-12-01,2024-01-03,0,0.343,2023-12-01,2023-12-08,2023-12-09,2023-12-11,2024-01-03
OPP-00855,LEAD-004650,ACC-00314,organic_search,Closed Lost,145800.0,2023-11-22,2024-02-06,0,0.37,2023-11-22,2023-11-30,2024-01-02,2024-01-21,2024-02-06
OPP-00856,LEAD-004651,ACC-01967,webinar_evento,Closed Won,43200.0,2023-11-18,2024-02-09,1,0.337,2023-11-18,2023-12-01,2023-12-03,2023-12-29,2024-02-09
OPP-00857,LEAD-004654,ACC-01906,organic_search,Closed Won,75300.0,2023-11-29,2024-01-19,1,0.304,2023-11-29,2023-12-04,2023-12-15,2024-01-03,2024-01-19
OPP-00858,LEAD-004656,ACC-00156,linkedin_ads,Closed Won,112100.0,2023-11-16,2024-01-29,1,0.371,2023-11-16,2023-12-06,2023-12-27,2024-01-20,2024-01-29
OPP-00859,LEAD-004665,ACC-00621,organic_search,Closed Lost,41400.0,2023-11-30,2024-01-10,0,0.264,2023-11-30,2023-12-08,2023-12-22,2024-01-01,2024-01-10
OPP-00860,LEAD-004667,ACC-01000,paid_search,Closed Lost,25800.0,2023-12-03,2024-01-13,0,0.222,2023-12-03,2023-12-12,2023-12-20,2024-01-09,2024-01-13
OPP-00861,LEAD-004668,ACC-01680,direct,Closed Lost,190900.0,2023-12-03,2024-01-19,0,0.386,2023-12-03,2023-12-18,2023-12-21,2024-01-08,2024-01-19
OPP-00862,LEAD-004670,ACC-01885,organic_search,Closed Lost,82200.0,2023-11-26,2024-01-23,0,0.264,2023-11-26,2023-12-01,2023-12-25,2024-01-05,2024-01-23
OPP-00863,LEAD-004673,ACC-00105,email_marketing,Closed Won,78000.0,2023-12-04,2024-01-21,1,0.219,2023-12-04,2023-12-13,2023-12-16,2024-01-13,2024-01-21
OPP-00864,LEAD-004685,ACC-00426,organic_search,Closed Won,31500.0,2023-11-17,2024-01-16,1,0.317,2023-11-17,2023-11-20,2023-12-18,2023-12-29,2024-01-16
OPP-00865,LEAD-004689,ACC-01529,organic_search,Closed Lost,28800.0,2023-11-30,2024-01-17,0,0.264,2023-11-30,2023-12-24,2024-01-10,2024-01-12,2024-01-17
OPP-00866,LEAD-004714,ACC-00455,direct,Closed Lost,35100.0,2023-12-01,2024-01-15,0,0.257,2023-12-01,2023-12-05,2023-12-07,2023-12-30,2024-01-15
OPP-00867,LEAD-004720,ACC-01650,paid_search,Closed Lost,26400.0,2023-12-03,2024-01-01,0,0.178,2023-12-03,2023-12-26,2023-12-30,2023-12-30,2024-01-01
OPP-00868,LEAD-004726,ACC-00880,direct,Closed Lost,45300.0,2023-11-30,2024-01-15,0,0.315,2023-11-30,2023-11-30,2023-12-05,2023-12-23,2024-01-15
OPP-00869,LEAD-004727,ACC-01260,organic_search,Closed Won,150200.0,2023-11-24,2023-12-25,1,0.29,2023-11-24,2023-11-26,2023-12-03,2023-12-09,2023-12-25
OPP-00870,LEAD-004730,ACC-00077,paid_search,Closed Lost,71900.0,2023-12-05,2024-01-19,0,0.261,2023-12-05,2023-12-09,2023-12-26,2024-01-16,2024-01-19
OPP-00871,LEAD-004733,ACC-00705,webinar_evento,Closed Won,47300.0,2023-12-02,2024-02-01,1,0.398,2023-12-02,2024-01-07,2024-01-15,2024-01-22,2024-02-01
OPP-00872,LEAD-004737,ACC-00591,direct,Closed Lost,84100.0,2023-11-26,2024-01-13,0,0.286,2023-11-26,2023-12-18,2023-12-18,2024-01-05,2024-01-13
OPP-00873,LEAD-004745,ACC-00589,email_marketing,Closed Lost,30000.0,2023-12-03,2024-01-05,0,0.231,2023-12-03,2023-12-23,2023-12-28,2023-12-29,2024-01-05
OPP-00874,LEAD-004749,ACC-01162,organic_search,Closed Won,26600.0,2023-11-23,2024-01-17,1,0.29,2023-11-23,2023-12-07,2023-12-23,2024-01-01,2024-01-17
OPP-00875,LEAD-004753,ACC-01306,direct,Closed Won,93300.0,2023-11-30,2024-01-18,1,0.286,2023-11-30,2023-12-09,2023-12-16,2023-12-19,2024-01-18
OPP-00876,LEAD-004767,ACC-00085,direct,Closed Lost,34200.0,2023-11-24,2023-12-24,0,0.343,2023-11-24,2023-12-01,2023-12-07,2023-12-12,2023-12-24
OPP-00877,LEAD-004770,ACC-01433,paid_search,Closed Won,62000.0,2023-12-09,2024-01-25,1,0.24,2023-12-09,2023-12-09,2024-01-03,2024-01-11,2024-01-25
OPP-00878,LEAD-004776,ACC-00383,webinar_evento,Closed Won,143000.0,2023-12-09,2024-01-30,1,0.43,2023-12-09,2023-12-22,2023-12-23,2024-01-27,2024-01-30
OPP-00879,LEAD-004779,ACC-01139,webinar_evento,Closed Won,200700.0,2023-12-08,2024-02-08,1,0.411,2023-12-08,2024-01-15,2024-01-15,2024-02-04,2024-02-08
OPP-00880,LEAD-004792,ACC-01244,webinar_evento,Closed Lost,112000.0,2023-12-01,2024-03-13,0,0.374,2023-12-01,2023-12-22,2023-12-25,2024-02-01,2024-03-13
OPP-00881,LEAD-004800,ACC-01398,organic_search,Closed Won,31700.0,2023-12-08,2024-02-03,1,0.317,2023-12-08,2023-12-16,2024-01-13,2024-01-18,2024-02-03
OPP-00882,LEAD-004801,ACC-00162,direct,Closed Lost,146200.0,2023-11-25,2023-12-25,0,0.4,2023-11-25,2023-12-04,2023-12-16,2023-12-16,2023-12-25
OPP-00883,LEAD-004802,ACC-00636,linkedin_ads,Closed Lost,211300.0,2023-12-01,2024-02-17,0,0.342,2023-12-01,2023-12-17,2024-01-13,2024-01-15,2024-02-17
OPP-00884,LEAD-004818,ACC-01604,linkedin_ads,Closed Lost,42500.0,2023-11-27,2024-03-03,0,0.327,2023-11-27,2023-12-02,2023-12-06,2023-12-29,2024-03-03
OPP-00885,LEAD-004822,ACC-01343,webinar_evento,Closed Lost,109300.0,2023-12-12,2024-02-25,0,0.468,2023-12-12,2024-01-16,2024-01-28,2024-02-09,2024-02-25
OPP-00886,LEAD-004840,ACC-00158,organic_search,Closed Lost,130800.0,2023-12-05,2024-01-29,0,0.37,2023-12-05,2023-12-29,2023-12-31,2024-01-04,2024-01-29
OPP-00887,LEAD-004842,ACC-00523,webinar_evento,Closed Won,131400.0,2023-12-04,2024-01-15,1,0.374,2023-12-04,2023-12-20,2024-01-08,2024-01-12,2024-01-15
OPP-00888,LEAD-004852,ACC-01930,webinar_evento,Closed Lost,34700.0,2023-12-06,2024-02-23,0,0.318,2023-12-06,2023-12-26,2023-12-27,2024-01-04,2024-02-23
OPP-00889,LEAD-004854,ACC-01490,webinar_evento,Closed Won,115700.0,2023-12-05,2024-01-24,1,0.374,2023-12-05,2023-12-14,2023-12-28,2023-12-30,2024-01-24
OPP-00890,LEAD-004861,ACC-00520,linkedin_ads,Closed Lost,44600.0,2023-11-26,2024-01-28,0,0.297,2023-11-26,2023-11-26,2024-01-04,2024-01-09,2024-01-28
OPP-00891,LEAD-004863,ACC-00307,organic_search,Closed Lost,30600.0,2023-12-06,2023-12-30,0,0.29,2023-12-06,2023-12-07,2023-12-15,2023-12-19,2023-12-30
OPP-00892,LEAD-004865,ACC-01614,paid_search,Closed Lost,26000.0,2023-12-13,2024-01-03,0,0.178,2023-12-13,2023-12-21,2023-12-26,2023-12-27,2024-01-03
OPP-00893,LEAD-004866,ACC-01513,webinar_evento,Closed Lost,119900.0,2023-12-08,2024-02-14,0,0.374,2023-12-08,2023-12-25,2024-01-02,2024-02-10,2024-02-14
OPP-00894,LEAD-004871,ACC-01414,meta_ads,Closed Won,54100.0,2023-12-02,2024-01-03,1,0.132,2023-12-02,2023-12-02,2023-12-02,2023-12-24,2024-01-03
OPP-00895,LEAD-004881,ACC-00415,webinar_evento,Closed Won,232200.0,2023-12-03,2024-03-02,1,0.411,,,,,
OPP-00896,LEAD-004882,ACC-01850,organic_search,Closed Lost,36400.0,2023-12-03,2024-01-15,0,0.29,2023-12-03,2023-12-06,2023-12-21,2024-01-02,2024-01-15
OPP-00897,LEAD-004883,ACC-01080,linkedin_ads,Closed Won,232300.0,2023-11-27,2024-01-30,1,0.327,2023-11-27,2023-12-14,2023-12-28,2024-01-23,2024-01-30
OPP-00898,LEAD-004886,ACC-00194,webinar_evento,Closed Lost,121100.0,2023-12-03,2024-02-15,0,0.411,2023-12-03,2024-01-05,2024-01-08,2024-02-08,2024-02-15
OPP-00899,LEAD-004891,ACC-01003,webinar_evento,Closed Won,45500.0,2023-11-29,2024-02-21,1,0.337,2023-11-29,2024-01-10,2024-01-18,2024-02-04,2024-02-21
OPP-00900,LEAD-004900,ACC-01058,direct,Closed Lost,43900.0,2023-12-03,2024-01-15,0,0.243,2023-12-03,2023-12-12,2023-12-24,2024-01-07,2024-01-15
OPP-00901,LEAD-004902,ACC-01212,direct,Closed Lost,40700.0,2023-12-10,2024-01-23,0,0.343,2023-12-10,2023-12-30,2024-01-04,2024-01-18,2024-01-23
OPP-00902,LEAD-004910,ACC-01105,organic_search,Closed Lost,125900.0,2023-11-27,2024-01-03,0,0.224,2023-11-27,2023-11-28,2023-11-28,2023-12-02,2024-01-03
OPP-00903,LEAD-004918,ACC-00555,paid_search,Closed Lost,54500.0,2023-12-12,2024-02-07,0,0.209,2023-12-12,2023-12-13,2023-12-25,2024-01-08,2024-02-07
OPP-00904,LEAD-004920,ACC-01705,webinar_evento,Closed Won,137500.0,2023-12-13,2024-02-19,1,0.374,2023-12-13,2023-12-14,2023-12-23,2024-01-27,2024-02-19
OPP-00905,LEAD-004938,ACC-00833,direct,Closed Won,85700.0,2023-12-09,2024-02-10,1,0.329,2023-12-09,2024-01-06,2024-01-11,2024-01-26,2024-02-10
OPP-00906,LEAD-004942,ACC-01327,paid_search,Closed Won,142300.0,2023-12-09,2024-01-20,1,0.293,2023-12-09,2024-01-03,2024-01-11,2024-01-17,2024-01-20
OPP-00907,LEAD-004944,ACC-01088,direct,Closed Lost,161700.0,2023-12-11,2024-01-24,0,0.4,2023-12-11,2024-01-09,2024-01-14,2024-01-15,2024-01-24
OPP-00908,LEAD-004953,ACC-00987,paid_search,Closed Lost,27500.0,2023-12-06,2024-01-02,0,0.23,2023-12-06,2023-12-09,2023-12-17,2023-12-21,2024-01-02
OPP-00909,LEAD-004962,ACC-00876,organic_search,Closed Won,135400.0,2023-12-01,2024-01-14,1,0.37,2023-12-01,2023-12-10,2024-01-11,2024-01-11,2024-01-14
OPP-00910,LEAD-004968,ACC-01809,webinar_evento,Closed Lost,137100.0,2023-12-15,2024-02-22,0,0.393,2023-12-15,2024-01-30,2024-02-08,2024-02-13,2024-02-22
OPP-00911,LEAD-004978,ACC-01735,paid_search,Closed Won,126300.0,2023-12-13,2024-01-24,1,0.23,,,,,
OPP-00912,LEAD-004986,ACC-00490,linkedin_ads,Closed Lost,183300.0,2023-12-03,2024-02-22,0,0.297,2023-12-03,2024-01-08,2024-01-29,2024-02-11,2024-02-22
OPP-00913,LEAD-004987,ACC-00822,paid_search,Closed Lost,51700.0,2023-12-04,2024-01-03,0,0.219,,,,,
OPP-00914,LEAD-004993,ACC-00561,paid_search,Closed Lost,33700.0,2023-12-07,2024-01-10,0,0.251,2023-12-07,2023-12-11,2023-12-29,2024-01-04,2024-01-10
OPP-00915,LEAD-004999,ACC-00810,organic_search,Closed Lost,73300.0,2023-12-10,2024-02-06,0,0.264,2023-12-10,2023-12-21,2024-01-02,2024-01-27,2024-02-06
OPP-00916,LEAD-005000,ACC-01771,organic_search,Closed Lost,62400.0,2023-12-16,2024-01-31,0,0.304,2023-12-16,2023-12-28,2024-01-08,2024-01-15,2024-01-31
OPP-00917,LEAD-005001,ACC-00068,organic_search,Closed Lost,85000.0,2023-12-07,2024-01-12,0,0.264,2023-12-07,2023-12-08,2023-12-20,2023-12-26,2024-01-12
OPP-00918,LEAD-005003,ACC-00907,linkedin_ads,Closed Won,190700.0,2023-12-13,2024-02-22,1,0.252,2023-12-13,2023-12-23,2023-12-25,2024-01-06,2024-02-22
OPP-00919,LEAD-005007,ACC-00399,paid_search,Closed Lost,57800.0,2023-12-17,2024-01-10,0,0.209,2023-12-17,2023-12-21,2023-12-29,2023-12-30,2024-01-10
OPP-00920,LEAD-005009,ACC-00309,direct,Closed Lost,101100.0,2023-12-15,2024-01-18,0,0.286,2023-12-15,2023-12-19,2024-01-05,2024-01-16,2024-01-18
OPP-00921,LEAD-005011,ACC-00713,paid_search,Closed Lost,27200.0,2023-12-03,2024-01-10,0,0.23,2023-12-03,2023-12-16,2023-12-28,2024-01-01,2024-01-10
OPP-00922,LEAD-005012,ACC-00457,linkedin_ads,Closed Lost,93700.0,2023-12-04,2024-01-31,0,0.342,2023-12-04,2023-12-20,2023-12-25,2024-01-05,2024-01-31
OPP-00923,LEAD-005021,ACC-01427,organic_search,Closed Lost,32100.0,2023-12-12,2024-02-04,0,0.211,2023-12-12,2023-12-28,2024-01-15,2024-01-23,2024-02-04
OPP-00924,LEAD-005036,ACC-01167,linkedin_ads,Closed Lost,42300.0,2023-12-12,2024-02-19,0,0.356,2023-12-12,2024-01-14,2024-01-24,2024-02-05,2024-02-19
OPP-00925,LEAD-005042,ACC-01600,webinar_evento,Closed Lost,51700.0,2023-12-15,2024-03-23,0,0.318,2023-12-15,2023-12-21,2023-12-23,2024-01-23,2024-03-23
OPP-00926,LEAD-005043,ACC-01588,webinar_evento,Closed Lost,129100.0,2023-12-11,2024-02-27,0,0.43,2023-12-11,2023-12-11,2023-12-29,2024-01-09,2024-02-27
OPP-00927,LEAD-005048,ACC-01927,webinar_evento,Closed Lost,45600.0,2023-12-14,2024-02-03,0,0.411,2023-12-14,2023-12-21,2024-01-04,2024-01-20,2024-02-03
OPP-00928,LEAD-005052,ACC-01519,webinar_evento,Closed Lost,64100.0,2023-12-24,2024-03-17,0,0.337,2023-12-24,2023-12-30,2024-01-28,2024-03-10,2024-03-17
OPP-00929,LEAD-005057,ACC-01882,linkedin_ads,Closed Lost,171300.0,2023-12-19,2024-03-05,0,0.297,2023-12-19,2024-01-01,2024-01-13,2024-01-24,2024-03-05
OPP-00930,LEAD-005059,ACC-01623,linkedin_ads,Closed Lost,50000.0,2023-12-16,2024-02-11,0,0.267,2023-12-16,2023-12-20,2024-01-02,2024-02-07,2024-02-11
OPP-00931,LEAD-005061,ACC-00935,paid_search,Closed Lost,28300.0,2023-12-22,2024-01-23,0,0.23,2023-12-22,2023-12-29,2024-01-13,2024-01-13,2024-01-23
OPP-00932,LEAD-005068,ACC-00562,webinar_evento,Closed Lost,36800.0,2023-12-12,2024-02-14,0,0.449,2023-12-12,2023-12-12,2024-01-13,2024-02-06,2024-02-14
OPP-00933,LEAD-005069,ACC-01620,organic_search,Closed Lost,30000.0,2023-12-11,2024-02-02,0,0.211,2023-12-11,2024-01-01,2024-01-07,2024-01-21,2024-02-02
OPP-00934,LEAD-005074,ACC-01202,webinar_evento,Closed Lost,231100.0,2023-12-20,2024-02-22,0,0.411,2023-12-20,2023-12-20,2024-01-27,2024-02-03,2024-02-22
OPP-00935,LEAD-005076,ACC-01134,paid_search,Closed Won,30400.0,2023-12-10,2024-01-14,1,0.23,2023-12-10,2023-12-15,2023-12-18,2023-12-26,2024-01-14
OPP-00936,LEAD-005078,ACC-01887,linkedin_ads,Closed Won,41700.0,2023-12-11,2024-03-10,1,0.267,2023-12-11,2023-12-11,2024-01-08,2024-02-26,2024-03-10
OPP-00937,LEAD-005080,ACC-01200,linkedin_ads,Closed Lost,85400.0,2023-12-09,2024-02-12,0,0.312,2023-12-09,2024-01-10,2024-01-12,2024-01-14,2024-02-12
OPP-00938,LEAD-005081,ACC-01980,organic_search,Closed Lost,127100.0,2023-12-20,2024-02-06,0,0.317,2023-12-20,2023-12-25,2024-01-06,2024-01-16,2024-02-06
OPP-00939,LEAD-005085,ACC-01740,organic_search,Closed Won,74300.0,2023-12-09,2024-02-11,1,0.33,2023-12-09,2023-12-24,2024-01-18,2024-01-22,2024-02-11
OPP-00940,LEAD-005091,ACC-00593,paid_search,Closed Lost,32100.0,2023-12-22,2024-01-24,0,0.251,2023-12-22,2024-01-05,2024-01-06,2024-01-08,2024-01-24
OPP-00941,LEAD-005094,ACC-01011,paid_search,Closed Lost,55400.0,2023-12-14,2024-01-23,0,0.261,2023-12-14,2024-01-10,2024-01-17,2024-01-22,2024-01-23
OPP-00942,LEAD-005104,ACC-00571,organic_search,Closed Lost,38000.0,2023-12-16,2024-02-10,0,0.29,2023-12-16,2023-12-19,2023-12-30,2023-12-30,2024-02-10
OPP-00943,LEAD-005106,ACC-00448,meta_ads,Closed Lost,31000.0,2023-12-22,2024-01-28,0,0.119,2023-12-22,2023-12-25,2024-01-01,2024-01-05,2024-01-28
OPP-00944,LEAD-005108,ACC-00107,organic_search,Closed Won,39200.0,2023-12-13,2024-02-08,1,0.264,2023-12-13,2023-12-25,2024-01-11,2024-01-11,2024-02-08
OPP-00945,LEAD-005110,ACC-01436,paid_search,Closed Lost,68400.0,2023-12-11,2024-01-22,0,0.209,2023-12-11,2023-12-25,2024-01-04,2024-01-09,2024-01-22
OPP-00946,LEAD-005114,ACC-01543,paid_search,Closed Won,30800.0,2023-12-21,2024-01-15,1,0.188,2023-12-21,2023-12-24,2024-01-03,2024-01-09,2024-01-15
OPP-00947,LEAD-005116,ACC-00842,linkedin_ads,Closed Lost,109300.0,2023-12-14,2024-03-02,0,0.297,2023-12-14,2024-01-25,2024-02-05,2024-02-07,2024-03-02
OPP-00948,LEAD-005119,ACC-00464,direct,Closed Lost,195200.0,2023-12-27,2024-01-21,0,0.315,2023-12-27,2024-01-02,2024-01-13,2024-01-14,2024-01-21
OPP-00949,LEAD-005125,ACC-00738,direct,Closed Lost,39200.0,2023-12-26,2024-02-06,0,0.315,2023-12-26,2024-01-06,2024-01-09,2024-02-01,2024-02-06
OPP-00950,LEAD-005126,ACC-00291,linkedin_ads,Closed Lost,44700.0,2023-12-22,2024-03-01,0,0.356,2023-12-22,2024-01-09,2024-01-28,2024-01-31,2024-03-01
OPP-00951,LEAD-005131,ACC-01252,organic_search,Closed Lost,82800.0,2023-12-15,2024-01-29,0,0.29,2023-12-15,2023-12-17,2023-12-21,2024-01-21,2024-01-29
OPP-00952,LEAD-005134,ACC-00231,linkedin_ads,Closed Lost,184000.0,2023-12-24,2024-03-20,0,0.356,2023-12-24,2024-01-04,2024-03-05,2024-03-12,2024-03-20
OPP-00953,LEAD-005139,ACC-00648,paid_search,Closed Lost,26300.0,2023-12-13,2024-01-15,0,0.23,2023-12-13,2023-12-17,2023-12-26,2024-01-10,2024-01-15
OPP-00954,LEAD-005140,ACC-01331,webinar_evento,Closed Lost,112900.0,2023-12-30,2024-04-09,0,0.43,2023-12-30,2024-01-25,2024-01-29,2024-03-01,2024-04-09
OPP-00955,LEAD-005151,ACC-00200,organic_search,Closed Lost,29800.0,2023-12-14,2024-01-30,0,0.317,2023-12-14,2023-12-31,2024-01-04,2024-01-11,2024-01-30
OPP-00956,LEAD-005160,ACC-00822,paid_search,Closed Lost,72300.0,2023-12-26,2024-01-09,0,0.219,2023-12-26,2023-12-30,2023-12-30,2024-01-07,2024-01-09
OPP-00957,LEAD-005161,ACC-00784,meta_ads,Closed Lost,51400.0,2023-12-30,2024-01-28,0,0.132,2023-12-30,2024-01-01,2024-01-06,2024-01-17,2024-01-28
OPP-00958,LEAD-005186,ACC-00328,webinar_evento,Closed Lost,42600.0,2023-12-26,2024-03-07,0,0.449,2023-12-26,2024-01-04,2024-02-12,2024-03-02,2024-03-07
OPP-00959,LEAD-005187,ACC-00794,organic_search,Closed Won,33000.0,2023-12-21,2024-02-25,1,0.29,2023-12-21,2023-12-23,2024-01-16,2024-02-08,2024-02-25
OPP-00960,LEAD-005192,ACC-01574,webinar_evento,Closed Won,118000.0,2023-12-29,2024-03-14,1,0.468,2023-12-29,2024-01-10,2024-01-23,2024-02-14,2024-03-14
OPP-00961,LEAD-005195,ACC-01538,webinar_evento,Closed Lost,47000.0,2023-12-29,2024-03-05,0,0.449,2023-12-29,2024-01-20,2024-01-29,2024-02-19,2024-03-05
OPP-00962,LEAD-005208,ACC-01803,linkedin_ads,Closed Lost,103000.0,2023-12-29,2024-02-12,0,0.342,2023-12-29,2024-01-02,2024-01-27,2024-02-08,2024-02-12
OPP-00963,LEAD-005213,ACC-01602,organic_search,Closed Won,79600.0,2023-12-30,2024-02-22,1,0.277,2023-12-30,2024-01-22,2024-01-25,2024-01-29,2024-02-22
OPP-00964,LEAD-005215,ACC-00955,organic_search,Closed Lost,60900.0,2023-12-25,2024-02-20,0,0.264,2023-12-25,2024-01-11,2024-01-27,2024-02-13,2024-02-20
OPP-00965,LEAD-005221,ACC-01512,direct,Closed Lost,32900.0,2023-12-30,2024-01-24,0,0.286,2023-12-30,2024-01-02,2024-01-04,2024-01-10,2024-01-24
OPP-00966,LEAD-005233,ACC-00252,linkedin_ads,Closed Lost,90400.0,2023-12-25,2024-02-17,0,0.312,2023-12-25,2023-12-27,2024-01-15,2024-01-30,2024-02-17
OPP-00967,LEAD-005235,ACC-01736,meta_ads,Closed Lost,28200.0,2024-01-01,2024-02-08,0,0.132,2024-01-01,2024-01-08,2024-02-01,2024-02-04,2024-02-08
OPP-00968,LEAD-005237,ACC-00648,webinar_evento,Closed Won,46900.0,2023-12-27,2024-02-07,1,0.411,2023-12-27,2024-01-16,2024-01-24,2024-02-05,2024-02-07
OPP-00969,LEAD-005241,ACC-00253,organic_search,Closed Lost,73700.0,2024-01-02,2024-02-14,0,0.304,2024-01-02,2024-01-16,2024-01-31,2024-02-10,2024-02-14
OPP-00970,LEAD-005245,ACC-01942,linkedin_ads,Closed Won,47500.0,2023-12-19,2024-02-16,1,0.297,2023-12-19,2024-01-20,2024-01-28,2024-01-29,2024-02-16
OPP-00971,LEAD-005246,ACC-00426,organic_search,Closed Lost,31400.0,2023-12-28,2024-02-28,0,0.317,2023-12-28,2024-01-03,2024-02-12,2024-02-17,2024-02-28
OPP-00972,LEAD-005248,ACC-00440,linkedin_ads,Closed Won,227900.0,2023-12-26,2024-03-12,1,0.416,2023-12-26,2024-02-03,2024-02-06,2024-02-06,2024-03-12
OPP-00973,LEAD-005253,ACC-00420,paid_search,Closed Lost,50100.0,2023-12-23,2024-02-10,0,0.209,2023-12-23,2024-01-09,2024-01-21,2024-01-25,2024-02-10
OPP-00974,LEAD-005254,ACC-01678,organic_search,Closed Lost,35300.0,2023-12-19,2024-02-11,0,0.317,2023-12-19,2023-12-25,2024-01-06,2024-01-30,2024-02-11
OPP-00975,LEAD-005273,ACC-00267,direct,Closed Lost,188300.0,2023-12-28,2024-01-27,0,0.315,2023-12-28,2023-12-31,2024-01-12,2024-01-23,2024-01-27
OPP-00976,LEAD-005276,ACC-00950,paid_search,Closed Lost,136400.0,2023-12-23,2024-02-04,0,0.293,2023-12-23,2023-12-24,2024-01-06,2024-01-31,2024-02-04
OPP-00977,LEAD-005281,ACC-00879,webinar_evento,Closed Lost,52400.0,2023-12-31,2024-03-17,0,0.355,2023-12-31,2024-01-05,2024-01-22,2024-02-27,2024-03-17
OPP-00978,LEAD-005284,ACC-00529,webinar_evento,Closed Won,51800.0,2023-12-29,2024-03-17,1,0.337,2023-12-29,2024-02-09,2024-03-04,2024-03-11,2024-03-17
OPP-00979,LEAD-005299,ACC-01901,paid_search,Closed Lost,64500.0,2024-01-10,2024-02-08,0,0.199,2024-01-10,2024-01-25,2024-01-29,2024-02-05,2024-02-08
OPP-00980,LEAD-005305,ACC-01341,webinar_evento,Closed Lost,48000.0,2024-01-01,2024-04-07,0,0.337,2024-01-01,2024-01-13,2024-01-23,2024-03-20,2024-04-07
OPP-00981,LEAD-005306,ACC-01197,direct,Closed Won,38200.0,2024-01-13,2024-02-20,1,0.243,2024-01-13,2024-01-23,2024-02-06,2024-02-13,2024-02-20
OPP-00982,LEAD-005310,ACC-00950,organic_search,Closed Lost,122400.0,2024-01-11,2024-02-17,0,0.37,2024-01-11,2024-02-04,2024-02-06,2024-02-10,2024-02-17
OPP-00983,LEAD-005333,ACC-00561,email_marketing,Closed Won,30800.0,2024-01-10,2024-02-13,1,0.277,2024-01-10,2024-01-16,2024-01-18,2024-02-09,2024-02-13
OPP-00984,LEAD-005337,ACC-01514,paid_search,Closed Lost,30200.0,2024-01-21,2024-03-02,0,0.23,2024-01-21,2024-01-24,2024-02-04,2024-02-22,2024-03-02
OPP-00985,LEAD-005339,ACC-00339,email_marketing,Closed Lost,35500.0,2024-01-28,2024-03-09,0,0.231,2024-01-28,2024-01-30,2024-02-19,2024-03-02,2024-03-09
OPP-00986,LEAD-005341,ACC-00420,meta_ads,Closed Won,68200.0,2024-01-18,2024-03-08,1,0.132,2024-01-18,2024-02-16,2024-02-27,2024-03-06,2024-03-08
OPP-00987,LEAD-005345,ACC-01120,paid_search,Closed Won,53200.0,2024-01-11,2024-02-24,1,0.261,2024-01-11,2024-02-05,2024-02-12,2024-02-20,2024-02-24
OPP-00988,LEAD-005351,ACC-00897,linkedin_ads,Closed Won,40900.0,2024-01-21,2024-03-15,1,0.356,2024-01-21,2024-02-08,2024-02-17,2024-02-24,2024-03-15
OPP-00989,LEAD-005355,ACC-00916,linkedin_ads,Closed Won,112000.0,2024-01-29,2024-04-26,1,0.342,2024-01-29,2024-02-23,2024-02-29,2024-03-28,2024-04-26
OPP-00990,LEAD-005358,ACC-01028,linkedin_ads,Closed Lost,181800.0,2024-01-26,2024-05-04,0,0.297,2024-01-26,2024-01-27,2024-02-29,2024-04-21,2024-05-04
OPP-00991,LEAD-005361,ACC-01548,organic_search,Closed Won,32800.0,2024-01-29,2024-02-19,1,0.29,2024-01-29,2024-02-04,2024-02-05,2024-02-15,2024-02-19
OPP-00992,LEAD-005363,ACC-01937,webinar_evento,Closed Lost,53600.0,2024-01-30,2024-04-24,0,0.318,2024-01-30,2024-02-28,2024-03-01,2024-04-16,2024-04-24
OPP-00993,LEAD-005366,ACC-00977,organic_search,Closed Lost,91300.0,2024-01-26,2024-03-14,0,0.304,2024-01-26,2024-01-28,2024-02-16,2024-02-28,2024-03-14
OPP-00994,LEAD-005368,ACC-01773,linkedin_ads,Closed Won,102500.0,2024-01-22,2024-03-16,1,0.342,2024-01-22,2024-01-22,2024-02-14,2024-03-03,2024-03-16
OPP-00995,LEAD-005374,ACC-00959,direct,Closed Lost,91500.0,2024-02-03,2024-03-29,0,0.329,2024-02-03,2024-02-04,2024-02-28,2024-03-24,2024-03-29
OPP-00996,LEAD-005379,ACC-01088,paid_search,Closed Lost,111200.0,2024-01-29,2024-03-23,0,0.293,2024-01-29,2024-02-05,2024-02-12,2024-03-01,2024-03-23
OPP-00997,LEAD-005391,ACC-00509,paid_search,Closed Lost,145500.0,2024-01-25,2024-03-01,0,0.23,2024-01-25,2024-01-25,2024-02-10,2024-02-20,2024-03-01
OPP-00998,LEAD-005395,ACC-01737,webinar_evento,Closed Lost,59400.0,2024-01-19,2024-03-28,0,0.355,2024-01-19,2024-02-01,2024-03-03,2024-03-08,2024-03-28
OPP-00999,LEAD-005406,ACC-00554,email_marketing,Closed Lost,162100.0,2024-01-23,2024-03-18,0,0.219,2024-01-23,2024-01-23,2024-03-08,2024-03-10,2024-03-18
OPP-01000,LEAD-005429,ACC-01276,direct,Closed Won,37000.0,2024-01-22,2024-02-14,1,0.343,2024-01-22,2024-02-01,2024-02-05,2024-02-05,2024-02-14
OPP-01001,LEAD-005432,ACC-01622,webinar_evento,Closed Lost,106200.0,2024-02-01,2024-04-27,0,0.468,,,,,
OPP-01002,LEAD-005447,ACC-01486,paid_search,Closed Lost,118500.0,2024-02-07,2024-03-03,0,0.251,2024-02-07,2024-02-08,2024-02-18,2024-02-28,2024-03-03
OPP-01003,LEAD-005454,ACC-01005,organic_search,Closed Won,34700.0,2024-01-30,2024-03-11,1,0.317,2024-01-30,2024-02-07,2024-02-07,2024-02-22,2024-03-11
OPP-01004,LEAD-005457,ACC-01079,meta_ads,Closed Won,21100.0,2024-02-03,2024-03-03,1,0.145,2024-02-03,2024-02-13,2024-02-20,2024-02-28,2024-03-03
OPP-01005,LEAD-005469,ACC-00501,organic_search,Closed Lost,80100.0,2024-01-31,2024-04-02,0,0.264,2024-01-31,2024-02-15,2024-02-27,2024-03-17,2024-04-02
OPP-01006,LEAD-005473,ACC-00557,email_marketing,Closed Lost,64300.0,2024-01-31,2024-03-22,0,0.243,2024-01-31,2024-02-13,2024-02-26,2024-03-08,2024-03-22
OPP-01007,LEAD-005482,ACC-00451,webinar_evento,Closed Won,114500.0,2024-02-06,2024-04-18,1,0.393,2024-02-06,2024-03-01,2024-03-23,2024-04-12,2024-04-18
OPP-01008,LEAD-005483,ACC-00162,organic_search,Closed Lost,132200.0,2024-02-11,2024-04-21,0,0.37,2024-02-11,2024-02-15,2024-03-12,2024-04-04,2024-04-21
OPP-01009,LEAD-005489,ACC-00820,direct,Closed Lost,42500.0,2024-01-31,2024-03-13,0,0.315,2024-01-31,2024-02-09,2024-02-09,2024-02-17,2024-03-13
OPP-01010,LEAD-005503,ACC-01488,linkedin_ads,Closed Lost,228200.0,2024-01-26,2024-03-24,0,0.282,2024-01-26,2024-02-21,2024-02-29,2024-03-15,2024-03-24
OPP-01011,LEAD-005510,ACC-00118,organic_search,Closed Won,43200.0,2024-02-11,2024-03-23,1,0.29,2024-02-11,2024-02-11,2024-02-24,2024-03-15,2024-03-23
OPP-01012,LEAD-005518,ACC-01588,organic_search,Closed Won,72900.0,2024-01-31,2024-03-28,1,0.304,2024-01-31,2024-02-15,2024-02-27,2024-03-10,2024-03-28
OPP-01013,LEAD-005520,ACC-00570,linkedin_ads,Closed Lost,186800.0,2024-02-04,2024-03-31,0,0.297,2024-02-04,2024-02-28,2024-03-15,2024-03-27,2024-03-31
OPP-01014,LEAD-005526,ACC-01272,paid_search,Closed Lost,135300.0,2024-01-29,2024-03-06,0,0.24,2024-01-29,2024-02-08,2024-02-18,2024-02-29,2024-03-06
OPP-01015,LEAD-005527,ACC-00539,linkedin_ads,Closed Lost,43300.0,2024-01-31,2024-04-12,0,0.267,,,,,
OPP-01016,LEAD-005534,ACC-01117,webinar_evento,Closed Won,43800.0,2024-02-03,2024-03-28,1,0.374,2024-02-03,2024-02-21,2024-02-24,2024-03-08,2024-03-28
OPP-01017,LEAD-005537,ACC-00298,email_marketing,Closed Lost,68400.0,2024-02-11,2024-03-21,0,0.243,2024-02-11,2024-02-15,2024-02-15,2024-02-29,2024-03-21
OPP-01018,LEAD-005547,ACC-01612,direct,Closed Lost,102100.0,2024-02-02,2024-03-08,0,0.358,2024-02-02,2024-02-07,2024-02-16,2024-02-20,2024-03-08
OPP-01019,LEAD-005550,ACC-01235,direct,Closed Lost,147900.0,2024-02-01,2024-02-24,0,0.315,2024-02-01,2024-02-01,2024-02-03,2024-02-10,2024-02-24
OPP-01020,LEAD-005556,ACC-01490,webinar_evento,Closed Lost,136700.0,2024-02-01,2024-04-17,0,0.374,2024-02-01,2024-02-29,2024-04-06,2024-04-06,2024-04-17
OPP-01021,LEAD-005565,ACC-00846,organic_search,Closed Lost,122900.0,2024-02-12,2024-04-06,0,0.29,2024-02-12,2024-03-20,2024-03-21,2024-03-24,2024-04-06
OPP-01022,LEAD-005567,ACC-00868,linkedin_ads,Closed Lost,89500.0,2024-02-15,2024-05-03,0,0.342,2024-02-15,2024-02-16,2024-04-04,2024-04-18,2024-05-03
OPP-01023,LEAD-005568,ACC-01198,linkedin_ads,Closed Lost,105200.0,2024-02-03,2024-03-13,0,0.342,2024-02-03,2024-02-10,2024-02-20,2024-02-26,2024-03-13
OPP-01024,LEAD-005572,ACC-00531,organic_search,Closed Won,69300.0,2024-02-16,2024-03-30,1,0.304,2024-02-16,2024-02-19,2024-03-09,2024-03-13,2024-03-30
OPP-01025,LEAD-005578,ACC-00414,webinar_evento,Closed Won,50400.0,2024-02-08,2024-05-09,1,0.337,2024-02-08,2024-02-17,2024-02-25,2024-04-06,2024-05-09
OPP-01026,LEAD-005579,ACC-00866,webinar_evento,Closed Won,45800.0,2024-02-11,2024-04-15,1,0.318,2024-02-11,2024-02-19,2024-03-28,2024-04-08,2024-04-15
OPP-01027,LEAD-005586,ACC-00229,meta_ads,Closed Lost,25600.0,2024-02-01,2024-02-28,0,0.112,2024-02-01,2024-02-24,2024-02-25,2024-02-25,2024-02-28
OPP-01028,LEAD-005596,ACC-00853,paid_search,Closed Lost,27800.0,2024-02-13,2024-03-11,0,0.251,2024-02-13,2024-03-04,2024-03-06,2024-03-09,2024-03-11
OPP-01029,LEAD-005602,ACC-00900,linkedin_ads,Closed Lost,217900.0,2024-02-06,2024-04-09,0,0.297,2024-02-06,2024-02-12,2024-02-14,2024-03-17,2024-04-09
OPP-01030,LEAD-005604,ACC-01771,linkedin_ads,Closed Lost,121600.0,2024-02-15,2024-05-03,0,0.342,2024-02-15,2024-02-27,2024-02-29,2024-03-19,2024-05-03
OPP-01031,LEAD-005609,ACC-00636,organic_search,Closed Lost,139900.0,2024-02-03,2024-03-18,0,0.34,2024-02-03,2024-02-04,2024-02-23,2024-02-26,2024-03-18
OPP-01032,LEAD-005610,ACC-01551,paid_search,Closed Won,61000.0,2024-02-19,2024-03-29,1,0.261,2024-02-19,2024-02-25,2024-03-07,2024-03-19,2024-03-29
OPP-01033,LEAD-005611,ACC-01463,organic_search,Closed Lost,91200.0,2024-02-11,2024-04-01,0,0.264,2024-02-11,2024-03-04,2024-03-13,2024-03-22,2024-04-01
OPP-01034,LEAD-005613,ACC-01509,linkedin_ads,Closed Lost,96900.0,2024-02-15,2024-05-06,0,0.312,2024-02-15,2024-02-18,2024-04-05,2024-04-25,2024-05-06
OPP-01035,LEAD-005614,ACC-00435,organic_search,Closed Lost,38200.0,2024-02-14,2024-03-09,0,0.224,2024-02-14,2024-02-21,2024-02-27,2024-02-28,2024-03-09
OPP-01036,LEAD-005618,ACC-01611,organic_search,Closed Lost,36600.0,2024-02-03,2024-03-22,0,0.281,2024-02-03,2024-02-09,2024-02-21,2024-03-06,2024-03-22
OPP-01037,LEAD-005623,ACC-00681,meta_ads,Closed Won,24400.0,2024-02-11,2024-03-14,1,0.158,2024-02-11,2024-02-11,2024-02-17,2024-02-25,2024-03-14
OPP-01038,LEAD-005625,ACC-01074,direct,Closed Won,116600.0,2024-02-14,2024-03-30,1,0.286,2024-02-14,2024-02-23,2024-03-01,2024-03-02,2024-03-30
OPP-01039,LEAD-005630,ACC-01478,webinar_evento,Closed Won,111500.0,2024-02-11,2024-05-13,1,0.374,2024-02-11,2024-04-03,2024-04-15,2024-04-27,2024-05-13
OPP-01040,LEAD-005644,ACC-01395,paid_search,Closed Won,92400.0,2024-02-16,2024-03-16,1,0.222,2024-02-16,2024-02-18,2024-02-29,2024-03-09,2024-03-16
OPP-01041,LEAD-005647,ACC-00449,organic_search,Closed Lost,78300.0,2024-02-04,2024-04-03,0,0.264,2024-02-04,2024-02-21,2024-03-06,2024-04-01,2024-04-03
OPP-01042,LEAD-005664,ACC-00894,organic_search,Closed Lost,81000.0,2024-02-12,2024-04-23,0,0.33,2024-02-12,2024-02-14,2024-03-11,2024-03-19,2024-04-23
OPP-01043,LEAD-005674,ACC-01446,organic_search,Closed Lost,70800.0,2024-02-06,2024-03-29,0,0.264,2024-02-06,2024-02-17,2024-03-18,2024-03-18,2024-03-29
OPP-01044,LEAD-005677,ACC-00133,paid_search,Closed Lost,71900.0,2024-02-21,2024-04-16,0,0.24,2024-02-21,2024-03-30,2024-04-04,2024-04-10,2024-04-16
OPP-01045,LEAD-005678,ACC-01100,paid_search,Closed Lost,87500.0,2024-02-24,2024-03-26,0,0.257,2024-02-24,2024-02-24,2024-03-15,2024-03-23,2024-03-26
OPP-01046,LEAD-005683,ACC-00583,paid_search,Closed Lost,71000.0,2024-02-24,2024-04-20,0,0.24,2024-02-24,2024-03-20,2024-03-23,2024-03-29,2024-04-20
OPP-01047,LEAD-005696,ACC-01908,paid_search,Closed Lost,23800.0,2024-02-10,2024-03-13,0,0.251,2024-02-10,2024-02-18,2024-03-08,2024-03-11,2024-03-13
OPP-01048,LEAD-005699,ACC-00957,paid_search,Closed Lost,30800.0,2024-02-20,2024-03-19,0,0.251,2024-02-20,2024-03-06,2024-03-06,2024-03-12,2024-03-19
OPP-01049,LEAD-005700,ACC-00657,paid_search,Closed Lost,69600.0,2024-02-25,2024-04-16,0,0.219,2024-02-25,2024-03-12,2024-03-17,2024-03-29,2024-04-16
OPP-01050,LEAD-005706,ACC-00480,paid_search,Closed Lost,54300.0,2024-02-20,2024-03-08,0,0.209,2024-02-20,2024-02-27,2024-02-27,2024-02-28,2024-03-08
OPP-01051,LEAD-005712,ACC-00257,paid_search,Closed Won,147500.0,2024-02-25,2024-04-22,1,0.282,2024-02-25,2024-04-03,2024-04-06,2024-04-09,2024-04-22
OPP-01052,LEAD-005722,ACC-01341,paid_search,Closed Won,30800.0,2024-02-19,2024-03-28,1,0.188,2024-02-19,2024-03-03,2024-03-12,2024-03-16,2024-03-28
OPP-01053,LEAD-005728,ACC-00787,webinar_evento,Closed Won,55700.0,2024-03-03,2024-05-12,1,0.398,2024-03-03,2024-03-06,2024-03-24,2024-03-27,2024-05-12
OPP-01054,LEAD-005729,ACC-00325,organic_search,Closed Lost,159200.0,2024-02-27,2024-04-21,0,0.37,2024-02-27,2024-03-09,2024-04-01,2024-04-18,2024-04-21
OPP-01055,LEAD-005739,ACC-01389,direct,Closed Won,82900.0,2024-02-20,2024-03-30,1,0.272,2024-02-20,2024-03-03,2024-03-16,2024-03-17,2024-03-30
OPP-01056,LEAD-005754,ACC-01102,paid_search,Closed Lost,28300.0,2024-03-09,2024-04-08,0,0.188,2024-03-09,2024-03-23,2024-03-24,2024-04-05,2024-04-08
OPP-01057,LEAD-005758,ACC-01616,organic_search,Closed Lost,65200.0,2024-03-10,2024-05-08,0,0.277,2024-03-10,2024-03-12,2024-03-29,2024-03-30,2024-05-08
OPP-01058,LEAD-005768,ACC-00477,direct,Closed Lost,40500.0,2024-02-29,2024-04-02,0,0.286,2024-02-29,2024-03-17,2024-03-20,2024-03-31,2024-04-02
OPP-01059,LEAD-005773,ACC-00027,meta_ads,Closed Lost,27400.0,2024-03-04,2024-03-26,0,0.119,2024-03-04,2024-03-04,2024-03-10,2024-03-19,2024-03-26
OPP-01060,LEAD-005774,ACC-00571,linkedin_ads,Closed Lost,44200.0,2024-02-28,2024-05-03,0,0.327,2024-02-28,2024-03-08,2024-03-25,2024-04-19,2024-05-03
OPP-01061,LEAD-005781,ACC-01119,webinar_evento,Closed Won,201500.0,2024-02-25,2024-04-30,1,0.449,2024-02-25,2024-03-10,2024-03-14,2024-03-24,2024-04-30
OPP-01062,LEAD-005782,ACC-00342,webinar_evento,Closed Lost,228000.0,2024-03-04,2024-05-31,0,0.505,2024-03-04,2024-05-07,2024-05-26,2024-05-29,2024-05-31
OPP-01063,LEAD-005791,ACC-01752,paid_search,Closed Lost,64100.0,2024-03-02,2024-04-19,0,0.209,2024-03-02,2024-03-10,2024-03-14,2024-03-17,2024-04-19
OPP-01064,LEAD-005793,ACC-00376,email_marketing,Closed Lost,66700.0,2024-03-08,2024-04-19,0,0.231,2024-03-08,2024-04-02,2024-04-07,2024-04-12,2024-04-19
OPP-01065,LEAD-005796,ACC-01465,paid_search,Closed Lost,32100.0,2024-03-04,2024-04-26,0,0.167,2024-03-04,2024-03-17,2024-04-13,2024-04-23,2024-04-26
OPP-01066,LEAD-005808,ACC-01768,linkedin_ads,Closed Lost,235900.0,2024-02-24,2024-05-02,0,0.282,2024-02-24,2024-04-05,2024-04-12,2024-04-24,2024-05-02
OPP-01067,LEAD-005816,ACC-00240,paid_search,Closed Won,66100.0,2024-02-27,2024-04-06,1,0.24,2024-02-27,2024-03-08,2024-03-13,2024-03-31,2024-04-06
OPP-01068,LEAD-005825,ACC-00423,webinar_evento,Closed Won,49800.0,2024-03-04,2024-04-29,1,0.337,2024-03-04,2024-03-11,2024-04-04,2024-04-19,2024-04-29
OPP-01069,LEAD-005830,ACC-00910,meta_ads,Closed Lost,95100.0,2024-03-02,2024-04-15,0,0.112,2024-03-02,2024-03-12,2024-03-14,2024-04-02,2024-04-15
OPP-01070,LEAD-005833,ACC-01068,paid_search,Closed Lost,81100.0,2024-03-11,2024-04-22,0,0.199,2024-03-11,2024-03-17,2024-03-27,2024-03-29,2024-04-22
OPP-01071,LEAD-005835,ACC-00744,linkedin_ads,Closed Lost,48000.0,2024-03-13,2024-06-20,0,0.252,2024-03-13,2024-03-14,2024-05-05,2024-05-28,2024-06-20
OPP-01072,LEAD-005841,ACC-01154,webinar_evento,Closed Lost,47700.0,2024-02-27,2024-05-18,0,0.337,2024-02-27,2024-04-02,2024-04-07,2024-05-08,2024-05-18
OPP-01073,LEAD-005847,ACC-01010,webinar_evento,Closed Lost,103900.0,2024-03-04,2024-05-29,0,0.43,2024-03-04,2024-03-05,2024-05-23,2024-05-26,2024-05-29
OPP-01074,LEAD-005848,ACC-01248,organic_search,Closed Lost,66200.0,2024-02-26,2024-04-16,0,0.304,,,,,
OPP-01075,LEAD-005866,ACC-01720,linkedin_ads,Closed Lost,103500.0,2024-03-03,2024-06-17,0,0.312,2024-03-03,2024-03-16,2024-03-29,2024-06-10,2024-06-17
OPP-01076,LEAD-005877,ACC-01873,webinar_evento,Closed Won,99800.0,2024-03-17,2024-06-18,1,0.43,2024-03-17,2024-05-21,2024-05-29,2024-05-31,2024-06-18
OPP-01077,LEAD-005879,ACC-01713,organic_search,Closed Won,91400.0,2024-03-09,2024-04-27,1,0.264,2024-03-09,2024-03-23,2024-04-03,2024-04-22,2024-04-27
OPP-01078,LEAD-005882,ACC-00657,linkedin_ads,Closed Lost,109300.0,2024-03-09,2024-06-17,0,0.312,2024-03-09,2024-04-08,2024-05-07,2024-05-14,2024-06-17
OPP-01079,LEAD-005883,ACC-00223,webinar_evento,Closed Lost,49700.0,2024-03-08,2024-05-29,0,0.411,2024-03-08,2024-03-22,2024-04-02,2024-04-16,2024-05-29
OPP-01080,LEAD-005894,ACC-01087,paid_search,Closed Lost,28800.0,2024-03-04,2024-04-22,0,0.209,2024-03-04,2024-03-18,2024-03-18,2024-04-04,2024-04-22
OPP-01081,LEAD-005915,ACC-01854,organic_search,Closed Won,93600.0,2024-03-17,2024-05-20,1,0.33,2024-03-17,2024-04-09,2024-04-22,2024-04-22,2024-05-20
OPP-01082,LEAD-005917,ACC-01620,linkedin_ads,Closed Lost,43700.0,2024-03-11,2024-06-15,0,0.238,2024-03-11,2024-03-23,2024-03-23,2024-05-30,2024-06-15
OPP-01083,LEAD-005924,ACC-00736,webinar_evento,Closed Lost,120600.0,2024-03-16,2024-05-13,0,0.43,2024-03-16,2024-03-18,2024-03-30,2024-04-02,2024-05-13
OPP-01084,LEAD-005927,ACC-00707,linkedin_ads,Closed Lost,44500.0,2024-03-03,2024-06-08,0,0.238,2024-03-03,2024-03-21,2024-04-04,2024-05-13,2024-06-08
OPP-01085,LEAD-005932,ACC-01287,email_marketing,Closed Lost,38900.0,2024-03-18,2024-04-28,0,0.254,2024-03-18,2024-03-19,2024-04-21,2024-04-21,2024-04-28
OPP-01086,LEAD-005934,ACC-00447,direct,Closed Won,39100.0,2024-03-11,2024-05-05,1,0.286,2024-03-11,2024-04-02,2024-04-07,2024-04-15,2024-05-05
OPP-01087,LEAD-005938,ACC-00424,linkedin_ads,Closed Won,97400.0,2024-03-03,2024-06-03,1,0.342,2024-03-03,2024-03-11,2024-05-23,2024-05-24,2024-06-03
OPP-01088,LEAD-005940,ACC-00875,organic_search,Closed Won,32100.0,2024-03-13,2024-04-19,1,0.317,2024-03-13,2024-03-17,2024-03-30,2024-04-11,2024-04-19
OPP-01089,LEAD-005941,ACC-00077,direct,Closed Won,100700.0,2024-03-16,2024-04-24,1,0.358,,,,,
OPP-01090,LEAD-005952,ACC-01367,direct,Closed Won,95100.0,2024-03-18,2024-05-01,1,0.286,2024-03-18,2024-03-22,2024-04-06,2024-04-09,2024-05-01
OPP-01091,LEAD-005957,ACC-00901,organic_search,Closed Lost,136000.0,2024-03-11,2024-05-01,0,0.251,,,,,
OPP-01092,LEAD-005959,ACC-00937,webinar_evento,Closed Lost,106400.0,2024-03-15,2024-05-28,0,0.374,2024-03-15,2024-04-01,2024-04-14,2024-05-13,2024-05-28
OPP-01093,LEAD-005961,ACC-00325,organic_search,Closed Won,144500.0,2024-03-09,2024-04-26,1,0.37,2024-03-09,2024-03-09,2024-04-03,2024-04-17,2024-04-26
OPP-01094,LEAD-005962,ACC-00780,webinar_evento,Closed Won,131400.0,2024-03-18,2024-05-14,1,0.355,2024-03-18,2024-03-19,2024-04-15,2024-05-05,2024-05-14
OPP-01095,LEAD-005963,ACC-01943,linkedin_ads,Closed Lost,183800.0,2024-03-19,2024-05-30,0,0.356,2024-03-19,2024-03-26,2024-04-12,2024-05-29,2024-05-30
OPP-01096,LEAD-005968,ACC-01357,paid_search,Closed Lost,29100.0,2024-03-09,2024-04-19,0,0.188,2024-03-09,2024-03-09,2024-03-10,2024-03-16,2024-04-19
OPP-01097,LEAD-005970,ACC-00159,linkedin_ads,Closed Won,106000.0,2024-03-05,2024-05-30,1,0.342,2024-03-05,2024-03-16,2024-03-29,2024-04-11,2024-05-30
OPP-01098,LEAD-005972,ACC-01823,webinar_evento,Closed Won,117600.0,2024-03-14,2024-06-03,1,0.374,2024-03-14,2024-03-18,2024-05-09,2024-05-23,2024-06-03
OPP-01099,LEAD-005978,ACC-01237,linkedin_ads,Closed Won,164600.0,2024-03-04,2024-05-03,1,0.252,2024-03-04,2024-04-08,2024-04-21,2024-05-01,2024-05-03
OPP-01100,LEAD-005981,ACC-01896,organic_search,Closed Lost,165900.0,2024-03-15,2024-04-30,0,0.264,2024-03-15,2024-03-23,2024-04-05,2024-04-18,2024-04-30
OPP-01101,LEAD-005983,ACC-01016,meta_ads,Closed Lost,21400.0,2024-03-11,2024-04-08,0,0.145,2024-03-11,2024-03-18,2024-03-22,2024-04-01,2024-04-08
OPP-01102,LEAD-005986,ACC-01671,webinar_evento,Closed Lost,104400.0,2024-03-23,2024-05-12,0,0.43,2024-03-23,2024-04-26,2024-04-27,2024-05-01,2024-05-12
OPP-01103,LEAD-005998,ACC-00685,webinar_evento,Closed Won,113100.0,2024-03-21,2024-04-16,1,0.43,2024-03-21,2024-03-25,2024-03-31,2024-03-31,2024-04-16
OPP-01104,LEAD-006005,ACC-01639,webinar_evento,Closed Lost,40700.0,2024-03-17,2024-06-08,0,0.355,2024-03-17,2024-03-27,2024-04-29,2024-05-20,2024-06-08
OPP-01105,LEAD-006014,ACC-00373,organic_search,Closed Lost,131000.0,2024-03-08,2024-04-26,0,0.224,2024-03-08,2024-03-16,2024-04-01,2024-04-18,2024-04-26
OPP-01106,LEAD-006020,ACC-00739,paid_search,Closed Lost,70000.0,2024-03-25,2024-04-17,0,0.209,2024-03-25,2024-03-30,2024-03-30,2024-04-04,2024-04-17
OPP-01107,LEAD-006024,ACC-00966,organic_search,Closed Lost,31100.0,2024-03-12,2024-05-02,0,0.29,,,,,
OPP-01108,LEAD-006039,ACC-00971,webinar_evento,Closed Lost,103300.0,2024-03-25,2024-06-30,0,0.374,2024-03-25,2024-04-21,2024-06-01,2024-06-29,2024-06-30
OPP-01109,LEAD-006041,ACC-01525,paid_search,Closed Lost,76500.0,2024-03-19,2024-04-26,0,0.209,2024-03-19,2024-03-21,2024-04-07,2024-04-08,2024-04-26
OPP-01110,LEAD-006044,ACC-00408,organic_search,Closed Lost,73500.0,2024-03-18,2024-06-06,0,0.33,,,,,
OPP-01111,LEAD-006045,ACC-01594,paid_search,Closed Lost,55100.0,2024-03-26,2024-04-29,0,0.219,2024-03-26,2024-03-31,2024-04-07,2024-04-15,2024-04-29
OPP-01112,LEAD-006047,ACC-00160,linkedin_ads,Closed Lost,80700.0,2024-03-22,2024-05-30,0,0.297,2024-03-22,2024-04-01,2024-05-05,2024-05-13,2024-05-30
OPP-01113,LEAD-006056,ACC-00311,paid_search,Closed Lost,27500.0,2024-03-10,2024-05-08,0,0.209,2024-03-10,2024-03-12,2024-03-31,2024-04-04,2024-05-08
OPP-01114,LEAD-006062,ACC-01162,organic_search,Closed Won,33400.0,2024-03-27,2024-05-23,1,0.29,2024-03-27,2024-04-06,2024-05-01,2024-05-08,2024-05-23
OPP-01115,LEAD-006067,ACC-01870,meta_ads,Closed Lost,25200.0,2024-03-13,2024-04-17,0,0.132,2024-03-13,2024-03-17,2024-04-05,2024-04-08,2024-04-17
OPP-01116,LEAD-006073,ACC-00228,linkedin_ads,Closed Won,237100.0,2024-03-26,2024-06-06,1,0.297,2024-03-26,2024-04-06,2024-05-11,2024-05-13,2024-06-06
OPP-01117,LEAD-006076,ACC-00941,paid_search,Closed Lost,33400.0,2024-03-20,2024-04-28,0,0.23,2024-03-20,2024-03-31,2024-04-01,2024-04-25,2024-04-28
OPP-01118,LEAD-006077,ACC-01077,paid_search,Closed Lost,76400.0,2024-03-18,2024-04-22,0,0.23,2024-03-18,2024-04-04,2024-04-05,2024-04-10,2024-04-22
OPP-01119,LEAD-006086,ACC-01919,paid_search,Closed Lost,26400.0,2024-03-21,2024-05-04,0,0.23,2024-03-21,2024-03-22,2024-03-23,2024-04-25,2024-05-04
OPP-01120,LEAD-006092,ACC-01982,organic_search,Closed Lost,94200.0,2024-03-23,2024-05-12,0,0.264,2024-03-23,2024-04-09,2024-04-20,2024-04-26,2024-05-12
OPP-01121,LEAD-006104,ACC-01278,organic_search,Closed Lost,33600.0,2024-03-15,2024-05-15,0,0.317,2024-03-15,2024-04-25,2024-05-03,2024-05-13,2024-05-15
OPP-01122,LEAD-006115,ACC-01773,paid_search,Closed Lost,81000.0,2024-03-23,2024-04-25,0,0.24,2024-03-23,2024-04-02,2024-04-02,2024-04-14,2024-04-25
OPP-01123,LEAD-006127,ACC-00624,organic_search,Closed Won,87100.0,2024-03-20,2024-05-16,1,0.296,2024-03-20,2024-03-29,2024-04-28,2024-05-11,2024-05-16
OPP-01124,LEAD-006130,ACC-01136,direct,Closed Lost,40300.0,2024-03-31,2024-05-01,0,0.286,2024-03-31,2024-04-14,2024-04-14,2024-04-14,2024-05-01
OPP-01125,LEAD-006133,ACC-01487,direct,Closed Won,34500.0,2024-03-21,2024-04-27,1,0.343,2024-03-21,2024-03-30,2024-04-13,2024-04-16,2024-04-27
OPP-01126,LEAD-006136,ACC-00221,direct,Closed Lost,78700.0,2024-03-19,2024-05-03,0,0.272,2024-03-19,2024-03-23,2024-04-14,2024-04-15,2024-05-03
OPP-01127,LEAD-006137,ACC-00200,paid_search,Closed Won,34400.0,2024-03-20,2024-05-04,1,0.251,2024-03-20,2024-03-28,2024-03-29,2024-04-06,2024-05-04
OPP-01128,LEAD-006138,ACC-00397,linkedin_ads,Closed Won,120300.0,2024-03-25,2024-06-06,1,0.297,2024-03-25,2024-04-15,2024-05-10,2024-05-29,2024-06-06
OPP-01129,LEAD-006139,ACC-01147,linkedin_ads,Closed Lost,47100.0,2024-03-30,2024-06-17,0,0.297,2024-03-30,2024-04-01,2024-04-04,2024-04-24,2024-06-17
OPP-01130,LEAD-006140,ACC-00616,linkedin_ads,Closed Lost,54400.0,2024-03-24,2024-05-16,0,0.356,2024-03-24,2024-04-03,2024-04-07,2024-04-08,2024-05-16
OPP-01131,LEAD-006141,ACC-00577,webinar_evento,Closed Won,129300.0,2024-03-31,2024-06-09,1,0.374,2024-03-31,2024-04-19,2024-04-22,2024-05-06,2024-06-09
OPP-01132,LEAD-006142,ACC-00924,webinar_evento,Closed Lost,45300.0,2024-03-28,2024-06-16,0,0.374,2024-03-28,2024-04-19,2024-04-24,2024-06-04,2024-06-16
OPP-01133,LEAD-006149,ACC-01099,direct,Closed Lost,101600.0,2024-03-31,2024-04-22,0,0.329,2024-03-31,2024-04-10,2024-04-11,2024-04-17,2024-04-22
OPP-01134,LEAD-006150,ACC-00900,linkedin_ads,Closed Lost,198500.0,2024-03-23,2024-06-14,0,0.297,2024-03-23,2024-04-04,2024-06-08,2024-06-09,2024-06-14
OPP-01135,LEAD-006160,ACC-00681,webinar_evento,Closed Lost,41600.0,2024-03-30,2024-07-27,0,0.449,2024-03-30,2024-04-07,2024-05-04,2024-07-17,2024-07-27
OPP-01136,LEAD-006180,ACC-01292,paid_search,Closed Won,68400.0,2024-03-25,2024-04-29,1,0.209,2024-03-25,2024-03-30,2024-03-30,2024-04-11,2024-04-29
OPP-01137,LEAD-006184,ACC-00274,organic_search,Closed Lost,70200.0,2024-04-02,2024-05-14,0,0.264,2024-04-02,2024-04-04,2024-04-28,2024-05-03,2024-05-14
OPP-01138,LEAD-006190,ACC-00767,paid_search,Closed Won,138100.0,2024-03-21,2024-05-01,1,0.282,2024-03-21,2024-03-30,2024-04-02,2024-04-07,2024-05-01
OPP-01139,LEAD-006196,ACC-01389,organic_search,Closed Lost,83000.0,2024-03-24,2024-05-30,0,0.251,2024-03-24,2024-04-17,2024-04-18,2024-04-19,2024-05-30
OPP-01140,LEAD-006201,ACC-00274,organic_search,Closed Lost,54900.0,2024-03-29,2024-05-22,0,0.264,2024-03-29,2024-04-06,2024-05-08,2024-05-19,2024-05-22
OPP-01141,LEAD-006209,ACC-00580,organic_search,Closed Lost,87000.0,2024-03-19,2024-05-19,0,0.264,2024-03-19,2024-04-14,2024-04-28,2024-05-02,2024-05-19
OPP-01142,LEAD-006211,ACC-00430,meta_ads,Closed Lost,49100.0,2024-04-04,2024-05-15,0,0.152,2024-04-04,2024-04-04,2024-04-09,2024-05-02,2024-05-15
OPP-01143,LEAD-006223,ACC-01425,organic_search,Closed Won,141300.0,2024-03-26,2024-05-06,1,0.264,2024-03-26,2024-03-28,2024-04-06,2024-05-04,2024-05-06
OPP-01144,LEAD-006224,ACC-00009,meta_ads,Closed Lost,57700.0,2024-04-01,2024-05-17,0,0.165,2024-04-01,2024-04-22,2024-05-02,2024-05-14,2024-05-17
OPP-01145,LEAD-006225,ACC-00587,organic_search,Closed Lost,57500.0,2024-03-21,2024-05-14,0,0.29,2024-03-21,2024-04-17,2024-04-29,2024-04-30,2024-05-14
OPP-01146,LEAD-006226,ACC-00282,paid_search,Closed Lost,115700.0,2024-04-04,2024-05-01,0,0.209,2024-04-04,2024-04-07,2024-04-07,2024-04-15,2024-05-01
OPP-01147,LEAD-006228,ACC-01708,organic_search,Closed Won,67900.0,2024-03-28,2024-05-15,1,0.264,2024-03-28,2024-04-12,2024-04-14,2024-05-01,2024-05-15
OPP-01148,LEAD-006233,ACC-00360,meta_ads,Closed Won,59000.0,2024-03-19,2024-04-26,1,0.132,2024-03-19,2024-04-03,2024-04-20,2024-04-23,2024-04-26
OPP-01149,LEAD-006242,ACC-01542,organic_search,Closed Won,26500.0,2024-03-26,2024-05-29,1,0.251,2024-03-26,2024-04-20,2024-04-26,2024-05-23,2024-05-29
OPP-01150,LEAD-006254,ACC-00546,webinar_evento,Closed Lost,59900.0,2024-03-26,2024-05-09,0,0.449,2024-03-26,2024-04-05,2024-04-18,2024-04-21,2024-05-09
OPP-01151,LEAD-006256,ACC-00371,organic_search,Closed Won,82600.0,2024-03-26,2024-05-31,1,0.304,2024-03-26,2024-05-13,2024-05-13,2024-05-24,2024-05-31
OPP-01152,LEAD-006259,ACC-00693,organic_search,Closed Lost,70800.0,2024-03-31,2024-05-18,0,0.29,2024-03-31,2024-04-24,2024-04-29,2024-05-13,2024-05-18
OPP-01153,LEAD-006267,ACC-00153,webinar_evento,Closed Lost,102300.0,2024-04-03,2024-07-03,0,0.43,2024-04-03,2024-04-26,2024-05-21,2024-06-16,2024-07-03
OPP-01154,LEAD-006284,ACC-01590,webinar_evento,Closed Lost,52700.0,2024-04-06,2024-06-24,0,0.299,2024-04-06,2024-04-08,2024-04-13,2024-04-19,2024-06-24
OPP-01155,LEAD-006286,ACC-00777,webinar_evento,Closed Lost,185000.0,2024-03-27,2024-06-05,0,0.411,2024-03-27,2024-04-07,2024-05-08,2024-05-24,2024-06-05
OPP-01156,LEAD-006289,ACC-01476,linkedin_ads,Closed Lost,51700.0,2024-04-08,2024-06-22,0,0.267,2024-04-08,2024-05-16,2024-06-05,2024-06-11,2024-06-22
OPP-01157,LEAD-006291,ACC-00834,webinar_evento,Closed Won,41200.0,2024-03-30,2024-07-05,1,0.374,2024-03-30,2024-05-03,2024-06-25,2024-06-28,2024-07-05
OPP-01158,LEAD-006294,ACC-01923,meta_ads,Closed Lost,80600.0,2024-04-02,2024-05-02,0,0.145,2024-04-02,2024-04-02,2024-04-20,2024-04-25,2024-05-02
OPP-01159,LEAD-006298,ACC-01178,webinar_evento,Closed Won,85800.0,2024-03-25,2024-06-22,1,0.43,2024-03-25,2024-03-29,2024-05-12,2024-06-13,2024-06-22
OPP-01160,LEAD-006305,ACC-01308,direct,Closed Won,204700.0,2024-03-31,2024-04-30,1,0.243,2024-03-31,2024-04-02,2024-04-07,2024-04-09,2024-04-30
OPP-01161,LEAD-006308,ACC-01971,linkedin_ads,Closed Lost,191200.0,2024-04-01,2024-06-19,0,0.252,2024-04-01,2024-04-12,2024-05-10,2024-05-21,2024-06-19
OPP-01162,LEAD-006313,ACC-01760,webinar_evento,Closed Lost,119200.0,2024-04-02,2024-06-15,0,0.374,,,,,
OPP-01163,LEAD-006318,ACC-00037,paid_search,Closed Won,83900.0,2024-03-26,2024-05-09,1,0.199,2024-03-26,2024-04-02,2024-04-14,2024-05-07,2024-05-09
OPP-01164,LEAD-006330,ACC-00109,organic_search,Closed Lost,143600.0,2024-04-02,2024-05-20,0,0.224,2024-04-02,2024-04-13,2024-04-15,2024-05-12,2024-05-20
OPP-01165,LEAD-006339,ACC-00300,paid_search,Closed Lost,111600.0,2024-04-06,2024-05-09,0,0.24,2024-04-06,2024-04-15,2024-04-17,2024-04-25,2024-05-09
OPP-01166,LEAD-006343,ACC-01955,paid_search,Closed Won,67700.0,2024-04-03,2024-04-26,1,0.261,,,,,
OPP-01167,LEAD-006344,ACC-01527,organic_search,Closed Lost,31200.0,2024-04-04,2024-05-24,0,0.211,2024-04-04,2024-04-16,2024-04-29,2024-05-17,2024-05-24
OPP-01168,LEAD-006348,ACC-00848,paid_search,Closed Lost,29900.0,2024-04-03,2024-05-13,0,0.23,2024-04-03,2024-04-11,2024-04-25,2024-05-11,2024-05-13
OPP-01169,LEAD-006353,ACC-00518,organic_search,Closed Lost,94800.0,2024-04-08,2024-06-20,0,0.304,2024-04-08,2024-04-23,2024-04-23,2024-06-10,2024-06-20
OPP-01170,LEAD-006354,ACC-00257,paid_search,Closed Lost,127800.0,2024-04-02,2024-04-27,0,0.282,2024-04-02,2024-04-09,2024-04-13,2024-04-18,2024-04-27
OPP-01171,LEAD-006356,ACC-00824,paid_search,Closed Lost,81800.0,2024-04-01,2024-05-29,0,0.199,2024-04-01,2024-04-04,2024-04-04,2024-05-10,2024-05-29
OPP-01172,LEAD-006361,ACC-01758,meta_ads,Closed Lost,63900.0,2024-03-28,2024-04-25,0,0.132,2024-03-28,2024-03-30,2024-04-07,2024-04-14,2024-04-25
OPP-01173,LEAD-006365,ACC-00388,direct,Closed Lost,45100.0,2024-04-10,2024-05-27,0,0.315,2024-04-10,2024-05-10,2024-05-16,2024-05-16,2024-05-27
OPP-01174,LEAD-006366,ACC-01085,linkedin_ads,Closed Lost,46100.0,2024-04-08,2024-06-25,0,0.356,2024-04-08,2024-05-07,2024-06-13,2024-06-21,2024-06-25
OPP-01175,LEAD-006369,ACC-01042,organic_search,Closed Won,93000.0,2024-04-05,2024-05-27,1,0.264,2024-04-05,2024-04-19,2024-04-26,2024-05-01,2024-05-27
OPP-01176,LEAD-006374,ACC-00843,organic_search,Closed Lost,80700.0,2024-04-05,2024-05-25,0,0.264,2024-04-05,2024-04-06,2024-04-12,2024-05-13,2024-05-25
OPP-01177,LEAD-006375,ACC-01509,webinar_evento,Closed Lost,131400.0,2024-04-05,2024-07-05,0,0.393,2024-04-05,2024-06-21,2024-06-21,2024-06-21,2024-07-05
OPP-01178,LEAD-006384,ACC-01600,linkedin_ads,Closed Lost,47600.0,2024-03-28,2024-05-20,0,0.252,2024-03-28,2024-04-13,2024-05-12,2024-05-18,2024-05-20
OPP-01179,LEAD-006392,ACC-00555,paid_search,Closed Lost,74200.0,2024-04-06,2024-05-14,0,0.209,2024-04-06,2024-04-13,2024-04-23,2024-04-28,2024-05-14
OPP-01180,LEAD-006396,ACC-00956,webinar_evento,Closed Won,102000.0,2024-03-28,2024-06-19,1,0.374,2024-03-28,2024-04-20,2024-05-13,2024-06-10,2024-06-19
OPP-01181,LEAD-006397,ACC-00805,paid_search,Closed Lost,33900.0,2024-04-11,2024-05-31,0,0.23,2024-04-11,2024-04-24,2024-05-25,2024-05-29,2024-05-31
OPP-01182,LEAD-006407,ACC-01091,paid_search,Closed Lost,75300.0,2024-04-09,2024-06-03,0,0.261,2024-04-09,2024-04-21,2024-04-30,2024-05-15,2024-06-03
OPP-01183,LEAD-006410,ACC-00449,direct,Closed Lost,94800.0,2024-03-30,2024-05-17,0,0.286,2024-03-30,2024-04-07,2024-04-10,2024-04-10,2024-05-17
OPP-01184,LEAD-006415,ACC-00551,direct,Closed Lost,88000.0,2024-04-03,2024-05-02,0,0.329,2024-04-03,2024-04-05,2024-04-06,2024-04-26,2024-05-02
OPP-01185,LEAD-006421,ACC-00701,linkedin_ads,Closed Won,92600.0,2024-03-30,2024-06-16,1,0.297,2024-03-30,2024-04-08,2024-04-21,2024-05-21,2024-06-16
OPP-01186,LEAD-006422,ACC-01064,linkedin_ads,Closed Lost,87000.0,2024-03-31,2024-07-09,0,0.371,2024-03-31,2024-04-14,2024-06-08,2024-07-01,2024-07-09
OPP-01187,LEAD-006427,ACC-01648,email_marketing,Closed Lost,92100.0,2024-04-02,2024-05-28,0,0.231,2024-04-02,2024-04-17,2024-04-23,2024-04-24,2024-05-28
OPP-01188,LEAD-006429,ACC-00637,meta_ads,Closed Lost,25500.0,2024-04-10,2024-05-02,0,0.132,2024-04-10,2024-04-13,2024-04-17,2024-04-18,2024-05-02
OPP-01189,LEAD-006438,ACC-01069,webinar_evento,Closed Won,125900.0,2024-04-06,2024-06-26,1,0.374,2024-04-06,2024-04-26,2024-05-01,2024-06-15,2024-06-26
OPP-01190,LEAD-006448,ACC-01937,webinar_evento,Closed Won,42500.0,2024-04-05,2024-05-31,1,0.318,2024-04-05,2024-04-07,2024-05-06,2024-05-23,2024-05-31
OPP-01191,LEAD-006452,ACC-01694,organic_search,Closed Lost,79200.0,2024-04-10,2024-06-11,0,0.264,2024-04-10,2024-04-27,2024-05-15,2024-06-04,2024-06-11
OPP-01192,LEAD-006453,ACC-00299,paid_search,Closed Lost,28900.0,2024-04-06,2024-05-19,0,0.178,,,,,
OPP-01193,LEAD-006455,ACC-00030,paid_search,Closed Won,136800.0,2024-04-02,2024-04-22,1,0.23,2024-04-02,2024-04-06,2024-04-06,2024-04-10,2024-04-22
OPP-01194,LEAD-006464,ACC-01972,organic_search,Closed Won,39800.0,2024-04-04,2024-05-29,1,0.29,2024-04-04,2024-04-06,2024-04-06,2024-04-13,2024-05-29
OPP-01195,LEAD-006469,ACC-00469,webinar_evento,Closed Lost,41200.0,2024-04-13,2024-05-30,0,0.337,2024-04-13,2024-05-08,2024-05-11,2024-05-22,2024-05-30
OPP-01196,LEAD-006475,ACC-01493,webinar_evento,Closed Won,48000.0,2024-04-08,2024-06-26,1,0.411,2024-04-08,2024-04-17,2024-04-28,2024-05-27,2024-06-26
OPP-01197,LEAD-006480,ACC-00456,email_marketing,Closed Won,158000.0,2024-04-10,2024-05-07,1,0.254,2024-04-10,2024-04-16,2024-04-17,2024-04-19,2024-05-07
OPP-01198,LEAD-006481,ACC-01456,webinar_evento,Closed Won,186000.0,2024-04-05,2024-06-07,1,0.449,2024-04-05,2024-04-06,2024-04-22,2024-05-03,2024-06-07
OPP-01199,LEAD-006487,ACC-01788,organic_search,Closed Lost,41200.0,2024-04-01,2024-06-02,0,0.317,2024-04-01,2024-04-23,2024-04-28,2024-05-12,2024-06-02
OPP-01200,LEAD-006490,ACC-01364,paid_search,Closed Lost,27300.0,2024-04-05,2024-05-05,0,0.23,2024-04-05,2024-04-08,2024-04-11,2024-04-30,2024-05-05
OPP-01201,LEAD-006495,ACC-01800,webinar_evento,Closed Lost,102900.0,2024-04-13,2024-06-18,0,0.43,2024-04-13,2024-05-15,2024-06-15,2024-06-16,2024-06-18
OPP-01202,LEAD-006498,ACC-00270,linkedin_ads,Closed Lost,115500.0,2024-04-11,2024-07-01,0,0.297,2024-04-11,2024-04-18,2024-04-25,2024-04-26,2024-07-01
OPP-01203,LEAD-006507,ACC-00542,direct,Closed Lost,94400.0,2024-04-17,2024-05-20,0,0.286,2024-04-17,2024-04-18,2024-04-23,2024-05-04,2024-05-20
OPP-01204,LEAD-006515,ACC-00898,linkedin_ads,Closed Won,43200.0,2024-04-13,2024-06-27,1,0.356,2024-04-13,2024-04-20,2024-05-03,2024-05-10,2024-06-27
OPP-01205,LEAD-006517,ACC-00722,organic_search,Closed Lost,124600.0,2024-04-13,2024-05-30,0,0.264,2024-04-13,2024-05-03,2024-05-09,2024-05-17,2024-05-30
OPP-01206,LEAD-006522,ACC-01225,organic_search,Closed Lost,33600.0,2024-04-11,2024-06-09,0,0.317,2024-04-11,2024-04-22,2024-05-26,2024-06-01,2024-06-09
OPP-01207,LEAD-006523,ACC-01432,paid_search,Closed Lost,58000.0,2024-04-20,2024-06-03,0,0.24,2024-04-20,2024-05-17,2024-05-25,2024-05-25,2024-06-03
OPP-01208,LEAD-006527,ACC-00576,webinar_evento,Closed Won,43500.0,2024-04-22,2024-05-28,1,0.355,2024-04-22,2024-05-05,2024-05-16,2024-05-26,2024-05-28
OPP-01209,LEAD-006540,ACC-00643,webinar_evento,Closed Won,108100.0,2024-04-11,2024-06-22,1,0.43,2024-04-11,2024-04-12,2024-04-15,2024-06-15,2024-06-22
OPP-01210,LEAD-006543,ACC-00871,organic_search,Closed Lost,122600.0,2024-04-23,2024-06-11,0,0.224,2024-04-23,2024-05-07,2024-05-10,2024-05-29,2024-06-11
OPP-01211,LEAD-006555,ACC-01682,paid_search,Closed Lost,118400.0,2024-04-11,2024-06-03,0,0.282,2024-04-11,2024-04-25,2024-04-28,2024-05-30,2024-06-03
OPP-01212,LEAD-006577,ACC-01142,meta_ads,Closed Won,46500.0,2024-04-19,2024-05-19,1,0.125,2024-04-19,2024-05-06,2024-05-10,2024-05-11,2024-05-19
OPP-01213,LEAD-006579,ACC-00662,organic_search,Closed Lost,99400.0,2024-04-17,2024-06-18,0,0.277,2024-04-17,2024-04-27,2024-05-06,2024-05-17,2024-06-18
OPP-01214,LEAD-006591,ACC-00903,organic_search,Closed Lost,60900.0,2024-04-20,2024-06-12,0,0.33,2024-04-20,2024-05-09,2024-05-09,2024-05-16,2024-06-12
OPP-01215,LEAD-006592,ACC-01697,organic_search,Closed Won,83100.0,2024-04-12,2024-06-27,1,0.304,2024-04-12,2024-04-15,2024-06-02,2024-06-20,2024-06-27
OPP-01216,LEAD-006597,ACC-01979,paid_search,Closed Lost,68000.0,2024-04-28,2024-06-12,0,0.209,2024-04-28,2024-04-30,2024-05-19,2024-06-04,2024-06-12
OPP-01217,LEAD-006599,ACC-00418,organic_search,Closed Lost,34600.0,2024-04-26,2024-06-17,0,0.317,2024-04-26,2024-05-22,2024-05-28,2024-06-10,2024-06-17
OPP-01218,LEAD-006602,ACC-01686,organic_search,Closed Lost,127900.0,2024-04-28,2024-06-29,0,0.414,2024-04-28,2024-05-12,2024-05-20,2024-06-22,2024-06-29
OPP-01219,LEAD-006613,ACC-01714,paid_search,Closed Lost,135300.0,2024-04-17,2024-05-17,0,0.282,2024-04-17,2024-04-21,2024-04-27,2024-04-29,2024-05-17
OPP-01220,LEAD-006616,ACC-01642,direct,Closed Lost,47800.0,2024-04-19,2024-05-23,0,0.315,2024-04-19,2024-04-22,2024-05-10,2024-05-17,2024-05-23
OPP-01221,LEAD-006620,ACC-01619,webinar_evento,Closed Won,110800.0,2024-04-14,2024-06-17,1,0.393,2024-04-14,2024-04-17,2024-04-29,2024-05-17,2024-06-17
OPP-01222,LEAD-006625,ACC-01663,webinar_evento,Closed Lost,113800.0,2024-04-29,2024-07-29,0,0.374,2024-04-29,2024-05-01,2024-05-28,2024-07-13,2024-07-29
OPP-01223,LEAD-006627,ACC-00050,webinar_evento,Closed Won,238500.0,2024-04-28,2024-07-02,1,0.355,2024-04-28,2024-05-14,2024-06-02,2024-06-16,2024-07-02
OPP-01224,LEAD-006630,ACC-01994,direct,Closed Lost,37500.0,2024-04-17,2024-05-09,0,0.343,2024-04-17,2024-04-17,2024-04-18,2024-05-05,2024-05-09
OPP-01225,LEAD-006636,ACC-00258,webinar_evento,Closed Lost,125400.0,2024-04-22,2024-07-17,0,0.393,2024-04-22,2024-04-22,2024-04-23,2024-05-04,2024-07-17
OPP-01226,LEAD-006650,ACC-01362,paid_search,Closed Lost,52400.0,2024-04-30,2024-06-23,0,0.219,2024-04-30,2024-05-12,2024-05-18,2024-05-23,2024-06-23
OPP-01227,LEAD-006655,ACC-00666,webinar_evento,Closed Lost,46400.0,2024-04-26,2024-06-20,0,0.411,2024-04-26,2024-04-26,2024-04-30,2024-06-04,2024-06-20
OPP-01228,LEAD-006660,ACC-01730,organic_search,Closed Lost,83400.0,2024-04-28,2024-06-28,0,0.264,2024-04-28,2024-05-05,2024-06-08,2024-06-20,2024-06-28
OPP-01229,LEAD-006667,ACC-00989,webinar_evento,Closed Lost,104000.0,2024-04-26,2024-06-27,0,0.393,2024-04-26,2024-05-05,2024-05-18,2024-06-25,2024-06-27
OPP-01230,LEAD-006674,ACC-01400,linkedin_ads,Closed Lost,130500.0,2024-04-30,2024-07-30,0,0.342,2024-04-30,2024-05-12,2024-06-01,2024-06-18,2024-07-30
OPP-01231,LEAD-006676,ACC-01696,organic_search,Closed Won,61100.0,2024-04-18,2024-06-08,1,0.264,2024-04-18,2024-05-26,2024-05-27,2024-06-03,2024-06-08
OPP-01232,LEAD-006679,ACC-00213,linkedin_ads,Closed Lost,50200.0,2024-04-18,2024-07-26,0,0.252,2024-04-18,2024-06-04,2024-06-09,2024-06-18,2024-07-26
OPP-01233,LEAD-006688,ACC-01606,paid_search,Closed Lost,26000.0,2024-04-21,2024-05-16,0,0.209,2024-04-21,2024-05-02,2024-05-03,2024-05-13,2024-05-16
OPP-01234,LEAD-006703,ACC-00430,email_marketing,Closed Lost,75700.0,2024-04-23,2024-06-09,0,0.266,2024-04-23,2024-05-04,2024-05-14,2024-06-05,2024-06-09
OPP-01235,LEAD-006705,ACC-00683,organic_search,Closed Lost,72700.0,2024-05-01,2024-06-09,0,0.304,2024-05-01,2024-05-13,2024-05-17,2024-05-24,2024-06-09
OPP-01236,LEAD-006707,ACC-01934,paid_search,Closed Lost,32100.0,2024-04-19,2024-06-18,0,0.23,2024-04-19,2024-04-22,2024-04-22,2024-04-27,2024-06-18
OPP-01237,LEAD-006709,ACC-01675,organic_search,Closed Won,58600.0,2024-04-30,2024-06-28,1,0.29,2024-04-30,2024-05-27,2024-05-31,2024-06-03,2024-06-28
OPP-01238,LEAD-006717,ACC-00834,organic_search,Closed Lost,39500.0,2024-04-23,2024-06-28,0,0.264,2024-04-23,2024-04-25,2024-05-26,2024-06-19,2024-06-28
OPP-01239,LEAD-006722,ACC-00947,direct,Closed Won,91700.0,2024-04-22,2024-06-02,1,0.358,2024-04-22,2024-05-08,2024-05-20,2024-05-26,2024-06-02
OPP-01240,LEAD-006726,ACC-01721,paid_search,Closed Won,31900.0,2024-05-03,2024-06-19,1,0.251,2024-05-03,2024-05-15,2024-05-24,2024-05-29,2024-06-19
OPP-01241,LEAD-006731,ACC-01925,direct,Closed Won,79100.0,2024-04-21,2024-05-25,1,0.358,2024-04-21,2024-04-25,2024-05-04,2024-05-19,2024-05-25
OPP-01242,LEAD-006736,ACC-00766,linkedin_ads,Closed Won,102100.0,2024-04-20,2024-05-26,1,0.282,2024-04-20,2024-05-03,2024-05-16,2024-05-22,2024-05-26
OPP-01243,LEAD-006739,ACC-00508,organic_search,Closed Lost,88300.0,2024-04-20,2024-07-05,0,0.33,2024-04-20,2024-05-06,2024-05-08,2024-06-11,2024-07-05
OPP-01244,LEAD-006748,ACC-00129,direct,Closed Won,91200.0,2024-05-01,2024-05-31,1,0.329,2024-05-01,2024-05-14,2024-05-15,2024-05-27,2024-05-31
OPP-01245,LEAD-006749,ACC-01755,organic_search,Closed Lost,28500.0,2024-04-26,2024-05-21,0,0.224,2024-04-26,2024-04-30,2024-05-05,2024-05-14,2024-05-21
OPP-01246,LEAD-006750,ACC-01296,webinar_evento,Closed Won,47900.0,2024-04-28,2024-07-13,1,0.449,2024-04-28,2024-05-11,2024-05-19,2024-05-28,2024-07-13
OPP-01247,LEAD-006761,ACC-01729,email_marketing,Closed Lost,87900.0,2024-04-21,2024-06-09,0,0.231,2024-04-21,2024-04-21,2024-05-11,2024-05-15,2024-06-09
OPP-01248,LEAD-006762,ACC-01231,paid_search,Closed Lost,28100.0,2024-04-21,2024-05-25,0,0.251,2024-04-21,2024-04-21,2024-04-26,2024-05-18,2024-05-25
OPP-01249,LEAD-006767,ACC-00474,organic_search,Closed Won,26100.0,2024-04-30,2024-06-15,1,0.211,2024-04-30,2024-06-02,2024-06-03,2024-06-08,2024-06-15
OPP-01250,LEAD-006769,ACC-01114,webinar_evento,Closed Lost,53800.0,2024-04-26,2024-07-05,0,0.337,2024-04-26,2024-05-11,2024-06-03,2024-06-03,2024-07-05
OPP-01251,LEAD-006771,ACC-00318,webinar_evento,Closed Lost,117400.0,2024-04-23,2024-06-09,0,0.43,2024-04-23,2024-05-17,2024-05-22,2024-05-23,2024-06-09
OPP-01252,LEAD-006782,ACC-01627,webinar_evento,Closed Lost,98900.0,2024-05-06,2024-07-23,0,0.355,2024-05-06,2024-05-06,2024-05-22,2024-06-17,2024-07-23
OPP-01253,LEAD-006784,ACC-00711,email_marketing,Closed Lost,38800.0,2024-05-03,2024-06-14,0,0.277,2024-05-03,2024-06-05,2024-06-05,2024-06-09,2024-06-14
OPP-01254,LEAD-006789,ACC-01961,paid_search,Closed Lost,27100.0,2024-04-25,2024-06-21,0,0.167,2024-04-25,2024-05-18,2024-06-09,2024-06-15,2024-06-21
OPP-01255,LEAD-006812,ACC-01441,paid_search,Closed Lost,29600.0,2024-05-07,2024-06-20,0,0.251,2024-05-07,2024-05-07,2024-05-10,2024-05-29,2024-06-20
OPP-01256,LEAD-006823,ACC-01137,direct,Closed Won,88800.0,2024-05-01,2024-06-27,1,0.286,2024-05-01,2024-05-21,2024-05-31,2024-06-17,2024-06-27
OPP-01257,LEAD-006830,ACC-01825,direct,Closed Lost,102300.0,2024-05-10,2024-06-16,0,0.329,2024-05-10,2024-05-10,2024-05-11,2024-06-03,2024-06-16
OPP-01258,LEAD-006838,ACC-00692,organic_search,Closed Lost,35000.0,2024-04-27,2024-07-10,0,0.238,2024-04-27,2024-05-02,2024-05-09,2024-06-10,2024-07-10
OPP-01259,LEAD-006845,ACC-01338,direct,Closed Lost,48600.0,2024-05-07,2024-06-21,0,0.343,2024-05-07,2024-05-17,2024-05-31,2024-06-01,2024-06-21
OPP-01260,LEAD-006846,ACC-00611,organic_search,Closed Lost,54600.0,2024-05-06,2024-06-11,0,0.264,2024-05-06,2024-05-21,2024-05-26,2024-05-27,2024-06-11
OPP-01261,LEAD-006851,ACC-00450,paid_search,Closed Won,113900.0,2024-05-05,2024-06-18,1,0.293,2024-05-05,2024-05-12,2024-05-17,2024-05-31,2024-06-18
OPP-01262,LEAD-006856,ACC-01718,paid_search,Closed Lost,30600.0,2024-05-01,2024-06-21,0,0.188,2024-05-01,2024-05-08,2024-05-19,2024-06-01,2024-06-21
OPP-01263,LEAD-006866,ACC-00211,email_marketing,Closed Lost,25700.0,2024-04-30,2024-06-03,0,0.231,2024-04-30,2024-05-21,2024-05-21,2024-05-21,2024-06-03
OPP-01264,LEAD-006871,ACC-00035,webinar_evento,Closed Lost,115300.0,2024-05-06,2024-07-06,0,0.374,2024-05-06,2024-05-27,2024-06-02,2024-06-14,2024-07-06
OPP-01265,LEAD-006881,ACC-00245,paid_search,Closed Lost,68500.0,2024-05-06,2024-06-16,0,0.24,2024-05-06,2024-05-27,2024-06-12,2024-06-13,2024-06-16
OPP-01266,LEAD-006890,ACC-00006,paid_search,Closed Lost,66000.0,2024-05-04,2024-06-19,0,0.24,2024-05-04,2024-05-06,2024-05-12,2024-05-14,2024-06-19
OPP-01267,LEAD-006892,ACC-01590,organic_search,Closed Won,26600.0,2024-05-16,2024-07-11,1,0.211,2024-05-16,2024-05-26,2024-05-31,2024-07-01,2024-07-11
OPP-01268,LEAD-006894,ACC-00425,paid_search,Closed Lost,79800.0,2024-04-30,2024-05-25,0,0.23,2024-04-30,2024-05-14,2024-05-15,2024-05-22,2024-05-25
OPP-01269,LEAD-006900,ACC-01744,paid_search,Closed Lost,133200.0,2024-05-11,2024-07-05,0,0.251,2024-05-11,2024-05-12,2024-05-21,2024-07-01,2024-07-05
OPP-01270,LEAD-006908,ACC-00670,paid_search,Closed Lost,32700.0,2024-05-08,2024-06-21,0,0.199,2024-05-08,2024-05-27,2024-06-09,2024-06-16,2024-06-21
OPP-01271,LEAD-006909,ACC-01217,linkedin_ads,Closed Lost,41800.0,2024-05-02,2024-07-25,0,0.267,2024-05-02,2024-05-15,2024-06-16,2024-07-14,2024-07-25
OPP-01272,LEAD-006914,ACC-01393,organic_search,Closed Lost,32000.0,2024-05-19,2024-07-24,0,0.238,2024-05-19,2024-05-23,2024-07-06,2024-07-09,2024-07-24
OPP-01273,LEAD-006915,ACC-00371,organic_search,Closed Won,74500.0,2024-05-04,2024-07-15,1,0.304,2024-05-04,2024-05-28,2024-06-23,2024-06-23,2024-07-15
OPP-01274,LEAD-006918,ACC-01516,organic_search,Closed Lost,42000.0,2024-05-14,2024-07-05,0,0.317,2024-05-14,2024-06-01,2024-06-14,2024-06-27,2024-07-05
OPP-01275,LEAD-006919,ACC-01695,meta_ads,Closed Lost,57700.0,2024-05-12,2024-06-23,0,0.145,2024-05-12,2024-05-29,2024-06-12,2024-06-13,2024-06-23
OPP-01276,LEAD-006920,ACC-00897,paid_search,Closed Lost,39200.0,2024-05-16,2024-06-14,0,0.251,2024-05-16,2024-05-16,2024-05-25,2024-06-05,2024-06-14
OPP-01277,LEAD-006924,ACC-00821,paid_search,Closed Lost,67600.0,2024-05-09,2024-06-13,0,0.261,2024-05-09,2024-05-16,2024-05-23,2024-05-25,2024-06-13
OPP-01278,LEAD-006925,ACC-01701,organic_search,Closed Won,28500.0,2024-05-05,2024-07-03,1,0.29,2024-05-05,2024-05-12,2024-05-17,2024-05-20,2024-07-03
OPP-01279,LEAD-006930,ACC-00885,organic_search,Closed Lost,129000.0,2024-05-17,2024-07-19,0,0.224,2024-05-17,2024-05-27,2024-06-19,2024-07-01,2024-07-19
OPP-01280,LEAD-006932,ACC-01356,paid_search,Closed Lost,140300.0,2024-05-14,2024-07-07,0,0.282,2024-05-14,2024-05-29,2024-05-30,2024-06-21,2024-07-07
OPP-01281,LEAD-006937,ACC-01114,webinar_evento,Closed Won,47900.0,2024-05-20,2024-07-21,1,0.337,2024-05-20,2024-05-28,2024-06-19,2024-07-08,2024-07-21
OPP-01282,LEAD-006939,ACC-01613,webinar_evento,Closed Lost,196800.0,2024-05-10,2024-07-09,0,0.318,2024-05-10,2024-06-07,2024-06-07,2024-07-05,2024-07-09
OPP-01283,LEAD-006940,ACC-00456,paid_search,Closed Lost,143600.0,2024-05-19,2024-06-23,0,0.23,2024-05-19,2024-05-23,2024-05-28,2024-06-03,2024-06-23
OPP-01284,LEAD-006944,ACC-00932,webinar_evento,Closed Won,48700.0,2024-05-03,2024-06-19,1,0.355,2024-05-03,2024-05-13,2024-05-16,2024-06-10,2024-06-19
OPP-01285,LEAD-006954,ACC-00961,paid_search,Closed Lost,24700.0,2024-05-08,2024-06-14,0,0.178,2024-05-08,2024-05-08,2024-05-19,2024-05-31,2024-06-14
OPP-01286,LEAD-006957,ACC-01685,organic_search,Closed Won,57900.0,2024-05-13,2024-06-19,1,0.264,2024-05-13,2024-05-18,2024-05-19,2024-06-04,2024-06-19
OPP-01287,LEAD-006966,ACC-00762,paid_search,Closed Lost,62800.0,2024-05-13,2024-06-27,0,0.261,2024-05-13,2024-05-14,2024-05-21,2024-05-21,2024-06-27
OPP-01288,LEAD-006973,ACC-00681,email_marketing,Closed Lost,31900.0,2024-05-16,2024-07-06,0,0.277,2024-05-16,2024-05-16,2024-06-16,2024-06-19,2024-07-06
OPP-01289,LEAD-006984,ACC-00846,organic_search,Closed Lost,149900.0,2024-05-12,2024-07-12,0,0.29,2024-05-12,2024-05-12,2024-06-29,2024-07-11,2024-07-12
OPP-01290,LEAD-006985,ACC-00039,linkedin_ads,Closed Won,44000.0,2024-05-11,2024-07-12,1,0.297,2024-05-11,2024-05-29,2024-06-12,2024-06-18,2024-07-12
OPP-01291,LEAD-007009,ACC-01765,webinar_evento,Closed Lost,56500.0,2024-05-15,2024-07-30,0,0.374,2024-05-15,2024-07-17,2024-07-21,2024-07-24,2024-07-30
OPP-01292,LEAD-007012,ACC-01233,organic_search,Closed Lost,77800.0,2024-05-23,2024-08-05,0,0.29,2024-05-23,2024-05-28,2024-06-04,2024-06-28,2024-08-05
OPP-01293,LEAD-007014,ACC-00950,organic_search,Closed Lost,141800.0,2024-05-10,2024-06-27,0,0.37,2024-05-10,2024-05-20,2024-06-05,2024-06-08,2024-06-27
OPP-01294,LEAD-007017,ACC-00195,direct,Closed Lost,40000.0,2024-05-23,2024-07-08,0,0.286,2024-05-23,2024-06-12,2024-06-15,2024-06-16,2024-07-08
OPP-01295,LEAD-007022,ACC-00796,organic_search,Closed Lost,30100.0,2024-05-14,2024-07-12,0,0.29,2024-05-14,2024-06-06,2024-06-18,2024-06-24,2024-07-12
OPP-01296,LEAD-007050,ACC-01330,meta_ads,Closed Won,19900.0,2024-05-24,2024-06-23,1,0.145,2024-05-24,2024-06-03,2024-06-14,2024-06-15,2024-06-23
OPP-01297,LEAD-007058,ACC-00414,linkedin_ads,Closed Lost,45300.0,2024-05-24,2024-07-11,0,0.267,2024-05-24,2024-06-13,2024-06-13,2024-07-07,2024-07-11
OPP-01298,LEAD-007072,ACC-01093,organic_search,Closed Lost,27700.0,2024-05-12,2024-07-15,0,0.317,2024-05-12,2024-06-06,2024-06-30,2024-06-30,2024-07-15
OPP-01299,LEAD-007076,ACC-00777,linkedin_ads,Closed Lost,177900.0,2024-05-14,2024-07-24,0,0.327,2024-05-14,2024-06-01,2024-07-09,2024-07-18,2024-07-24
OPP-01300,LEAD-007088,ACC-00095,paid_search,Closed Lost,111700.0,2024-05-23,2024-07-31,0,0.251,2024-05-23,2024-06-29,2024-07-14,2024-07-15,2024-07-31
OPP-01301,LEAD-007097,ACC-00142,meta_ads,Closed Lost,24300.0,2024-05-21,2024-06-27,0,0.145,2024-05-21,2024-05-30,2024-06-16,2024-06-17,2024-06-27
OPP-01302,LEAD-007112,ACC-00566,organic_search,Closed Lost,81400.0,2024-05-13,2024-06-30,0,0.304,2024-05-13,2024-05-19,2024-05-31,2024-06-18,2024-06-30
OPP-01303,LEAD-007119,ACC-01763,linkedin_ads,Closed Won,86500.0,2024-05-29,2024-08-16,1,0.297,2024-05-29,2024-07-02,2024-07-03,2024-07-31,2024-08-16
OPP-01304,LEAD-007122,ACC-00366,organic_search,Closed Lost,35000.0,2024-05-21,2024-07-03,0,0.317,2024-05-21,2024-06-02,2024-06-09,2024-06-22,2024-07-03
OPP-01305,LEAD-007126,ACC-01889,linkedin_ads,Closed Won,36700.0,2024-05-22,2024-08-07,1,0.356,2024-05-22,2024-05-30,2024-07-03,2024-08-03,2024-08-07
OPP-01306,LEAD-007141,ACC-00172,webinar_evento,Closed Won,217900.0,2024-05-26,2024-08-02,1,0.449,2024-05-26,2024-05-26,2024-06-01,2024-07-16,2024-08-02
OPP-01307,LEAD-007143,ACC-01946,meta_ads,Closed Lost,20000.0,2024-05-19,2024-06-06,0,0.158,2024-05-19,2024-05-26,2024-05-28,2024-06-03,2024-06-06
OPP-01308,LEAD-007149,ACC-01461,organic_search,Closed Lost,138600.0,2024-05-17,2024-07-24,0,0.29,2024-05-17,2024-05-19,2024-06-20,2024-07-02,2024-07-24
OPP-01309,LEAD-007157,ACC-01740,webinar_evento,Closed Lost,125700.0,2024-05-24,2024-08-16,0,0.468,2024-05-24,2024-06-22,2024-07-07,2024-07-15,2024-08-16
OPP-01310,LEAD-007166,ACC-00732,linkedin_ads,Closed Lost,103200.0,2024-05-24,2024-08-01,0,0.342,2024-05-24,2024-06-09,2024-06-13,2024-07-26,2024-08-01
OPP-01311,LEAD-007167,ACC-01451,paid_search,Closed Lost,30500.0,2024-05-29,2024-07-06,0,0.188,2024-05-29,2024-05-31,2024-06-13,2024-06-27,2024-07-06
OPP-01312,LEAD-007172,ACC-01322,linkedin_ads,Closed Lost,87400.0,2024-05-21,2024-08-03,0,0.297,,,,,
OPP-01313,LEAD-007181,ACC-01791,organic_search,Closed Lost,64400.0,2024-05-17,2024-07-28,0,0.264,2024-05-17,2024-05-22,2024-05-22,2024-06-08,2024-07-28
OPP-01314,LEAD-007183,ACC-01217,paid_search,Closed Lost,30300.0,2024-05-20,2024-07-24,0,0.188,2024-05-20,2024-06-13,2024-07-14,2024-07-23,2024-07-24
OPP-01315,LEAD-007184,ACC-00927,organic_search,Closed Lost,124700.0,2024-05-21,2024-07-06,0,0.251,2024-05-21,2024-05-23,2024-05-27,2024-07-03,2024-07-06
OPP-01316,LEAD-007190,ACC-01755,organic_search,Closed Lost,33500.0,2024-06-01,2024-07-17,0,0.224,2024-06-01,2024-06-23,2024-07-09,2024-07-09,2024-07-17
OPP-01317,LEAD-007194,ACC-00850,direct,Closed Won,49800.0,2024-05-27,2024-06-30,1,0.243,2024-05-27,2024-06-03,2024-06-07,2024-06-23,2024-06-30
OPP-01318,LEAD-007211,ACC-01019,webinar_evento,Closed Lost,39500.0,2024-05-29,2024-08-13,0,0.355,2024-05-29,2024-07-03,2024-07-18,2024-07-30,2024-08-13
OPP-01319,LEAD-007217,ACC-01754,paid_search,Closed Won,47500.0,2024-05-21,2024-07-07,1,0.219,2024-05-21,2024-05-29,2024-06-10,2024-06-30,2024-07-07
OPP-01320,LEAD-007220,ACC-01916,linkedin_ads,Closed Lost,37700.0,2024-05-20,2024-08-27,0,0.282,2024-05-20,2024-06-04,2024-07-05,2024-07-08,2024-08-27
OPP-01321,LEAD-007230,ACC-00345,organic_search,Closed Lost,26000.0,2024-05-30,2024-07-29,0,0.29,2024-05-30,2024-06-16,2024-06-21,2024-07-17,2024-07-29
OPP-01322,LEAD-007232,ACC-00219,direct,Closed Lost,166100.0,2024-05-23,2024-07-03,0,0.286,2024-05-23,2024-05-31,2024-06-02,2024-06-21,2024-07-03
OPP-01323,LEAD-007233,ACC-00790,meta_ads,Closed Won,22400.0,2024-05-23,2024-07-01,1,0.119,2024-05-23,2024-06-13,2024-06-19,2024-06-27,2024-07-01
OPP-01324,LEAD-007236,ACC-00121,linkedin_ads,Closed Won,176700.0,2024-05-24,2024-07-26,1,0.327,2024-05-24,2024-05-24,2024-06-15,2024-06-20,2024-07-26
OPP-01325,LEAD-007240,ACC-00453,organic_search,Closed Lost,30800.0,2024-06-01,2024-07-29,0,0.317,2024-06-01,2024-06-15,2024-07-18,2024-07-21,2024-07-29
OPP-01326,LEAD-007244,ACC-00571,organic_search,Closed Lost,32400.0,2024-05-21,2024-07-20,0,0.29,2024-05-21,2024-06-24,2024-06-29,2024-07-09,2024-07-20
OPP-01327,LEAD-007252,ACC-01828,paid_search,Closed Lost,26100.0,2024-06-02,2024-07-03,0,0.199,2024-06-02,2024-06-21,2024-06-23,2024-06-24,2024-07-03
OPP-01328,LEAD-007255,ACC-00667,webinar_evento,Closed Lost,47400.0,2024-05-29,2024-08-14,0,0.299,2024-05-29,2024-06-02,2024-06-05,2024-06-15,2024-08-14
OPP-01329,LEAD-007261,ACC-00911,webinar_evento,Closed Lost,80800.0,2024-06-02,2024-08-09,0,0.393,2024-06-02,2024-06-19,2024-07-23,2024-07-28,2024-08-09
OPP-01330,LEAD-007266,ACC-01536,meta_ads,Closed Lost,26300.0,2024-06-07,2024-07-09,0,0.145,2024-06-07,2024-06-18,2024-06-18,2024-07-03,2024-07-09
OPP-01331,LEAD-007276,ACC-01982,paid_search,Closed Lost,73700.0,2024-06-05,2024-07-21,0,0.209,2024-06-05,2024-07-01,2024-07-12,2024-07-16,2024-07-21
OPP-01332,LEAD-007285,ACC-00242,linkedin_ads,Closed Lost,93600.0,2024-06-06,2024-09-04,0,0.297,2024-06-06,2024-06-15,2024-07-06,2024-07-07,2024-09-04
OPP-01333,LEAD-007299,ACC-00144,direct,Closed Won,38700.0,2024-06-06,2024-07-18,1,0.343,2024-06-06,2024-06-10,2024-06-12,2024-06-29,2024-07-18
OPP-01334,LEAD-007300,ACC-00002,paid_search,Closed Lost,32100.0,2024-05-25,2024-06-24,0,0.188,2024-05-25,2024-05-28,2024-06-17,2024-06-20,2024-06-24
OPP-01335,LEAD-007301,ACC-00771,webinar_evento,Closed Lost,131600.0,2024-06-07,2024-08-06,0,0.374,2024-06-07,2024-07-04,2024-07-27,2024-07-27,2024-08-06
OPP-01336,LEAD-007307,ACC-01080,webinar_evento,Closed Lost,206600.0,2024-06-08,2024-08-18,0,0.411,2024-06-08,2024-06-27,2024-07-12,2024-07-26,2024-08-18
OPP-01337,LEAD-007316,ACC-01660,organic_search,Closed Lost,146700.0,2024-06-02,2024-07-15,0,0.251,2024-06-02,2024-06-16,2024-06-17,2024-07-08,2024-07-15
OPP-01338,LEAD-007320,ACC-00695,meta_ads,Closed Lost,118900.0,2024-06-04,2024-07-01,0,0.132,2024-06-04,2024-06-05,2024-06-12,2024-06-29,2024-07-01
OPP-01339,LEAD-007321,ACC-00408,linkedin_ads,Closed Won,86200.0,2024-06-11,2024-09-20,1,0.371,2024-06-11,2024-07-12,2024-07-20,2024-09-02,2024-09-20
OPP-01340,LEAD-007330,ACC-01402,paid_search,Closed Won,50200.0,2024-05-31,2024-07-20,1,0.209,2024-05-31,2024-06-27,2024-07-04,2024-07-09,2024-07-20
OPP-01341,LEAD-007338,ACC-00963,meta_ads,Closed Lost,103800.0,2024-06-07,2024-07-08,0,0.145,2024-06-07,2024-06-14,2024-06-29,2024-07-03,2024-07-08
OPP-01342,LEAD-007339,ACC-01167,paid_search,Closed Lost,28100.0,2024-06-07,2024-07-19,0,0.251,2024-06-07,2024-06-08,2024-06-15,2024-06-18,2024-07-19
OPP-01343,LEAD-007347,ACC-01226,organic_search,Closed Lost,25400.0,2024-06-10,2024-07-23,0,0.238,2024-06-10,2024-06-28,2024-07-19,2024-07-21,2024-07-23
OPP-01344,LEAD-007360,ACC-00136,webinar_evento,Closed Won,87500.0,2024-05-31,2024-08-04,1,0.393,2024-05-31,2024-06-06,2024-06-09,2024-06-26,2024-08-04
OPP-01345,LEAD-007362,ACC-01047,organic_search,Closed Lost,29300.0,2024-06-04,2024-07-31,0,0.29,2024-06-04,2024-06-09,2024-06-11,2024-06-27,2024-07-31
OPP-01346,LEAD-007370,ACC-00023,direct,Closed Lost,87300.0,2024-06-11,2024-07-11,0,0.3,2024-06-11,2024-06-11,2024-06-15,2024-06-16,2024-07-11
OPP-01347,LEAD-007371,ACC-01801,organic_search,Closed Won,71900.0,2024-06-14,2024-08-20,1,0.304,2024-06-14,2024-06-30,2024-07-18,2024-07-30,2024-08-20
OPP-01348,LEAD-007388,ACC-00293,paid_search,Closed Lost,35500.0,2024-06-10,2024-07-31,0,0.23,2024-06-10,2024-06-16,2024-07-09,2024-07-11,2024-07-31
OPP-01349,LEAD-007398,ACC-01282,organic_search,Closed Lost,68800.0,2024-06-04,2024-08-10,0,0.277,2024-06-04,2024-06-14,2024-06-14,2024-06-17,2024-08-10
OPP-01350,LEAD-007403,ACC-00647,organic_search,Closed Lost,33000.0,2024-06-02,2024-07-11,0,0.29,2024-06-02,2024-06-26,2024-06-27,2024-06-28,2024-07-11
OPP-01351,LEAD-007404,ACC-00034,paid_search,Closed Lost,25600.0,2024-06-05,2024-07-10,0,0.188,2024-06-05,2024-06-11,2024-06-25,2024-07-08,2024-07-10
OPP-01352,LEAD-007407,ACC-01717,organic_search,Closed Lost,33000.0,2024-06-06,2024-08-01,0,0.29,2024-06-06,2024-06-08,2024-06-29,2024-07-11,2024-08-01
OPP-01353,LEAD-007409,ACC-00207,organic_search,Closed Lost,31800.0,2024-06-05,2024-07-14,0,0.317,2024-06-05,2024-06-11,2024-06-12,2024-06-27,2024-07-14
OPP-01354,LEAD-007410,ACC-00234,meta_ads,Closed Lost,23200.0,2024-06-13,2024-07-19,0,0.158,2024-06-13,2024-06-15,2024-06-16,2024-07-14,2024-07-19
OPP-01355,LEAD-007429,ACC-01514,organic_search,Closed Lost,32900.0,2024-06-03,2024-08-01,0,0.29,2024-06-03,2024-06-05,2024-06-08,2024-06-24,2024-08-01
OPP-01356,LEAD-007430,ACC-01075,webinar_evento,Closed Won,49200.0,2024-06-13,2024-08-21,1,0.337,2024-06-13,2024-07-17,2024-07-17,2024-07-19,2024-08-21
OPP-01357,LEAD-007448,ACC-00334,organic_search,Closed Lost,151300.0,2024-06-14,2024-08-03,0,0.29,2024-06-14,2024-06-23,2024-07-08,2024-07-19,2024-08-03
OPP-01358,LEAD-007456,ACC-00616,direct,Closed Won,42800.0,2024-06-16,2024-07-22,1,0.343,2024-06-16,2024-06-18,2024-06-20,2024-06-27,2024-07-22
OPP-01359,LEAD-007457,ACC-01780,organic_search,Closed Lost,35700.0,2024-06-08,2024-08-08,0,0.29,2024-06-08,2024-07-24,2024-07-31,2024-08-02,2024-08-08
OPP-01360,LEAD-007459,ACC-01876,linkedin_ads,Closed Won,38700.0,2024-06-06,2024-08-11,1,0.327,2024-06-06,2024-06-13,2024-07-06,2024-07-27,2024-08-11
OPP-01361,LEAD-007461,ACC-00536,email_marketing,Closed Lost,106800.0,2024-06-09,2024-07-27,0,0.219,2024-06-09,2024-06-30,2024-07-18,2024-07-20,2024-07-27
OPP-01362,LEAD-007465,ACC-00706,meta_ads,Closed Lost,57200.0,2024-06-13,2024-07-29,0,0.132,2024-06-13,2024-06-15,2024-07-18,2024-07-20,2024-07-29
OPP-01363,LEAD-007466,ACC-01470,direct,Closed Lost,171300.0,2024-06-05,2024-07-17,0,0.243,2024-06-05,2024-06-19,2024-07-13,2024-07-15,2024-07-17
OPP-01364,LEAD-007469,ACC-01750,direct,Closed Lost,38100.0,2024-06-09,2024-07-16,0,0.272,2024-06-09,2024-06-21,2024-06-22,2024-06-29,2024-07-16
OPP-01365,LEAD-007471,ACC-01962,webinar_evento,Closed Lost,41500.0,2024-06-20,2024-08-10,0,0.449,2024-06-20,2024-06-20,2024-07-11,2024-07-22,2024-08-10
OPP-01366,LEAD-007482,ACC-01127,linkedin_ads,Closed Lost,36600.0,2024-06-11,2024-08-11,0,0.356,2024-06-11,2024-06-16,2024-07-03,2024-07-03,2024-08-11
OPP-01367,LEAD-007486,ACC-01508,organic_search,Closed Lost,29100.0,2024-06-21,2024-08-10,0,0.29,2024-06-21,2024-07-19,2024-07-24,2024-08-07,2024-08-10
OPP-01368,LEAD-007487,ACC-01025,linkedin_ads,Closed Lost,202200.0,2024-06-06,2024-08-17,0,0.356,2024-06-06,2024-06-22,2024-07-26,2024-07-27,2024-08-17
OPP-01369,LEAD-007493,ACC-00805,meta_ads,Closed Lost,19700.0,2024-06-19,2024-07-27,0,0.145,2024-06-19,2024-06-20,2024-06-27,2024-07-21,2024-07-27
OPP-01370,LEAD-007495,ACC-01732,webinar_evento,Closed Lost,55300.0,2024-06-21,2024-09-23,0,0.449,2024-06-21,2024-07-12,2024-08-07,2024-09-12,2024-09-23
OPP-01371,LEAD-007507,ACC-01081,paid_search,Closed Lost,131800.0,2024-06-07,2024-07-28,0,0.199,2024-06-07,2024-06-24,2024-07-09,2024-07-15,2024-07-28
OPP-01372,LEAD-007510,ACC-01744,meta_ads,Closed Won,101000.0,2024-06-12,2024-07-15,1,0.158,2024-06-12,2024-06-24,2024-07-04,2024-07-04,2024-07-15
OPP-01373,LEAD-007513,ACC-00209,webinar_evento,Closed Won,63100.0,2024-06-15,2024-09-21,1,0.449,2024-06-15,2024-06-30,2024-07-29,2024-08-11,2024-09-21
OPP-01374,LEAD-007514,ACC-00580,linkedin_ads,Closed Lost,112800.0,2024-06-18,2024-08-16,0,0.297,2024-06-18,2024-07-04,2024-07-23,2024-07-23,2024-08-16
OPP-01375,LEAD-007528,ACC-01996,organic_search,Closed Won,34800.0,2024-06-10,2024-07-26,1,0.29,2024-06-10,2024-06-15,2024-06-27,2024-06-27,2024-07-26
OPP-01376,LEAD-007537,ACC-01622,paid_search,Closed Lost,72800.0,2024-06-16,2024-08-01,0,0.261,2024-06-16,2024-07-01,2024-07-07,2024-07-19,2024-08-01
OPP-01377,LEAD-007546,ACC-00324,organic_search,Closed Won,39700.0,2024-06-19,2024-07-07,1,0.238,2024-06-19,2024-06-23,2024-06-30,2024-07-03,2024-07-07
OPP-01378,LEAD-007552,ACC-00511,paid_search,Closed Won,49000.0,2024-06-21,2024-08-11,1,0.209,2024-06-21,2024-06-25,2024-07-31,2024-08-05,2024-08-11
OPP-01379,LEAD-007556,ACC-00119,meta_ads,Closed Lost,27900.0,2024-06-11,2024-07-19,0,0.145,2024-06-11,2024-06-12,2024-06-29,2024-07-10,2024-07-19
OPP-01380,LEAD-007557,ACC-01939,paid_search,Closed Lost,61500.0,2024-06-12,2024-07-12,0,0.209,2024-06-12,2024-06-19,2024-06-24,2024-06-24,2024-07-12
OPP-01381,LEAD-007572,ACC-01234,paid_search,Closed Lost,57800.0,2024-06-19,2024-07-24,0,0.24,2024-06-19,2024-07-04,2024-07-05,2024-07-07,2024-07-24
OPP-01382,LEAD-007574,ACC-01565,organic_search,Closed Lost,87300.0,2024-06-16,2024-08-07,0,0.251,2024-06-16,2024-07-11,2024-07-30,2024-07-30,2024-08-07
OPP-01383,LEAD-007576,ACC-01360,paid_search,Closed Won,29700.0,2024-06-13,2024-07-16,1,0.251,2024-06-13,2024-06-19,2024-06-24,2024-07-04,2024-07-16
OPP-01384,LEAD-007577,ACC-00525,webinar_evento,Closed Lost,51900.0,2024-06-16,2024-09-14,0,0.374,2024-06-16,2024-07-03,2024-07-28,2024-09-05,2024-09-14
OPP-01385,LEAD-007581,ACC-00515,paid_search,Closed Lost,36200.0,2024-06-24,2024-08-22,0,0.222,2024-06-24,2024-07-29,2024-08-01,2024-08-06,2024-08-22
OPP-01386,LEAD-007589,ACC-01768,paid_search,Closed Lost,117800.0,2024-06-25,2024-08-18,0,0.199,2024-06-25,2024-07-04,2024-07-18,2024-07-25,2024-08-18
OPP-01387,LEAD-007596,ACC-01618,organic_search,Closed Won,35700.0,2024-06-25,2024-09-16,1,0.238,2024-06-25,2024-07-03,2024-07-26,2024-08-29,2024-09-16
OPP-01388,LEAD-007597,ACC-00196,organic_search,Closed Won,79200.0,2024-06-14,2024-07-15,1,0.264,2024-06-14,2024-06-21,2024-06-22,2024-06-28,2024-07-15
OPP-01389,LEAD-007601,ACC-00546,organic_search,Closed Won,32000.0,2024-06-30,2024-08-21,1,0.317,2024-06-30,2024-07-08,2024-07-28,2024-08-08,2024-08-21
OPP-01390,LEAD-007612,ACC-00215,linkedin_ads,Closed Lost,44500.0,2024-06-17,2024-08-01,0,0.282,2024-06-17,2024-06-19,2024-07-17,2024-07-30,2024-08-01
OPP-01391,LEAD-007620,ACC-00057,organic_search,Closed Lost,37800.0,2024-06-22,2024-08-14,0,0.224,2024-06-22,2024-07-01,2024-07-23,2024-08-08,2024-08-14
OPP-01392,LEAD-007623,ACC-01820,paid_search,Closed Lost,29800.0,2024-06-14,2024-07-21,0,0.188,2024-06-14,2024-06-16,2024-07-05,2024-07-07,2024-07-21
OPP-01393,LEAD-007624,ACC-00147,paid_search,Closed Lost,60300.0,2024-06-22,2024-08-15,0,0.24,2024-06-22,2024-07-12,2024-08-07,2024-08-08,2024-08-15
OPP-01394,LEAD-007629,ACC-01355,paid_search,Closed Lost,27100.0,2024-06-30,2024-08-05,0,0.251,2024-06-30,2024-07-02,2024-07-14,2024-07-16,2024-08-05
OPP-01395,LEAD-007646,ACC-01156,meta_ads,Closed Lost,47100.0,2024-06-16,2024-07-28,0,0.139,2024-06-16,2024-06-21,2024-06-21,2024-07-18,2024-07-28
OPP-01396,LEAD-007666,ACC-00226,linkedin_ads,Closed Lost,91100.0,2024-06-28,2024-08-05,0,0.342,2024-06-28,2024-07-10,2024-07-26,2024-07-30,2024-08-05
OPP-01397,LEAD-007676,ACC-00288,webinar_evento,Closed Won,40700.0,2024-06-22,2024-09-12,1,0.299,2024-06-22,2024-06-24,2024-06-27,2024-07-14,2024-09-12
OPP-01398,LEAD-007681,ACC-00805,webinar_evento,Closed Won,39800.0,2024-06-20,2024-08-20,1,0.411,2024-06-20,2024-06-27,2024-07-15,2024-08-08,2024-08-20
OPP-01399,LEAD-007692,ACC-01587,webinar_evento,Closed Lost,38800.0,2024-06-24,2024-08-29,0,0.411,2024-06-24,2024-07-05,2024-08-15,2024-08-16,2024-08-29
OPP-01400,LEAD-007706,ACC-01409,webinar_evento,Closed Won,177500.0,2024-06-29,2024-09-25,1,0.374,2024-06-29,2024-06-30,2024-07-27,2024-08-23,2024-09-25
OPP-01401,LEAD-007716,ACC-01862,webinar_evento,Closed Won,184200.0,2024-06-25,2024-09-02,1,0.318,2024-06-25,2024-07-07,2024-07-13,2024-08-28,2024-09-02
OPP-01402,LEAD-007727,ACC-00146,organic_search,Closed Lost,29800.0,2024-06-27,2024-08-06,0,0.264,2024-06-27,2024-07-05,2024-07-13,2024-08-03,2024-08-06
OPP-01403,LEAD-007732,ACC-00181,paid_search,Closed Lost,81000.0,2024-06-28,2024-08-23,0,0.24,2024-06-28,2024-07-04,2024-07-08,2024-08-06,2024-08-23
OPP-01404,LEAD-007733,ACC-01672,organic_search,Closed Lost,28800.0,2024-06-26,2024-08-18,0,0.317,2024-06-26,2024-06-30,2024-07-09,2024-07-21,2024-08-18
OPP-01405,LEAD-007769,ACC-00027,paid_search,Closed Lost,30500.0,2024-06-26,2024-07-31,0,0.188,2024-06-26,2024-06-26,2024-06-27,2024-07-04,2024-07-31
OPP-01406,LEAD-007798,ACC-01847,paid_search,Closed Lost,69700.0,2024-06-23,2024-08-17,0,0.219,2024-06-23,2024-06-23,2024-08-04,2024-08-07,2024-08-17
OPP-01407,LEAD-007843,ACC-01830,direct,Closed Lost,87100.0,2024-06-27,2024-08-04,0,0.286,2024-06-27,2024-07-14,2024-07-18,2024-07-30,2024-08-04
OPP-01408,LEAD-007855,ACC-00176,meta_ads,Closed Lost,62100.0,2024-06-28,2024-08-07,0,0.132,2024-06-28,2024-06-28,2024-07-03,2024-07-10,2024-08-07
OPP-01409,LEAD-007860,ACC-01734,paid_search,Closed Lost,66800.0,2024-06-28,2024-08-10,0,0.209,2024-06-28,2024-07-01,2024-07-14,2024-08-07,2024-08-10
OPP-01410,LEAD-007869,ACC-00376,organic_search,Closed Lost,71600.0,2024-06-30,2024-09-08,0,0.264,2024-06-30,2024-07-20,2024-07-28,2024-08-10,2024-09-08
