touchpoint_id,opp_id,lead_id,touch_sequence,total_touches_in_journey,touch_date,days_before_opp_creation,channel,campaign,touch_type,landing_page,content_asset_id,engagement_score,is_first_touch,is_last_touch,true_marginal_contribution,attributed_revenue_brl
TP-0000001,OPP-00001,LEAD-000007,1,3,2022-11-30,42,direct,,click,/lp/roi-calculator,AST-0018,34,1,0,0.009223,314.49
TP-0000002,OPP-00001,LEAD-000007,2,3,2022-12-14,28,direct,(not set),form_fill,/webinar/crm-para-gestores,AST-0013,92,0,0,0.070709,2411.18
TP-0000003,OPP-00001,LEAD-000007,3,3,2023-01-08,3,direct,,demo_request,/produto/crm-integracao,AST-0019,87,0,1,0.920068,31374.33
TP-0000004,OPP-00002,LEAD-000011,1,2,2022-11-28,41,meta_ads,fb-leads-varejo-2022,impression,/produto/crm-integracao,AST-0019,13,1,0,0.037626,827.77
TP-0000005,OPP-00002,LEAD-000011,2,2,2022-12-26,13,meta_ads,facebook_retargeting_2022,click,/lp/demo-gratis,AST-0015,26,0,1,0.962374,21172.23
TP-0000006,OPP-00003,LEAD-000015,1,5,2022-12-20,23,organic_search,,impression,/blog/funil-vendas-complexas,AST-0006,1,1,0,0.029795,4412.7
TP-0000007,OPP-00003,LEAD-000015,2,5,2022-12-22,21,meta_ads,fb-leads-varejo-2022,click,/ebook/gestao-pipeline-vendas,AST-0009,27,0,0,0.079318,11746.92
TP-0000008,OPP-00003,LEAD-000015,3,5,2022-12-25,18,meta_ads,ig_gestores_b2b_q4,content_view,/produto/erp-connector,AST-0020,27,0,0,0.13103,19405.55
TP-0000009,OPP-00003,LEAD-000015,4,5,2022-12-29,14,meta_ads,facebook_retargeting_2022,form_fill,/blog/churn-saas-brasil,AST-0005,76,0,0,0.479499,71013.82
TP-0000010,OPP-00003,LEAD-000015,5,5,2023-01-03,9,meta_ads,ig_gestores_b2b_q1,click,/ebook/crm-para-varejo,AST-0008,19,0,1,0.280358,41521.01
TP-0000011,OPP-00004,LEAD-000016,1,5,2022-12-10,43,direct,,click,/produto/api-marketplace,AST-0021,42,1,0,0.01278,1293.29
TP-0000012,OPP-00004,LEAD-000016,2,5,2022-12-10,43,direct,(direct),form_fill,/blog/leads-qualificados-b2b,AST-0007,59,0,0,0.036045,3647.73
TP-0000013,OPP-00004,LEAD-000016,3,5,2022-12-21,32,direct,(not set),demo_request,/lp/trial-30-dias,AST-0016,88,0,0,0.115027,11640.76
TP-0000014,OPP-00004,LEAD-000016,4,5,2023-01-10,12,direct,(not set),sales_call,/lp/roi-calculator,AST-0018,94,0,0,0.539975,54645.52
TP-0000015,OPP-00004,LEAD-000016,5,5,2023-01-21,1,direct,,click,/lp/trial-30-dias,AST-0016,21,0,1,0.296173,29972.71
TP-0000016,OPP-00005,LEAD-000022,1,5,2022-12-11,30,organic_search,(none),impression,/blog/churn-saas-brasil,AST-0005,21,1,0,0.011666,436.29
TP-0000017,OPP-00005,LEAD-000022,2,5,2022-12-13,28,organic_search,(not set),click,/blog/crm-para-industria,AST-0002,26,0,0,0.031055,1161.44
TP-0000018,OPP-00005,LEAD-000022,3,5,2022-12-18,23,organic_search,,content_view,/blog/gestao-vendas-b2b,AST-0001,29,0,0,0.059179,2213.31
TP-0000019,OPP-00005,LEAD-000022,4,5,2023-01-09,1,organic_search,,form_fill,/blog/churn-saas-brasil,AST-0005,63,0,0,0.783368,29297.97
TP-0000020,OPP-00005,LEAD-000022,5,5,2023-01-10,0,organic_search,(not set),impression,/blog/crm-para-industria,AST-0002,2,0,1,0.114732,4290.99
TP-0000021,OPP-00006,LEAD-000023,1,2,2023-01-11,17,meta_ads,facebook_retargeting_2023,impression,/lp/roi-calculator,AST-0018,10,1,0,0.17837,8258.55
TP-0000022,OPP-00006,LEAD-000023,2,2,2023-01-15,13,meta_ads,facebook_retargeting_2023,click,/ebook/crm-para-varejo,AST-0008,32,0,1,0.82163,38041.45
TP-0000023,OPP-00007,LEAD-000024,1,2,2022-12-05,43,paid_search,google_branded_2022,click,/produto/crm-integracao,AST-0019,21,1,0,0.268894,15703.38
TP-0000024,OPP-00007,LEAD-000024,2,2,2022-12-17,31,paid_search,google_brand_keywords_2022,click,/produto/crm-integracao,AST-0019,15,0,1,0.731106,42696.62
TP-0000025,OPP-00008,LEAD-000030,1,8,2022-12-18,44,linkedin_ads,lkd_awareness_2022,impression,/webinar/automacao-vendas-demo,AST-0014,13,1,0,0.001417,131.09
TP-0000026,OPP-00008,LEAD-000030,2,8,2022-12-28,34,webinar_evento,evento_crm_gestores_q4,click,/webinar/automacao-vendas-demo,AST-0014,44,0,0,0.006681,617.97
TP-0000027,OPP-00008,LEAD-000030,3,8,2023-01-09,22,webinar_evento,bf-23,content_view,/webinar/integracao-erp-ao-vivo,AST-0012,34,0,0,0.02099,1941.59
TP-0000028,OPP-00008,LEAD-000030,4,8,2023-01-09,22,webinar_evento,evento_crm_gestores_q1,demo_request,/ebook/roi-tecnologia-empresas,AST-0010,83,0,0,0.083961,7766.36
TP-0000029,OPP-00008,LEAD-000030,5,8,2023-01-09,22,webinar_evento,webinar_integracao_erp_2023,sales_call,/lp/demo-gratis,AST-0015,78,0,0,0.094456,8737.16
TP-0000030,OPP-00008,LEAD-000030,6,8,2023-01-20,11,webinar_evento,bf-23,proposal_sent,/webinar/automacao-vendas-demo,AST-0014,82,0,0,0.161182,14909.29
TP-0000031,OPP-00008,LEAD-000030,7,8,2023-01-26,5,webinar_evento,evento_crm_gestores_q1,sales_call,/webinar/automacao-vendas-demo,AST-0014,100,0,0,0.318116,29425.76
TP-0000032,OPP-00008,LEAD-000030,8,8,2023-01-27,4,webinar_evento,campanha_natal_2023,form_fill,/webinar/crm-para-gestores,AST-0013,69,0,1,0.313198,28970.78
TP-0000033,OPP-00009,LEAD-000038,1,4,2022-12-12,44,organic_search,,impression,/ebook/gestao-pipeline-vendas,AST-0009,1,1,0,0.004773,194.75
TP-0000034,OPP-00009,LEAD-000038,2,4,2022-12-31,25,paid_search,google_brand_keywords_2022,click,/lp/trial-30-dias,AST-0016,25,0,0,0.042795,1746.02
TP-0000035,OPP-00009,LEAD-000038,3,4,2023-01-08,17,paid_search,integracao_erp_pesquisa_2023,content_view,/produto/api-marketplace,AST-0021,24,0,0,0.10104,4122.45
TP-0000036,OPP-00009,LEAD-000038,4,4,2023-01-18,7,paid_search,integracao_erp_pesquisa_2023,form_fill,/produto/api-marketplace,AST-0021,57,0,1,0.851392,34736.79
TP-0000037,OPP-00010,LEAD-000043,1,8,2022-12-09,44,linkedin_ads,linkedin_decisores_ti_2022,impression,/webinar/crm-para-gestores,AST-0013,22,1,0,0.007628,565.26
TP-0000038,OPP-00010,LEAD-000043,2,8,2022-12-14,39,linkedin_ads,lkd_awareness_2022,click,/webinar/automacao-vendas-demo,AST-0014,28,0,0,0.02516,1864.35
TP-0000039,OPP-00010,LEAD-000043,3,8,2022-12-15,38,linkedin_ads,lkd_awareness_2022,content_view,/lp/trial-30-dias,AST-0016,34,0,0,0.03603,2669.85
TP-0000040,OPP-00010,LEAD-000043,4,8,2022-12-22,31,linkedin_ads,linkedin_decisores_ti_2022,demo_request,/lp/trial-30-dias,AST-0016,88,0,0,0.237617,17607.39
TP-0000041,OPP-00010,LEAD-000043,5,8,2022-12-30,23,linkedin_ads,linkedin_prospeccao_q4_2022,sales_call,/lp/demo-gratis,AST-0015,96,0,0,0.473366,35076.46
TP-0000042,OPP-00010,LEAD-000043,6,8,2023-01-04,18,linkedin_ads,linkedin_decisores_ti_2023,impression,/lp/trial-30-dias,AST-0016,8,0,0,0.037586,2785.15
TP-0000043,OPP-00010,LEAD-000043,7,8,2023-01-04,18,linkedin_ads,lkd_awareness_2023,click,/lp/roi-calculator,AST-0018,38,0,0,0.112759,8355.45
TP-0000044,OPP-00010,LEAD-000043,8,8,2023-01-07,15,linkedin_ads,linkedin_gestores_2023,impression,/webinar/crm-para-gestores,AST-0013,19,0,1,0.069853,5176.1
TP-0000045,OPP-00011,LEAD-000052,1,2,2022-12-14,38,paid_search,google_branded_2022,click,/lp/comparativo-erp,AST-0017,15,1,0,0.313037,42134.81
TP-0000046,OPP-00011,LEAD-000052,2,2,2022-12-23,29,paid_search,crm-b2b-keywords-2022,click,/lp/trial-30-dias,AST-0016,16,0,1,0.686963,92465.19
TP-0000047,OPP-00012,LEAD-000060,1,4,2022-12-13,37,paid_search,crm-b2b-keywords-2022,click,/lp/comparativo-erp,AST-0017,31,1,0,0.022813,2890.44
TP-0000048,OPP-00012,LEAD-000060,2,4,2022-12-13,37,paid_search,integracao_erp_pesquisa_2022,click,/lp/demo-gratis,AST-0015,36,0,0,0.017549,2223.42
TP-0000049,OPP-00012,LEAD-000060,3,4,2022-12-22,28,paid_search,integracao_erp_pesquisa_2022,form_fill,/lp/roi-calculator,AST-0018,79,0,0,0.122378,15505.35
TP-0000050,OPP-00012,LEAD-000060,4,4,2023-01-07,12,paid_search,pesquisa_concorrentes_q1_2023,demo_request,/produto/crm-integracao,AST-0019,91,0,1,0.83726,106080.79
TP-0000051,OPP-00013,LEAD-000065,1,3,2022-12-12,42,organic_search,(none),impression,/blog/gestao-vendas-b2b,AST-0001,26,1,0,0.009126,278.34
TP-0000052,OPP-00013,LEAD-000065,2,3,2023-01-08,15,organic_search,(none),click,/produto/api-marketplace,AST-0021,31,0,0,0.144884,4418.96
TP-0000053,OPP-00013,LEAD-000065,3,3,2023-01-23,0,organic_search,,content_view,/produto/api-marketplace,AST-0021,26,0,1,0.84599,25802.7
TP-0000054,OPP-00014,LEAD-000069,1,4,2022-12-09,41,direct,(direct),click,/lp/comparativo-erp,AST-0017,34,1,0,0.007073,335.24
TP-0000055,OPP-00014,LEAD-000069,2,4,2023-01-03,16,organic_search,,form_fill,/ebook/roi-tecnologia-empresas,AST-0010,75,0,0,0.118968,5639.08
TP-0000056,OPP-00014,LEAD-000069,3,4,2023-01-04,15,organic_search,(not set),demo_request,/ebook/gestao-pipeline-vendas,AST-0009,84,0,0,0.185857,8809.61
TP-0000057,OPP-00014,LEAD-000069,4,4,2023-01-15,4,organic_search,(not set),sales_call,/produto/erp-connector,AST-0020,90,0,1,0.688103,32616.07
TP-0000058,OPP-00015,LEAD-000070,1,4,2022-12-11,44,paid_search,pesquisa_concorrentes_q4_2022,click,/lp/demo-gratis,AST-0015,27,1,0,0.027752,832.57
TP-0000059,OPP-00015,LEAD-000070,2,4,2022-12-22,33,webinar_evento,evento_crm_gestores_q4,click,/ebook/integracao-sistemas-guia,AST-0011,32,0,0,0.046837,1405.11
TP-0000060,OPP-00015,LEAD-000070,3,4,2022-12-25,30,webinar_evento,bf-23,form_fill,/webinar/crm-para-gestores,AST-0013,76,0,0,0.212776,6383.28
TP-0000061,OPP-00015,LEAD-000070,4,4,2022-12-31,24,webinar_evento,bf-23,demo_request,/lp/demo-gratis,AST-0015,80,0,1,0.712635,21379.05
TP-0000062,OPP-00016,LEAD-000076,1,5,2022-12-31,22,linkedin_ads,linkedin_gestores_2022,impression,/ebook/gestao-pipeline-vendas,AST-0009,11,1,0,0.00972,443.25
TP-0000063,OPP-00016,LEAD-000076,2,5,2023-01-07,15,webinar_evento,campanha-natal-2023,click,/lp/roi-calculator,AST-0018,27,0,0,0.036984,1686.46
TP-0000064,OPP-00016,LEAD-000076,3,5,2023-01-10,12,webinar_evento,bf-23,content_view,/lp/roi-calculator,AST-0018,34,0,0,0.061096,2785.97
TP-0000065,OPP-00016,LEAD-000076,4,5,2023-01-13,9,webinar_evento,campanha-natal-2023,demo_request,/blog/gestao-vendas-b2b,AST-0001,89,0,0,0.302785,13807.02
TP-0000066,OPP-00016,LEAD-000076,5,5,2023-01-15,7,webinar_evento,webinar_integracao_erp_2023,sales_call,/lp/comparativo-erp,AST-0017,100,0,1,0.589415,26877.3
TP-0000067,OPP-00017,LEAD-000085,1,8,2022-12-08,43,webinar_evento,black_friday_2023,impression,/webinar/integracao-erp-ao-vivo,AST-0012,16,1,0,0.003282,616.99
TP-0000068,OPP-00017,LEAD-000085,2,8,2022-12-10,41,webinar_evento,campanha_natal_2022,click,/lp/comparativo-erp,AST-0017,32,0,0,0.008736,1642.46
TP-0000069,OPP-00017,LEAD-000085,3,8,2022-12-14,37,webinar_evento,black_friday_2023,form_fill,/lp/roi-calculator,AST-0018,71,0,0,0.042628,8014.02
TP-0000070,OPP-00017,LEAD-000085,4,8,2022-12-16,35,webinar_evento,evento_crm_gestores_q4,demo_request,/webinar/automacao-vendas-demo,AST-0014,86,0,0,0.071526,13446.82
TP-0000071,OPP-00017,LEAD-000085,5,8,2022-12-26,25,webinar_evento,bf-23,sales_call,/lp/roi-calculator,AST-0018,79,0,0,0.164371,30901.71
TP-0000072,OPP-00017,LEAD-000085,6,8,2023-01-04,16,webinar_evento,bf-23,proposal_sent,/lp/demo-gratis,AST-0015,80,0,0,0.243147,45711.7
TP-0000073,OPP-00017,LEAD-000085,7,8,2023-01-14,6,webinar_evento,evento_crm_gestores_q1,form_fill,/ebook/crm-para-varejo,AST-0008,89,0,0,0.390251,73367.28
TP-0000074,OPP-00017,LEAD-000085,8,8,2023-01-19,1,webinar_evento,evento_crm_gestores_q1,impression,/webinar/integracao-erp-ao-vivo,AST-0012,19,0,1,0.076059,14299.02
TP-0000075,OPP-00018,LEAD-000088,1,3,2022-12-12,39,organic_search,(not set),impression,/blog/integracao-erp-sistemas,AST-0003,5,1,0,0.015564,1447.49
TP-0000076,OPP-00018,LEAD-000088,2,3,2022-12-15,36,organic_search,(not set),click,/ebook/roi-tecnologia-empresas,AST-0010,13,0,0,0.044501,4138.63
TP-0000077,OPP-00018,LEAD-000088,3,3,2023-01-17,3,organic_search,,content_view,/blog/automacao-marketing-b2b,AST-0004,42,0,1,0.939934,87413.88
TP-0000078,OPP-00019,LEAD-000089,1,5,2022-12-24,39,direct,(direct),click,/lp/demo-gratis,AST-0015,22,1,0,0.007478,252.76
TP-0000079,OPP-00019,LEAD-000089,2,5,2022-12-28,35,direct,,form_fill,/produto/api-marketplace,AST-0021,60,0,0,0.028067,948.67
TP-0000080,OPP-00019,LEAD-000089,3,5,2023-01-10,22,direct,,demo_request,/produto/crm-integracao,AST-0019,83,0,0,0.103324,3492.35
TP-0000081,OPP-00019,LEAD-000089,4,5,2023-01-22,10,direct,(direct),sales_call,/produto/api-marketplace,AST-0021,97,0,0,0.273909,9258.12
TP-0000082,OPP-00019,LEAD-000089,5,5,2023-01-27,5,direct,(not set),sales_call,/lp/roi-calculator,AST-0018,99,0,1,0.587222,19848.1
TP-0000083,OPP-00020,LEAD-000090,1,5,2022-12-27,28,paid_search,crm-b2b-keywords-2022,click,/produto/erp-connector,AST-0020,21,1,0,0.047737,3828.5
TP-0000084,OPP-00020,LEAD-000090,2,5,2023-01-07,17,paid_search,crm-b2b-keywords-2023,click,/lp/demo-gratis,AST-0015,20,0,0,0.080564,6461.24
TP-0000085,OPP-00020,LEAD-000090,3,5,2023-01-08,16,paid_search,pesquisa_concorrentes_q1_2023,form_fill,/lp/comparativo-erp,AST-0017,66,0,0,0.317274,25445.36
TP-0000086,OPP-00020,LEAD-000090,4,5,2023-01-08,16,paid_search,google_branded_2023,demo_request,/blog/leads-qualificados-b2b,AST-0007,95,0,0,0.461489,37011.43
TP-0000087,OPP-00020,LEAD-000090,5,5,2023-01-09,15,paid_search,integracao_erp_pesquisa_2023,email_open,/lp/roi-calculator,AST-0018,2,0,1,0.092936,7453.47
TP-0000088,OPP-00021,LEAD-000095,1,5,2022-12-13,39,organic_search,(not set),impression,/blog/funil-vendas-complexas,AST-0006,13,1,0,0.007794,718.6
TP-0000089,OPP-00021,LEAD-000095,2,5,2023-01-04,17,organic_search,(not set),click,/produto/api-marketplace,AST-0021,32,0,0,0.086576,7982.33
TP-0000090,OPP-00021,LEAD-000095,3,5,2023-01-13,8,organic_search,(none),content_view,/blog/crm-para-industria,AST-0002,42,0,0,0.219547,20242.2
TP-0000091,OPP-00021,LEAD-000095,4,5,2023-01-13,8,organic_search,(not set),form_fill,/produto/api-marketplace,AST-0021,65,0,0,0.603753,55666.05
TP-0000092,OPP-00021,LEAD-000095,5,5,2023-01-13,8,organic_search,(none),impression,/blog/integracao-erp-sistemas,AST-0003,9,0,1,0.08233,7590.82
TP-0000093,OPP-00022,LEAD-000110,1,2,2022-12-24,42,organic_search,(not set),impression,/blog/funil-vendas-complexas,AST-0006,21,1,0,0.06475,9116.76
TP-0000094,OPP-00022,LEAD-000110,2,2,2023-01-13,22,organic_search,(none),click,/produto/crm-integracao,AST-0019,26,0,1,0.93525,131683.24
TP-0000095,OPP-00023,LEAD-000111,1,6,2022-12-10,44,webinar_evento,black_friday_2023,impression,/lp/demo-gratis,AST-0015,17,1,0,0.004616,517.02
TP-0000096,OPP-00023,LEAD-000111,2,6,2022-12-19,35,organic_search,(not set),click,/produto/api-marketplace,AST-0021,19,0,0,0.020261,2269.21
TP-0000097,OPP-00023,LEAD-000111,3,6,2022-12-27,27,organic_search,(not set),form_fill,/ebook/integracao-sistemas-guia,AST-0011,70,0,0,0.131552,14733.8
TP-0000098,OPP-00023,LEAD-000111,4,6,2022-12-30,24,organic_search,,demo_request,/produto/erp-connector,AST-0020,78,0,0,0.237076,26552.48
TP-0000099,OPP-00023,LEAD-000111,5,6,2023-01-01,22,organic_search,(none),sales_call,/lp/roi-calculator,AST-0018,95,0,0,0.307667,34458.76
TP-0000100,OPP-00023,LEAD-000111,6,6,2023-01-20,3,organic_search,(not set),click,/produto/erp-connector,AST-0020,22,0,1,0.298828,33468.74
TP-0000101,OPP-00024,LEAD-000126,1,4,2022-12-28,36,paid_search,crm-b2b-keywords-2022,click,/lp/comparativo-erp,AST-0017,29,1,0,0.083651,5428.97
TP-0000102,OPP-00024,LEAD-000126,2,4,2022-12-29,35,direct,(not set),click,/ebook/gestao-pipeline-vendas,AST-0009,32,0,0,0.069111,4485.33
TP-0000103,OPP-00024,LEAD-000126,3,4,2022-12-29,35,direct,(direct),form_fill,/produto/erp-connector,AST-0020,50,0,0,0.253409,16446.22
TP-0000104,OPP-00024,LEAD-000126,4,4,2022-12-30,34,direct,(direct),demo_request,/blog/automacao-marketing-b2b,AST-0004,98,0,1,0.593829,38539.48
TP-0000105,OPP-00025,LEAD-000134,1,4,2022-12-25,43,webinar_evento,webinar_integracao_erp_2022,impression,/webinar/automacao-vendas-demo,AST-0014,29,1,0,0.005,244.51
TP-0000106,OPP-00025,LEAD-000134,2,4,2022-12-26,42,webinar_evento,bf-23,click,/ebook/crm-para-varejo,AST-0008,25,0,0,0.012393,606.04
TP-0000107,OPP-00025,LEAD-000134,3,4,2023-01-02,35,webinar_evento,bf-23,form_fill,/lp/comparativo-erp,AST-0017,70,0,0,0.074922,3663.7
TP-0000108,OPP-00025,LEAD-000134,4,4,2023-01-26,11,webinar_evento,bf-23,demo_request,/webinar/automacao-vendas-demo,AST-0014,87,0,1,0.907684,44385.74
TP-0000109,OPP-00026,LEAD-000139,1,3,2022-12-24,44,paid_search,crm-b2b-keywords-2022,click,/produto/erp-connector,AST-0020,21,1,0,0.036108,2448.13
TP-0000110,OPP-00026,LEAD-000139,2,3,2023-01-02,35,paid_search,google_branded_2023,click,/lp/demo-gratis,AST-0015,6,0,0,0.052826,3581.62
TP-0000111,OPP-00026,LEAD-000139,3,3,2023-01-18,19,paid_search,pesquisa_concorrentes_q1_2023,form_fill,/produto/api-marketplace,AST-0021,79,0,1,0.911066,61770.25
TP-0000112,OPP-00027,LEAD-000140,1,5,2022-12-23,40,direct,(not set),click,/ebook/crm-para-varejo,AST-0008,33,1,0,0.007274,657.57
TP-0000113,OPP-00027,LEAD-000140,2,5,2023-01-06,26,direct,(direct),form_fill,/produto/crm-integracao,AST-0019,70,0,0,0.05577,5041.57
TP-0000114,OPP-00027,LEAD-000140,3,5,2023-01-10,22,direct,(direct),demo_request,/produto/erp-connector,AST-0020,72,0,0,0.107947,9758.38
TP-0000115,OPP-00027,LEAD-000140,4,5,2023-01-24,8,direct,(direct),sales_call,/lp/comparativo-erp,AST-0017,82,0,0,0.330108,29841.77
TP-0000116,OPP-00027,LEAD-000140,5,5,2023-01-31,1,direct,,form_fill,/produto/erp-connector,AST-0020,76,0,1,0.498902,45100.7
TP-0000117,OPP-00028,LEAD-000141,1,6,2022-12-29,35,organic_search,(none),impression,/lp/trial-30-dias,AST-0016,1,1,0,0.00644,249.24
TP-0000118,OPP-00028,LEAD-000141,2,6,2023-01-03,30,direct,(direct),click,/ebook/roi-tecnologia-empresas,AST-0010,13,0,0,0.021242,822.05
TP-0000119,OPP-00028,LEAD-000141,3,6,2023-01-09,24,direct,(not set),content_view,/produto/crm-integracao,AST-0019,40,0,0,0.043476,1682.54
TP-0000120,OPP-00028,LEAD-000141,4,6,2023-01-09,24,direct,(not set),form_fill,/produto/crm-integracao,AST-0019,77,0,0,0.11956,4626.98
TP-0000121,OPP-00028,LEAD-000141,5,6,2023-01-20,13,direct,(direct),email_open,/lp/roi-calculator,AST-0018,27,0,0,0.047693,1845.72
TP-0000122,OPP-00028,LEAD-000141,6,6,2023-01-24,9,direct,(direct),demo_request,/produto/crm-integracao,AST-0019,85,0,1,0.761588,29473.47
TP-0000123,OPP-00029,LEAD-000145,1,6,2022-12-26,35,linkedin_ads,linkedin_gestores_2022,impression,/lp/trial-30-dias,AST-0016,15,1,0,0.002831,191.08
TP-0000124,OPP-00029,LEAD-000145,2,6,2022-12-31,30,linkedin_ads,linkedin_prospecao_q4_2022,click,/webinar/automacao-vendas-demo,AST-0014,33,0,0,0.009337,630.23
TP-0000125,OPP-00029,LEAD-000145,3,6,2023-01-09,21,linkedin_ads,linkedin_prospeccao_q1_2023,content_view,/webinar/integracao-erp-ao-vivo,AST-0012,42,0,0,0.023677,1598.18
TP-0000126,OPP-00029,LEAD-000145,4,6,2023-01-10,20,linkedin_ads,lkd_awareness_2023,demo_request,/lp/roi-calculator,AST-0018,79,0,0,0.101719,6866.06
TP-0000127,OPP-00029,LEAD-000145,5,6,2023-01-22,8,linkedin_ads,linkedin_prospeccao_q1_2023,sales_call,/webinar/integracao-erp-ao-vivo,AST-0012,88,0,0,0.269655,18201.71
TP-0000128,OPP-00029,LEAD-000145,6,6,2023-01-29,1,linkedin_ads,linkedin_prospecao_q1_2023,demo_request,/ebook/roi-tecnologia-empresas,AST-0010,91,0,1,0.592781,40012.74
TP-0000129,OPP-00030,LEAD-000148,1,5,2022-12-24,42,paid_search,integracao_erp_pesquisa_2022,click,/lp/comparativo-erp,AST-0017,32,1,0,0.010645,852.67
TP-0000130,OPP-00030,LEAD-000148,2,5,2023-01-20,15,paid_search,pesquisa_concorrentes_q1_2023,click,/ebook/gestao-pipeline-vendas,AST-0009,18,0,0,0.056334,4512.37
TP-0000131,OPP-00030,LEAD-000148,3,5,2023-01-25,10,paid_search,google_brand_keywords_2023,form_fill,/ebook/crm-para-varejo,AST-0008,59,0,0,0.295222,23647.26
TP-0000132,OPP-00030,LEAD-000148,4,5,2023-01-29,6,paid_search,pesquisa_concorrentes_q1_2023,demo_request,/lp/demo-gratis,AST-0015,86,0,0,0.571426,45771.2
TP-0000133,OPP-00030,LEAD-000148,5,5,2023-02-01,3,paid_search,crm-b2b-keywords-2023,impression,/lp/comparativo-erp,AST-0017,10,0,1,0.066373,5316.51
TP-0000134,OPP-00031,LEAD-000150,1,7,2022-12-31,39,webinar_evento,evento_crm_gestores_q4,impression,/lp/demo-gratis,AST-0015,12,1,0,0.003318,185.45
TP-0000135,OPP-00031,LEAD-000150,2,7,2023-01-03,36,webinar_evento,evento_crm_gestores_q1,click,/lp/roi-calculator,AST-0018,42,0,0,0.009486,530.24
TP-0000136,OPP-00031,LEAD-000150,3,7,2023-01-11,28,webinar_evento,evento_crm_gestores_q1,form_fill,/webinar/integracao-erp-ao-vivo,AST-0012,74,0,0,0.061589,3442.82
TP-0000137,OPP-00031,LEAD-000150,4,7,2023-01-23,16,webinar_evento,bf-23,demo_request,/lp/comparativo-erp,AST-0017,76,0,0,0.211097,11800.31
TP-0000138,OPP-00031,LEAD-000150,5,7,2023-01-26,13,webinar_evento,bf-23,sales_call,/webinar/integracao-erp-ao-vivo,AST-0012,77,0,0,0.294237,16447.85
TP-0000139,OPP-00031,LEAD-000150,6,7,2023-01-28,11,webinar_evento,campanha-natal-2023,sales_call,/produto/api-marketplace,AST-0021,68,0,0,0.339422,18973.67
TP-0000140,OPP-00031,LEAD-000150,7,7,2023-02-02,6,webinar_evento,campanha_natal_2023,email_open,/produto/api-marketplace,AST-0021,13,0,1,0.080852,4519.65
TP-0000141,OPP-00032,LEAD-000158,1,5,2022-12-28,29,paid_search,crm-b2b-keywords-2022,click,/lp/demo-gratis,AST-0015,28,1,0,0.032518,1160.9
TP-0000142,OPP-00032,LEAD-000158,2,5,2023-01-12,14,direct,,click,/produto/erp-connector,AST-0020,27,0,0,0.07303,2607.16
TP-0000143,OPP-00032,LEAD-000158,3,5,2023-01-15,11,direct,,form_fill,/lp/trial-30-dias,AST-0016,48,0,0,0.331768,11844.11
TP-0000144,OPP-00032,LEAD-000158,4,5,2023-01-15,11,direct,,demo_request,/produto/api-marketplace,AST-0021,85,0,0,0.482571,17227.8
TP-0000145,OPP-00032,LEAD-000158,5,5,2023-01-23,3,direct,(not set),impression,/lp/roi-calculator,AST-0018,24,0,1,0.080113,2860.02
TP-0000146,OPP-00033,LEAD-000161,1,6,2022-12-28,39,webinar_evento,campanha_natal_2022,impression,/lp/demo-gratis,AST-0015,2,1,0,0.005946,294.93
TP-0000147,OPP-00033,LEAD-000161,2,6,2023-01-01,35,webinar_evento,black_friday_2023,click,/lp/demo-gratis,AST-0015,30,0,0,0.01826,905.7
TP-0000148,OPP-00033,LEAD-000161,3,6,2023-01-01,35,webinar_evento,campanha_natal_2023,form_fill,/ebook/roi-tecnologia-empresas,AST-0010,77,0,0,0.066953,3320.88
TP-0000149,OPP-00033,LEAD-000161,4,6,2023-01-03,33,webinar_evento,bf-23,demo_request,/lp/demo-gratis,AST-0015,86,0,0,0.112342,5572.15
TP-0000150,OPP-00033,LEAD-000161,5,6,2023-01-14,22,webinar_evento,campanha_natal_2023,sales_call,/blog/integracao-erp-sistemas,AST-0003,100,0,0,0.277284,13753.3
TP-0000151,OPP-00033,LEAD-000161,6,6,2023-01-24,12,webinar_evento,bf-23,form_fill,/webinar/automacao-vendas-demo,AST-0014,49,0,1,0.519215,25753.04
TP-0000152,OPP-00034,LEAD-000167,1,3,2023-01-08,34,direct,(not set),click,/produto/api-marketplace,AST-0021,9,1,0,0.01525,486.49
TP-0000153,OPP-00034,LEAD-000167,2,3,2023-01-23,19,direct,(direct),form_fill,/produto/erp-connector,AST-0020,73,0,0,0.125581,4006.03
TP-0000154,OPP-00034,LEAD-000167,3,3,2023-02-08,3,direct,(not set),demo_request,/lp/roi-calculator,AST-0018,100,0,1,0.859169,27407.48
TP-0000155,OPP-00035,LEAD-000173,1,5,2023-01-14,24,webinar_evento,campanha-natal-2023,impression,/webinar/automacao-vendas-demo,AST-0014,1,1,0,0.007512,447.71
TP-0000156,OPP-00035,LEAD-000173,2,5,2023-01-14,24,organic_search,(not set),click,/produto/api-marketplace,AST-0021,23,0,0,0.017335,1033.18
TP-0000157,OPP-00035,LEAD-000173,3,5,2023-01-23,15,organic_search,,form_fill,/produto/api-marketplace,AST-0021,40,0,0,0.12089,7205.04
TP-0000158,OPP-00035,LEAD-000173,4,5,2023-01-30,8,organic_search,,demo_request,/blog/gestao-vendas-b2b,AST-0001,85,0,0,0.289911,17278.68
TP-0000159,OPP-00035,LEAD-000173,5,5,2023-02-01,6,organic_search,,sales_call,/produto/erp-connector,AST-0020,89,0,1,0.564352,33635.39
TP-0000160,OPP-00036,LEAD-000184,1,4,2023-01-02,32,meta_ads,facebook_retargeting_2023,impression,/ebook/roi-tecnologia-empresas,AST-0010,6,1,0,0.05744,3015.6
TP-0000161,OPP-00036,LEAD-000184,2,4,2023-01-02,32,paid_search,pesquisa_concorrentes_q1_2023,click,/lp/roi-calculator,AST-0018,36,0,0,0.132554,6959.08
TP-0000162,OPP-00036,LEAD-000184,3,4,2023-01-05,29,paid_search,crm-b2b-keywords-2023,form_fill,/produto/crm-integracao,AST-0019,65,0,0,0.602181,31614.49
TP-0000163,OPP-00036,LEAD-000184,4,4,2023-01-18,16,paid_search,integracao_erp_pesquisa_2023,impression,/produto/crm-integracao,AST-0019,16,0,1,0.207826,10910.84
TP-0000164,OPP-00037,LEAD-000194,1,9,2022-12-18,42,linkedin_ads,lkd_awareness_2022,impression,/ebook/gestao-pipeline-vendas,AST-0009,1,1,0,0.002503,206.75
TP-0000165,OPP-00037,LEAD-000194,2,9,2022-12-18,42,linkedin_ads,linkedin_gestores_2022,click,/lp/roi-calculator,AST-0018,16,0,0,0.005776,477.11
TP-0000166,OPP-00037,LEAD-000194,3,9,2022-12-28,32,linkedin_ads,lkd_awareness_2022,content_view,/ebook/gestao-pipeline-vendas,AST-0009,38,0,0,0.015732,1299.46
TP-0000167,OPP-00037,LEAD-000194,4,9,2022-12-31,29,linkedin_ads,linkedin_prospecao_q4_2022,demo_request,/ebook/roi-tecnologia-empresas,AST-0010,88,0,0,0.077966,6440.03
TP-0000168,OPP-00037,LEAD-000194,5,9,2023-01-13,16,linkedin_ads,linkedin_gestores_2023,sales_call,/lp/demo-gratis,AST-0015,95,0,0,0.22199,18336.38
TP-0000169,OPP-00037,LEAD-000194,6,9,2023-01-21,8,linkedin_ads,linkedin_gestores_2023,content_view,/webinar/automacao-vendas-demo,AST-0014,41,0,0,0.087355,7215.55
TP-0000170,OPP-00037,LEAD-000194,7,9,2023-01-21,8,linkedin_ads,linkedin_prospeccao_q1_2023,email_open,/lp/roi-calculator,AST-0018,6,0,0,0.043678,3607.77
TP-0000171,OPP-00037,LEAD-000194,8,9,2023-01-26,3,linkedin_ads,linkedin_prospecao_q1_2023,proposal_sent,/lp/trial-30-dias,AST-0016,100,0,0,0.436981,36094.63
TP-0000172,OPP-00037,LEAD-000194,9,9,2023-01-28,1,linkedin_ads,linkedin_decisores_ti_2023,email_open,/webinar/integracao-erp-ao-vivo,AST-0012,21,0,1,0.108018,8922.32
TP-0000173,OPP-00038,LEAD-000195,1,2,2022-12-28,37,meta_ads,ig_gestores_b2b_q4,impression,/lp/demo-gratis,AST-0015,13,1,0,0.123901,7372.09
TP-0000174,OPP-00038,LEAD-000195,2,2,2023-01-07,27,meta_ads,ig_gestores_b2b_q1,click,/ebook/roi-tecnologia-empresas,AST-0010,24,0,1,0.876099,52127.91
TP-0000175,OPP-00039,LEAD-000198,1,8,2023-01-02,42,webinar_evento,bf-23,impression,/blog/leads-qualificados-b2b,AST-0007,8,1,0,0.001551,198.66
TP-0000176,OPP-00039,LEAD-000198,2,8,2023-01-04,40,webinar_evento,evento_crm_gestores_q1,click,/lp/comparativo-erp,AST-0017,24,0,0,0.004128,528.84
TP-0000177,OPP-00039,LEAD-000198,3,8,2023-01-17,27,webinar_evento,webinar_integracao_erp_2023,form_fill,/ebook/roi-tecnologia-empresas,AST-0010,68,0,0,0.038311,4907.64
TP-0000178,OPP-00039,LEAD-000198,4,8,2023-01-20,24,webinar_evento,black_friday_2023,demo_request,/lp/demo-gratis,AST-0015,100,0,0,0.069042,8844.3
TP-0000179,OPP-00039,LEAD-000198,5,8,2023-02-01,12,webinar_evento,evento_crm_gestores_q1,sales_call,/ebook/integracao-sistemas-guia,AST-0011,100,0,0,0.183029,23445.97
TP-0000180,OPP-00039,LEAD-000198,6,8,2023-02-07,6,webinar_evento,campanha_natal_2023,demo_request,/lp/roi-calculator,AST-0018,82,0,0,0.249743,31992.03
TP-0000181,OPP-00039,LEAD-000198,7,8,2023-02-09,4,webinar_evento,bf-23,impression,/webinar/automacao-vendas-demo,AST-0014,6,0,0,0.018006,2306.56
TP-0000182,OPP-00039,LEAD-000198,8,8,2023-02-11,2,webinar_evento,evento_crm_gestores_q1,proposal_sent,/lp/trial-30-dias,AST-0016,74,0,1,0.43619,55876.0
TP-0000183,OPP-00040,LEAD-000201,1,3,2022-12-26,36,direct,(not set),click,/produto/api-marketplace,AST-0021,15,1,0,0.009942,375.79
TP-0000184,OPP-00040,LEAD-000201,2,3,2023-01-28,3,direct,(direct),form_fill,/lp/demo-gratis,AST-0015,52,0,0,0.296127,11193.58
TP-0000185,OPP-00040,LEAD-000201,3,3,2023-01-29,2,direct,(not set),demo_request,/produto/crm-integracao,AST-0019,67,0,1,0.693932,26230.63
TP-0000186,OPP-00041,LEAD-000216,1,4,2022-12-23,38,organic_search,(not set),impression,/ebook/integracao-sistemas-guia,AST-0011,9,1,0,0.01905,1424.95
TP-0000187,OPP-00041,LEAD-000216,2,4,2022-12-28,33,organic_search,(none),click,/produto/api-marketplace,AST-0021,7,0,0,0.062832,4699.83
TP-0000188,OPP-00041,LEAD-000216,3,4,2022-12-31,30,organic_search,,content_view,/blog/integracao-erp-sistemas,AST-0003,27,0,0,0.103796,7763.98
TP-0000189,OPP-00041,LEAD-000216,4,4,2023-01-09,21,organic_search,(none),form_fill,/produto/crm-integracao,AST-0019,67,0,1,0.814321,60911.24
TP-0000190,OPP-00042,LEAD-000223,1,8,2022-12-30,43,linkedin_ads,linkedin_prospeccao_q4_2022,impression,/ebook/roi-tecnologia-empresas,AST-0010,10,1,0,0.004181,389.7
TP-0000191,OPP-00042,LEAD-000223,2,8,2022-12-31,42,linkedin_ads,lkd_awareness_2022,click,/ebook/gestao-pipeline-vendas,AST-0009,25,0,0,0.010364,965.89
TP-0000192,OPP-00042,LEAD-000223,3,8,2023-01-11,31,linkedin_ads,linkedin_prospeccao_q1_2023,content_view,/webinar/integracao-erp-ao-vivo,AST-0012,47,0,0,0.030317,2825.52
TP-0000193,OPP-00042,LEAD-000223,4,8,2023-01-12,30,linkedin_ads,linkedin_prospeccao_q1_2023,demo_request,/webinar/crm-para-gestores,AST-0013,79,0,0,0.130246,12138.9
TP-0000194,OPP-00042,LEAD-000223,5,8,2023-01-18,24,linkedin_ads,linkedin_decisores_ti_2023,sales_call,/lp/comparativo-erp,AST-0017,81,0,0,0.224927,20963.22
TP-0000195,OPP-00042,LEAD-000223,6,8,2023-01-22,20,linkedin_ads,linkedin_prospeccao_q1_2023,sales_call,/ebook/crm-para-varejo,AST-0008,100,0,0,0.299313,27896.02
TP-0000196,OPP-00042,LEAD-000223,7,8,2023-01-30,12,linkedin_ads,linkedin_prospecao_q1_2023,impression,/webinar/automacao-vendas-demo,AST-0014,7,0,0,0.029446,2744.34
TP-0000197,OPP-00042,LEAD-000223,8,8,2023-02-05,6,linkedin_ads,lkd_awareness_2023,content_view,/ebook/roi-tecnologia-empresas,AST-0010,28,0,1,0.271206,25276.41
TP-0000198,OPP-00043,LEAD-000233,1,3,2022-12-28,43,direct,,click,/lp/demo-gratis,AST-0015,41,1,0,0.018678,777.0
TP-0000199,OPP-00043,LEAD-000233,2,3,2023-01-15,25,direct,(not set),form_fill,/ebook/crm-para-varejo,AST-0008,68,0,0,0.190562,7927.39
TP-0000200,OPP-00043,LEAD-000233,3,3,2023-01-24,16,direct,(not set),demo_request,/blog/crm-para-industria,AST-0002,98,0,1,0.79076,32895.61
TP-0000201,OPP-00044,LEAD-000235,1,6,2023-01-05,26,linkedin_ads,linkedin_decisores_ti_2023,impression,/webinar/automacao-vendas-demo,AST-0014,20,1,0,0.01336,676.01
TP-0000202,OPP-00044,LEAD-000235,2,6,2023-01-07,24,linkedin_ads,linkedin_decisores_ti_2023,click,/webinar/crm-para-gestores,AST-0013,15,0,0,0.035565,1799.58
TP-0000203,OPP-00044,LEAD-000235,3,6,2023-01-12,19,linkedin_ads,linkedin_prospeccao_q1_2023,content_view,/ebook/integracao-sistemas-guia,AST-0011,21,0,0,0.067774,3429.38
TP-0000204,OPP-00044,LEAD-000235,4,6,2023-01-15,16,linkedin_ads,linkedin_gestores_2023,demo_request,/lp/trial-30-dias,AST-0016,78,0,0,0.335883,16995.7
TP-0000205,OPP-00044,LEAD-000235,5,6,2023-01-17,14,linkedin_ads,linkedin_gestores_2023,sales_call,/ebook/crm-para-varejo,AST-0008,77,0,0,0.435896,22056.35
TP-0000206,OPP-00044,LEAD-000235,6,6,2023-01-23,8,linkedin_ads,linkedin_decisores_ti_2023,email_open,/blog/funil-vendas-complexas,AST-0006,22,0,1,0.111521,5642.98
TP-0000207,OPP-00045,LEAD-000240,1,5,2022-12-20,40,paid_search,pesquisa_concorrentes_q4_2022,click,/lp/demo-gratis,AST-0015,13,1,0,0.016516,465.75
TP-0000208,OPP-00045,LEAD-000240,2,5,2022-12-29,31,paid_search,google_branded_2022,click,/webinar/crm-para-gestores,AST-0013,15,0,0,0.024163,681.4
TP-0000209,OPP-00045,LEAD-000240,3,5,2023-01-09,20,paid_search,google_branded_2023,form_fill,/blog/churn-saas-brasil,AST-0005,69,0,0,0.194382,5481.58
TP-0000210,OPP-00045,LEAD-000240,4,5,2023-01-19,10,paid_search,pesquisa_concorrentes_q1_2023,demo_request,/produto/crm-integracao,AST-0019,76,0,0,0.577556,16287.08
TP-0000211,OPP-00045,LEAD-000240,5,5,2023-01-21,8,paid_search,google_branded_2023,click,/lp/comparativo-erp,AST-0017,29,0,1,0.187382,5284.18
TP-0000212,OPP-00046,LEAD-000242,1,5,2022-12-31,36,paid_search,google_brand_keywords_2022,click,/produto/crm-integracao,AST-0019,22,1,0,0.01643,897.06
TP-0000213,OPP-00046,LEAD-000242,2,5,2023-01-03,33,paid_search,pesquisa_concorrentes_q1_2023,click,/blog/crm-para-industria,AST-0002,33,0,0,0.015658,854.95
TP-0000214,OPP-00046,LEAD-000242,3,5,2023-01-17,19,paid_search,google_brand_keywords_2023,form_fill,/lp/trial-30-dias,AST-0016,60,0,0,0.156068,8521.29
TP-0000215,OPP-00046,LEAD-000242,4,5,2023-01-21,15,paid_search,crm-b2b-keywords-2023,demo_request,/lp/roi-calculator,AST-0018,90,0,0,0.302082,16493.66
TP-0000216,OPP-00046,LEAD-000242,5,5,2023-01-21,15,paid_search,google_branded_2023,sales_call,/lp/roi-calculator,AST-0018,90,0,1,0.509763,27833.05
TP-0000217,OPP-00047,LEAD-000243,1,3,2022-12-19,43,organic_search,,impression,/blog/automacao-marketing-b2b,AST-0004,24,1,0,0.016582,446.07
TP-0000218,OPP-00047,LEAD-000243,2,3,2023-01-16,15,organic_search,,click,/blog/crm-para-industria,AST-0002,18,0,0,0.282758,7606.18
TP-0000219,OPP-00047,LEAD-000243,3,3,2023-01-19,12,organic_search,(not set),content_view,/blog/funil-vendas-complexas,AST-0006,25,0,1,0.70066,18847.75
TP-0000220,OPP-00048,LEAD-000251,1,8,2022-12-19,43,linkedin_ads,linkedin_prospeccao_q4_2022,impression,/webinar/automacao-vendas-demo,AST-0014,27,1,0,0.001786,213.91
TP-0000221,OPP-00048,LEAD-000251,2,8,2022-12-20,42,direct,(direct),click,/lp/trial-30-dias,AST-0016,24,0,0,0.004426,530.18
TP-0000222,OPP-00048,LEAD-000251,3,8,2022-12-24,38,direct,,content_view,/produto/crm-integracao,AST-0019,36,0,0,0.007852,940.69
TP-0000223,OPP-00048,LEAD-000251,4,8,2022-12-25,37,direct,(direct),demo_request,/produto/crm-integracao,AST-0019,54,0,0,0.033734,4041.36
TP-0000224,OPP-00048,LEAD-000251,5,8,2023-01-05,26,direct,,sales_call,/blog/gestao-vendas-b2b,AST-0001,76,0,0,0.083263,9974.96
TP-0000225,OPP-00048,LEAD-000251,6,8,2023-01-24,7,direct,(not set),click,/lp/roi-calculator,AST-0018,31,0,0,0.053914,6458.92
TP-0000226,OPP-00048,LEAD-000251,7,8,2023-01-25,6,direct,(direct),sales_call,/produto/crm-integracao,AST-0019,96,0,0,0.347436,41622.86
TP-0000227,OPP-00048,LEAD-000251,8,8,2023-01-27,4,direct,(direct),proposal_sent,/ebook/crm-para-varejo,AST-0008,97,0,1,0.467589,56017.12
TP-0000228,OPP-00049,LEAD-000264,1,2,2022-12-25,36,organic_search,,impression,/produto/api-marketplace,AST-0021,1,1,0,0.035123,1362.78
TP-0000229,OPP-00049,LEAD-000264,2,2,2023-01-23,7,organic_search,,click,/produto/erp-connector,AST-0020,23,0,1,0.964877,37437.22
TP-0000230,OPP-00050,LEAD-000271,1,4,2023-01-12,36,linkedin_ads,linkedin_prospecao_q1_2023,impression,/webinar/crm-para-gestores,AST-0013,5,1,0,0.004111,495.4
TP-0000231,OPP-00050,LEAD-000271,2,4,2023-01-18,30,organic_search,(none),click,/blog/funil-vendas-complexas,AST-0006,15,0,0,0.014564,1754.92
TP-0000232,OPP-00050,LEAD-000271,3,4,2023-02-02,15,organic_search,(not set),content_view,/blog/crm-para-industria,AST-0002,39,0,0,0.056692,6831.42
TP-0000233,OPP-00050,LEAD-000271,4,4,2023-02-16,1,organic_search,(none),demo_request,/produto/erp-connector,AST-0020,81,0,1,0.924633,111418.27
TP-0000234,OPP-00051,LEAD-000273,1,4,2023-01-05,35,paid_search,google_brand_keywords_2023,click,/produto/crm-integracao,AST-0019,32,1,0,0.016487,1821.86
TP-0000235,OPP-00051,LEAD-000273,2,4,2023-01-21,19,meta_ads,ig_gestores_b2b_q1,click,/blog/integracao-erp-sistemas,AST-0003,34,0,0,0.039769,4394.48
TP-0000236,OPP-00051,LEAD-000273,3,4,2023-01-25,15,meta_ads,meta_awareness_2023,form_fill,/ebook/crm-para-varejo,AST-0008,83,0,0,0.194044,21441.87
TP-0000237,OPP-00051,LEAD-000273,4,4,2023-02-02,7,meta_ads,fb-leads-varejo-2023,demo_request,/lp/roi-calculator,AST-0018,98,0,1,0.7497,82841.8
TP-0000238,OPP-00052,LEAD-000276,1,4,2022-12-25,39,paid_search,google_brand_keywords_2022,click,/produto/crm-integracao,AST-0019,30,1,0,0.007613,559.53
TP-0000239,OPP-00052,LEAD-000276,2,4,2023-01-24,9,paid_search,google_branded_2023,click,/lp/roi-calculator,AST-0018,17,0,0,0.049914,3668.68
TP-0000240,OPP-00052,LEAD-000276,3,4,2023-01-24,9,paid_search,crm-b2b-keywords-2023,form_fill,/produto/crm-integracao,AST-0019,70,0,0,0.183018,13451.84
TP-0000241,OPP-00052,LEAD-000276,4,4,2023-02-02,0,paid_search,integracao_erp_pesquisa_2023,demo_request,/produto/crm-integracao,AST-0019,80,0,1,0.759455,55819.95
TP-0000242,OPP-00053,LEAD-000277,1,5,2023-01-05,39,organic_search,(not set),impression,/blog/crm-para-industria,AST-0002,18,1,0,0.008532,315.67
TP-0000243,OPP-00053,LEAD-000277,2,5,2023-01-06,38,organic_search,(none),click,/blog/integracao-erp-sistemas,AST-0003,30,0,0,0.021146,782.42
TP-0000244,OPP-00053,LEAD-000277,3,5,2023-01-09,35,organic_search,(not set),content_view,/produto/api-marketplace,AST-0021,26,0,0,0.034933,1292.53
TP-0000245,OPP-00053,LEAD-000277,4,5,2023-01-17,27,organic_search,(not set),form_fill,/produto/crm-integracao,AST-0019,54,0,0,0.170113,6294.2
TP-0000246,OPP-00053,LEAD-000277,5,5,2023-01-29,15,organic_search,(none),proposal_sent,/lp/comparativo-erp,AST-0017,78,0,1,0.765275,28315.19
TP-0000247,OPP-00054,LEAD-000280,1,2,2023-01-12,25,paid_search,google_branded_2023,click,/lp/comparativo-erp,AST-0017,36,1,0,0.255085,21580.21
TP-0000248,OPP-00054,LEAD-000280,2,2,2023-01-25,12,paid_search,crm-b2b-keywords-2023,click,/produto/crm-integracao,AST-0019,25,0,1,0.744915,63019.79
TP-0000249,OPP-00055,LEAD-000297,1,5,2023-01-17,30,paid_search,integracao_erp_pesquisa_2023,click,/lp/roi-calculator,AST-0018,36,1,0,0.03183,4733.17
TP-0000250,OPP-00055,LEAD-000297,2,5,2023-01-25,22,paid_search,pesquisa_concorrentes_q1_2023,click,/lp/roi-calculator,AST-0018,38,0,0,0.043358,6447.29
TP-0000251,OPP-00055,LEAD-000297,3,5,2023-02-02,14,paid_search,google_branded_2023,form_fill,/lp/trial-30-dias,AST-0016,58,0,0,0.281518,41861.7
TP-0000252,OPP-00055,LEAD-000297,4,5,2023-02-05,11,paid_search,integracao_erp_pesquisa_2023,demo_request,/lp/demo-gratis,AST-0015,93,0,0,0.507337,75440.97
TP-0000253,OPP-00055,LEAD-000297,5,5,2023-02-10,6,paid_search,pesquisa_concorrentes_q1_2023,email_open,/webinar/integracao-erp-ao-vivo,AST-0012,11,0,1,0.135957,20216.86
TP-0000254,OPP-00056,LEAD-000303,1,8,2023-01-06,44,webinar_evento,campanha-natal-2023,impression,/lp/comparativo-erp,AST-0017,3,1,0,0.001557,274.16
TP-0000255,OPP-00056,LEAD-000303,2,8,2023-01-13,37,meta_ads,facebook_retargeting_2023,click,/lp/trial-30-dias,AST-0016,30,0,0,0.005923,1043.1
TP-0000256,OPP-00056,LEAD-000303,3,8,2023-01-23,27,meta_ads,fb-leads-varejo-2023,form_fill,/ebook/gestao-pipeline-vendas,AST-0009,55,0,0,0.044366,7812.84
TP-0000257,OPP-00056,LEAD-000303,4,8,2023-01-30,20,meta_ads,facebook_retargeting_2023,demo_request,/lp/roi-calculator,AST-0018,87,0,0,0.106396,18736.27
TP-0000258,OPP-00056,LEAD-000303,5,8,2023-02-02,17,meta_ads,meta_awareness_2023,sales_call,/lp/roi-calculator,AST-0018,100,0,0,0.148299,26115.53
TP-0000259,OPP-00056,LEAD-000303,6,8,2023-02-11,8,meta_ads,fb-leads-varejo-2023,sales_call,/ebook/crm-para-varejo,AST-0008,100,0,0,0.282052,49669.32
TP-0000260,OPP-00056,LEAD-000303,7,8,2023-02-14,5,meta_ads,meta_awareness_2023,demo_request,/lp/demo-gratis,AST-0015,91,0,0,0.310627,54701.44
TP-0000261,OPP-00056,LEAD-000303,8,8,2023-02-16,3,meta_ads,meta_awareness_2023,click,/blog/gestao-vendas-b2b,AST-0001,21,0,1,0.10078,17747.34
TP-0000262,OPP-00057,LEAD-000305,1,2,2023-01-22,13,organic_search,(not set),impression,/webinar/automacao-vendas-demo,AST-0014,11,1,0,0.18908,5956.02
TP-0000263,OPP-00057,LEAD-000305,2,2,2023-01-25,10,organic_search,(none),click,/produto/api-marketplace,AST-0021,44,0,1,0.81092,25543.98
TP-0000264,OPP-00058,LEAD-000306,1,5,2023-01-10,36,webinar_evento,campanha_natal_2023,impression,/lp/comparativo-erp,AST-0017,36,1,0,0.003254,146.44
TP-0000265,OPP-00058,LEAD-000306,2,5,2023-01-20,26,webinar_evento,webinar_integracao_erp_2023,click,/lp/trial-30-dias,AST-0016,33,0,0,0.01534,690.31
TP-0000266,OPP-00058,LEAD-000306,3,5,2023-01-24,22,webinar_evento,campanha-natal-2023,form_fill,/lp/comparativo-erp,AST-0017,53,0,0,0.074849,3368.21
TP-0000267,OPP-00058,LEAD-000306,4,5,2023-02-01,14,webinar_evento,bf-23,demo_request,/webinar/integracao-erp-ao-vivo,AST-0012,83,0,0,0.192789,8675.5
TP-0000268,OPP-00058,LEAD-000306,5,5,2023-02-12,3,webinar_evento,evento_crm_gestores_q1,sales_call,/lp/comparativo-erp,AST-0017,87,0,1,0.713768,32119.55
TP-0000269,OPP-00059,LEAD-000311,1,5,2023-01-14,37,paid_search,integracao_erp_pesquisa_2023,click,/produto/crm-integracao,AST-0019,22,1,0,0.020071,483.72
TP-0000270,OPP-00059,LEAD-000311,2,5,2023-01-26,25,paid_search,google_branded_2023,click,/produto/erp-connector,AST-0020,20,0,0,0.036382,876.81
TP-0000271,OPP-00059,LEAD-000311,3,5,2023-01-26,25,paid_search,integracao_erp_pesquisa_2023,form_fill,/lp/demo-gratis,AST-0015,54,0,0,0.133401,3214.97
TP-0000272,OPP-00059,LEAD-000311,4,5,2023-02-09,11,paid_search,pesquisa_concorrentes_q1_2023,demo_request,/blog/churn-saas-brasil,AST-0005,75,0,0,0.52745,12711.55
TP-0000273,OPP-00059,LEAD-000311,5,5,2023-02-14,6,paid_search,google_brand_keywords_2023,content_view,/produto/api-marketplace,AST-0021,21,0,1,0.282695,6812.95
TP-0000274,OPP-00060,LEAD-000316,1,3,2023-01-10,30,organic_search,,impression,/blog/automacao-marketing-b2b,AST-0004,23,1,0,0.034415,4880.1
TP-0000275,OPP-00060,LEAD-000316,2,3,2023-01-23,17,organic_search,,click,/blog/automacao-marketing-b2b,AST-0004,36,0,0,0.201004,28502.33
TP-0000276,OPP-00060,LEAD-000316,3,3,2023-02-01,8,organic_search,,content_view,/produto/erp-connector,AST-0020,22,0,1,0.764581,108417.57
TP-0000277,OPP-00061,LEAD-000321,1,4,2023-01-16,27,webinar_evento,campanha-natal-2023,impression,/ebook/roi-tecnologia-empresas,AST-0010,10,1,0,0.015866,974.15
TP-0000278,OPP-00061,LEAD-000321,2,4,2023-01-22,21,paid_search,integracao_erp_pesquisa_2023,click,/produto/crm-integracao,AST-0019,9,0,0,0.056203,3450.89
TP-0000279,OPP-00061,LEAD-000321,3,4,2023-01-24,19,paid_search,pesquisa_concorrentes_q1_2023,form_fill,/lp/comparativo-erp,AST-0017,57,0,0,0.237725,14596.34
TP-0000280,OPP-00061,LEAD-000321,4,4,2023-01-28,15,paid_search,crm-b2b-keywords-2023,demo_request,/produto/crm-integracao,AST-0019,71,0,1,0.690206,42378.62
TP-0000281,OPP-00062,LEAD-000324,1,5,2023-01-01,40,paid_search,google_brand_keywords_2023,click,/produto/crm-integracao,AST-0019,17,1,0,0.015372,534.96
TP-0000282,OPP-00062,LEAD-000324,2,5,2023-01-16,25,paid_search,integracao_erp_pesquisa_2023,click,/lp/roi-calculator,AST-0018,30,0,0,0.034523,1201.41
TP-0000283,OPP-00062,LEAD-000324,3,5,2023-01-25,16,paid_search,google_brand_keywords_2023,form_fill,/lp/roi-calculator,AST-0018,61,0,0,0.240754,8378.23
TP-0000284,OPP-00062,LEAD-000324,4,5,2023-02-02,8,paid_search,pesquisa_concorrentes_q1_2023,demo_request,/lp/roi-calculator,AST-0018,84,0,0,0.620109,21579.81
TP-0000285,OPP-00062,LEAD-000324,5,5,2023-02-08,2,paid_search,pesquisa_concorrentes_q1_2023,impression,/lp/roi-calculator,AST-0018,11,0,1,0.089241,3105.6
TP-0000286,OPP-00063,LEAD-000329,1,7,2023-01-12,30,linkedin_ads,linkedin_decisores_ti_2023,impression,/lp/demo-gratis,AST-0015,15,1,0,0.007673,302.33
TP-0000287,OPP-00063,LEAD-000329,2,7,2023-01-17,25,linkedin_ads,linkedin_gestores_2023,click,/ebook/gestao-pipeline-vendas,AST-0009,27,0,0,0.025309,997.18
TP-0000288,OPP-00063,LEAD-000329,3,7,2023-01-17,25,linkedin_ads,linkedin_prospecao_q1_2023,content_view,/ebook/gestao-pipeline-vendas,AST-0009,55,0,0,0.033745,1329.57
TP-0000289,OPP-00063,LEAD-000329,4,7,2023-01-21,21,linkedin_ads,linkedin_decisores_ti_2023,demo_request,/blog/gestao-vendas-b2b,AST-0001,81,0,0,0.179621,7077.08
TP-0000290,OPP-00063,LEAD-000329,5,7,2023-02-01,10,linkedin_ads,linkedin_prospecao_q1_2023,sales_call,/webinar/crm-para-gestores,AST-0013,93,0,0,0.443345,17467.8
TP-0000291,OPP-00063,LEAD-000329,6,7,2023-02-03,8,linkedin_ads,lkd_awareness_2023,content_view,/ebook/integracao-sistemas-guia,AST-0011,34,0,0,0.113651,4477.83
TP-0000292,OPP-00063,LEAD-000329,7,7,2023-02-05,6,linkedin_ads,linkedin_decisores_ti_2023,content_view,/ebook/integracao-sistemas-guia,AST-0011,24,0,1,0.196655,7748.21
TP-0000293,OPP-00064,LEAD-000349,1,5,2022-12-23,44,organic_search,(not set),impression,/produto/api-marketplace,AST-0021,19,1,0,0.023055,2679.01
TP-0000294,OPP-00064,LEAD-000349,2,5,2022-12-29,38,direct,(direct),click,/produto/erp-connector,AST-0020,29,0,0,0.081672,9490.27
TP-0000295,OPP-00064,LEAD-000349,3,5,2022-12-29,38,direct,,content_view,/lp/roi-calculator,AST-0018,38,0,0,0.108896,12653.7
TP-0000296,OPP-00064,LEAD-000349,4,5,2023-01-03,33,direct,,form_fill,/lp/comparativo-erp,AST-0017,58,0,0,0.428005,49734.21
TP-0000297,OPP-00064,LEAD-000349,5,5,2023-01-09,27,direct,(direct),content_view,/lp/comparativo-erp,AST-0017,42,0,1,0.358372,41642.81
TP-0000298,OPP-00065,LEAD-000352,1,4,2023-01-20,30,organic_search,(none),impression,/blog/automacao-marketing-b2b,AST-0004,29,1,0,0.028501,1114.38
TP-0000299,OPP-00065,LEAD-000352,2,4,2023-01-20,30,webinar_evento,webinar_integracao_erp_2023,click,/webinar/crm-para-gestores,AST-0013,30,0,0,0.065771,2571.66
TP-0000300,OPP-00065,LEAD-000352,3,4,2023-01-29,21,webinar_evento,campanha_natal_2023,content_view,/webinar/integracao-erp-ao-vivo,AST-0012,39,0,0,0.166788,6521.4
TP-0000301,OPP-00065,LEAD-000352,4,4,2023-01-30,20,webinar_evento,bf-23,form_fill,/produto/erp-connector,AST-0020,61,0,1,0.73894,28892.56
TP-0000302,OPP-00066,LEAD-000353,1,6,2023-01-06,43,organic_search,(not set),impression,/lp/demo-gratis,AST-0015,16,1,0,0.008129,612.1
TP-0000303,OPP-00066,LEAD-000353,2,6,2023-01-08,41,email_marketing,newsletter_mensal_01_2023,click,/blog/churn-saas-brasil,AST-0005,27,0,0,0.021639,1629.45
TP-0000304,OPP-00066,LEAD-000353,3,6,2023-01-16,33,email_marketing,campanha_email_01-2023,content_view,/blog/leads-qualificados-b2b,AST-0007,44,0,0,0.051092,3847.22
TP-0000305,OPP-00066,LEAD-000353,4,6,2023-01-17,32,email_marketing,campanha_email_01-2023,form_fill,/blog/leads-qualificados-b2b,AST-0007,66,0,0,0.150906,11363.2
TP-0000306,OPP-00066,LEAD-000353,5,6,2023-02-02,16,email_marketing,email_reengajamento_q1_2023,demo_request,/blog/funil-vendas-complexas,AST-0006,79,0,0,0.688287,51828.01
TP-0000307,OPP-00066,LEAD-000353,6,6,2023-02-05,13,email_marketing,campanha_email_02-2023,impression,/produto/erp-connector,AST-0020,18,0,1,0.079947,6020.03
TP-0000308,OPP-00067,LEAD-000357,1,6,2022-12-27,44,organic_search,,impression,/webinar/crm-para-gestores,AST-0013,9,1,0,0.004837,599.27
TP-0000309,OPP-00067,LEAD-000357,2,6,2022-12-29,42,paid_search,google_brand_keywords_2022,click,/blog/integracao-erp-sistemas,AST-0003,33,0,0,0.012876,1595.29
TP-0000310,OPP-00067,LEAD-000357,3,6,2022-12-29,42,paid_search,crm-b2b-keywords-2022,content_view,/produto/crm-integracao,AST-0019,40,0,0,0.017168,2127.06
TP-0000311,OPP-00067,LEAD-000357,4,6,2023-01-15,25,paid_search,integracao_erp_pesquisa_2023,form_fill,/produto/api-marketplace,AST-0021,50,0,0,0.159,19700.15
TP-0000312,OPP-00067,LEAD-000357,5,6,2023-01-26,14,paid_search,integracao_erp_pesquisa_2023,sales_call,/produto/erp-connector,AST-0020,71,0,0,0.570833,70726.26
TP-0000313,OPP-00067,LEAD-000357,6,6,2023-02-02,7,paid_search,google_brand_keywords_2023,click,/lp/roi-calculator,AST-0018,31,0,1,0.235286,29151.97
TP-0000314,OPP-00068,LEAD-000359,1,3,2023-01-04,40,paid_search,crm-b2b-keywords-2023,click,/produto/api-marketplace,AST-0021,30,1,0,0.166667,4450.0
TP-0000315,OPP-00068,LEAD-000359,2,3,2023-01-04,40,paid_search,google_brand_keywords_2023,click,/produto/erp-connector,AST-0020,24,0,0,0.128205,3423.08
TP-0000316,OPP-00068,LEAD-000359,3,3,2023-01-04,40,paid_search,google_brand_keywords_2023,form_fill,/lp/roi-calculator,AST-0018,80,0,1,0.705128,18826.92
TP-0000317,OPP-00069,LEAD-000367,1,9,2023-01-06,44,linkedin_ads,linkedin_gestores_2023,impression,/ebook/gestao-pipeline-vendas,AST-0009,9,1,0,0.000803,36.79
TP-0000318,OPP-00069,LEAD-000367,2,9,2023-01-14,36,linkedin_ads,lkd_awareness_2023,click,/webinar/integracao-erp-ao-vivo,AST-0012,44,0,0,0.003282,150.32
TP-0000319,OPP-00069,LEAD-000367,3,9,2023-01-20,30,linkedin_ads,linkedin_decisores_ti_2023,content_view,/webinar/crm-para-gestores,AST-0013,28,0,0,0.006718,307.67
TP-0000320,OPP-00069,LEAD-000367,4,9,2023-01-20,30,linkedin_ads,linkedin_prospecao_q1_2023,demo_request,/lp/demo-gratis,AST-0015,73,0,0,0.026871,1230.69
TP-0000321,OPP-00069,LEAD-000367,5,9,2023-02-11,8,linkedin_ads,lkd_awareness_2023,sales_call,/ebook/gestao-pipeline-vendas,AST-0009,83,0,0,0.145512,6664.46
TP-0000322,OPP-00069,LEAD-000367,6,9,2023-02-13,6,linkedin_ads,linkedin_prospecao_q1_2023,form_fill,/ebook/gestao-pipeline-vendas,AST-0009,65,0,0,0.10258,4698.15
TP-0000323,OPP-00069,LEAD-000367,7,9,2023-02-15,4,linkedin_ads,linkedin_gestores_2023,demo_request,/ebook/integracao-sistemas-guia,AST-0011,89,0,0,0.17212,7883.09
TP-0000324,OPP-00069,LEAD-000367,8,9,2023-02-17,2,linkedin_ads,linkedin_decisores_ti_2023,demo_request,/webinar/crm-para-gestores,AST-0013,100,0,0,0.198551,9093.65
TP-0000325,OPP-00069,LEAD-000367,9,9,2023-02-19,0,linkedin_ads,linkedin_prospeccao_q1_2023,demo_request,/ebook/integracao-sistemas-guia,AST-0011,84,0,1,0.343563,15735.18
TP-0000326,OPP-00070,LEAD-000369,1,4,2023-01-22,29,direct,,click,/lp/roi-calculator,AST-0018,27,1,0,0.018623,2690.98
TP-0000327,OPP-00070,LEAD-000369,2,4,2023-01-23,28,direct,,form_fill,/lp/roi-calculator,AST-0018,68,0,0,0.056415,8151.92
TP-0000328,OPP-00070,LEAD-000369,3,4,2023-02-01,19,direct,,demo_request,/produto/erp-connector,AST-0020,70,0,0,0.156066,22551.55
TP-0000329,OPP-00070,LEAD-000369,4,4,2023-02-16,4,direct,(not set),sales_call,/produto/crm-integracao,AST-0019,86,0,1,0.768897,111105.55
TP-0000330,OPP-00071,LEAD-000374,1,6,2023-01-09,36,organic_search,(none),impression,/blog/funil-vendas-complexas,AST-0006,13,1,0,0.006402,190.13
TP-0000331,OPP-00071,LEAD-000374,2,6,2023-01-11,34,webinar_evento,evento_crm_gestores_q1,click,/lp/comparativo-erp,AST-0017,24,0,0,0.017042,506.14
TP-0000332,OPP-00071,LEAD-000374,3,6,2023-01-20,25,webinar_evento,bf-23,content_view,/ebook/integracao-sistemas-guia,AST-0011,17,0,0,0.043216,1283.5
TP-0000333,OPP-00071,LEAD-000374,4,6,2023-02-01,13,webinar_evento,evento_crm_gestores_q1,form_fill,/lp/demo-gratis,AST-0015,85,0,0,0.280043,8317.28
TP-0000334,OPP-00071,LEAD-000374,5,6,2023-02-02,12,webinar_evento,campanha-natal-2023,proposal_sent,/ebook/crm-para-varejo,AST-0008,66,0,0,0.382808,11369.4
TP-0000335,OPP-00071,LEAD-000374,6,6,2023-02-09,5,webinar_evento,black_friday_2023,content_view,/lp/demo-gratis,AST-0015,22,0,1,0.27049,8033.56
TP-0000336,OPP-00072,LEAD-000375,1,2,2022-12-24,44,meta_ads,fb-leads-varejo-2022,impression,/lp/comparativo-erp,AST-0017,30,1,0,0.069212,1508.82
TP-0000337,OPP-00072,LEAD-000375,2,2,2023-01-12,25,meta_ads,meta_awareness_2023,click,/ebook/crm-para-varejo,AST-0008,34,0,1,0.930788,20291.18
TP-0000338,OPP-00073,LEAD-000382,1,6,2022-12-30,42,webinar_evento,bf-23,impression,/webinar/crm-para-gestores,AST-0013,8,1,0,0.002079,88.97
TP-0000339,OPP-00073,LEAD-000382,2,6,2023-01-07,34,meta_ads,ig_gestores_b2b_q1,click,/lp/trial-30-dias,AST-0016,4,0,0,0.008495,363.57
TP-0000340,OPP-00073,LEAD-000382,3,6,2023-01-10,31,meta_ads,ig_gestores_b2b_q1,form_fill,/lp/roi-calculator,AST-0018,68,0,0,0.03859,1651.65
TP-0000341,OPP-00073,LEAD-000382,4,6,2023-01-26,15,meta_ads,meta_awareness_2023,demo_request,/ebook/gestao-pipeline-vendas,AST-0009,84,0,0,0.17601,7533.22
TP-0000342,OPP-00073,LEAD-000382,5,6,2023-02-04,6,meta_ads,facebook_retargeting_2023,sales_call,/ebook/integracao-sistemas-guia,AST-0011,90,0,0,0.376599,16118.42
TP-0000343,OPP-00073,LEAD-000382,6,6,2023-02-06,4,meta_ads,fb-leads-varejo-2023,form_fill,/lp/demo-gratis,AST-0015,65,0,1,0.398228,17044.18
TP-0000344,OPP-00074,LEAD-000383,1,4,2023-01-16,36,linkedin_ads,lkd_awareness_2023,impression,/ebook/crm-para-varejo,AST-0008,4,1,0,0.011662,1292.14
TP-0000345,OPP-00074,LEAD-000383,2,4,2023-01-18,34,linkedin_ads,linkedin_prospeccao_q1_2023,click,/lp/comparativo-erp,AST-0017,19,0,0,0.031045,3439.77
TP-0000346,OPP-00074,LEAD-000383,3,4,2023-02-02,19,linkedin_ads,lkd_awareness_2023,content_view,/ebook/roi-tecnologia-empresas,AST-0010,49,0,0,0.120849,13390.09
TP-0000347,OPP-00074,LEAD-000383,4,4,2023-02-04,17,linkedin_ads,linkedin_decisores_ti_2023,demo_request,/ebook/gestao-pipeline-vendas,AST-0009,88,0,1,0.836444,92678.01
TP-0000348,OPP-00075,LEAD-000384,1,2,2023-01-09,36,paid_search,google_branded_2023,click,/webinar/automacao-vendas-demo,AST-0014,13,1,0,0.062121,3280.01
TP-0000349,OPP-00075,LEAD-000384,2,2,2023-02-14,0,paid_search,integracao_erp_pesquisa_2023,click,/lp/comparativo-erp,AST-0017,17,0,1,0.937879,49519.99
TP-0000350,OPP-00076,LEAD-000386,1,3,2023-01-05,42,paid_search,google_branded_2023,click,/produto/api-marketplace,AST-0021,21,1,0,0.04091,949.11
TP-0000351,OPP-00076,LEAD-000386,2,3,2023-01-15,32,paid_search,integracao_erp_pesquisa_2023,click,/blog/churn-saas-brasil,AST-0005,20,0,0,0.064283,1491.36
TP-0000352,OPP-00076,LEAD-000386,3,3,2023-01-28,19,paid_search,integracao_erp_pesquisa_2023,form_fill,/produto/crm-integracao,AST-0019,64,0,1,0.894808,20759.54
TP-0000353,OPP-00077,LEAD-000388,1,4,2023-01-10,43,webinar_evento,evento_crm_gestores_q1,impression,/lp/comparativo-erp,AST-0017,1,1,0,0.003739,439.31
TP-0000354,OPP-00077,LEAD-000388,2,4,2023-02-03,19,linkedin_ads,linkedin_prospecao_q1_2023,click,/webinar/automacao-vendas-demo,AST-0014,30,0,0,0.047909,5629.29
TP-0000355,OPP-00077,LEAD-000388,3,4,2023-02-09,13,linkedin_ads,linkedin_decisores_ti_2023,form_fill,/webinar/integracao-erp-ao-vivo,AST-0012,76,0,0,0.269658,31684.83
TP-0000356,OPP-00077,LEAD-000388,4,4,2023-02-11,11,linkedin_ads,linkedin_prospecao_q1_2023,demo_request,/ebook/integracao-sistemas-guia,AST-0011,90,0,1,0.678694,79746.57
TP-0000357,OPP-00078,LEAD-000392,1,9,2022-12-30,44,linkedin_ads,linkedin_decisores_ti_2022,impression,/lp/demo-gratis,AST-0015,5,1,0,0.002783,100.46
TP-0000358,OPP-00078,LEAD-000392,2,9,2022-12-31,43,linkedin_ads,linkedin_prospecao_q4_2022,click,/lp/roi-calculator,AST-0018,16,0,0,0.006897,248.99
TP-0000359,OPP-00078,LEAD-000392,3,9,2023-01-10,33,linkedin_ads,linkedin_prospecao_q1_2023,content_view,/webinar/crm-para-gestores,AST-0013,26,0,0,0.018786,678.17
TP-0000360,OPP-00078,LEAD-000392,4,9,2023-01-24,19,linkedin_ads,linkedin_gestores_2023,demo_request,/lp/demo-gratis,AST-0015,78,0,0,0.204261,7373.83
TP-0000361,OPP-00078,LEAD-000392,5,9,2023-01-26,17,linkedin_ads,linkedin_gestores_2023,sales_call,/ebook/roi-tecnologia-empresas,AST-0010,100,0,0,0.265082,9569.47
TP-0000362,OPP-00078,LEAD-000392,6,9,2023-01-27,16,linkedin_ads,linkedin_decisores_ti_2023,email_open,/webinar/crm-para-gestores,AST-0013,21,0,0,0.031634,1142.0
TP-0000363,OPP-00078,LEAD-000392,7,9,2023-01-28,15,linkedin_ads,linkedin_prospeccao_q1_2023,demo_request,/lp/trial-30-dias,AST-0016,89,0,0,0.271813,9812.45
TP-0000364,OPP-00078,LEAD-000392,8,9,2023-01-29,14,linkedin_ads,linkedin_gestores_2023,impression,/lp/roi-calculator,AST-0018,12,0,0,0.018246,658.69
TP-0000365,OPP-00078,LEAD-000392,9,9,2023-02-05,7,linkedin_ads,lkd_awareness_2023,content_view,/ebook/integracao-sistemas-guia,AST-0011,35,0,1,0.180497,6515.94
TP-0000366,OPP-00079,LEAD-000396,1,2,2023-01-29,25,paid_search,google_brand_keywords_2023,click,/produto/api-marketplace,AST-0021,35,1,0,0.171978,6689.95
TP-0000367,OPP-00079,LEAD-000396,2,2,2023-02-18,5,paid_search,google_branded_2023,click,/produto/api-marketplace,AST-0021,17,0,1,0.828022,32210.05
TP-0000368,OPP-00080,LEAD-000406,1,4,2023-01-13,31,meta_ads,facebook_retargeting_2023,impression,/ebook/gestao-pipeline-vendas,AST-0009,24,1,0,0.028932,1556.52
TP-0000369,OPP-00080,LEAD-000406,2,4,2023-01-14,30,direct,(not set),click,/produto/api-marketplace,AST-0021,14,0,0,0.071709,3857.93
TP-0000370,OPP-00080,LEAD-000406,3,4,2023-01-24,20,direct,(not set),form_fill,/lp/comparativo-erp,AST-0017,75,0,0,0.537099,28895.92
TP-0000371,OPP-00080,LEAD-000406,4,4,2023-01-31,13,direct,,click,/lp/roi-calculator,AST-0018,24,0,1,0.362261,19489.63
TP-0000372,OPP-00081,LEAD-000414,1,6,2023-01-13,44,webinar_evento,bf-23,impression,/lp/trial-30-dias,AST-0016,2,1,0,0.001696,157.53
TP-0000373,OPP-00081,LEAD-000414,2,6,2023-01-15,42,webinar_evento,bf-23,click,/lp/trial-30-dias,AST-0016,34,0,0,0.004514,419.36
TP-0000374,OPP-00081,LEAD-000414,3,6,2023-02-10,16,webinar_evento,campanha_natal_2023,form_fill,/webinar/integracao-erp-ao-vivo,AST-0012,55,0,0,0.10602,9849.22
TP-0000375,OPP-00081,LEAD-000414,4,6,2023-02-12,14,webinar_evento,bf-23,demo_request,/webinar/automacao-vendas-demo,AST-0014,85,0,0,0.177892,16526.13
TP-0000376,OPP-00081,LEAD-000414,5,6,2023-02-13,13,webinar_evento,black_friday_2023,sales_call,/webinar/integracao-erp-ao-vivo,AST-0012,84,0,0,0.214946,19968.47
TP-0000377,OPP-00081,LEAD-000414,6,6,2023-02-19,7,webinar_evento,black_friday_2023,sales_call,/webinar/crm-para-gestores,AST-0013,86,0,1,0.494933,45979.29
TP-0000378,OPP-00082,LEAD-000416,1,5,2023-01-18,42,webinar_evento,webinar_integracao_erp_2023,impression,/ebook/integracao-sistemas-guia,AST-0011,28,1,0,0.001639,178.68
TP-0000379,OPP-00082,LEAD-000416,2,5,2023-01-24,36,webinar_evento,campanha-natal-2023,click,/webinar/integracao-erp-ao-vivo,AST-0012,23,0,0,0.005807,632.96
TP-0000380,OPP-00082,LEAD-000416,3,5,2023-02-16,13,webinar_evento,campanha_natal_2023,form_fill,/lp/demo-gratis,AST-0015,74,0,0,0.110079,11998.59
TP-0000381,OPP-00082,LEAD-000416,4,5,2023-02-22,7,webinar_evento,webinar_integracao_erp_2023,demo_request,/lp/trial-30-dias,AST-0016,79,0,0,0.245786,26790.68
TP-0000382,OPP-00082,LEAD-000416,5,5,2023-02-28,1,webinar_evento,campanha-natal-2023,sales_call,/webinar/integracao-erp-ao-vivo,AST-0012,97,0,1,0.636689,69399.09
TP-0000383,OPP-00083,LEAD-000417,1,5,2023-01-08,44,webinar_evento,campanha_natal_2023,impression,/lp/comparativo-erp,AST-0017,4,1,0,0.001218,116.4
TP-0000384,OPP-00083,LEAD-000417,2,5,2023-01-21,31,webinar_evento,evento_crm_gestores_q1,click,/produto/api-marketplace,AST-0021,38,0,0,0.007112,679.86
TP-0000385,OPP-00083,LEAD-000417,3,5,2023-02-14,7,webinar_evento,webinar_integracao_erp_2023,form_fill,/lp/trial-30-dias,AST-0016,69,0,0,0.14479,13841.96
TP-0000386,OPP-00083,LEAD-000417,4,5,2023-02-17,4,webinar_evento,campanha_natal_2023,demo_request,/webinar/crm-para-gestores,AST-0013,96,0,0,0.260934,24945.26
TP-0000387,OPP-00083,LEAD-000417,5,5,2023-02-21,0,webinar_evento,campanha-natal-2023,sales_call,/webinar/automacao-vendas-demo,AST-0014,95,0,1,0.585947,56016.51
TP-0000388,OPP-00084,LEAD-000437,1,4,2023-01-16,41,paid_search,google_branded_2023,click,/blog/leads-qualificados-b2b,AST-0007,33,1,0,0.018246,494.48
TP-0000389,OPP-00084,LEAD-000437,2,4,2023-01-27,30,linkedin_ads,linkedin_decisores_ti_2023,click,/ebook/roi-tecnologia-empresas,AST-0010,37,0,0,0.030794,834.52
TP-0000390,OPP-00084,LEAD-000437,3,4,2023-01-28,29,linkedin_ads,linkedin_decisores_ti_2023,form_fill,/webinar/crm-para-gestores,AST-0013,65,0,0,0.121272,3286.46
TP-0000391,OPP-00084,LEAD-000437,4,4,2023-02-13,13,linkedin_ads,linkedin_decisores_ti_2023,demo_request,/lp/demo-gratis,AST-0015,63,0,1,0.829688,22484.54
TP-0000392,OPP-00085,LEAD-000439,1,3,2023-01-15,42,webinar_evento,bf-23,impression,/blog/churn-saas-brasil,AST-0005,16,1,0,0.01628,1758.23
TP-0000393,OPP-00085,LEAD-000439,2,3,2023-01-21,36,webinar_evento,campanha-natal-2023,click,/lp/roi-calculator,AST-0018,19,0,0,0.057671,6228.45
TP-0000394,OPP-00085,LEAD-000439,3,3,2023-02-05,21,webinar_evento,campanha-natal-2023,form_fill,/lp/comparativo-erp,AST-0017,64,0,1,0.926049,100013.33
TP-0000395,OPP-00086,LEAD-000445,1,4,2023-01-21,38,paid_search,pesquisa_concorrentes_q1_2023,click,/produto/crm-integracao,AST-0019,22,1,0,0.010632,296.64
TP-0000396,OPP-00086,LEAD-000445,2,4,2023-02-06,22,paid_search,google_branded_2023,click,/produto/crm-integracao,AST-0019,17,0,0,0.025646,715.52
TP-0000397,OPP-00086,LEAD-000445,3,4,2023-02-18,10,paid_search,pesquisa_concorrentes_q1_2023,form_fill,/produto/api-marketplace,AST-0021,45,0,0,0.221585,6182.21
TP-0000398,OPP-00086,LEAD-000445,4,4,2023-02-24,4,paid_search,google_branded_2023,demo_request,/lp/roi-calculator,AST-0018,98,0,1,0.742137,20705.63
TP-0000399,OPP-00087,LEAD-000459,1,3,2023-02-06,28,organic_search,,impression,/blog/churn-saas-brasil,AST-0005,9,1,0,0.024168,1773.96
TP-0000400,OPP-00087,LEAD-000459,2,3,2023-02-20,14,organic_search,(not set),click,/lp/comparativo-erp,AST-0017,32,0,0,0.151608,11127.99
TP-0000401,OPP-00087,LEAD-000459,3,3,2023-03-06,0,organic_search,(none),content_view,/blog/leads-qualificados-b2b,AST-0007,18,0,1,0.824224,60498.04
TP-0000402,OPP-00088,LEAD-000466,1,3,2023-01-27,39,email_marketing,email_reengajamento_q1_2023,email_open,/ebook/crm-para-varejo,AST-0008,1,1,0,0.040841,1600.96
TP-0000403,OPP-00088,LEAD-000466,2,3,2023-02-17,18,email_marketing,email_nurture_leads_2023,click,/webinar/automacao-vendas-demo,AST-0014,39,0,0,0.211195,8278.83
TP-0000404,OPP-00088,LEAD-000466,3,3,2023-02-25,10,email_marketing,campanha_email_02-2023,content_view,/blog/integracao-erp-sistemas,AST-0003,47,0,1,0.747965,29320.22
TP-0000405,OPP-00089,LEAD-000468,1,8,2023-01-25,32,webinar_evento,campanha-natal-2023,impression,/lp/comparativo-erp,AST-0017,1,1,0,0.005452,320.06
TP-0000406,OPP-00089,LEAD-000468,2,8,2023-02-05,21,webinar_evento,campanha-natal-2023,click,/blog/gestao-vendas-b2b,AST-0001,9,0,0,0.027606,1620.44
TP-0000407,OPP-00089,LEAD-000468,3,8,2023-02-06,20,webinar_evento,bf-23,form_fill,/lp/trial-30-dias,AST-0016,70,0,0,0.108715,6381.56
TP-0000408,OPP-00089,LEAD-000468,4,8,2023-02-08,18,webinar_evento,webinar_integracao_erp_2023,demo_request,/produto/api-marketplace,AST-0021,70,0,0,0.182414,10707.69
TP-0000409,OPP-00089,LEAD-000468,5,8,2023-02-13,13,webinar_evento,webinar_integracao_erp_2023,sales_call,/ebook/roi-tecnologia-empresas,AST-0010,100,0,0,0.293302,17216.85
TP-0000410,OPP-00089,LEAD-000468,6,8,2023-02-19,7,webinar_evento,webinar_integracao_erp_2023,click,/lp/demo-gratis,AST-0015,31,0,0,0.07504,4404.82
TP-0000411,OPP-00089,LEAD-000468,7,8,2023-02-22,4,webinar_evento,bf-23,click,/lp/trial-30-dias,AST-0016,28,0,0,0.092972,5457.47
TP-0000412,OPP-00089,LEAD-000468,8,8,2023-02-24,2,webinar_evento,webinar_integracao_erp_2023,content_view,/blog/gestao-vendas-b2b,AST-0001,41,0,1,0.214499,12591.1
TP-0000413,OPP-00090,LEAD-000470,1,2,2023-01-29,38,direct,(not set),click,/ebook/gestao-pipeline-vendas,AST-0009,14,1,0,0.170055,14998.81
TP-0000414,OPP-00090,LEAD-000470,2,2,2023-01-31,36,direct,(not set),form_fill,/lp/trial-30-dias,AST-0016,80,0,1,0.829945,73201.19
TP-0000415,OPP-00091,LEAD-000471,1,6,2023-01-19,42,webinar_evento,webinar_integracao_erp_2023,impression,/lp/demo-gratis,AST-0015,3,1,0,0.004934,966.6
TP-0000416,OPP-00091,LEAD-000471,2,6,2023-01-22,39,webinar_evento,black_friday_2023,click,/webinar/crm-para-gestores,AST-0013,22,0,0,0.014108,2763.68
TP-0000417,OPP-00091,LEAD-000471,3,6,2023-01-31,30,webinar_evento,campanha-natal-2023,form_fill,/webinar/crm-para-gestores,AST-0013,54,0,0,0.098382,19272.94
TP-0000418,OPP-00091,LEAD-000471,4,6,2023-02-10,20,webinar_evento,campanha-natal-2023,demo_request,/webinar/integracao-erp-ao-vivo,AST-0012,66,0,0,0.292315,57264.53
TP-0000419,OPP-00091,LEAD-000471,5,6,2023-02-15,15,webinar_evento,campanha_natal_2023,sales_call,/webinar/crm-para-gestores,AST-0013,85,0,0,0.470012,92075.35
TP-0000420,OPP-00091,LEAD-000471,6,6,2023-02-21,9,webinar_evento,campanha-natal-2023,email_open,/lp/comparativo-erp,AST-0017,20,0,1,0.12025,23556.91
TP-0000421,OPP-00092,LEAD-000472,1,2,2023-02-09,24,organic_search,(none),impression,/webinar/automacao-vendas-demo,AST-0014,1,1,0,0.149095,3757.21
TP-0000422,OPP-00092,LEAD-000472,2,2,2023-02-16,17,organic_search,(not set),click,/blog/leads-qualificados-b2b,AST-0007,29,0,1,0.850905,21442.79
TP-0000423,OPP-00093,LEAD-000477,1,4,2023-01-27,39,paid_search,integracao_erp_pesquisa_2023,click,/produto/api-marketplace,AST-0021,14,1,0,0.015314,1318.55
TP-0000424,OPP-00093,LEAD-000477,2,4,2023-01-29,37,paid_search,pesquisa_concorrentes_q1_2023,click,/blog/churn-saas-brasil,AST-0005,9,0,0,0.013589,1170.02
TP-0000425,OPP-00093,LEAD-000477,3,4,2023-02-15,20,paid_search,google_branded_2023,form_fill,/produto/erp-connector,AST-0020,44,0,0,0.167811,14448.52
TP-0000426,OPP-00093,LEAD-000477,4,4,2023-02-26,9,paid_search,crm-b2b-keywords-2023,demo_request,/produto/erp-connector,AST-0020,100,0,1,0.803286,69162.91
TP-0000427,OPP-00094,LEAD-000479,1,2,2023-01-22,38,organic_search,,impression,/blog/crm-para-industria,AST-0002,1,1,0,0.168142,25322.12
TP-0000428,OPP-00094,LEAD-000479,2,2,2023-01-27,33,organic_search,,click,/blog/integracao-erp-sistemas,AST-0003,33,0,1,0.831858,125277.88
TP-0000429,OPP-00095,LEAD-000480,1,3,2023-01-31,37,meta_ads,facebook_retargeting_2023,impression,/lp/roi-calculator,AST-0018,7,1,0,0.005783,154.41
TP-0000430,OPP-00095,LEAD-000480,2,3,2023-02-13,24,meta_ads,fb-leads-varejo-2023,click,/webinar/integracao-erp-ao-vivo,AST-0012,41,0,0,0.033777,901.85
TP-0000431,OPP-00095,LEAD-000480,3,3,2023-03-08,1,meta_ads,facebook_retargeting_2023,form_fill,/lp/demo-gratis,AST-0015,64,0,1,0.96044,25643.74
TP-0000432,OPP-00096,LEAD-000482,1,4,2023-01-29,27,paid_search,integracao_erp_pesquisa_2023,click,/lp/trial-30-dias,AST-0016,9,1,0,0.02535,626.14
TP-0000433,OPP-00096,LEAD-000482,2,4,2023-02-09,16,email_marketing,newsletter_mensal_02_2023,click,/webinar/crm-para-gestores,AST-0013,13,0,0,0.042782,1056.73
TP-0000434,OPP-00096,LEAD-000482,3,4,2023-02-11,14,email_marketing,email_nurture_leads_2023,form_fill,/ebook/integracao-sistemas-guia,AST-0011,83,0,0,0.180959,4469.68
TP-0000435,OPP-00096,LEAD-000482,4,4,2023-02-20,5,email_marketing,email_nurture_leads_2023,demo_request,/ebook/crm-para-varejo,AST-0008,89,0,1,0.750909,18547.45
TP-0000436,OPP-00097,LEAD-000492,1,6,2023-01-24,42,linkedin_ads,linkedin_prospecao_q1_2023,impression,/ebook/integracao-sistemas-guia,AST-0011,5,1,0,0.001737,310.05
TP-0000437,OPP-00097,LEAD-000492,2,6,2023-01-29,37,linkedin_ads,linkedin_decisores_ti_2023,click,/ebook/crm-para-varejo,AST-0008,18,0,0,0.005729,1022.62
TP-0000438,OPP-00097,LEAD-000492,3,6,2023-02-03,32,linkedin_ads,linkedin_gestores_2023,content_view,/produto/erp-connector,AST-0020,26,0,0,0.010917,1948.76
TP-0000439,OPP-00097,LEAD-000492,4,6,2023-02-20,15,linkedin_ads,linkedin_prospeccao_q1_2023,demo_request,/ebook/roi-tecnologia-empresas,AST-0010,83,0,0,0.147075,26252.83
TP-0000440,OPP-00097,LEAD-000492,5,6,2023-03-01,6,linkedin_ads,linkedin_gestores_2023,sales_call,/webinar/crm-para-gestores,AST-0013,76,0,0,0.314688,56171.75
TP-0000441,OPP-00097,LEAD-000492,6,6,2023-03-04,3,linkedin_ads,linkedin_gestores_2023,demo_request,/blog/leads-qualificados-b2b,AST-0007,73,0,1,0.519854,92793.98
TP-0000442,OPP-00098,LEAD-000495,1,7,2023-02-03,36,webinar_evento,campanha-natal-2023,impression,/webinar/automacao-vendas-demo,AST-0014,3,1,0,0.002765,132.16
TP-0000443,OPP-00098,LEAD-000495,2,7,2023-02-07,32,webinar_evento,black_friday_2023,click,/lp/demo-gratis,AST-0015,27,0,0,0.008491,405.86
TP-0000444,OPP-00098,LEAD-000495,3,7,2023-02-09,30,webinar_evento,webinar_integracao_erp_2023,form_fill,/webinar/integracao-erp-ao-vivo,AST-0012,47,0,0,0.035913,1716.66
TP-0000445,OPP-00098,LEAD-000495,4,7,2023-02-18,21,webinar_evento,black_friday_2023,demo_request,/lp/comparativo-erp,AST-0017,94,0,0,0.099351,4748.99
TP-0000446,OPP-00098,LEAD-000495,5,7,2023-02-21,18,webinar_evento,evento_crm_gestores_q1,sales_call,/webinar/automacao-vendas-demo,AST-0014,89,0,0,0.138481,6619.38
TP-0000447,OPP-00098,LEAD-000495,6,7,2023-02-26,13,webinar_evento,campanha-natal-2023,demo_request,/lp/roi-calculator,AST-0018,100,0,0,0.175931,8409.49
TP-0000448,OPP-00098,LEAD-000495,7,7,2023-03-08,3,webinar_evento,black_friday_2023,demo_request,/webinar/integracao-erp-ao-vivo,AST-0012,100,0,1,0.539068,25767.45
TP-0000449,OPP-00099,LEAD-000498,1,5,2023-01-21,35,paid_search,google_branded_2023,click,/lp/comparativo-erp,AST-0017,32,1,0,0.063235,1985.57
TP-0000450,OPP-00099,LEAD-000498,2,5,2023-01-21,35,webinar_evento,black_friday_2023,click,/webinar/integracao-erp-ao-vivo,AST-0012,20,0,0,0.048642,1527.36
TP-0000451,OPP-00099,LEAD-000498,3,5,2023-01-23,33,webinar_evento,evento_crm_gestores_q1,form_fill,/webinar/automacao-vendas-demo,AST-0014,80,0,0,0.205743,6460.34
TP-0000452,OPP-00099,LEAD-000498,4,5,2023-01-30,26,webinar_evento,evento_crm_gestores_q1,demo_request,/lp/trial-30-dias,AST-0016,98,0,0,0.493401,15492.81
TP-0000453,OPP-00099,LEAD-000498,5,5,2023-02-09,16,webinar_evento,bf-23,email_open,/webinar/integracao-erp-ao-vivo,AST-0012,18,0,1,0.188978,5933.92
TP-0000454,OPP-00100,LEAD-000500,1,7,2023-01-23,36,webinar_evento,campanha_natal_2023,impression,/ebook/integracao-sistemas-guia,AST-0011,10,1,0,0.010433,962.99
TP-0000455,OPP-00100,LEAD-000500,2,7,2023-01-24,35,organic_search,(none),click,/blog/automacao-marketing-b2b,AST-0004,38,0,0,0.02586,2386.83
TP-0000456,OPP-00100,LEAD-000500,3,7,2023-01-26,33,organic_search,,form_fill,/blog/gestao-vendas-b2b,AST-0001,78,0,0,0.109379,10095.67
TP-0000457,OPP-00100,LEAD-000500,4,7,2023-01-31,28,organic_search,(none),demo_request,/produto/api-marketplace,AST-0021,84,0,0,0.227387,20987.84
TP-0000458,OPP-00100,LEAD-000500,5,7,2023-02-06,22,organic_search,(none),sales_call,/lp/demo-gratis,AST-0015,93,0,0,0.392685,36244.87
TP-0000459,OPP-00100,LEAD-000500,6,7,2023-02-10,18,organic_search,(none),impression,/blog/integracao-erp-sistemas,AST-0003,12,0,0,0.029031,2679.53
TP-0000460,OPP-00100,LEAD-000500,7,7,2023-02-22,6,organic_search,,email_open,/blog/automacao-marketing-b2b,AST-0004,21,0,1,0.205225,18942.26
TP-0000461,OPP-00101,LEAD-000510,1,8,2023-02-03,39,linkedin_ads,linkedin_prospecao_q1_2023,impression,/ebook/roi-tecnologia-empresas,AST-0010,17,1,0,0.002798,160.61
TP-0000462,OPP-00101,LEAD-000510,2,8,2023-02-08,34,linkedin_ads,lkd_awareness_2023,click,/lp/demo-gratis,AST-0015,20,0,0,0.009229,529.73
TP-0000463,OPP-00101,LEAD-000510,3,8,2023-02-13,29,linkedin_ads,linkedin_prospecao_q1_2023,content_view,/webinar/crm-para-gestores,AST-0013,48,0,0,0.017587,1009.48
TP-0000464,OPP-00101,LEAD-000510,4,8,2023-02-13,29,linkedin_ads,linkedin_prospeccao_q1_2023,demo_request,/webinar/crm-para-gestores,AST-0013,89,0,0,0.070347,4037.94
TP-0000465,OPP-00101,LEAD-000510,5,8,2023-02-16,26,linkedin_ads,lkd_awareness_2023,sales_call,/webinar/crm-para-gestores,AST-0013,100,0,0,0.098054,5628.28
TP-0000466,OPP-00101,LEAD-000510,6,8,2023-02-21,21,linkedin_ads,linkedin_prospeccao_q1_2023,impression,/webinar/integracao-erp-ao-vivo,AST-0012,4,0,0,0.007786,446.9
TP-0000467,OPP-00101,LEAD-000510,7,8,2023-03-03,11,linkedin_ads,linkedin_prospeccao_q1_2023,sales_call,/webinar/automacao-vendas-demo,AST-0014,100,0,0,0.286272,16432.02
TP-0000468,OPP-00101,LEAD-000510,8,8,2023-03-07,7,linkedin_ads,linkedin_prospecao_q1_2023,demo_request,/lp/demo-gratis,AST-0015,94,0,1,0.507928,29155.05
TP-0000469,OPP-00102,LEAD-000511,1,4,2023-02-11,29,paid_search,google_branded_2023,click,/lp/trial-30-dias,AST-0016,14,1,0,0.028694,2381.62
TP-0000470,OPP-00102,LEAD-000511,2,4,2023-02-25,15,meta_ads,facebook_retargeting_2023,click,/ebook/gestao-pipeline-vendas,AST-0009,21,0,0,0.059999,4979.94
TP-0000471,OPP-00102,LEAD-000511,3,4,2023-02-28,12,meta_ads,facebook_retargeting_2023,form_fill,/lp/comparativo-erp,AST-0017,82,0,0,0.272572,22623.46
TP-0000472,OPP-00102,LEAD-000511,4,4,2023-03-01,11,meta_ads,facebook_retargeting_2023,demo_request,/ebook/roi-tecnologia-empresas,AST-0010,86,0,1,0.638735,53014.97
TP-0000473,OPP-00103,LEAD-000518,1,2,2023-01-30,27,direct,(direct),click,/lp/comparativo-erp,AST-0017,24,1,0,0.10371,8151.58
TP-0000474,OPP-00103,LEAD-000518,2,2,2023-02-09,17,direct,(not set),form_fill,/blog/integracao-erp-sistemas,AST-0003,85,0,1,0.89629,70448.42
TP-0000475,OPP-00104,LEAD-000519,1,5,2023-01-22,44,direct,(direct),click,/produto/api-marketplace,AST-0021,31,1,0,0.004768,163.55
TP-0000476,OPP-00104,LEAD-000519,2,5,2023-02-05,30,meta_ads,fb-leads-varejo-2023,form_fill,/blog/automacao-marketing-b2b,AST-0004,80,0,0,0.036557,1253.9
TP-0000477,OPP-00104,LEAD-000519,3,5,2023-02-21,14,meta_ads,fb-leads-varejo-2023,demo_request,/lp/demo-gratis,AST-0015,87,0,0,0.166737,5719.08
TP-0000478,OPP-00104,LEAD-000519,4,5,2023-03-02,5,meta_ads,meta_awareness_2023,sales_call,/ebook/roi-tecnologia-empresas,AST-0010,78,0,0,0.356758,12236.8
TP-0000479,OPP-00104,LEAD-000519,5,5,2023-03-06,1,meta_ads,fb-leads-varejo-2023,form_fill,/ebook/integracao-sistemas-guia,AST-0011,74,0,1,0.43518,14926.68
TP-0000480,OPP-00105,LEAD-000523,1,5,2023-01-23,33,email_marketing,newsletter_mensal_01_2023,email_open,/webinar/integracao-erp-ao-vivo,AST-0012,3,1,0,0.024941,2312.05
TP-0000481,OPP-00105,LEAD-000523,2,5,2023-01-25,31,meta_ads,ig_gestores_b2b_q1,click,/webinar/crm-para-gestores,AST-0013,19,0,0,0.033198,3077.42
TP-0000482,OPP-00105,LEAD-000523,3,5,2023-02-03,22,meta_ads,meta_awareness_2023,content_view,/lp/demo-gratis,AST-0015,24,0,0,0.084185,7803.95
TP-0000483,OPP-00105,LEAD-000523,4,5,2023-02-19,6,meta_ads,fb-leads-varejo-2023,form_fill,/ebook/crm-para-varejo,AST-0008,80,0,0,0.725946,67295.15
TP-0000484,OPP-00105,LEAD-000523,5,5,2023-02-23,2,meta_ads,meta_awareness_2023,impression,/blog/funil-vendas-complexas,AST-0006,8,0,1,0.131731,12211.43
TP-0000485,OPP-00106,LEAD-000525,1,4,2023-02-05,37,organic_search,(not set),impression,/produto/api-marketplace,AST-0021,13,1,0,0.006186,386.0
TP-0000486,OPP-00106,LEAD-000525,2,4,2023-02-25,17,organic_search,(not set),click,/blog/crm-para-industria,AST-0002,30,0,0,0.059567,3716.99
TP-0000487,OPP-00106,LEAD-000525,3,4,2023-03-07,7,organic_search,,content_view,/blog/churn-saas-brasil,AST-0005,53,0,0,0.162239,10123.72
TP-0000488,OPP-00106,LEAD-000525,4,4,2023-03-09,5,organic_search,,form_fill,/blog/churn-saas-brasil,AST-0005,54,0,1,0.772008,48173.28
TP-0000489,OPP-00107,LEAD-000581,1,6,2023-01-28,39,linkedin_ads,linkedin_prospeccao_q1_2023,impression,/produto/erp-connector,AST-0020,24,1,0,0.002916,556.64
TP-0000490,OPP-00107,LEAD-000581,2,6,2023-02-09,27,linkedin_ads,lkd_awareness_2023,click,/lp/roi-calculator,AST-0018,28,0,0,0.015856,3026.94
TP-0000491,OPP-00107,LEAD-000581,3,6,2023-02-20,16,linkedin_ads,lkd_awareness_2023,content_view,/lp/roi-calculator,AST-0018,29,0,0,0.046384,8854.69
TP-0000492,OPP-00107,LEAD-000581,4,6,2023-02-23,13,linkedin_ads,linkedin_decisores_ti_2023,demo_request,/lp/roi-calculator,AST-0018,86,0,0,0.229874,43883.01
TP-0000493,OPP-00107,LEAD-000581,5,6,2023-02-24,12,linkedin_ads,linkedin_gestores_2023,sales_call,/lp/comparativo-erp,AST-0017,77,0,0,0.277756,53023.69
TP-0000494,OPP-00107,LEAD-000581,6,6,2023-02-26,10,linkedin_ads,linkedin_prospecao_q1_2023,demo_request,/webinar/automacao-vendas-demo,AST-0014,70,0,1,0.427213,81555.03
TP-0000495,OPP-00108,LEAD-000585,1,3,2023-02-24,14,organic_search,,impression,/blog/gestao-vendas-b2b,AST-0001,9,1,0,0.069665,4946.24
TP-0000496,OPP-00108,LEAD-000585,2,3,2023-02-25,13,organic_search,(none),click,/produto/erp-connector,AST-0020,20,0,0,0.17267,12259.54
TP-0000497,OPP-00108,LEAD-000585,3,3,2023-03-08,2,organic_search,(not set),content_view,/blog/funil-vendas-complexas,AST-0006,39,0,1,0.757665,53794.22
TP-0000498,OPP-00109,LEAD-000596,1,3,2023-02-05,41,paid_search,pesquisa_concorrentes_q1_2023,click,/produto/erp-connector,AST-0020,24,1,0,0.013347,1733.77
TP-0000499,OPP-00109,LEAD-000596,2,3,2023-03-13,5,paid_search,crm-b2b-keywords-2023,click,/lp/roi-calculator,AST-0018,23,0,0,0.134337,17450.39
TP-0000500,OPP-00109,LEAD-000596,3,3,2023-03-15,3,paid_search,crm-b2b-keywords-2023,form_fill,/lp/demo-gratis,AST-0015,68,0,1,0.852316,110715.85
TP-0000501,OPP-00110,LEAD-000602,1,6,2023-01-25,44,organic_search,(not set),impression,/lp/roi-calculator,AST-0018,1,1,0,0.002045,60.34
TP-0000502,OPP-00110,LEAD-000602,2,6,2023-01-29,40,organic_search,(none),click,/blog/churn-saas-brasil,AST-0005,19,0,0,0.006281,185.3
TP-0000503,OPP-00110,LEAD-000602,3,6,2023-02-02,36,organic_search,,content_view,/webinar/crm-para-gestores,AST-0013,47,0,0,0.011145,328.78
TP-0000504,OPP-00110,LEAD-000602,4,6,2023-02-03,35,organic_search,,form_fill,/produto/crm-integracao,AST-0019,70,0,0,0.032918,971.09
TP-0000505,OPP-00110,LEAD-000602,5,6,2023-02-24,14,organic_search,(not set),sales_call,/blog/churn-saas-brasil,AST-0005,100,0,0,0.241411,7121.62
TP-0000506,OPP-00110,LEAD-000602,6,6,2023-03-07,3,organic_search,(none),demo_request,/blog/leads-qualificados-b2b,AST-0007,83,0,1,0.706199,20832.87
TP-0000507,OPP-00111,LEAD-000604,1,3,2023-01-20,44,organic_search,(none),impression,/produto/crm-integracao,AST-0019,6,1,0,0.075418,11689.86
TP-0000508,OPP-00111,LEAD-000604,2,3,2023-01-28,36,organic_search,(none),click,/blog/churn-saas-brasil,AST-0005,25,0,0,0.308194,47770.05
TP-0000509,OPP-00111,LEAD-000604,3,3,2023-01-28,36,organic_search,(not set),content_view,/produto/erp-connector,AST-0020,40,0,1,0.616388,95540.09
TP-0000510,OPP-00112,LEAD-000605,1,2,2023-01-23,41,meta_ads,fb-leads-varejo-2023,impression,/ebook/integracao-sistemas-guia,AST-0011,31,1,0,0.211962,9644.25
TP-0000511,OPP-00112,LEAD-000605,2,2,2023-01-24,40,meta_ads,ig_gestores_b2b_q1,click,/ebook/crm-para-varejo,AST-0008,33,0,1,0.788038,35855.75
TP-0000512,OPP-00113,LEAD-000612,1,2,2023-01-25,38,paid_search,google_branded_2023,click,/produto/crm-integracao,AST-0019,32,1,0,0.143569,4378.85
TP-0000513,OPP-00113,LEAD-000612,2,2,2023-02-17,15,paid_search,crm-b2b-keywords-2023,click,/produto/api-marketplace,AST-0021,24,0,1,0.856431,26121.15
TP-0000514,OPP-00114,LEAD-000618,1,3,2023-02-14,29,webinar_evento,campanha_natal_2023,impression,/webinar/automacao-vendas-demo,AST-0014,1,1,0,0.026069,2786.72
TP-0000515,OPP-00114,LEAD-000618,2,3,2023-02-17,26,webinar_evento,webinar_integracao_erp_2023,click,/lp/comparativo-erp,AST-0017,43,0,0,0.074535,7967.74
TP-0000516,OPP-00114,LEAD-000618,3,3,2023-02-28,15,webinar_evento,black_friday_2023,form_fill,/ebook/integracao-sistemas-guia,AST-0011,39,0,1,0.899397,96145.54
TP-0000517,OPP-00115,LEAD-000622,1,6,2023-02-04,41,linkedin_ads,linkedin_prospeccao_q1_2023,impression,/blog/integracao-erp-sistemas,AST-0003,1,1,0,0.003724,753.73
TP-0000518,OPP-00115,LEAD-000622,2,6,2023-02-13,32,webinar_evento,bf-23,click,/webinar/integracao-erp-ao-vivo,AST-0012,13,0,0,0.016345,3308.14
TP-0000519,OPP-00115,LEAD-000622,3,6,2023-03-01,16,webinar_evento,bf-23,content_view,/webinar/integracao-erp-ao-vivo,AST-0012,31,0,0,0.068336,13831.18
TP-0000520,OPP-00115,LEAD-000622,4,6,2023-03-03,14,webinar_evento,webinar_integracao_erp_2023,demo_request,/lp/demo-gratis,AST-0015,95,0,0,0.315319,63820.65
TP-0000521,OPP-00115,LEAD-000622,5,6,2023-03-03,14,webinar_evento,evento_crm_gestores_q1,sales_call,/webinar/integracao-erp-ao-vivo,AST-0012,82,0,0,0.354734,71798.23
TP-0000522,OPP-00115,LEAD-000622,6,6,2023-03-13,4,webinar_evento,webinar_integracao_erp_2023,content_view,/lp/trial-30-dias,AST-0016,33,0,1,0.241542,48888.06
TP-0000523,OPP-00116,LEAD-000624,1,4,2023-01-30,34,linkedin_ads,linkedin_prospeccao_q1_2023,impression,/webinar/crm-para-gestores,AST-0013,21,1,0,0.007773,367.67
TP-0000524,OPP-00116,LEAD-000624,2,4,2023-02-05,28,linkedin_ads,linkedin_prospeccao_q1_2023,click,/lp/trial-30-dias,AST-0016,31,0,0,0.027536,1302.45
TP-0000525,OPP-00116,LEAD-000624,3,4,2023-02-08,25,linkedin_ads,linkedin_prospecao_q1_2023,content_view,/lp/trial-30-dias,AST-0016,40,0,0,0.045489,2151.61
TP-0000526,OPP-00116,LEAD-000624,4,4,2023-02-25,8,linkedin_ads,lkd_awareness_2023,demo_request,/ebook/roi-tecnologia-empresas,AST-0010,100,0,1,0.919202,43478.27
TP-0000527,OPP-00117,LEAD-000630,1,9,2023-02-05,41,linkedin_ads,lkd_awareness_2023,impression,/ebook/roi-tecnologia-empresas,AST-0010,10,1,0,0.007178,679.71
TP-0000528,OPP-00117,LEAD-000630,2,9,2023-02-07,39,webinar_evento,evento_crm_gestores_q1,click,/lp/comparativo-erp,AST-0017,14,0,0,0.019107,1809.44
TP-0000529,OPP-00117,LEAD-000630,3,9,2023-02-11,35,webinar_evento,webinar_integracao_erp_2023,content_view,/lp/comparativo-erp,AST-0017,46,0,0,0.033901,3210.46
TP-0000530,OPP-00117,LEAD-000630,4,9,2023-02-12,34,webinar_evento,campanha_natal_2023,demo_request,/webinar/crm-para-gestores,AST-0013,73,0,0,0.145646,13792.66
TP-0000531,OPP-00117,LEAD-000630,5,9,2023-02-13,33,webinar_evento,webinar_integracao_erp_2023,sales_call,/webinar/automacao-vendas-demo,AST-0014,83,0,0,0.175983,16665.62
TP-0000532,OPP-00117,LEAD-000630,6,9,2023-02-19,27,webinar_evento,campanha-natal-2023,click,/blog/integracao-erp-sistemas,AST-0003,27,0,0,0.045024,4263.8
TP-0000533,OPP-00117,LEAD-000630,7,9,2023-02-23,23,webinar_evento,evento_crm_gestores_q1,email_open,/lp/roi-calculator,AST-0018,11,0,0,0.039943,3782.59
TP-0000534,OPP-00117,LEAD-000630,8,9,2023-03-03,15,webinar_evento,campanha-natal-2023,form_fill,/webinar/integracao-erp-ao-vivo,AST-0012,56,0,0,0.389019,36840.05
TP-0000535,OPP-00117,LEAD-000630,9,9,2023-03-17,1,webinar_evento,webinar_integracao_erp_2023,impression,/webinar/crm-para-gestores,AST-0013,8,0,1,0.144199,13655.68
TP-0000536,OPP-00118,LEAD-000635,1,5,2023-02-04,43,webinar_evento,bf-23,impression,/ebook/crm-para-varejo,AST-0008,24,1,0,0.002995,153.04
TP-0000537,OPP-00118,LEAD-000635,2,5,2023-02-09,38,organic_search,(not set),click,/blog/funil-vendas-complexas,AST-0006,18,0,0,0.009878,504.77
TP-0000538,OPP-00118,LEAD-000635,3,5,2023-02-17,30,organic_search,(none),form_fill,/produto/crm-integracao,AST-0019,59,0,0,0.064138,3277.44
TP-0000539,OPP-00118,LEAD-000635,4,5,2023-02-25,22,organic_search,,demo_request,/produto/api-marketplace,AST-0021,77,0,0,0.1652,8441.72
TP-0000540,OPP-00118,LEAD-000635,5,5,2023-03-11,8,organic_search,(not set),sales_call,/produto/erp-connector,AST-0020,93,0,1,0.757789,38723.02
TP-0000541,OPP-00119,LEAD-000643,1,5,2023-01-28,42,paid_search,google_branded_2023,click,/lp/demo-gratis,AST-0015,45,1,0,0.005281,158.96
TP-0000542,OPP-00119,LEAD-000643,2,5,2023-02-19,20,paid_search,crm-b2b-keywords-2023,click,/lp/trial-30-dias,AST-0016,12,0,0,0.019554,588.57
TP-0000543,OPP-00119,LEAD-000643,3,5,2023-02-20,19,paid_search,integracao_erp_pesquisa_2023,form_fill,/produto/erp-connector,AST-0020,60,0,0,0.077006,2317.87
TP-0000544,OPP-00119,LEAD-000643,4,5,2023-03-07,4,paid_search,pesquisa_concorrentes_q1_2023,demo_request,/blog/crm-para-industria,AST-0002,80,0,0,0.327013,9843.08
TP-0000545,OPP-00119,LEAD-000643,5,5,2023-03-11,0,paid_search,integracao_erp_pesquisa_2023,proposal_sent,/lp/comparativo-erp,AST-0017,78,0,1,0.571147,17191.53
TP-0000546,OPP-00120,LEAD-000647,1,3,2023-02-08,29,organic_search,(none),impression,/blog/gestao-vendas-b2b,AST-0001,20,1,0,0.051875,7329.88
TP-0000547,OPP-00120,LEAD-000647,2,3,2023-02-15,22,organic_search,(not set),click,/produto/crm-integracao,AST-0019,23,0,0,0.197369,27888.28
TP-0000548,OPP-00120,LEAD-000647,3,3,2023-02-24,13,organic_search,(not set),content_view,/ebook/roi-tecnologia-empresas,AST-0010,46,0,1,0.750756,106081.84
TP-0000549,OPP-00121,LEAD-000649,1,8,2023-01-28,43,linkedin_ads,linkedin_prospeccao_q1_2023,impression,/lp/roi-calculator,AST-0018,23,1,0,0.002178,96.69
TP-0000550,OPP-00121,LEAD-000649,2,8,2023-02-11,29,linkedin_ads,linkedin_prospecao_q1_2023,click,/lp/trial-30-dias,AST-0016,33,0,0,0.013661,606.55
TP-0000551,OPP-00121,LEAD-000649,3,8,2023-02-13,27,linkedin_ads,linkedin_prospeccao_q1_2023,content_view,/lp/roi-calculator,AST-0018,28,0,0,0.021012,932.92
TP-0000552,OPP-00121,LEAD-000649,4,8,2023-02-14,26,linkedin_ads,linkedin_gestores_2023,demo_request,/webinar/integracao-erp-ao-vivo,AST-0012,86,0,0,0.09027,4007.99
TP-0000553,OPP-00121,LEAD-000649,5,8,2023-02-23,17,linkedin_ads,linkedin_decisores_ti_2023,sales_call,/produto/api-marketplace,AST-0021,100,0,0,0.193146,8575.68
TP-0000554,OPP-00121,LEAD-000649,6,8,2023-02-25,15,linkedin_ads,linkedin_decisores_ti_2023,sales_call,/webinar/integracao-erp-ao-vivo,AST-0012,82,0,0,0.222806,9892.6
TP-0000555,OPP-00121,LEAD-000649,7,8,2023-02-27,13,linkedin_ads,linkedin_decisores_ti_2023,form_fill,/webinar/crm-para-gestores,AST-0013,54,0,0,0.157069,6973.85
TP-0000556,OPP-00121,LEAD-000649,8,8,2023-02-27,13,linkedin_ads,linkedin_prospecao_q1_2023,proposal_sent,/lp/comparativo-erp,AST-0017,62,0,1,0.299859,13313.72
TP-0000557,OPP-00122,LEAD-000654,1,2,2023-03-03,13,paid_search,integracao_erp_pesquisa_2023,click,/ebook/integracao-sistemas-guia,AST-0011,18,1,0,0.313037,22350.86
TP-0000558,OPP-00122,LEAD-000654,2,2,2023-03-12,4,paid_search,google_branded_2023,click,/produto/api-marketplace,AST-0021,31,0,1,0.686963,49049.14
TP-0000559,OPP-00123,LEAD-000655,1,4,2023-02-16,22,linkedin_ads,linkedin_prospeccao_q1_2023,impression,/blog/crm-para-industria,AST-0002,2,1,0,0.011251,2217.66
TP-0000560,OPP-00123,LEAD-000655,2,4,2023-02-17,21,linkedin_ads,lkd_awareness_2023,click,/lp/comparativo-erp,AST-0017,24,0,0,0.027887,5496.59
TP-0000561,OPP-00123,LEAD-000655,3,4,2023-03-02,8,linkedin_ads,linkedin_decisores_ti_2023,content_view,/ebook/crm-para-varejo,AST-0008,45,0,0,0.094106,18548.36
TP-0000562,OPP-00123,LEAD-000655,4,4,2023-03-08,2,linkedin_ads,linkedin_decisores_ti_2023,demo_request,/lp/trial-30-dias,AST-0016,100,0,1,0.866755,170837.4
TP-0000563,OPP-00124,LEAD-000658,1,2,2023-03-18,1,direct,(not set),click,/produto/erp-connector,AST-0020,16,1,0,0.180374,8694.05
TP-0000564,OPP-00124,LEAD-000658,2,2,2023-03-19,0,direct,(not set),form_fill,/lp/comparativo-erp,AST-0017,57,0,1,0.819626,39505.95
TP-0000565,OPP-00125,LEAD-000670,1,6,2023-01-23,43,webinar_evento,bf-23,impression,/webinar/automacao-vendas-demo,AST-0014,29,1,0,0.002453,419.45
TP-0000566,OPP-00125,LEAD-000670,2,6,2023-01-23,43,organic_search,(none),click,/produto/erp-connector,AST-0020,20,0,0,0.005661,967.95
TP-0000567,OPP-00125,LEAD-000670,3,6,2023-01-29,37,organic_search,(none),form_fill,/produto/erp-connector,AST-0020,60,0,0,0.031861,5448.2
TP-0000568,OPP-00125,LEAD-000670,4,6,2023-01-30,36,organic_search,(none),demo_request,/webinar/crm-para-gestores,AST-0013,100,0,0,0.049774,8511.4
TP-0000569,OPP-00125,LEAD-000670,5,6,2023-02-09,26,organic_search,(none),sales_call,/produto/api-marketplace,AST-0021,98,0,0,0.114385,19559.78
TP-0000570,OPP-00125,LEAD-000670,6,6,2023-03-06,1,organic_search,,proposal_sent,/blog/churn-saas-brasil,AST-0005,72,0,1,0.795867,136093.23
TP-0000571,OPP-00126,LEAD-000677,1,7,2023-01-31,36,webinar_evento,black_friday_2023,impression,/lp/roi-calculator,AST-0018,1,1,0,0.008838,472.85
TP-0000572,OPP-00126,LEAD-000677,2,7,2023-01-31,36,webinar_evento,campanha-natal-2023,click,/lp/roi-calculator,AST-0018,31,0,0,0.020396,1091.2
TP-0000573,OPP-00126,LEAD-000677,3,7,2023-02-04,32,webinar_evento,evento_crm_gestores_q1,form_fill,/webinar/integracao-erp-ao-vivo,AST-0012,72,0,0,0.099519,5324.26
TP-0000574,OPP-00126,LEAD-000677,4,7,2023-02-06,30,webinar_evento,campanha-natal-2023,demo_request,/webinar/integracao-erp-ao-vivo,AST-0012,70,0,0,0.166984,8933.65
TP-0000575,OPP-00126,LEAD-000677,5,7,2023-02-15,21,webinar_evento,black_friday_2023,sales_call,/webinar/crm-para-gestores,AST-0013,77,0,0,0.357287,19114.85
TP-0000576,OPP-00126,LEAD-000677,6,7,2023-02-24,12,webinar_evento,webinar_integracao_erp_2023,content_view,/webinar/automacao-vendas-demo,AST-0014,34,0,0,0.151006,8078.81
TP-0000577,OPP-00126,LEAD-000677,7,7,2023-02-26,10,webinar_evento,black_friday_2023,click,/lp/trial-30-dias,AST-0016,28,0,1,0.195969,10484.37
TP-0000578,OPP-00127,LEAD-000694,1,3,2023-02-02,42,organic_search,,impression,/lp/roi-calculator,AST-0018,1,1,0,0.055502,8946.96
TP-0000579,OPP-00127,LEAD-000694,2,3,2023-02-08,36,organic_search,(not set),click,/blog/funil-vendas-complexas,AST-0006,21,0,0,0.196614,31694.2
TP-0000580,OPP-00127,LEAD-000694,3,3,2023-02-17,27,organic_search,,content_view,/produto/erp-connector,AST-0020,31,0,1,0.747884,120558.84
TP-0000581,OPP-00128,LEAD-000706,1,7,2023-02-01,42,webinar_evento,evento_crm_gestores_q1,impression,/webinar/automacao-vendas-demo,AST-0014,6,1,0,0.003442,206.16
TP-0000582,OPP-00128,LEAD-000706,2,7,2023-02-12,31,direct,,click,/lp/trial-30-dias,AST-0016,12,0,0,0.017425,1043.77
TP-0000583,OPP-00128,LEAD-000706,3,7,2023-02-20,23,direct,(direct),form_fill,/produto/erp-connector,AST-0020,68,0,0,0.113141,6777.13
TP-0000584,OPP-00128,LEAD-000706,4,7,2023-02-21,22,direct,,demo_request,/lp/trial-30-dias,AST-0016,76,0,0,0.176753,10587.52
TP-0000585,OPP-00128,LEAD-000706,5,7,2023-02-25,18,direct,,sales_call,/lp/trial-30-dias,AST-0016,84,0,0,0.264609,15850.06
TP-0000586,OPP-00128,LEAD-000706,6,7,2023-03-02,13,direct,,form_fill,/produto/api-marketplace,AST-0021,67,0,0,0.231116,13843.83
TP-0000587,OPP-00128,LEAD-000706,7,7,2023-03-08,7,direct,(not set),content_view,/lp/trial-30-dias,AST-0016,28,0,1,0.193515,11591.54
TP-0000588,OPP-00129,LEAD-000710,1,7,2023-02-23,27,linkedin_ads,linkedin_gestores_2023,impression,/webinar/integracao-erp-ao-vivo,AST-0012,6,1,0,0.013965,696.84
TP-0000589,OPP-00129,LEAD-000710,2,7,2023-02-23,27,linkedin_ads,linkedin_decisores_ti_2023,click,/webinar/crm-para-gestores,AST-0013,40,0,0,0.032226,1608.09
TP-0000590,OPP-00129,LEAD-000710,3,7,2023-02-28,22,linkedin_ads,linkedin_prospeccao_q1_2023,content_view,/blog/crm-para-industria,AST-0002,20,0,0,0.061412,3064.46
TP-0000591,OPP-00129,LEAD-000710,4,7,2023-03-03,19,linkedin_ads,linkedin_gestores_2023,demo_request,/ebook/roi-tecnologia-empresas,AST-0010,100,0,0,0.304352,15187.17
TP-0000592,OPP-00129,LEAD-000710,5,7,2023-03-07,15,linkedin_ads,linkedin_prospeccao_q1_2023,sales_call,/webinar/integracao-erp-ao-vivo,AST-0012,97,0,0,0.455631,22735.97
TP-0000593,OPP-00129,LEAD-000710,6,7,2023-03-10,12,linkedin_ads,lkd_awareness_2023,impression,/lp/roi-calculator,AST-0018,9,0,0,0.031362,1564.96
TP-0000594,OPP-00129,LEAD-000710,7,7,2023-03-11,11,linkedin_ads,lkd_awareness_2023,email_open,/webinar/automacao-vendas-demo,AST-0014,11,0,1,0.101052,5042.51
TP-0000595,OPP-00130,LEAD-000712,1,7,2023-02-13,42,email_marketing,campanha_email_02-2023,email_open,/webinar/automacao-vendas-demo,AST-0014,4,1,0,0.004191,123.21
TP-0000596,OPP-00130,LEAD-000712,2,7,2023-02-24,31,email_marketing,campanha_email_02-2023,click,/blog/churn-saas-brasil,AST-0005,24,0,0,0.010609,311.92
TP-0000597,OPP-00130,LEAD-000712,3,7,2023-03-02,25,email_marketing,newsletter_mensal_03_2023,content_view,/ebook/roi-tecnologia-empresas,AST-0010,27,0,0,0.021715,638.42
TP-0000598,OPP-00130,LEAD-000712,4,7,2023-03-11,16,email_marketing,email_nurture_leads_2023,form_fill,/blog/automacao-marketing-b2b,AST-0004,52,0,0,0.113575,3339.1
TP-0000599,OPP-00130,LEAD-000712,5,7,2023-03-21,6,email_marketing,email_reengajamento_q1_2023,demo_request,/ebook/gestao-pipeline-vendas,AST-0009,100,0,0,0.337458,9921.25
TP-0000600,OPP-00130,LEAD-000712,6,7,2023-03-26,1,email_marketing,newsletter_mensal_03_2023,form_fill,/webinar/integracao-erp-ao-vivo,AST-0012,67,0,0,0.331587,9748.65
TP-0000601,OPP-00130,LEAD-000712,7,7,2023-03-26,1,email_marketing,campanha_email_03-2023,content_view,/ebook/roi-tecnologia-empresas,AST-0010,32,0,1,0.180865,5317.45
TP-0000602,OPP-00131,LEAD-000716,1,4,2023-02-13,31,direct,,click,/lp/comparativo-erp,AST-0017,21,1,0,0.011272,763.08
TP-0000603,OPP-00131,LEAD-000716,2,4,2023-03-02,14,linkedin_ads,linkedin_gestores_2023,form_fill,/blog/leads-qualificados-b2b,AST-0007,69,0,0,0.10707,7248.66
TP-0000604,OPP-00131,LEAD-000716,3,4,2023-03-03,13,linkedin_ads,linkedin_gestores_2023,demo_request,/webinar/crm-para-gestores,AST-0013,74,0,0,0.16727,11324.16
TP-0000605,OPP-00131,LEAD-000716,4,4,2023-03-16,0,linkedin_ads,linkedin_prospecao_q1_2023,sales_call,/ebook/crm-para-varejo,AST-0008,100,0,1,0.714389,48364.1
TP-0000606,OPP-00132,LEAD-000730,1,7,2023-02-01,43,webinar_evento,campanha_natal_2023,impression,/webinar/integracao-erp-ao-vivo,AST-0012,1,1,0,0.001632,189.01
TP-0000607,OPP-00132,LEAD-000730,2,7,2023-02-08,36,webinar_evento,webinar_integracao_erp_2023,click,/webinar/automacao-vendas-demo,AST-0014,8,0,0,0.00621,719.15
TP-0000608,OPP-00132,LEAD-000730,3,7,2023-02-08,36,webinar_evento,evento_crm_gestores_q1,form_fill,/produto/erp-connector,AST-0020,60,0,0,0.022771,2636.89
TP-0000609,OPP-00132,LEAD-000730,4,7,2023-03-01,15,webinar_evento,bf-23,demo_request,/webinar/integracao-erp-ao-vivo,AST-0012,83,0,0,0.14844,17189.4
TP-0000610,OPP-00132,LEAD-000730,5,7,2023-03-06,10,webinar_evento,black_friday_2023,sales_call,/blog/crm-para-industria,AST-0002,83,0,0,0.238677,27638.76
TP-0000611,OPP-00132,LEAD-000730,6,7,2023-03-10,6,webinar_evento,webinar_integracao_erp_2023,content_view,/webinar/integracao-erp-ao-vivo,AST-0012,42,0,0,0.07058,8173.16
TP-0000612,OPP-00132,LEAD-000730,7,7,2023-03-11,5,webinar_evento,black_friday_2023,sales_call,/lp/demo-gratis,AST-0015,87,0,1,0.511689,59253.62
TP-0000613,OPP-00133,LEAD-000731,1,8,2023-02-11,42,linkedin_ads,linkedin_prospeccao_q1_2023,impression,/webinar/integracao-erp-ao-vivo,AST-0012,1,1,0,0.009298,1102.79
TP-0000614,OPP-00133,LEAD-000731,2,8,2023-02-11,42,paid_search,google_branded_2023,click,/lp/trial-30-dias,AST-0016,38,0,0,0.021458,2544.91
TP-0000615,OPP-00133,LEAD-000731,3,8,2023-02-14,39,paid_search,crm-b2b-keywords-2023,content_view,/lp/demo-gratis,AST-0015,43,0,0,0.035448,4204.11
TP-0000616,OPP-00133,LEAD-000731,4,8,2023-02-15,38,paid_search,crm-b2b-keywords-2023,demo_request,/produto/crm-integracao,AST-0019,66,0,0,0.15229,18061.56
TP-0000617,OPP-00133,LEAD-000731,5,8,2023-02-16,37,paid_search,google_brand_keywords_2023,sales_call,/produto/crm-integracao,AST-0019,100,0,0,0.184011,21823.73
TP-0000618,OPP-00133,LEAD-000731,6,8,2023-02-23,30,paid_search,pesquisa_concorrentes_q1_2023,impression,/produto/api-marketplace,AST-0021,20,0,0,0.016855,1998.96
TP-0000619,OPP-00133,LEAD-000731,7,8,2023-02-28,25,paid_search,crm-b2b-keywords-2023,proposal_sent,/blog/crm-para-industria,AST-0002,86,0,0,0.33725,39997.87
TP-0000620,OPP-00133,LEAD-000731,8,8,2023-03-17,8,paid_search,pesquisa_concorrentes_q1_2023,email_open,/lp/demo-gratis,AST-0015,9,0,1,0.24339,28866.07
TP-0000621,OPP-00134,LEAD-000734,1,5,2023-02-06,33,webinar_evento,evento_crm_gestores_q1,impression,/webinar/automacao-vendas-demo,AST-0014,14,1,0,0.003003,161.58
TP-0000622,OPP-00134,LEAD-000734,2,5,2023-02-23,16,meta_ads,meta_awareness_2023,click,/ebook/crm-para-varejo,AST-0008,16,0,0,0.023342,1255.78
TP-0000623,OPP-00134,LEAD-000734,3,5,2023-02-26,13,meta_ads,meta_awareness_2023,form_fill,/webinar/integracao-erp-ao-vivo,AST-0012,82,0,0,0.106039,5704.88
TP-0000624,OPP-00134,LEAD-000734,4,5,2023-03-05,6,meta_ads,ig_gestores_b2b_q1,demo_request,/ebook/crm-para-varejo,AST-0008,67,0,0,0.254296,13681.1
TP-0000625,OPP-00134,LEAD-000734,5,5,2023-03-10,1,meta_ads,facebook_retargeting_2023,sales_call,/ebook/roi-tecnologia-empresas,AST-0010,97,0,1,0.613321,32996.67
TP-0000626,OPP-00135,LEAD-000747,1,4,2023-02-21,32,direct,,click,/produto/crm-integracao,AST-0019,25,1,0,0.020868,853.49
TP-0000627,OPP-00135,LEAD-000747,2,4,2023-02-22,31,direct,(not set),form_fill,/produto/api-marketplace,AST-0021,58,0,0,0.063216,2585.52
TP-0000628,OPP-00135,LEAD-000747,3,4,2023-03-09,16,direct,(direct),demo_request,/produto/api-marketplace,AST-0021,79,0,0,0.268452,10979.7
TP-0000629,OPP-00135,LEAD-000747,4,4,2023-03-14,11,direct,(direct),sales_call,/lp/roi-calculator,AST-0018,78,0,1,0.647464,26481.3
TP-0000630,OPP-00136,LEAD-000757,1,5,2023-02-17,37,direct,,click,/lp/demo-gratis,AST-0015,9,1,0,0.012329,468.51
TP-0000631,OPP-00136,LEAD-000757,2,5,2023-03-03,23,webinar_evento,campanha_natal_2023,form_fill,/lp/trial-30-dias,AST-0016,62,0,0,0.094528,3592.06
TP-0000632,OPP-00136,LEAD-000757,3,5,2023-03-14,12,webinar_evento,campanha_natal_2023,demo_request,/produto/api-marketplace,AST-0021,94,0,0,0.301661,11463.1
TP-0000633,OPP-00136,LEAD-000757,4,5,2023-03-18,8,webinar_evento,evento_crm_gestores_q1,sales_call,/lp/roi-calculator,AST-0018,97,0,0,0.451601,17160.85
TP-0000634,OPP-00136,LEAD-000757,5,5,2023-03-21,5,webinar_evento,black_friday_2023,click,/webinar/automacao-vendas-demo,AST-0014,34,0,1,0.139881,5315.47
TP-0000635,OPP-00137,LEAD-000783,1,6,2023-02-04,44,linkedin_ads,linkedin_decisores_ti_2023,impression,/webinar/crm-para-gestores,AST-0013,14,1,0,0.00176,81.83
TP-0000636,OPP-00137,LEAD-000783,2,6,2023-02-04,44,linkedin_ads,lkd_awareness_2023,click,/webinar/crm-para-gestores,AST-0013,11,0,0,0.004061,188.83
TP-0000637,OPP-00137,LEAD-000783,3,6,2023-02-25,23,linkedin_ads,linkedin_prospecao_q1_2023,content_view,/ebook/crm-para-varejo,AST-0008,42,0,0,0.024266,1128.38
TP-0000638,OPP-00137,LEAD-000783,4,6,2023-02-25,23,linkedin_ads,linkedin_prospecao_q1_2023,demo_request,/blog/integracao-erp-sistemas,AST-0003,97,0,0,0.097065,4513.5
TP-0000639,OPP-00137,LEAD-000783,5,6,2023-03-16,4,linkedin_ads,linkedin_prospecao_q1_2023,sales_call,/webinar/automacao-vendas-demo,AST-0014,81,0,0,0.424241,19727.22
TP-0000640,OPP-00137,LEAD-000783,6,6,2023-03-18,2,linkedin_ads,linkedin_decisores_ti_2023,form_fill,/ebook/gestao-pipeline-vendas,AST-0009,63,0,1,0.448607,20860.24
TP-0000641,OPP-00138,LEAD-000787,1,3,2023-02-14,44,organic_search,(not set),impression,/produto/crm-integracao,AST-0019,1,1,0,0.008217,313.88
TP-0000642,OPP-00138,LEAD-000787,2,3,2023-03-11,19,organic_search,(not set),click,/blog/crm-para-industria,AST-0002,23,0,0,0.113086,4319.89
TP-0000643,OPP-00138,LEAD-000787,3,3,2023-03-30,0,organic_search,(none),content_view,/produto/erp-connector,AST-0020,13,0,1,0.878697,33566.22
TP-0000644,OPP-00139,LEAD-000788,1,5,2023-02-21,37,paid_search,crm-b2b-keywords-2023,click,/produto/erp-connector,AST-0020,27,1,0,0.022496,2798.56
TP-0000645,OPP-00139,LEAD-000788,2,5,2023-02-28,30,webinar_evento,evento_crm_gestores_q1,click,/webinar/automacao-vendas-demo,AST-0014,19,0,0,0.028531,3549.27
TP-0000646,OPP-00139,LEAD-000788,3,5,2023-03-04,26,webinar_evento,evento_crm_gestores_q1,form_fill,/webinar/crm-para-gestores,AST-0013,47,0,0,0.139211,17317.85
TP-0000647,OPP-00139,LEAD-000788,4,5,2023-03-15,15,webinar_evento,webinar_integracao_erp_2023,demo_request,/lp/demo-gratis,AST-0015,92,0,0,0.444255,55265.32
TP-0000648,OPP-00139,LEAD-000788,5,5,2023-03-26,4,webinar_evento,black_friday_2023,content_view,/lp/demo-gratis,AST-0015,6,0,1,0.365506,45469.0
TP-0000649,OPP-00140,LEAD-000792,1,4,2023-01-28,44,meta_ads,fb-leads-varejo-2023,impression,/lp/comparativo-erp,AST-0017,39,1,0,0.003377,299.92
TP-0000650,OPP-00140,LEAD-000792,2,4,2023-01-29,43,linkedin_ads,lkd_awareness_2023,click,/ebook/roi-tecnologia-empresas,AST-0010,33,0,0,0.008371,743.36
TP-0000651,OPP-00140,LEAD-000792,3,4,2023-03-01,12,linkedin_ads,linkedin_decisores_ti_2023,form_fill,/produto/api-marketplace,AST-0021,77,0,0,0.281003,24953.08
TP-0000652,OPP-00140,LEAD-000792,4,4,2023-03-03,10,linkedin_ads,linkedin_decisores_ti_2023,demo_request,/lp/demo-gratis,AST-0015,88,0,1,0.707248,62803.64
TP-0000653,OPP-00141,LEAD-000795,1,5,2023-02-11,41,paid_search,google_brand_keywords_2023,click,/lp/comparativo-erp,AST-0017,45,1,0,0.02155,1696.02
TP-0000654,OPP-00141,LEAD-000795,2,5,2023-02-19,33,email_marketing,email_nurture_leads_2023,click,/webinar/crm-para-gestores,AST-0013,14,0,0,0.029355,2310.23
TP-0000655,OPP-00141,LEAD-000795,3,5,2023-03-01,23,email_marketing,campanha_email_03-2023,form_fill,/webinar/crm-para-gestores,AST-0013,65,0,0,0.219868,17303.62
TP-0000656,OPP-00141,LEAD-000795,4,5,2023-03-08,16,email_marketing,email_reengajamento_q1_2023,demo_request,/webinar/automacao-vendas-demo,AST-0014,99,0,0,0.527274,41496.5
TP-0000657,OPP-00141,LEAD-000795,5,5,2023-03-18,6,email_marketing,campanha_email_03-2023,email_open,/blog/crm-para-industria,AST-0002,4,0,1,0.201952,15893.63
TP-0000658,OPP-00142,LEAD-000803,1,7,2023-02-05,42,email_marketing,newsletter_mensal_02_2023,email_open,/blog/leads-qualificados-b2b,AST-0007,19,1,0,0.014987,1290.37
TP-0000659,OPP-00142,LEAD-000803,2,7,2023-02-10,37,paid_search,google_brand_keywords_2023,click,/produto/api-marketplace,AST-0021,32,0,0,0.024715,2127.97
TP-0000660,OPP-00142,LEAD-000803,3,7,2023-02-15,32,paid_search,google_brand_keywords_2023,content_view,/produto/api-marketplace,AST-0021,23,0,0,0.047098,4055.18
TP-0000661,OPP-00142,LEAD-000803,4,7,2023-02-16,31,paid_search,google_brand_keywords_2023,form_fill,/produto/api-marketplace,AST-0021,83,0,0,0.139111,11977.43
TP-0000662,OPP-00142,LEAD-000803,5,7,2023-02-21,26,paid_search,crm-b2b-keywords-2023,impression,/produto/api-marketplace,AST-0021,7,0,0,0.018075,1556.24
TP-0000663,OPP-00142,LEAD-000803,6,7,2023-03-02,17,paid_search,google_brand_keywords_2023,sales_call,/webinar/crm-para-gestores,AST-0013,89,0,0,0.618778,53276.79
TP-0000664,OPP-00142,LEAD-000803,7,7,2023-03-06,13,paid_search,integracao_erp_pesquisa_2023,email_open,/lp/roi-calculator,AST-0018,1,0,1,0.137236,11816.01
TP-0000665,OPP-00143,LEAD-000808,1,6,2023-02-28,33,webinar_evento,campanha-natal-2023,impression,/webinar/automacao-vendas-demo,AST-0014,18,1,0,0.003417,599.03
TP-0000666,OPP-00143,LEAD-000808,2,6,2023-03-03,30,direct,(direct),click,/produto/crm-integracao,AST-0019,17,0,0,0.00977,1712.73
TP-0000667,OPP-00143,LEAD-000808,3,6,2023-03-06,27,direct,,form_fill,/produto/api-marketplace,AST-0021,73,0,0,0.044386,7780.79
TP-0000668,OPP-00143,LEAD-000808,4,6,2023-03-13,20,direct,,demo_request,/lp/trial-30-dias,AST-0016,79,0,0,0.106443,18659.44
TP-0000669,OPP-00143,LEAD-000808,5,6,2023-03-15,18,direct,(not set),sales_call,/lp/roi-calculator,AST-0018,75,0,0,0.138137,24215.48
TP-0000670,OPP-00143,LEAD-000808,6,6,2023-04-01,1,direct,(not set),sales_call,/lp/roi-calculator,AST-0018,88,0,1,0.697847,122332.53
TP-0000671,OPP-00144,LEAD-000811,1,3,2023-02-22,34,direct,(not set),click,/produto/erp-connector,AST-0020,38,1,0,0.027641,1183.05
TP-0000672,OPP-00144,LEAD-000811,2,3,2023-03-11,17,direct,(direct),form_fill,/lp/trial-30-dias,AST-0016,62,0,0,0.262571,11238.04
TP-0000673,OPP-00144,LEAD-000811,3,3,2023-03-14,14,direct,(not set),demo_request,/blog/gestao-vendas-b2b,AST-0001,71,0,1,0.709788,30378.91
TP-0000674,OPP-00145,LEAD-000815,1,4,2023-02-28,29,paid_search,pesquisa_concorrentes_q1_2023,click,/produto/api-marketplace,AST-0021,19,1,0,0.026628,3059.61
TP-0000675,OPP-00145,LEAD-000815,2,4,2023-03-11,18,paid_search,google_brand_keywords_2023,click,/produto/api-marketplace,AST-0021,4,0,0,0.04494,5163.63
TP-0000676,OPP-00145,LEAD-000815,3,4,2023-03-19,10,paid_search,crm-b2b-keywords-2023,form_fill,/produto/erp-connector,AST-0020,56,0,0,0.291793,33526.98
TP-0000677,OPP-00145,LEAD-000815,4,4,2023-03-19,10,paid_search,integracao_erp_pesquisa_2023,demo_request,/produto/api-marketplace,AST-0021,84,0,1,0.636639,73149.78
TP-0000678,OPP-00146,LEAD-000816,1,2,2023-03-06,16,organic_search,(none),impression,/produto/erp-connector,AST-0020,1,1,0,0.168142,13030.97
TP-0000679,OPP-00146,LEAD-000816,2,2,2023-03-11,11,organic_search,(not set),click,/blog/automacao-marketing-b2b,AST-0004,35,0,1,0.831858,64469.03
TP-0000680,OPP-00147,LEAD-000821,1,2,2023-02-26,31,paid_search,crm-b2b-keywords-2023,click,/lp/roi-calculator,AST-0018,41,1,0,0.135008,3672.22
TP-0000681,OPP-00147,LEAD-000821,2,2,2023-03-22,7,paid_search,crm-b2b-keywords-2023,click,/produto/erp-connector,AST-0020,22,0,1,0.864992,23527.78
TP-0000682,OPP-00148,LEAD-000822,1,3,2023-02-25,33,direct,(not set),click,/produto/crm-integracao,AST-0019,15,1,0,0.022773,3411.33
TP-0000683,OPP-00148,LEAD-000822,2,3,2023-02-28,30,direct,(not set),form_fill,/lp/roi-calculator,AST-0018,61,0,0,0.07958,11921.07
TP-0000684,OPP-00148,LEAD-000822,3,3,2023-03-23,7,direct,,demo_request,/lp/demo-gratis,AST-0015,77,0,1,0.897648,134467.6
TP-0000685,OPP-00149,LEAD-000826,1,2,2023-03-07,14,organic_search,,impression,/blog/crm-para-industria,AST-0002,15,1,0,0.211962,6252.87
TP-0000686,OPP-00149,LEAD-000826,2,2,2023-03-08,13,organic_search,(none),click,/produto/api-marketplace,AST-0021,18,0,1,0.788038,23247.13
TP-0000687,OPP-00150,LEAD-000843,1,7,2023-02-12,37,linkedin_ads,lkd_awareness_2023,impression,/webinar/automacao-vendas-demo,AST-0014,6,1,0,0.007696,835.75
TP-0000688,OPP-00150,LEAD-000843,2,7,2023-02-18,31,linkedin_ads,lkd_awareness_2023,click,/blog/leads-qualificados-b2b,AST-0007,29,0,0,0.027262,2960.62
TP-0000689,OPP-00150,LEAD-000843,3,7,2023-02-22,27,linkedin_ads,linkedin_decisores_ti_2023,content_view,/lp/trial-30-dias,AST-0016,52,0,0,0.04837,5252.98
TP-0000690,OPP-00150,LEAD-000843,4,7,2023-02-23,26,linkedin_ads,linkedin_prospeccao_q1_2023,demo_request,/ebook/roi-tecnologia-empresas,AST-0010,100,0,0,0.207805,22567.66
TP-0000691,OPP-00150,LEAD-000843,5,7,2023-03-01,20,linkedin_ads,linkedin_prospeccao_q1_2023,sales_call,/ebook/integracao-sistemas-guia,AST-0011,100,0,0,0.358869,38973.12
TP-0000692,OPP-00150,LEAD-000843,6,7,2023-03-05,16,linkedin_ads,linkedin_prospeccao_q1_2023,content_view,/lp/roi-calculator,AST-0018,43,0,0,0.106122,11524.89
TP-0000693,OPP-00150,LEAD-000843,7,7,2023-03-15,6,linkedin_ads,linkedin_prospeccao_q1_2023,click,/blog/churn-saas-brasil,AST-0005,22,0,1,0.243876,26484.98
TP-0000694,OPP-00151,LEAD-000846,1,6,2023-02-15,40,linkedin_ads,linkedin_gestores_2023,impression,/ebook/roi-tecnologia-empresas,AST-0010,7,1,0,0.006449,506.27
TP-0000695,OPP-00151,LEAD-000846,2,6,2023-02-15,40,linkedin_ads,linkedin_gestores_2023,click,/ebook/integracao-sistemas-guia,AST-0011,21,0,0,0.014883,1168.3
TP-0000696,OPP-00151,LEAD-000846,3,6,2023-02-27,28,linkedin_ads,linkedin_decisores_ti_2023,content_view,/webinar/automacao-vendas-demo,AST-0014,22,0,0,0.04676,3670.69
TP-0000697,OPP-00151,LEAD-000846,4,6,2023-03-08,19,linkedin_ads,linkedin_gestores_2023,demo_request,/lp/demo-gratis,AST-0015,77,0,0,0.355735,27925.21
TP-0000698,OPP-00151,LEAD-000846,5,6,2023-03-09,18,linkedin_ads,lkd_awareness_2023,sales_call,/webinar/automacao-vendas-demo,AST-0014,85,0,0,0.429834,33741.94
TP-0000699,OPP-00151,LEAD-000846,6,6,2023-03-19,8,linkedin_ads,linkedin_prospeccao_q1_2023,email_open,/webinar/automacao-vendas-demo,AST-0014,24,0,1,0.146339,11487.6
TP-0000700,OPP-00152,LEAD-000848,1,5,2023-02-23,36,paid_search,google_brand_keywords_2023,click,/produto/api-marketplace,AST-0021,31,1,0,0.034844,1634.2
TP-0000701,OPP-00152,LEAD-000848,2,5,2023-02-27,32,paid_search,google_brand_keywords_2023,click,/produto/crm-integracao,AST-0019,27,0,0,0.035668,1672.81
TP-0000702,OPP-00152,LEAD-000848,3,5,2023-03-01,30,paid_search,pesquisa_concorrentes_q1_2023,form_fill,/produto/api-marketplace,AST-0021,72,0,0,0.150864,7075.54
TP-0000703,OPP-00152,LEAD-000848,4,5,2023-03-14,17,paid_search,pesquisa_concorrentes_q1_2023,demo_request,/lp/demo-gratis,AST-0015,89,0,0,0.555377,26047.17
TP-0000704,OPP-00152,LEAD-000848,5,5,2023-03-19,12,paid_search,integracao_erp_pesquisa_2023,click,/webinar/integracao-erp-ao-vivo,AST-0012,30,0,1,0.223247,10470.28
TP-0000705,OPP-00153,LEAD-000861,1,4,2023-02-05,43,organic_search,(none),impression,/lp/demo-gratis,AST-0015,5,1,0,0.012365,879.18
TP-0000706,OPP-00153,LEAD-000861,2,4,2023-02-11,37,meta_ads,fb-leads-varejo-2023,click,/produto/api-marketplace,AST-0021,24,0,0,0.043804,3114.44
TP-0000707,OPP-00153,LEAD-000861,3,4,2023-02-14,34,meta_ads,fb-leads-varejo-2023,content_view,/ebook/roi-tecnologia-empresas,AST-0010,51,0,0,0.072362,5144.96
TP-0000708,OPP-00153,LEAD-000861,4,4,2023-03-01,19,meta_ads,meta_awareness_2023,form_fill,/ebook/gestao-pipeline-vendas,AST-0009,73,0,1,0.871469,61961.42
TP-0000709,OPP-00154,LEAD-000868,1,8,2023-02-11,39,linkedin_ads,linkedin_prospeccao_q1_2023,impression,/lp/demo-gratis,AST-0015,9,1,0,0.006022,229.46
TP-0000710,OPP-00154,LEAD-000868,2,8,2023-02-16,34,linkedin_ads,linkedin_gestores_2023,click,/webinar/crm-para-gestores,AST-0013,23,0,0,0.019864,756.8
TP-0000711,OPP-00154,LEAD-000868,3,8,2023-02-21,29,linkedin_ads,linkedin_prospecao_q1_2023,content_view,/blog/leads-qualificados-b2b,AST-0007,39,0,0,0.037853,1442.2
TP-0000712,OPP-00154,LEAD-000868,4,8,2023-02-22,28,linkedin_ads,linkedin_prospecao_q1_2023,demo_request,/webinar/automacao-vendas-demo,AST-0014,83,0,0,0.162623,6195.94
TP-0000713,OPP-00154,LEAD-000868,5,8,2023-02-22,28,linkedin_ads,linkedin_gestores_2023,sales_call,/blog/leads-qualificados-b2b,AST-0007,100,0,0,0.182951,6970.43
TP-0000714,OPP-00154,LEAD-000868,6,8,2023-03-06,16,linkedin_ads,linkedin_decisores_ti_2023,proposal_sent,/produto/api-marketplace,AST-0021,72,0,0,0.335307,12775.2
TP-0000715,OPP-00154,LEAD-000868,7,8,2023-03-12,10,linkedin_ads,linkedin_decisores_ti_2023,email_open,/webinar/integracao-erp-ao-vivo,AST-0012,28,0,0,0.073531,2801.53
TP-0000716,OPP-00154,LEAD-000868,8,8,2023-03-19,3,linkedin_ads,linkedin_decisores_ti_2023,email_open,/lp/trial-30-dias,AST-0016,7,0,1,0.181848,6928.42
TP-0000717,OPP-00155,LEAD-000871,1,4,2023-02-25,21,paid_search,integracao_erp_pesquisa_2023,click,/lp/comparativo-erp,AST-0017,22,1,0,0.028567,2085.42
TP-0000718,OPP-00155,LEAD-000871,2,4,2023-03-12,6,linkedin_ads,linkedin_gestores_2023,click,/lp/comparativo-erp,AST-0017,28,0,0,0.064157,4683.44
TP-0000719,OPP-00155,LEAD-000871,3,4,2023-03-14,4,linkedin_ads,linkedin_prospecao_q1_2023,form_fill,/ebook/gestao-pipeline-vendas,AST-0009,71,0,0,0.271366,19809.74
TP-0000720,OPP-00155,LEAD-000871,4,4,2023-03-15,3,linkedin_ads,linkedin_prospeccao_q1_2023,demo_request,/ebook/gestao-pipeline-vendas,AST-0009,82,0,1,0.63591,46421.4
TP-0000721,OPP-00156,LEAD-000875,1,8,2023-02-04,44,webinar_evento,webinar_integracao_erp_2023,impression,/webinar/automacao-vendas-demo,AST-0014,7,1,0,0.003069,140.24
TP-0000722,OPP-00156,LEAD-000875,2,8,2023-02-17,31,webinar_evento,campanha-natal-2023,click,/blog/automacao-marketing-b2b,AST-0004,4,0,0,0.017923,819.06
TP-0000723,OPP-00156,LEAD-000875,3,8,2023-02-25,23,webinar_evento,black_friday_2023,form_fill,/webinar/crm-para-gestores,AST-0013,66,0,0,0.11637,5318.12
TP-0000724,OPP-00156,LEAD-000875,4,8,2023-03-01,19,webinar_evento,webinar_integracao_erp_2023,demo_request,/lp/demo-gratis,AST-0015,89,0,0,0.225244,10293.65
TP-0000725,OPP-00156,LEAD-000875,5,8,2023-03-04,16,webinar_evento,campanha-natal-2023,sales_call,/blog/funil-vendas-complexas,AST-0006,55,0,0,0.313956,14347.79
TP-0000726,OPP-00156,LEAD-000875,6,8,2023-03-05,15,webinar_evento,webinar_integracao_erp_2023,content_view,/webinar/automacao-vendas-demo,AST-0014,46,0,0,0.074934,3424.47
TP-0000727,OPP-00156,LEAD-000875,7,8,2023-03-09,11,webinar_evento,webinar_integracao_erp_2023,email_open,/lp/comparativo-erp,AST-0017,31,0,0,0.049858,2278.49
TP-0000728,OPP-00156,LEAD-000875,8,8,2023-03-17,3,webinar_evento,campanha-natal-2023,click,/webinar/automacao-vendas-demo,AST-0014,14,0,1,0.198647,9078.17
TP-0000729,OPP-00157,LEAD-000885,1,3,2023-02-23,33,direct,(not set),click,/lp/comparativo-erp,AST-0017,22,1,0,0.03225,2267.15
TP-0000730,OPP-00157,LEAD-000885,2,3,2023-03-01,27,direct,(direct),form_fill,/blog/integracao-erp-sistemas,AST-0003,62,0,0,0.13963,9816.02
TP-0000731,OPP-00157,LEAD-000885,3,3,2023-03-15,13,direct,,demo_request,/produto/crm-integracao,AST-0019,83,0,1,0.82812,58216.82
TP-0000732,OPP-00158,LEAD-000886,1,3,2023-02-18,37,direct,,click,/lp/comparativo-erp,AST-0017,20,1,0,0.010544,444.95
TP-0000733,OPP-00158,LEAD-000886,2,3,2023-03-20,7,direct,,form_fill,/ebook/gestao-pipeline-vendas,AST-0009,80,0,0,0.253488,10697.17
TP-0000734,OPP-00158,LEAD-000886,3,3,2023-03-24,3,direct,(not set),demo_request,/webinar/automacao-vendas-demo,AST-0014,94,0,1,0.735969,31057.88
TP-0000735,OPP-00159,LEAD-000896,1,3,2023-02-21,39,email_marketing,email_reengajamento_q1_2023,email_open,/blog/automacao-marketing-b2b,AST-0004,36,1,0,0.180586,16559.75
TP-0000736,OPP-00159,LEAD-000896,2,3,2023-02-22,38,email_marketing,newsletter_mensal_02_2023,click,/blog/funil-vendas-complexas,AST-0006,36,0,0,0.223796,20522.14
TP-0000737,OPP-00159,LEAD-000896,3,3,2023-02-26,34,email_marketing,campanha_email_02-2023,content_view,/webinar/automacao-vendas-demo,AST-0014,26,0,1,0.595617,54618.12
TP-0000738,OPP-00160,LEAD-000899,1,3,2023-02-10,44,paid_search,google_brand_keywords_2023,click,/produto/crm-integracao,AST-0019,24,1,0,0.061169,3370.41
TP-0000739,OPP-00160,LEAD-000899,2,3,2023-02-15,39,paid_search,google_branded_2023,click,/blog/churn-saas-brasil,AST-0005,29,0,0,0.06725,3705.48
TP-0000740,OPP-00160,LEAD-000899,3,3,2023-02-27,27,paid_search,crm-b2b-keywords-2023,form_fill,/produto/erp-connector,AST-0020,76,0,1,0.871581,48024.11
TP-0000741,OPP-00161,LEAD-000900,1,5,2023-02-27,35,paid_search,google_branded_2023,click,/webinar/automacao-vendas-demo,AST-0014,37,1,0,0.021449,3086.54
TP-0000742,OPP-00161,LEAD-000900,2,5,2023-02-28,34,paid_search,pesquisa_concorrentes_q1_2023,click,/lp/comparativo-erp,AST-0017,53,0,0,0.017721,2550.05
TP-0000743,OPP-00161,LEAD-000900,3,5,2023-03-13,21,paid_search,integracao_erp_pesquisa_2023,form_fill,/lp/trial-30-dias,AST-0016,58,0,0,0.16445,23664.31
TP-0000744,OPP-00161,LEAD-000900,4,5,2023-03-20,14,paid_search,integracao_erp_pesquisa_2023,demo_request,/produto/erp-connector,AST-0020,90,0,0,0.394373,56750.33
TP-0000745,OPP-00161,LEAD-000900,5,5,2023-04-03,0,paid_search,google_branded_2023,content_view,/lp/comparativo-erp,AST-0017,29,0,1,0.402007,57848.77
TP-0000746,OPP-00162,LEAD-000901,1,6,2023-02-22,28,webinar_evento,black_friday_2023,impression,/lp/demo-gratis,AST-0015,1,1,0,0.004329,478.74
TP-0000747,OPP-00162,LEAD-000901,2,6,2023-02-23,27,webinar_evento,black_friday_2023,click,/webinar/crm-para-gestores,AST-0013,33,0,0,0.010729,1186.58
TP-0000748,OPP-00162,LEAD-000901,3,6,2023-02-27,23,webinar_evento,campanha-natal-2023,form_fill,/ebook/integracao-sistemas-guia,AST-0011,78,0,0,0.052348,5789.64
TP-0000749,OPP-00162,LEAD-000901,4,6,2023-03-02,20,webinar_evento,webinar_integracao_erp_2023,demo_request,/lp/trial-30-dias,AST-0016,58,0,0,0.094338,10433.78
TP-0000750,OPP-00162,LEAD-000901,5,6,2023-03-16,6,webinar_evento,webinar_integracao_erp_2023,sales_call,/webinar/crm-para-gestores,AST-0013,94,0,0,0.288492,31907.2
TP-0000751,OPP-00162,LEAD-000901,6,6,2023-03-21,1,webinar_evento,evento_crm_gestores_q1,demo_request,/lp/trial-30-dias,AST-0016,89,0,1,0.549766,60804.07
TP-0000752,OPP-00163,LEAD-000902,1,4,2023-02-10,38,organic_search,,impression,/blog/automacao-marketing-b2b,AST-0004,14,1,0,0.004608,414.75
TP-0000753,OPP-00163,LEAD-000902,2,4,2023-03-12,8,organic_search,,click,/ebook/gestao-pipeline-vendas,AST-0009,14,0,0,0.090647,8158.25
TP-0000754,OPP-00163,LEAD-000902,3,4,2023-03-14,6,organic_search,(none),content_view,/produto/crm-integracao,AST-0019,33,0,0,0.139423,12548.1
TP-0000755,OPP-00163,LEAD-000902,4,4,2023-03-18,2,organic_search,(none),form_fill,/produto/erp-connector,AST-0020,62,0,1,0.765321,68878.89
TP-0000756,OPP-00164,LEAD-000921,1,2,2023-03-13,17,direct,(direct),click,/webinar/crm-para-gestores,AST-0013,25,1,0,0.085414,3638.66
TP-0000757,OPP-00164,LEAD-000921,2,2,2023-03-26,4,direct,,form_fill,/webinar/integracao-erp-ao-vivo,AST-0012,73,0,1,0.914586,38961.34
TP-0000758,OPP-00165,LEAD-000928,1,2,2023-02-23,32,organic_search,(not set),impression,/produto/erp-connector,AST-0020,1,1,0,0.211962,16003.1
TP-0000759,OPP-00165,LEAD-000928,2,2,2023-02-24,31,organic_search,,click,/blog/gestao-vendas-b2b,AST-0001,31,0,1,0.788038,59496.9
TP-0000760,OPP-00166,LEAD-000930,1,4,2023-03-01,38,organic_search,,impression,/produto/crm-integracao,AST-0019,43,1,0,0.00535,181.37
TP-0000761,OPP-00166,LEAD-000930,2,4,2023-03-12,27,organic_search,(none),click,/blog/leads-qualificados-b2b,AST-0007,23,0,0,0.027087,918.26
TP-0000762,OPP-00166,LEAD-000930,3,4,2023-03-31,8,organic_search,(not set),content_view,/produto/erp-connector,AST-0020,33,0,0,0.140316,4756.7
TP-0000763,OPP-00166,LEAD-000930,4,4,2023-04-05,3,organic_search,(none),form_fill,/ebook/integracao-sistemas-guia,AST-0011,98,0,1,0.827247,28043.67
TP-0000764,OPP-00167,LEAD-000933,1,6,2023-02-18,34,linkedin_ads,linkedin_prospecao_q1_2023,impression,/lp/comparativo-erp,AST-0017,12,1,0,0.00525,251.47
TP-0000765,OPP-00167,LEAD-000933,2,6,2023-02-19,33,paid_search,pesquisa_concorrentes_q1_2023,click,/lp/comparativo-erp,AST-0017,19,0,0,0.013012,623.28
TP-0000766,OPP-00167,LEAD-000933,3,6,2023-02-22,30,paid_search,crm-b2b-keywords-2023,content_view,/produto/crm-integracao,AST-0019,50,0,0,0.021496,1029.64
TP-0000767,OPP-00167,LEAD-000933,4,6,2023-02-28,24,paid_search,crm-b2b-keywords-2023,demo_request,/produto/erp-connector,AST-0020,74,0,0,0.131989,6322.28
TP-0000768,OPP-00167,LEAD-000933,5,6,2023-03-07,17,paid_search,google_branded_2023,sales_call,/lp/roi-calculator,AST-0018,95,0,0,0.244815,11726.63
TP-0000769,OPP-00167,LEAD-000933,6,6,2023-03-17,7,paid_search,integracao_erp_pesquisa_2023,proposal_sent,/produto/erp-connector,AST-0020,74,0,1,0.583438,27946.69
TP-0000770,OPP-00168,LEAD-000948,1,8,2023-02-24,42,webinar_evento,black_friday_2023,impression,/webinar/integracao-erp-ao-vivo,AST-0012,1,1,0,0.002675,153.02
TP-0000771,OPP-00168,LEAD-000948,2,8,2023-02-28,38,webinar_evento,black_friday_2023,click,/webinar/crm-para-gestores,AST-0013,28,0,0,0.008215,469.91
TP-0000772,OPP-00168,LEAD-000948,3,8,2023-03-02,36,webinar_evento,campanha-natal-2023,form_fill,/webinar/integracao-erp-ao-vivo,AST-0012,76,0,0,0.034748,1987.6
TP-0000773,OPP-00168,LEAD-000948,4,8,2023-03-02,36,webinar_evento,bf-23,demo_request,/lp/comparativo-erp,AST-0017,73,0,0,0.050543,2891.06
TP-0000774,OPP-00168,LEAD-000948,5,8,2023-03-10,28,webinar_evento,black_friday_2023,sales_call,/lp/trial-30-dias,AST-0016,91,0,0,0.100689,5759.4
TP-0000775,OPP-00168,LEAD-000948,6,8,2023-03-14,24,webinar_evento,evento_crm_gestores_q1,sales_call,/webinar/integracao-erp-ao-vivo,AST-0012,88,0,0,0.133988,7664.11
TP-0000776,OPP-00168,LEAD-000948,7,8,2023-03-17,21,webinar_evento,evento_crm_gestores_q1,demo_request,/blog/leads-qualificados-b2b,AST-0007,93,0,0,0.147563,8440.58
TP-0000777,OPP-00168,LEAD-000948,8,8,2023-03-29,9,webinar_evento,campanha_natal_2023,demo_request,/ebook/crm-para-varejo,AST-0008,77,0,1,0.521579,29834.31
TP-0000778,OPP-00169,LEAD-000955,1,3,2023-03-08,28,webinar_evento,webinar_integracao_erp_2023,impression,/lp/trial-30-dias,AST-0016,5,1,0,0.012284,620.33
TP-0000779,OPP-00169,LEAD-000955,2,3,2023-03-18,18,webinar_evento,evento_crm_gestores_q1,click,/lp/demo-gratis,AST-0015,27,0,0,0.057905,2924.21
TP-0000780,OPP-00169,LEAD-000955,3,3,2023-04-02,3,webinar_evento,campanha-natal-2023,form_fill,/lp/trial-30-dias,AST-0016,61,0,1,0.929811,46955.47
TP-0000781,OPP-00170,LEAD-000962,1,5,2023-02-21,44,direct,(direct),click,/webinar/crm-para-gestores,AST-0013,38,1,0,0.01334,2151.73
TP-0000782,OPP-00170,LEAD-000962,2,5,2023-03-09,28,direct,,form_fill,/lp/roi-calculator,AST-0018,47,0,0,0.117983,19030.62
TP-0000783,OPP-00170,LEAD-000962,3,5,2023-03-13,24,direct,,demo_request,/produto/api-marketplace,AST-0021,100,0,0,0.228365,36835.3
TP-0000784,OPP-00170,LEAD-000962,4,5,2023-03-20,17,direct,(not set),sales_call,/lp/trial-30-dias,AST-0016,90,0,0,0.423574,68322.54
TP-0000785,OPP-00170,LEAD-000962,5,5,2023-03-26,11,direct,,content_view,/produto/api-marketplace,AST-0021,48,0,1,0.216738,34959.8
TP-0000786,OPP-00171,LEAD-000964,1,7,2023-02-20,39,linkedin_ads,linkedin_prospeccao_q1_2023,impression,/webinar/crm-para-gestores,AST-0013,8,1,0,0.002382,288.0
TP-0000787,OPP-00171,LEAD-000964,2,7,2023-03-03,28,direct,(not set),click,/lp/comparativo-erp,AST-0017,21,0,0,0.012061,1458.15
TP-0000788,OPP-00171,LEAD-000964,3,7,2023-03-12,19,direct,,content_view,/webinar/integracao-erp-ao-vivo,AST-0012,31,0,0,0.030585,3697.68
TP-0000789,OPP-00171,LEAD-000964,4,7,2023-03-13,18,direct,(not set),demo_request,/blog/leads-qualificados-b2b,AST-0007,81,0,0,0.131396,15885.83
TP-0000790,OPP-00171,LEAD-000964,5,7,2023-03-15,16,direct,(not set),sales_call,/lp/roi-calculator,AST-0018,88,0,0,0.170521,20616.0
TP-0000791,OPP-00171,LEAD-000964,6,7,2023-03-23,8,direct,,click,/produto/crm-integracao,AST-0019,21,0,0,0.050326,6084.45
TP-0000792,OPP-00171,LEAD-000964,7,7,2023-03-27,4,direct,(direct),sales_call,/lp/demo-gratis,AST-0015,62,0,1,0.602729,72869.89
TP-0000793,OPP-00172,LEAD-000969,1,6,2023-02-15,44,webinar_evento,evento_crm_gestores_q1,impression,/lp/comparativo-erp,AST-0017,10,1,0,0.002323,113.12
TP-0000794,OPP-00172,LEAD-000969,2,6,2023-02-22,37,organic_search,,click,/produto/erp-connector,AST-0020,12,0,0,0.008838,430.4
TP-0000795,OPP-00172,LEAD-000969,3,6,2023-03-13,18,organic_search,(not set),form_fill,/ebook/roi-tecnologia-empresas,AST-0010,46,0,0,0.125896,6131.15
TP-0000796,OPP-00172,LEAD-000969,4,6,2023-03-14,17,organic_search,,demo_request,/lp/demo-gratis,AST-0015,68,0,0,0.196681,9578.35
TP-0000797,OPP-00172,LEAD-000969,5,6,2023-03-14,17,organic_search,(none),sales_call,/ebook/gestao-pipeline-vendas,AST-0009,93,0,0,0.221266,10775.64
TP-0000798,OPP-00172,LEAD-000969,6,6,2023-03-25,6,organic_search,(none),form_fill,/webinar/automacao-vendas-demo,AST-0014,67,0,1,0.444997,21671.34
TP-0000799,OPP-00173,LEAD-000971,1,9,2023-02-11,41,linkedin_ads,linkedin_prospeccao_q1_2023,impression,/lp/demo-gratis,AST-0015,23,1,0,0.002776,328.42
TP-0000800,OPP-00173,LEAD-000971,2,9,2023-02-19,33,linkedin_ads,linkedin_prospeccao_q1_2023,click,/ebook/roi-tecnologia-empresas,AST-0010,20,0,0,0.011345,1342.06
TP-0000801,OPP-00173,LEAD-000971,3,9,2023-02-20,32,linkedin_ads,linkedin_prospeccao_q1_2023,content_view,/ebook/roi-tecnologia-empresas,AST-0010,29,0,0,0.016246,1921.9
TP-0000802,OPP-00173,LEAD-000971,4,9,2023-02-22,30,linkedin_ads,linkedin_prospeccao_q1_2023,demo_request,/lp/trial-30-dias,AST-0016,90,0,0,0.074963,8868.15
TP-0000803,OPP-00173,LEAD-000971,5,9,2023-03-01,23,linkedin_ads,linkedin_gestores_2023,sales_call,/webinar/crm-para-gestores,AST-0013,92,0,0,0.139043,16448.76
TP-0000804,OPP-00173,LEAD-000971,6,9,2023-03-02,22,linkedin_ads,linkedin_prospeccao_q1_2023,form_fill,/webinar/automacao-vendas-demo,AST-0014,47,0,0,0.091262,10796.28
TP-0000805,OPP-00173,LEAD-000971,7,9,2023-03-05,19,linkedin_ads,linkedin_prospecao_q1_2023,content_view,/ebook/roi-tecnologia-empresas,AST-0010,34,0,0,0.041117,4864.12
TP-0000806,OPP-00173,LEAD-000971,8,9,2023-03-18,6,linkedin_ads,linkedin_prospeccao_q1_2023,email_open,/webinar/automacao-vendas-demo,AST-0014,16,0,0,0.052031,6155.28
TP-0000807,OPP-00173,LEAD-000971,9,9,2023-03-22,2,linkedin_ads,lkd_awareness_2023,form_fill,/webinar/crm-para-gestores,AST-0013,63,0,1,0.571217,67575.02
TP-0000808,OPP-00174,LEAD-000972,1,4,2023-02-11,41,paid_search,crm-b2b-keywords-2023,click,/lp/roi-calculator,AST-0018,25,1,0,0.006864,255.33
TP-0000809,OPP-00174,LEAD-000972,2,4,2023-03-10,14,paid_search,crm-b2b-keywords-2023,click,/blog/funil-vendas-complexas,AST-0006,37,0,0,0.036324,1351.24
TP-0000810,OPP-00174,LEAD-000972,3,4,2023-03-20,4,paid_search,crm-b2b-keywords-2023,form_fill,/lp/roi-calculator,AST-0018,70,0,0,0.272064,10120.77
TP-0000811,OPP-00174,LEAD-000972,4,4,2023-03-22,2,paid_search,integracao_erp_pesquisa_2023,demo_request,/lp/comparativo-erp,AST-0017,91,0,1,0.684749,25472.66
TP-0000812,OPP-00175,LEAD-000979,1,8,2023-02-17,42,linkedin_ads,linkedin_prospeccao_q1_2023,impression,/lp/demo-gratis,AST-0015,27,1,0,0.001535,130.45
TP-0000813,OPP-00175,LEAD-000979,2,8,2023-02-18,41,organic_search,,click,/blog/automacao-marketing-b2b,AST-0004,29,0,0,0.003804,323.32
TP-0000814,OPP-00175,LEAD-000979,3,8,2023-03-06,25,organic_search,(not set),content_view,/lp/roi-calculator,AST-0018,37,0,0,0.015903,1351.8
TP-0000815,OPP-00175,LEAD-000979,4,8,2023-03-16,15,organic_search,,demo_request,/produto/erp-connector,AST-0020,92,0,0,0.129946,11045.4
TP-0000816,OPP-00175,LEAD-000979,5,8,2023-03-18,13,organic_search,(not set),sales_call,/produto/crm-integracao,AST-0019,80,0,0,0.168639,14334.28
TP-0000817,OPP-00175,LEAD-000979,6,8,2023-03-24,7,organic_search,(not set),proposal_sent,/blog/integracao-erp-sistemas,AST-0003,83,0,0,0.201344,17114.24
TP-0000818,OPP-00175,LEAD-000979,7,8,2023-03-25,6,organic_search,,email_open,/produto/api-marketplace,AST-0021,10,0,0,0.030893,2625.91
TP-0000819,OPP-00175,LEAD-000979,8,8,2023-03-26,5,organic_search,,sales_call,/blog/integracao-erp-sistemas,AST-0003,78,0,1,0.447937,38074.6
TP-0000820,OPP-00176,LEAD-000981,1,4,2023-02-13,41,linkedin_ads,linkedin_decisores_ti_2023,impression,/webinar/crm-para-gestores,AST-0013,15,1,0,0.003072,599.9
TP-0000821,OPP-00176,LEAD-000981,2,4,2023-03-15,11,meta_ads,fb-leads-varejo-2023,click,/lp/trial-30-dias,AST-0016,12,0,0,0.060421,11800.23
TP-0000822,OPP-00176,LEAD-000981,3,4,2023-03-15,11,meta_ads,fb-leads-varejo-2023,content_view,/ebook/roi-tecnologia-empresas,AST-0010,30,0,0,0.080561,15733.63
TP-0000823,OPP-00176,LEAD-000981,4,4,2023-03-23,3,meta_ads,ig_gestores_b2b_q1,demo_request,/ebook/crm-para-varejo,AST-0008,91,0,1,0.855946,167166.24
TP-0000824,OPP-00177,LEAD-000987,1,6,2023-02-23,41,linkedin_ads,lkd_awareness_2023,impression,/ebook/crm-para-varejo,AST-0008,9,1,0,0.002088,182.95
TP-0000825,OPP-00177,LEAD-000987,2,6,2023-03-04,32,linkedin_ads,lkd_awareness_2023,click,/blog/leads-qualificados-b2b,AST-0007,31,0,0,0.009166,802.95
TP-0000826,OPP-00177,LEAD-000987,3,6,2023-03-11,25,linkedin_ads,linkedin_decisores_ti_2023,content_view,/lp/trial-30-dias,AST-0016,45,0,0,0.02015,1765.12
TP-0000827,OPP-00177,LEAD-000987,4,6,2023-03-13,23,linkedin_ads,linkedin_decisores_ti_2023,demo_request,/lp/comparativo-erp,AST-0017,74,0,0,0.092976,8144.72
TP-0000828,OPP-00177,LEAD-000987,5,6,2023-03-20,16,linkedin_ads,lkd_awareness_2023,sales_call,/lp/comparativo-erp,AST-0017,95,0,0,0.172454,15106.93
TP-0000829,OPP-00177,LEAD-000987,6,6,2023-04-03,2,linkedin_ads,linkedin_prospeccao_q2_2023,sales_call,/ebook/integracao-sistemas-guia,AST-0011,92,0,1,0.703166,61597.33
TP-0000830,OPP-00178,LEAD-000992,1,5,2023-02-23,44,organic_search,(not set),impression,/produto/crm-integracao,AST-0019,1,1,0,0.010974,409.31
TP-0000831,OPP-00178,LEAD-000992,2,5,2023-03-04,35,email_marketing,email_nurture_leads_2023,click,/ebook/integracao-sistemas-guia,AST-0011,29,0,0,0.048163,1796.48
TP-0000832,OPP-00178,LEAD-000992,3,5,2023-03-09,30,email_marketing,campanha_email_03-2023,content_view,/ebook/crm-para-varejo,AST-0008,10,0,0,0.091782,3423.48
TP-0000833,OPP-00178,LEAD-000992,4,5,2023-03-21,18,email_marketing,email_nurture_leads_2023,form_fill,/blog/churn-saas-brasil,AST-0005,59,0,0,0.594762,22184.63
TP-0000834,OPP-00178,LEAD-000992,5,5,2023-04-06,2,email_marketing,email_reengajamento_q2_2023,impression,/produto/crm-integracao,AST-0019,19,0,1,0.254319,9486.09
TP-0000835,OPP-00179,LEAD-001002,1,2,2023-02-28,39,meta_ads,fb-leads-varejo-2023,impression,/ebook/crm-para-varejo,AST-0008,33,1,0,0.17837,4619.79
TP-0000836,OPP-00179,LEAD-001002,2,2,2023-03-04,35,meta_ads,meta_awareness_2023,click,/ebook/crm-para-varejo,AST-0008,42,0,1,0.82163,21280.21
TP-0000837,OPP-00180,LEAD-001006,1,5,2023-03-04,36,organic_search,(none),impression,/webinar/integracao-erp-ao-vivo,AST-0012,24,1,0,0.008911,434.85
TP-0000838,OPP-00180,LEAD-001006,2,5,2023-03-10,30,linkedin_ads,lkd_awareness_2023,click,/webinar/automacao-vendas-demo,AST-0014,35,0,0,0.031566,1540.43
TP-0000839,OPP-00180,LEAD-001006,3,5,2023-03-23,17,linkedin_ads,linkedin_gestores_2023,content_view,/ebook/gestao-pipeline-vendas,AST-0009,12,0,0,0.106521,5198.22
TP-0000840,OPP-00180,LEAD-001006,4,5,2023-03-28,12,linkedin_ads,lkd_awareness_2023,form_fill,/lp/trial-30-dias,AST-0016,67,0,0,0.418671,20431.15
TP-0000841,OPP-00180,LEAD-001006,5,5,2023-04-06,3,linkedin_ads,linkedin_gestores_2023,content_view,/webinar/automacao-vendas-demo,AST-0014,48,0,1,0.434331,21195.35
TP-0000842,OPP-00181,LEAD-001008,1,8,2023-02-24,39,linkedin_ads,linkedin_gestores_2023,impression,/ebook/gestao-pipeline-vendas,AST-0009,9,1,0,0.0016,128.64
TP-0000843,OPP-00181,LEAD-001008,2,8,2023-03-11,24,organic_search,,click,/ebook/crm-para-varejo,AST-0008,34,0,0,0.01078,866.7
TP-0000844,OPP-00181,LEAD-001008,3,8,2023-03-15,20,organic_search,(none),content_view,/produto/crm-integracao,AST-0019,40,0,0,0.019127,1537.78
TP-0000845,OPP-00181,LEAD-001008,4,8,2023-03-24,11,organic_search,(none),demo_request,/produto/crm-integracao,AST-0019,89,0,0,0.145508,11698.85
TP-0000846,OPP-00181,LEAD-001008,5,8,2023-03-26,9,organic_search,(not set),sales_call,/blog/leads-qualificados-b2b,AST-0007,86,0,0,0.188835,15182.31
TP-0000847,OPP-00181,LEAD-001008,6,8,2023-03-29,6,organic_search,(not set),form_fill,/ebook/gestao-pipeline-vendas,AST-0009,46,0,0,0.142977,11495.32
TP-0000848,OPP-00181,LEAD-001008,7,8,2023-04-01,3,organic_search,(none),proposal_sent,/produto/erp-connector,AST-0020,74,0,0,0.225457,18126.74
TP-0000849,OPP-00181,LEAD-001008,8,8,2023-04-01,3,organic_search,,form_fill,/produto/crm-integracao,AST-0019,71,0,1,0.265717,21363.65
TP-0000850,OPP-00182,LEAD-001019,1,4,2023-02-24,34,linkedin_ads,linkedin_gestores_2023,impression,/webinar/automacao-vendas-demo,AST-0014,14,1,0,0.009949,1130.22
TP-0000851,OPP-00182,LEAD-001019,2,4,2023-02-27,31,linkedin_ads,linkedin_decisores_ti_2023,click,/lp/trial-30-dias,AST-0016,25,0,0,0.028446,3231.5
TP-0000852,OPP-00182,LEAD-001019,3,4,2023-03-09,21,linkedin_ads,linkedin_prospecao_q1_2023,content_view,/ebook/crm-para-varejo,AST-0008,37,0,0,0.077477,8801.42
TP-0000853,OPP-00182,LEAD-001019,4,4,2023-03-18,12,linkedin_ads,linkedin_prospeccao_q1_2023,demo_request,/lp/comparativo-erp,AST-0017,86,0,1,0.884127,100436.87
TP-0000854,OPP-00183,LEAD-001020,1,2,2023-03-19,20,organic_search,(not set),impression,/produto/erp-connector,AST-0020,6,1,0,0.069212,6277.54
TP-0000855,OPP-00183,LEAD-001020,2,2,2023-04-07,1,organic_search,(none),click,/produto/api-marketplace,AST-0021,31,0,1,0.930788,84422.46
TP-0000856,OPP-00184,LEAD-001021,1,3,2023-02-24,40,paid_search,pesquisa_concorrentes_q1_2023,click,/webinar/automacao-vendas-demo,AST-0014,13,1,0,0.109216,2948.83
TP-0000857,OPP-00184,LEAD-001021,2,3,2023-03-02,34,paid_search,crm-b2b-keywords-2023,click,/lp/trial-30-dias,AST-0016,35,0,0,0.128964,3482.03
TP-0000858,OPP-00184,LEAD-001021,3,3,2023-03-03,33,paid_search,crm-b2b-keywords-2023,form_fill,/produto/crm-integracao,AST-0019,61,0,1,0.76182,20569.14
TP-0000859,OPP-00185,LEAD-001022,1,2,2023-02-13,44,direct,(direct),click,/lp/trial-30-dias,AST-0016,15,1,0,0.026982,839.13
TP-0000860,OPP-00185,LEAD-001022,2,2,2023-03-15,14,direct,(not set),form_fill,/lp/roi-calculator,AST-0018,47,0,1,0.973018,30260.87
TP-0000861,OPP-00186,LEAD-001024,1,3,2023-02-27,41,organic_search,(not set),impression,/produto/api-marketplace,AST-0021,2,1,0,0.033671,3040.53
TP-0000862,OPP-00186,LEAD-001024,2,3,2023-03-03,37,organic_search,(none),click,/produto/crm-integracao,AST-0019,30,0,0,0.103401,9337.09
TP-0000863,OPP-00186,LEAD-001024,3,3,2023-03-23,17,organic_search,,content_view,/produto/api-marketplace,AST-0021,14,0,1,0.862928,77922.38
TP-0000864,OPP-00187,LEAD-001034,1,3,2023-02-16,41,direct,(not set),click,/blog/automacao-marketing-b2b,AST-0004,16,1,0,0.00931,304.44
TP-0000865,OPP-00187,LEAD-001034,2,3,2023-02-28,29,direct,(not set),form_fill,/produto/crm-integracao,AST-0019,55,0,0,0.061879,2023.43
TP-0000866,OPP-00187,LEAD-001034,3,3,2023-03-27,2,direct,(not set),demo_request,/lp/roi-calculator,AST-0018,99,0,1,0.928811,30372.12
TP-0000867,OPP-00188,LEAD-001039,1,5,2023-03-05,38,organic_search,(not set),impression,/produto/crm-integracao,AST-0019,6,1,0,0.010066,323.11
TP-0000868,OPP-00188,LEAD-001039,2,5,2023-03-13,30,linkedin_ads,lkd_awareness_2023,click,/blog/integracao-erp-sistemas,AST-0003,22,0,0,0.041133,1320.38
TP-0000869,OPP-00188,LEAD-001039,3,5,2023-03-14,29,linkedin_ads,linkedin_decisores_ti_2023,content_view,/produto/api-marketplace,AST-0021,39,0,0,0.058905,1890.86
TP-0000870,OPP-00188,LEAD-001039,4,5,2023-04-01,11,linkedin_ads,linkedin_gestores_2023,form_fill,/blog/gestao-vendas-b2b,AST-0001,62,0,0,0.585958,18809.25
TP-0000871,OPP-00188,LEAD-001039,5,5,2023-04-10,2,linkedin_ads,lkd_awareness_2023,email_open,/lp/demo-gratis,AST-0015,12,0,1,0.303937,9756.39
TP-0000872,OPP-00189,LEAD-001045,1,5,2023-02-21,42,direct,(not set),click,/lp/roi-calculator,AST-0018,12,1,0,0.006379,249.41
TP-0000873,OPP-00189,LEAD-001045,2,5,2023-03-03,32,direct,,form_fill,/lp/demo-gratis,AST-0015,64,0,0,0.036751,1436.96
TP-0000874,OPP-00189,LEAD-001045,3,5,2023-03-05,30,direct,,demo_request,/lp/demo-gratis,AST-0015,100,0,0,0.061665,2411.1
TP-0000875,OPP-00189,LEAD-001045,4,5,2023-03-05,30,direct,(direct),sales_call,/produto/erp-connector,AST-0020,86,0,0,0.069373,2712.49
TP-0000876,OPP-00189,LEAD-001045,5,5,2023-04-03,1,direct,(direct),sales_call,/lp/comparativo-erp,AST-0017,70,0,1,0.825832,32290.05
TP-0000877,OPP-00190,LEAD-001053,1,5,2023-03-05,32,paid_search,google_brand_keywords_2023,click,/produto/crm-integracao,AST-0019,31,1,0,0.015141,434.53
TP-0000878,OPP-00190,LEAD-001053,2,5,2023-03-30,7,direct,(direct),click,/lp/roi-calculator,AST-0018,29,0,0,0.069458,1993.45
TP-0000879,OPP-00190,LEAD-001053,3,5,2023-03-31,6,direct,(direct),form_fill,/ebook/integracao-sistemas-guia,AST-0011,69,0,0,0.273537,7850.52
TP-0000880,OPP-00190,LEAD-001053,4,5,2023-04-03,3,direct,(not set),demo_request,/produto/api-marketplace,AST-0021,69,0,0,0.492955,14147.8
TP-0000881,OPP-00190,LEAD-001053,5,5,2023-04-04,2,direct,(direct),click,/produto/api-marketplace,AST-0021,23,0,1,0.148909,4273.69
TP-0000882,OPP-00191,LEAD-001059,1,2,2023-02-20,39,paid_search,integracao_erp_pesquisa_2023,click,/lp/trial-30-dias,AST-0016,23,1,0,0.08648,6503.33
TP-0000883,OPP-00191,LEAD-001059,2,2,2023-03-23,8,paid_search,integracao_erp_pesquisa_2023,click,/produto/crm-integracao,AST-0019,34,0,1,0.91352,68696.67
TP-0000884,OPP-00192,LEAD-001060,1,4,2023-03-10,37,direct,(not set),click,/produto/crm-integracao,AST-0019,29,1,0,0.007287,349.03
TP-0000885,OPP-00192,LEAD-001060,2,4,2023-03-19,28,email_marketing,email_reengajamento_q1_2023,form_fill,/blog/leads-qualificados-b2b,AST-0007,47,0,0,0.039088,1872.3
TP-0000886,OPP-00192,LEAD-001060,3,4,2023-04-13,3,email_marketing,email_nurture_leads_2023,demo_request,/webinar/automacao-vendas-demo,AST-0014,93,0,0,0.339074,16241.62
TP-0000887,OPP-00192,LEAD-001060,4,4,2023-04-14,2,email_marketing,email_reengajamento_q2_2023,sales_call,/blog/gestao-vendas-b2b,AST-0001,93,0,1,0.614552,29437.05
TP-0000888,OPP-00193,LEAD-001063,1,5,2023-02-28,39,paid_search,google_brand_keywords_2023,click,/produto/api-marketplace,AST-0021,36,1,0,0.02474,1548.74
TP-0000889,OPP-00193,LEAD-001063,2,5,2023-03-07,32,paid_search,crm-b2b-keywords-2023,click,/ebook/integracao-sistemas-guia,AST-0011,36,0,0,0.031377,1964.18
TP-0000890,OPP-00193,LEAD-001063,3,5,2023-03-12,27,paid_search,integracao_erp_pesquisa_2023,form_fill,/lp/roi-calculator,AST-0018,76,0,0,0.164431,10293.39
TP-0000891,OPP-00193,LEAD-001063,4,5,2023-03-24,15,paid_search,google_brand_keywords_2023,demo_request,/produto/crm-integracao,AST-0019,86,0,0,0.56359,35280.76
TP-0000892,OPP-00193,LEAD-001063,5,5,2023-04-03,5,paid_search,pesquisa_concorrentes_q2_2023,email_open,/lp/trial-30-dias,AST-0016,17,0,1,0.215862,13512.93
TP-0000893,OPP-00194,LEAD-001064,1,3,2023-03-19,24,webinar_evento,campanha_natal_2023,impression,/webinar/crm-para-gestores,AST-0013,11,1,0,0.01628,918.19
TP-0000894,OPP-00194,LEAD-001064,2,3,2023-03-25,18,webinar_evento,evento_crm_gestores_q1,click,/webinar/crm-para-gestores,AST-0013,11,0,0,0.057671,3252.63
TP-0000895,OPP-00194,LEAD-001064,3,3,2023-04-09,3,webinar_evento,campanha-natal-2023,form_fill,/webinar/crm-para-gestores,AST-0013,69,0,1,0.926049,52229.18
TP-0000896,OPP-00195,LEAD-001066,1,2,2023-03-27,9,organic_search,(not set),impression,/blog/automacao-marketing-b2b,AST-0004,5,1,0,0.140259,4165.69
TP-0000897,OPP-00195,LEAD-001066,2,2,2023-04-04,1,organic_search,(not set),click,/produto/crm-integracao,AST-0019,15,0,1,0.859741,25534.31
TP-0000898,OPP-00196,LEAD-001086,1,3,2023-02-21,38,direct,,click,/produto/crm-integracao,AST-0019,13,1,0,0.024702,847.29
TP-0000899,OPP-00196,LEAD-001086,2,3,2023-03-07,24,direct,(direct),form_fill,/ebook/integracao-sistemas-guia,AST-0011,71,0,0,0.189392,6496.16
TP-0000900,OPP-00196,LEAD-001086,3,3,2023-03-16,15,direct,(direct),demo_request,/produto/api-marketplace,AST-0021,84,0,1,0.785905,26956.55
TP-0000901,OPP-00197,LEAD-001098,1,7,2023-03-04,36,webinar_evento,bf-23,impression,/webinar/integracao-erp-ao-vivo,AST-0012,9,1,0,0.001853,70.79
TP-0000902,OPP-00197,LEAD-001098,2,7,2023-03-14,26,webinar_evento,campanha-natal-2023,click,/lp/comparativo-erp,AST-0017,17,0,0,0.008736,333.71
TP-0000903,OPP-00197,LEAD-001098,3,7,2023-03-20,20,webinar_evento,campanha_natal_2023,form_fill,/lp/roi-calculator,AST-0018,64,0,0,0.049171,1878.33
TP-0000904,OPP-00197,LEAD-001098,4,7,2023-03-20,20,webinar_evento,bf-23,demo_request,/webinar/crm-para-gestores,AST-0013,89,0,0,0.071521,2732.12
TP-0000905,OPP-00197,LEAD-001098,5,7,2023-04-01,8,webinar_evento,evento_crm_gestores_q2,sales_call,/lp/roi-calculator,AST-0018,81,0,0,0.189601,7242.77
TP-0000906,OPP-00197,LEAD-001098,6,7,2023-04-07,2,webinar_evento,campanha-natal-2023,sales_call,/webinar/crm-para-gestores,AST-0013,87,0,0,0.29105,11118.11
TP-0000907,OPP-00197,LEAD-001098,7,7,2023-04-07,2,webinar_evento,campanha-natal-2023,demo_request,/lp/trial-30-dias,AST-0016,70,0,1,0.388067,14824.15
TP-0000908,OPP-00198,LEAD-001101,1,2,2023-04-06,11,paid_search,integracao_erp_pesquisa_2023,click,/produto/crm-integracao,AST-0019,52,1,0,0.297886,22371.21
TP-0000909,OPP-00198,LEAD-001101,2,2,2023-04-16,1,paid_search,pesquisa_concorrentes_q2_2023,click,/lp/roi-calculator,AST-0018,14,0,1,0.702114,52728.79
TP-0000910,OPP-00199,LEAD-001105,1,7,2023-02-28,44,linkedin_ads,lkd_awareness_2023,impression,/ebook/roi-tecnologia-empresas,AST-0010,24,1,0,0.001612,189.07
TP-0000911,OPP-00199,LEAD-001105,2,7,2023-03-02,42,organic_search,,click,/blog/funil-vendas-complexas,AST-0006,29,0,0,0.004291,503.31
TP-0000912,OPP-00199,LEAD-001105,3,7,2023-03-05,39,organic_search,(none),content_view,/blog/churn-saas-brasil,AST-0005,31,0,0,0.007088,831.46
TP-0000913,OPP-00199,LEAD-001105,4,7,2023-03-05,39,organic_search,(none),demo_request,/blog/crm-para-industria,AST-0002,79,0,0,0.028353,3325.84
TP-0000914,OPP-00199,LEAD-001105,5,7,2023-03-15,29,organic_search,(none),sales_call,/blog/automacao-marketing-b2b,AST-0004,97,0,0,0.065158,7643.01
TP-0000915,OPP-00199,LEAD-001105,6,7,2023-04-08,5,organic_search,(none),form_fill,/blog/crm-para-industria,AST-0002,61,0,0,0.221101,25935.18
TP-0000916,OPP-00199,LEAD-001105,7,7,2023-04-11,2,organic_search,(not set),sales_call,/blog/leads-qualificados-b2b,AST-0007,100,0,1,0.672397,78872.12
TP-0000917,OPP-00200,LEAD-001106,1,5,2023-02-21,38,paid_search,pesquisa_concorrentes_q1_2023,click,/lp/comparativo-erp,AST-0017,24,1,0,0.009462,338.73
TP-0000918,OPP-00200,LEAD-001106,2,5,2023-03-03,28,webinar_evento,campanha_natal_2023,click,/lp/demo-gratis,AST-0015,21,0,0,0.014867,532.25
TP-0000919,OPP-00200,LEAD-001106,3,5,2023-03-11,20,webinar_evento,webinar_integracao_erp_2023,form_fill,/lp/comparativo-erp,AST-0017,48,0,0,0.096533,3455.86
TP-0000920,OPP-00200,LEAD-001106,4,5,2023-03-24,7,webinar_evento,campanha-natal-2023,demo_request,/lp/comparativo-erp,AST-0017,62,0,0,0.355365,12722.06
TP-0000921,OPP-00200,LEAD-001106,5,5,2023-03-29,2,webinar_evento,webinar_integracao_erp_2023,form_fill,/webinar/integracao-erp-ao-vivo,AST-0012,63,0,1,0.523774,18751.09
TP-0000922,OPP-00201,LEAD-001111,1,3,2023-03-06,35,webinar_evento,black_friday_2023,impression,/blog/leads-qualificados-b2b,AST-0007,25,1,0,0.006939,296.99
TP-0000923,OPP-00201,LEAD-001111,2,3,2023-04-04,6,webinar_evento,webinar_integracao_erp_2023,click,/lp/trial-30-dias,AST-0016,19,0,0,0.127081,5439.08
TP-0000924,OPP-00201,LEAD-001111,3,3,2023-04-07,3,webinar_evento,evento_crm_gestores_q2,form_fill,/lp/demo-gratis,AST-0015,49,0,1,0.86598,37063.93
TP-0000925,OPP-00202,LEAD-001117,1,5,2023-03-08,37,paid_search,google_branded_2023,click,/lp/roi-calculator,AST-0018,9,1,0,0.011012,296.22
TP-0000926,OPP-00202,LEAD-001117,2,5,2023-03-15,30,direct,,click,/produto/api-marketplace,AST-0021,15,0,0,0.013966,375.68
TP-0000927,OPP-00202,LEAD-001117,3,5,2023-03-18,27,direct,,form_fill,/lp/trial-30-dias,AST-0016,67,0,0,0.063446,1706.7
TP-0000928,OPP-00202,LEAD-001117,4,5,2023-03-20,25,direct,(direct),demo_request,/produto/api-marketplace,AST-0021,75,0,0,0.106457,2863.7
TP-0000929,OPP-00202,LEAD-001117,5,5,2023-04-10,4,direct,,sales_call,/lp/comparativo-erp,AST-0017,87,0,1,0.805119,21657.7
TP-0000930,OPP-00203,LEAD-001119,1,3,2023-03-21,24,direct,(direct),click,/ebook/gestao-pipeline-vendas,AST-0009,27,1,0,0.025509,918.33
TP-0000931,OPP-00203,LEAD-001119,2,3,2023-03-26,19,direct,(direct),form_fill,/produto/api-marketplace,AST-0021,66,0,0,0.102832,3701.95
TP-0000932,OPP-00203,LEAD-001119,3,3,2023-04-14,0,direct,,demo_request,/lp/trial-30-dias,AST-0016,98,0,1,0.871659,31379.72
TP-0000933,OPP-00204,LEAD-001123,1,3,2023-03-04,37,organic_search,(none),impression,/blog/crm-para-industria,AST-0002,19,1,0,0.017049,2228.3
TP-0000934,OPP-00204,LEAD-001123,2,3,2023-04-02,8,organic_search,(not set),click,/blog/churn-saas-brasil,AST-0005,31,0,0,0.312238,40809.5
TP-0000935,OPP-00204,LEAD-001123,3,3,2023-04-03,7,organic_search,(none),content_view,/blog/gestao-vendas-b2b,AST-0001,29,0,1,0.670713,87662.2
TP-0000936,OPP-00205,LEAD-001133,1,3,2023-03-15,34,organic_search,(not set),impression,/blog/leads-qualificados-b2b,AST-0007,1,1,0,0.017912,718.26
TP-0000937,OPP-00205,LEAD-001133,2,3,2023-03-16,33,organic_search,(not set),click,/ebook/roi-tecnologia-empresas,AST-0010,30,0,0,0.044395,1780.25
TP-0000938,OPP-00205,LEAD-001133,3,3,2023-04-18,0,organic_search,(none),content_view,/blog/gestao-vendas-b2b,AST-0001,40,0,1,0.937693,37601.49
TP-0000939,OPP-00206,LEAD-001136,1,8,2023-03-07,40,webinar_evento,campanha-natal-2023,impression,/webinar/crm-para-gestores,AST-0013,1,1,0,0.003675,753.44
TP-0000940,OPP-00206,LEAD-001136,2,8,2023-03-16,31,webinar_evento,bf-23,click,/lp/demo-gratis,AST-0015,32,0,0,0.016131,3306.85
TP-0000941,OPP-00206,LEAD-001136,3,8,2023-03-17,30,webinar_evento,campanha-natal-2023,form_fill,/webinar/automacao-vendas-demo,AST-0014,76,0,0,0.063526,13022.88
TP-0000942,OPP-00206,LEAD-001136,4,8,2023-03-26,21,webinar_evento,campanha-natal-2023,demo_request,/webinar/integracao-erp-ao-vivo,AST-0012,95,0,0,0.17574,36026.62
TP-0000943,OPP-00206,LEAD-001136,5,8,2023-03-26,21,webinar_evento,campanha-natal-2023,sales_call,/blog/funil-vendas-complexas,AST-0006,73,0,0,0.197707,40529.95
TP-0000944,OPP-00206,LEAD-001136,6,8,2023-04-02,14,webinar_evento,evento_crm_gestores_q2,click,/lp/trial-30-dias,AST-0016,34,0,0,0.054327,11137.1
TP-0000945,OPP-00206,LEAD-001136,7,8,2023-04-06,10,webinar_evento,campanha_natal_2023,demo_request,/lp/demo-gratis,AST-0015,84,0,0,0.385568,79041.45
TP-0000946,OPP-00206,LEAD-001136,8,8,2023-04-11,5,webinar_evento,black_friday_2023,email_open,/lp/demo-gratis,AST-0015,22,0,1,0.103325,21181.73
TP-0000947,OPP-00207,LEAD-001139,1,5,2023-02-26,41,paid_search,pesquisa_concorrentes_q1_2023,click,/produto/api-marketplace,AST-0021,4,1,0,0.009002,1202.64
TP-0000948,OPP-00207,LEAD-001139,2,5,2023-02-28,39,paid_search,google_brand_keywords_2023,click,/lp/roi-calculator,AST-0018,15,0,0,0.007988,1067.17
TP-0000949,OPP-00207,LEAD-001139,3,5,2023-03-09,30,paid_search,integracao_erp_pesquisa_2023,form_fill,/blog/leads-qualificados-b2b,AST-0007,75,0,0,0.055704,7442.08
TP-0000950,OPP-00207,LEAD-001139,4,5,2023-03-27,12,paid_search,google_branded_2023,demo_request,/lp/demo-gratis,AST-0015,82,0,0,0.293085,39156.19
TP-0000951,OPP-00207,LEAD-001139,5,5,2023-04-03,5,paid_search,google_brand_keywords_2023,proposal_sent,/produto/crm-integracao,AST-0019,92,0,1,0.634221,84731.91
TP-0000952,OPP-00208,LEAD-001149,1,3,2023-02-18,43,paid_search,google_branded_2023,click,/produto/api-marketplace,AST-0021,29,1,0,0.012033,778.51
TP-0000953,OPP-00208,LEAD-001149,2,3,2023-03-09,24,paid_search,google_brand_keywords_2023,click,/lp/trial-30-dias,AST-0016,32,0,0,0.03596,2326.59
TP-0000954,OPP-00208,LEAD-001149,3,3,2023-03-31,2,paid_search,google_brand_keywords_2023,form_fill,/produto/erp-connector,AST-0020,71,0,1,0.952008,61594.9
TP-0000955,OPP-00209,LEAD-001155,1,4,2023-03-04,34,organic_search,,impression,/blog/gestao-vendas-b2b,AST-0001,23,1,0,0.007527,584.83
TP-0000956,OPP-00209,LEAD-001155,2,4,2023-03-06,32,meta_ads,fb-leads-varejo-2023,click,/blog/gestao-vendas-b2b,AST-0001,26,0,0,0.020037,1556.86
TP-0000957,OPP-00209,LEAD-001155,3,4,2023-03-09,29,meta_ads,facebook_retargeting_2023,content_view,/lp/roi-calculator,AST-0018,40,0,0,0.0331,2571.88
TP-0000958,OPP-00209,LEAD-001155,4,4,2023-04-05,2,meta_ads,ig_gestores_b2b_q2,form_fill,/ebook/gestao-pipeline-vendas,AST-0009,57,0,1,0.939336,72986.44
TP-0000959,OPP-00210,LEAD-001159,1,8,2023-03-10,38,webinar_evento,campanha_natal_2023,impression,/lp/roi-calculator,AST-0018,13,1,0,0.002636,126.52
TP-0000960,OPP-00210,LEAD-001159,2,8,2023-03-10,38,webinar_evento,evento_crm_gestores_q1,click,/webinar/automacao-vendas-demo,AST-0014,49,0,0,0.006083,291.98
TP-0000961,OPP-00210,LEAD-001159,3,8,2023-03-21,27,webinar_evento,black_friday_2023,form_fill,/webinar/crm-para-gestores,AST-0013,55,0,0,0.048934,2348.83
TP-0000962,OPP-00210,LEAD-001159,4,8,2023-03-30,18,webinar_evento,campanha-natal-2023,demo_request,/lp/comparativo-erp,AST-0017,91,0,0,0.135371,6497.82
TP-0000963,OPP-00210,LEAD-001159,5,8,2023-04-01,16,webinar_evento,campanha_natal_2023,sales_call,/lp/trial-30-dias,AST-0016,100,0,0,0.175679,8432.61
TP-0000964,OPP-00210,LEAD-001159,6,8,2023-04-01,16,webinar_evento,evento_crm_gestores_q2,email_open,/lp/demo-gratis,AST-0015,20,0,0,0.01952,936.96
TP-0000965,OPP-00210,LEAD-001159,7,8,2023-04-11,6,webinar_evento,black_friday_2023,click,/lp/trial-30-dias,AST-0016,16,0,0,0.059811,2870.92
TP-0000966,OPP-00210,LEAD-001159,8,8,2023-04-13,4,webinar_evento,campanha-natal-2023,demo_request,/webinar/integracao-erp-ao-vivo,AST-0012,91,0,1,0.551966,26494.36
TP-0000967,OPP-00211,LEAD-001161,1,4,2023-03-03,43,organic_search,(none),impression,/produto/crm-integracao,AST-0019,29,1,0,0.004838,134.02
TP-0000968,OPP-00211,LEAD-001161,2,4,2023-03-13,33,organic_search,(none),click,/lp/roi-calculator,AST-0018,47,0,0,0.022807,631.76
TP-0000969,OPP-00211,LEAD-001161,3,4,2023-04-06,9,organic_search,(none),content_view,/blog/crm-para-industria,AST-0002,26,0,0,0.168857,4677.33
TP-0000970,OPP-00211,LEAD-001161,4,4,2023-04-08,7,organic_search,(none),form_fill,/blog/automacao-marketing-b2b,AST-0004,65,0,1,0.803498,22256.88
TP-0000971,OPP-00212,LEAD-001164,1,6,2023-03-18,32,organic_search,(none),impression,/webinar/automacao-vendas-demo,AST-0014,9,1,0,0.004996,356.19
TP-0000972,OPP-00212,LEAD-001164,2,6,2023-03-29,21,organic_search,(none),click,/produto/api-marketplace,AST-0021,20,0,0,0.025293,1803.4
TP-0000973,OPP-00212,LEAD-001164,3,6,2023-04-03,16,organic_search,(not set),content_view,/blog/crm-para-industria,AST-0002,38,0,0,0.0482,3436.65
TP-0000974,OPP-00212,LEAD-001164,4,6,2023-04-06,13,organic_search,(none),form_fill,/produto/crm-integracao,AST-0019,60,0,0,0.164226,11709.29
TP-0000975,OPP-00212,LEAD-001164,5,6,2023-04-09,10,organic_search,,impression,/lp/comparativo-erp,AST-0017,4,0,0,0.018497,1318.87
TP-0000976,OPP-00212,LEAD-001164,6,6,2023-04-18,1,organic_search,,proposal_sent,/produto/erp-connector,AST-0020,78,0,1,0.738788,52675.61
TP-0000977,OPP-00213,LEAD-001173,1,4,2023-03-14,36,webinar_evento,evento_crm_gestores_q1,impression,/webinar/automacao-vendas-demo,AST-0014,12,1,0,0.015381,799.81
TP-0000978,OPP-00213,LEAD-001173,2,4,2023-03-14,36,paid_search,pesquisa_concorrentes_q1_2023,click,/produto/erp-connector,AST-0020,40,0,0,0.035495,1845.71
TP-0000979,OPP-00213,LEAD-001173,3,4,2023-03-22,28,paid_search,integracao_erp_pesquisa_2023,form_fill,/produto/erp-connector,AST-0020,79,0,0,0.230463,11984.06
TP-0000980,OPP-00213,LEAD-001173,4,4,2023-03-27,23,paid_search,google_brand_keywords_2023,demo_request,/lp/roi-calculator,AST-0018,88,0,1,0.718662,37370.41
TP-0000981,OPP-00214,LEAD-001177,1,7,2023-03-07,41,webinar_evento,campanha-natal-2023,impression,/webinar/crm-para-gestores,AST-0013,2,1,0,0.003047,139.25
TP-0000982,OPP-00214,LEAD-001177,2,7,2023-03-17,31,meta_ads,facebook_retargeting_2023,click,/lp/demo-gratis,AST-0015,40,0,0,0.014364,656.44
TP-0000983,OPP-00214,LEAD-001177,3,7,2023-03-30,18,meta_ads,fb-leads-varejo-2023,form_fill,/lp/demo-gratis,AST-0015,54,0,0,0.133299,6091.76
TP-0000984,OPP-00214,LEAD-001177,4,7,2023-03-31,17,meta_ads,fb-leads-varejo-2023,demo_request,/lp/trial-30-dias,AST-0016,93,0,0,0.208245,9516.81
TP-0000985,OPP-00214,LEAD-001177,5,7,2023-03-31,17,meta_ads,ig_gestores_b2b_q1,sales_call,/lp/demo-gratis,AST-0015,96,0,0,0.234276,10706.41
TP-0000986,OPP-00214,LEAD-001177,6,7,2023-04-03,14,meta_ads,ig_gestores_b2b_q2,impression,/lp/comparativo-erp,AST-0017,12,0,0,0.016126,736.94
TP-0000987,OPP-00214,LEAD-001177,7,7,2023-04-05,12,meta_ads,meta_awareness_2023,proposal_sent,/ebook/crm-para-varejo,AST-0008,77,0,1,0.390643,17852.37
TP-0000988,OPP-00215,LEAD-001190,1,5,2023-03-17,35,paid_search,google_branded_2023,click,/ebook/crm-para-varejo,AST-0008,38,1,0,0.0399,1125.18
TP-0000989,OPP-00215,LEAD-001190,2,5,2023-03-17,35,paid_search,integracao_erp_pesquisa_2023,click,/lp/comparativo-erp,AST-0017,17,0,0,0.030692,865.52
TP-0000990,OPP-00215,LEAD-001190,3,5,2023-03-21,31,paid_search,google_brand_keywords_2023,form_fill,/produto/crm-integracao,AST-0019,59,0,0,0.149756,4223.11
TP-0000991,OPP-00215,LEAD-001190,4,5,2023-03-30,22,paid_search,integracao_erp_pesquisa_2023,demo_request,/produto/crm-integracao,AST-0019,68,0,0,0.414286,11682.85
TP-0000992,OPP-00215,LEAD-001190,5,5,2023-04-15,6,paid_search,pesquisa_concorrentes_q2_2023,click,/lp/demo-gratis,AST-0015,26,0,1,0.365367,10303.34
TP-0000993,OPP-00216,LEAD-001193,1,4,2023-02-28,43,webinar_evento,campanha_natal_2023,impression,/lp/roi-calculator,AST-0018,7,1,0,0.004386,533.35
TP-0000994,OPP-00216,LEAD-001193,2,4,2023-03-01,42,webinar_evento,campanha-natal-2023,click,/ebook/crm-para-varejo,AST-0008,17,0,0,0.010871,1321.94
TP-0000995,OPP-00216,LEAD-001193,3,4,2023-03-29,14,webinar_evento,evento_crm_gestores_q1,form_fill,/webinar/automacao-vendas-demo,AST-0014,65,0,0,0.294537,35815.64
TP-0000996,OPP-00216,LEAD-001193,4,4,2023-03-30,13,webinar_evento,campanha-natal-2023,demo_request,/lp/trial-30-dias,AST-0016,83,0,1,0.690206,83929.06
TP-0000997,OPP-00217,LEAD-001200,1,3,2023-03-19,25,organic_search,(none),impression,/blog/crm-para-industria,AST-0002,1,1,0,0.02907,1767.45
TP-0000998,OPP-00217,LEAD-001200,2,3,2023-04-05,8,organic_search,(none),click,/produto/api-marketplace,AST-0021,17,0,0,0.225932,13736.67
TP-0000999,OPP-00217,LEAD-001200,3,3,2023-04-12,1,organic_search,(not set),content_view,/blog/leads-qualificados-b2b,AST-0007,32,0,1,0.744998,45295.88
TP-0001000,OPP-00218,LEAD-001201,1,9,2023-03-15,37,linkedin_ads,linkedin_gestores_2023,impression,/ebook/crm-para-varejo,AST-0008,7,1,0,0.005875,478.82
TP-0001001,OPP-00218,LEAD-001201,2,9,2023-03-21,31,linkedin_ads,linkedin_gestores_2023,click,/lp/comparativo-erp,AST-0017,25,0,0,0.020812,1696.2
TP-0001002,OPP-00218,LEAD-001201,3,9,2023-03-26,26,linkedin_ads,linkedin_prospeccao_q1_2023,content_view,/webinar/crm-para-gestores,AST-0013,40,0,0,0.039661,3232.37
TP-0001003,OPP-00218,LEAD-001201,4,9,2023-03-31,21,linkedin_ads,lkd_awareness_2023,demo_request,/webinar/integracao-erp-ao-vivo,AST-0012,83,0,0,0.22674,18479.33
TP-0001004,OPP-00218,LEAD-001201,5,9,2023-03-31,21,linkedin_ads,lkd_awareness_2023,sales_call,/ebook/integracao-sistemas-guia,AST-0011,78,0,0,0.255083,20789.25
TP-0001005,OPP-00218,LEAD-001201,6,9,2023-04-02,19,linkedin_ads,linkedin_prospeccao_q2_2023,email_open,/blog/integracao-erp-sistemas,AST-0003,6,0,0,0.032695,2664.64
TP-0001006,OPP-00218,LEAD-001201,7,9,2023-04-03,18,linkedin_ads,linkedin_decisores_ti_2023,proposal_sent,/lp/demo-gratis,AST-0015,83,0,0,0.24581,20033.53
TP-0001007,OPP-00218,LEAD-001201,8,9,2023-04-04,17,linkedin_ads,linkedin_decisores_ti_2023,content_view,/lp/demo-gratis,AST-0015,36,0,0,0.075432,6147.67
TP-0001008,OPP-00218,LEAD-001201,9,9,2023-04-06,15,linkedin_ads,linkedin_prospecao_q2_2023,click,/produto/api-marketplace,AST-0021,35,0,1,0.097892,7978.2
TP-0001009,OPP-00219,LEAD-001212,1,4,2023-03-07,40,paid_search,pesquisa_concorrentes_q1_2023,click,/lp/comparativo-erp,AST-0017,27,1,0,0.009785,709.45
TP-0001010,OPP-00219,LEAD-001212,2,4,2023-03-14,33,paid_search,integracao_erp_pesquisa_2023,click,/lp/roi-calculator,AST-0018,28,0,0,0.01241,899.75
TP-0001011,OPP-00219,LEAD-001212,3,4,2023-04-03,13,paid_search,integracao_erp_pesquisa_2023,form_fill,/webinar/integracao-erp-ao-vivo,AST-0012,73,0,0,0.189879,13766.23
TP-0001012,OPP-00219,LEAD-001212,4,4,2023-04-12,4,paid_search,pesquisa_concorrentes_q2_2023,demo_request,/lp/roi-calculator,AST-0018,98,0,1,0.787925,57124.57
TP-0001013,OPP-00220,LEAD-001213,1,4,2023-03-12,43,webinar_evento,bf-23,impression,/webinar/crm-para-gestores,AST-0013,3,1,0,0.010621,536.36
TP-0001014,OPP-00220,LEAD-001213,2,4,2023-03-26,29,email_marketing,email_nurture_leads_2023,click,/ebook/crm-para-varejo,AST-0008,26,0,0,0.066625,3364.56
TP-0001015,OPP-00220,LEAD-001213,3,4,2023-03-27,28,email_marketing,campanha_email_03-2023,form_fill,/webinar/crm-para-gestores,AST-0013,71,0,0,0.262379,13250.16
TP-0001016,OPP-00220,LEAD-001213,4,4,2023-03-29,26,email_marketing,email_nurture_leads_2023,demo_request,/blog/funil-vendas-complexas,AST-0006,100,0,1,0.660375,33348.92
TP-0001017,OPP-00221,LEAD-001233,1,2,2023-03-18,31,paid_search,integracao_erp_pesquisa_2023,click,/ebook/crm-para-varejo,AST-0008,8,1,0,0.255085,8647.39
TP-0001018,OPP-00221,LEAD-001233,2,2,2023-03-31,18,paid_search,pesquisa_concorrentes_q1_2023,click,/lp/comparativo-erp,AST-0017,13,0,1,0.744915,25252.61
TP-0001019,OPP-00222,LEAD-001254,1,5,2023-03-18,29,webinar_evento,black_friday_2023,impression,/lp/demo-gratis,AST-0015,7,1,0,0.005198,258.85
TP-0001020,OPP-00222,LEAD-001254,2,5,2023-03-19,28,paid_search,google_brand_keywords_2023,click,/ebook/integracao-sistemas-guia,AST-0011,38,0,0,0.012883,641.59
TP-0001021,OPP-00222,LEAD-001254,3,5,2023-03-30,17,paid_search,crm-b2b-keywords-2023,form_fill,/lp/comparativo-erp,AST-0017,44,0,0,0.10364,5161.29
TP-0001022,OPP-00222,LEAD-001254,4,5,2023-04-02,14,paid_search,integracao_erp_pesquisa_2023,demo_request,/ebook/roi-tecnologia-empresas,AST-0010,67,0,0,0.186775,9301.4
TP-0001023,OPP-00222,LEAD-001254,5,5,2023-04-13,3,paid_search,pesquisa_concorrentes_q2_2023,sales_call,/produto/erp-connector,AST-0020,90,0,1,0.691503,34436.87
TP-0001024,OPP-00223,LEAD-001256,1,3,2023-03-04,41,email_marketing,newsletter_mensal_03_2023,email_open,/ebook/integracao-sistemas-guia,AST-0011,22,1,0,0.029168,1945.48
TP-0001025,OPP-00223,LEAD-001256,2,3,2023-03-25,20,email_marketing,newsletter_mensal_03_2023,click,/webinar/crm-para-gestores,AST-0013,25,0,0,0.150831,10060.42
TP-0001026,OPP-00223,LEAD-001256,3,3,2023-04-08,6,email_marketing,email_reengajamento_q2_2023,content_view,/webinar/crm-para-gestores,AST-0013,41,0,1,0.820002,54694.1
TP-0001027,OPP-00224,LEAD-001257,1,5,2023-03-03,41,webinar_evento,black_friday_2023,impression,/webinar/crm-para-gestores,AST-0013,1,1,0,0.001684,187.48
TP-0001028,OPP-00224,LEAD-001257,2,5,2023-03-04,40,webinar_evento,bf-23,click,/ebook/roi-tecnologia-empresas,AST-0010,14,0,0,0.004175,464.69
TP-0001029,OPP-00224,LEAD-001257,3,5,2023-03-25,19,webinar_evento,bf-23,form_fill,/webinar/integracao-erp-ao-vivo,AST-0012,67,0,0,0.068609,7636.17
TP-0001030,OPP-00224,LEAD-001257,4,5,2023-04-08,5,webinar_evento,evento_crm_gestores_q2,demo_request,/webinar/crm-para-gestores,AST-0013,62,0,0,0.27127,30192.38
TP-0001031,OPP-00224,LEAD-001257,5,5,2023-04-13,0,webinar_evento,evento_crm_gestores_q2,sales_call,/webinar/automacao-vendas-demo,AST-0014,100,0,1,0.654261,72819.27
TP-0001032,OPP-00225,LEAD-001262,1,3,2023-03-27,22,organic_search,,impression,/produto/crm-integracao,AST-0019,24,1,0,0.063773,1664.49
TP-0001033,OPP-00225,LEAD-001262,2,3,2023-04-03,15,organic_search,(not set),click,/produto/api-marketplace,AST-0021,15,0,0,0.242641,6332.94
TP-0001034,OPP-00225,LEAD-001262,3,3,2023-04-08,10,organic_search,(not set),content_view,/webinar/automacao-vendas-demo,AST-0014,50,0,1,0.693585,18102.58
TP-0001035,OPP-00226,LEAD-001264,1,3,2023-03-19,28,paid_search,integracao_erp_pesquisa_2023,click,/webinar/automacao-vendas-demo,AST-0014,20,1,0,0.031778,2030.6
TP-0001036,OPP-00226,LEAD-001264,2,3,2023-03-27,20,paid_search,crm-b2b-keywords-2023,click,/produto/crm-integracao,AST-0019,30,0,0,0.043286,2765.99
TP-0001037,OPP-00226,LEAD-001264,3,3,2023-04-15,1,paid_search,pesquisa_concorrentes_q2_2023,form_fill,/lp/roi-calculator,AST-0018,71,0,1,0.924936,59103.41
TP-0001038,OPP-00227,LEAD-001272,1,3,2023-03-16,37,webinar_evento,campanha_natal_2023,impression,/webinar/automacao-vendas-demo,AST-0014,19,1,0,0.006051,1207.84
TP-0001039,OPP-00227,LEAD-001272,2,3,2023-04-05,17,webinar_evento,evento_crm_gestores_q2,click,/lp/demo-gratis,AST-0015,35,0,0,0.05827,11630.78
TP-0001040,OPP-00227,LEAD-001272,3,3,2023-04-20,2,webinar_evento,campanha-natal-2023,form_fill,/webinar/integracao-erp-ao-vivo,AST-0012,58,0,1,0.935678,186761.38
TP-0001041,OPP-00228,LEAD-001279,1,7,2023-03-22,29,linkedin_ads,linkedin_gestores_2023,impression,/webinar/crm-para-gestores,AST-0013,9,1,0,0.006861,864.53
TP-0001042,OPP-00228,LEAD-001279,2,7,2023-03-22,29,linkedin_ads,linkedin_prospeccao_q1_2023,click,/lp/trial-30-dias,AST-0016,13,0,0,0.015834,1995.08
TP-0001043,OPP-00228,LEAD-001279,3,7,2023-03-30,21,linkedin_ads,linkedin_prospeccao_q1_2023,content_view,/webinar/crm-para-gestores,AST-0013,40,0,0,0.037385,4710.49
TP-0001044,OPP-00228,LEAD-001279,4,7,2023-04-03,17,linkedin_ads,linkedin_prospecao_q2_2023,demo_request,/ebook/gestao-pipeline-vendas,AST-0009,69,0,0,0.198994,25073.25
TP-0001045,OPP-00228,LEAD-001279,5,7,2023-04-03,17,linkedin_ads,linkedin_gestores_2023,sales_call,/webinar/crm-para-gestores,AST-0013,88,0,0,0.223868,28207.41
TP-0001046,OPP-00228,LEAD-001279,6,7,2023-04-06,14,linkedin_ads,linkedin_prospecao_q2_2023,form_fill,/webinar/automacao-vendas-demo,AST-0014,60,0,0,0.169502,21357.31
TP-0001047,OPP-00228,LEAD-001279,7,7,2023-04-07,13,linkedin_ads,linkedin_prospeccao_q2_2023,proposal_sent,/ebook/integracao-sistemas-guia,AST-0011,75,0,1,0.347555,43791.93
TP-0001048,OPP-00229,LEAD-001284,1,6,2023-03-02,43,email_marketing,email_nurture_leads_2023,email_open,/webinar/crm-para-gestores,AST-0013,19,1,0,0.02817,4831.18
TP-0001049,OPP-00229,LEAD-001284,2,6,2023-03-02,43,email_marketing,campanha_email_03-2023,click,/ebook/crm-para-varejo,AST-0008,21,0,0,0.032504,5574.43
TP-0001050,OPP-00229,LEAD-001284,3,6,2023-03-06,39,email_marketing,campanha_email_03-2023,content_view,/lp/comparativo-erp,AST-0017,39,0,0,0.057671,9890.62
TP-0001051,OPP-00229,LEAD-001284,4,6,2023-03-18,27,email_marketing,campanha_email_03-2023,form_fill,/webinar/integracao-erp-ao-vivo,AST-0012,68,0,0,0.373719,64092.72
TP-0001052,OPP-00229,LEAD-001284,5,6,2023-04-01,13,email_marketing,campanha_email_04-2023,impression,/blog/funil-vendas-complexas,AST-0006,13,0,0,0.092352,15838.37
TP-0001053,OPP-00229,LEAD-001284,6,6,2023-04-01,13,email_marketing,email_reengajamento_q2_2023,click,/blog/integracao-erp-sistemas,AST-0003,41,0,1,0.415584,71272.67
TP-0001054,OPP-00230,LEAD-001292,1,2,2023-04-03,9,direct,,click,/lp/comparativo-erp,AST-0017,12,1,0,0.180374,11886.68
TP-0001055,OPP-00230,LEAD-001292,2,2,2023-04-04,8,direct,(direct),form_fill,/produto/crm-integracao,AST-0019,56,0,1,0.819626,54013.32
TP-0001056,OPP-00231,LEAD-001295,1,5,2023-03-20,29,paid_search,google_branded_2023,click,/produto/crm-integracao,AST-0019,3,1,0,0.034105,4334.71
TP-0001057,OPP-00231,LEAD-001295,2,5,2023-03-27,22,meta_ads,ig_gestores_b2b_q1,click,/ebook/gestao-pipeline-vendas,AST-0009,12,0,0,0.043253,5497.49
TP-0001058,OPP-00231,LEAD-001295,3,5,2023-04-03,15,meta_ads,ig_gestores_b2b_q2,form_fill,/lp/trial-30-dias,AST-0016,63,0,0,0.261479,33234.03
TP-0001059,OPP-00231,LEAD-001295,4,5,2023-04-08,10,meta_ads,fb-leads-varejo-2023,demo_request,/lp/comparativo-erp,AST-0017,85,0,0,0.543588,69090.04
TP-0001060,OPP-00231,LEAD-001295,5,5,2023-04-10,8,meta_ads,facebook_retargeting_2023,email_open,/ebook/roi-tecnologia-empresas,AST-0010,10,0,1,0.117575,14943.72
TP-0001061,OPP-00232,LEAD-001299,1,7,2023-03-03,40,linkedin_ads,linkedin_prospecao_q1_2023,impression,/webinar/automacao-vendas-demo,AST-0014,1,1,0,0.002205,83.8
TP-0001062,OPP-00232,LEAD-001299,2,7,2023-03-07,36,paid_search,pesquisa_concorrentes_q1_2023,click,/produto/api-marketplace,AST-0021,33,0,0,0.006772,257.34
TP-0001063,OPP-00232,LEAD-001299,3,7,2023-03-19,24,paid_search,integracao_erp_pesquisa_2023,content_view,/lp/comparativo-erp,AST-0017,38,0,0,0.021277,808.54
TP-0001064,OPP-00232,LEAD-001299,4,7,2023-03-25,18,paid_search,integracao_erp_pesquisa_2023,demo_request,/produto/api-marketplace,AST-0021,100,0,0,0.130649,4964.64
TP-0001065,OPP-00232,LEAD-001299,5,7,2023-03-26,17,paid_search,crm-b2b-keywords-2023,sales_call,/produto/api-marketplace,AST-0021,88,0,0,0.157862,5998.76
TP-0001066,OPP-00232,LEAD-001299,6,7,2023-04-04,8,paid_search,google_brand_keywords_2023,content_view,/produto/api-marketplace,AST-0021,31,0,0,0.06672,2535.35
TP-0001067,OPP-00232,LEAD-001299,7,7,2023-04-10,2,paid_search,integracao_erp_pesquisa_2023,demo_request,/produto/erp-connector,AST-0020,100,0,1,0.614515,23351.56
TP-0001068,OPP-00233,LEAD-001301,1,4,2023-03-29,22,webinar_evento,campanha_natal_2023,impression,/webinar/integracao-erp-ao-vivo,AST-0012,9,1,0,0.012735,645.65
TP-0001069,OPP-00233,LEAD-001301,2,4,2023-04-04,16,email_marketing,email_reengajamento_q2_2023,click,/ebook/roi-tecnologia-empresas,AST-0010,26,0,0,0.045112,2287.18
TP-0001070,OPP-00233,LEAD-001301,3,4,2023-04-07,13,email_marketing,campanha_email_04-2023,form_fill,/webinar/automacao-vendas-demo,AST-0014,72,0,0,0.20494,10390.47
TP-0001071,OPP-00233,LEAD-001301,4,4,2023-04-14,6,email_marketing,email_nurture_leads_2023,demo_request,/ebook/crm-para-varejo,AST-0008,66,0,1,0.737213,37376.7
TP-0001072,OPP-00234,LEAD-001303,1,2,2023-03-07,36,paid_search,crm-b2b-keywords-2023,click,/lp/comparativo-erp,AST-0017,21,1,0,0.171978,5400.11
TP-0001073,OPP-00234,LEAD-001303,2,2,2023-03-27,16,paid_search,google_brand_keywords_2023,click,/lp/roi-calculator,AST-0018,28,0,1,0.828022,25999.89
TP-0001074,OPP-00235,LEAD-001304,1,7,2023-03-13,44,linkedin_ads,lkd_awareness_2023,impression,/webinar/crm-para-gestores,AST-0013,14,1,0,0.003023,319.2
TP-0001075,OPP-00235,LEAD-001304,2,7,2023-03-14,43,linkedin_ads,lkd_awareness_2023,click,/ebook/integracao-sistemas-guia,AST-0011,15,0,0,0.007492,791.14
TP-0001076,OPP-00235,LEAD-001304,3,7,2023-03-22,35,linkedin_ads,linkedin_prospeccao_q1_2023,content_view,/webinar/crm-para-gestores,AST-0013,50,0,0,0.017689,1867.94
TP-0001077,OPP-00235,LEAD-001304,4,7,2023-03-25,32,linkedin_ads,linkedin_prospecao_q1_2023,demo_request,/lp/trial-30-dias,AST-0016,88,0,0,0.087664,9257.33
TP-0001078,OPP-00235,LEAD-001304,5,7,2023-04-09,17,linkedin_ads,linkedin_prospecao_q2_2023,sales_call,/blog/automacao-marketing-b2b,AST-0004,83,0,0,0.287932,30405.62
TP-0001079,OPP-00235,LEAD-001304,6,7,2023-04-11,15,linkedin_ads,lkd_awareness_2023,demo_request,/lp/comparativo-erp,AST-0017,98,0,0,0.295243,31177.65
TP-0001080,OPP-00235,LEAD-001304,7,7,2023-04-25,1,linkedin_ads,linkedin_prospecao_q2_2023,content_view,/webinar/integracao-erp-ao-vivo,AST-0012,37,0,1,0.300958,31781.12
TP-0001081,OPP-00236,LEAD-001305,1,5,2023-02-27,44,linkedin_ads,linkedin_prospeccao_q1_2023,impression,/lp/comparativo-erp,AST-0017,1,1,0,0.001612,350.52
TP-0001082,OPP-00236,LEAD-001305,2,5,2023-03-18,25,linkedin_ads,linkedin_prospecao_q1_2023,click,/ebook/roi-tecnologia-empresas,AST-0010,17,0,0,0.014449,3142.57
TP-0001083,OPP-00236,LEAD-001305,3,5,2023-03-28,15,linkedin_ads,linkedin_gestores_2023,content_view,/lp/comparativo-erp,AST-0017,29,0,0,0.039353,8559.21
TP-0001084,OPP-00236,LEAD-001305,4,5,2023-03-29,14,linkedin_ads,linkedin_prospecao_q1_2023,demo_request,/webinar/integracao-erp-ao-vivo,AST-0012,60,0,0,0.169066,36771.79
TP-0001085,OPP-00236,LEAD-001305,5,5,2023-04-12,0,linkedin_ads,linkedin_gestores_2023,sales_call,/webinar/crm-para-gestores,AST-0013,89,0,1,0.775521,168675.91
TP-0001086,OPP-00237,LEAD-001307,1,5,2023-03-08,41,paid_search,google_branded_2023,click,/lp/trial-30-dias,AST-0016,34,1,0,0.014338,382.82
TP-0001087,OPP-00237,LEAD-001307,2,5,2023-03-08,41,webinar_evento,evento_crm_gestores_q1,click,/lp/roi-calculator,AST-0018,39,0,0,0.011029,294.47
TP-0001088,OPP-00237,LEAD-001307,3,5,2023-03-17,32,webinar_evento,campanha_natal_2023,form_fill,/webinar/automacao-vendas-demo,AST-0014,67,0,0,0.076912,2053.56
TP-0001089,OPP-00237,LEAD-001307,4,5,2023-03-20,29,webinar_evento,black_friday_2023,demo_request,/ebook/integracao-sistemas-guia,AST-0011,96,0,0,0.138607,3700.82
TP-0001090,OPP-00237,LEAD-001307,5,5,2023-04-09,9,webinar_evento,bf-23,proposal_sent,/lp/roi-calculator,AST-0018,73,0,1,0.759113,20268.33
TP-0001091,OPP-00238,LEAD-001313,1,7,2023-03-17,36,webinar_evento,black_friday_2023,impression,/produto/crm-integracao,AST-0019,12,1,0,0.003123,155.19
TP-0001092,OPP-00238,LEAD-001313,2,7,2023-03-17,36,webinar_evento,campanha_natal_2023,click,/blog/leads-qualificados-b2b,AST-0007,27,0,0,0.007206,358.13
TP-0001093,OPP-00238,LEAD-001313,3,7,2023-03-20,33,webinar_evento,campanha-natal-2023,form_fill,/webinar/crm-para-gestores,AST-0013,65,0,0,0.032736,1626.97
TP-0001094,OPP-00238,LEAD-001313,4,7,2023-03-26,27,webinar_evento,black_friday_2023,demo_request,/produto/api-marketplace,AST-0021,88,0,0,0.073093,3632.74
TP-0001095,OPP-00238,LEAD-001313,5,7,2023-03-27,26,webinar_evento,evento_crm_gestores_q1,sales_call,/lp/comparativo-erp,AST-0017,100,0,0,0.088318,4389.43
TP-0001096,OPP-00238,LEAD-001313,6,7,2023-04-10,12,webinar_evento,black_friday_2023,proposal_sent,/lp/comparativo-erp,AST-0017,75,0,0,0.186725,9280.21
TP-0001097,OPP-00238,LEAD-001313,7,7,2023-04-19,3,webinar_evento,evento_crm_gestores_q2,demo_request,/webinar/crm-para-gestores,AST-0013,81,0,1,0.608799,30257.32
TP-0001098,OPP-00239,LEAD-001314,1,3,2023-03-10,42,paid_search,google_branded_2023,click,/lp/comparativo-erp,AST-0017,21,1,0,0.013257,1752.52
TP-0001099,OPP-00239,LEAD-001314,2,3,2023-03-10,42,paid_search,google_brand_keywords_2023,click,/produto/crm-integracao,AST-0019,41,0,0,0.010197,1348.09
TP-0001100,OPP-00239,LEAD-001314,3,3,2023-04-19,2,paid_search,integracao_erp_pesquisa_2023,form_fill,/blog/gestao-vendas-b2b,AST-0001,53,0,1,0.976546,129099.38
TP-0001101,OPP-00240,LEAD-001316,1,2,2023-03-15,41,organic_search,,impression,/blog/funil-vendas-complexas,AST-0006,19,1,0,0.043154,3128.7
TP-0001102,OPP-00240,LEAD-001316,2,2,2023-04-10,15,organic_search,(none),click,/blog/funil-vendas-complexas,AST-0006,37,0,1,0.956846,69371.3
TP-0001103,OPP-00241,LEAD-001324,1,4,2023-03-21,39,meta_ads,meta_awareness_2023,impression,/ebook/integracao-sistemas-guia,AST-0011,1,1,0,0.036166,1707.04
TP-0001104,OPP-00241,LEAD-001324,2,4,2023-03-27,33,meta_ads,fb-leads-varejo-2023,click,/ebook/crm-para-varejo,AST-0008,35,0,0,0.128116,6047.09
TP-0001105,OPP-00241,LEAD-001324,3,4,2023-03-28,32,meta_ads,facebook_retargeting_2023,form_fill,/ebook/integracao-sistemas-guia,AST-0011,78,0,0,0.504542,23814.38
TP-0001106,OPP-00241,LEAD-001324,4,4,2023-04-19,10,meta_ads,fb-leads-varejo-2023,impression,/lp/comparativo-erp,AST-0017,11,0,1,0.331176,15631.5
TP-0001107,OPP-00242,LEAD-001325,1,3,2023-03-25,24,organic_search,,impression,/blog/leads-qualificados-b2b,AST-0007,16,1,0,0.043941,1423.67
TP-0001108,OPP-00242,LEAD-001325,2,3,2023-04-05,13,organic_search,,click,/blog/funil-vendas-complexas,AST-0006,28,0,0,0.222472,7208.08
TP-0001109,OPP-00242,LEAD-001325,3,3,2023-04-12,6,organic_search,,content_view,/blog/leads-qualificados-b2b,AST-0007,41,0,1,0.733588,23768.24
TP-0001110,OPP-00243,LEAD-001332,1,4,2023-03-25,23,linkedin_ads,linkedin_decisores_ti_2023,impression,/blog/gestao-vendas-b2b,AST-0001,20,1,0,0.015163,1423.81
TP-0001111,OPP-00243,LEAD-001332,2,4,2023-03-27,21,webinar_evento,bf-23,click,/lp/roi-calculator,AST-0018,21,0,0,0.040365,3790.28
TP-0001112,OPP-00243,LEAD-001332,3,4,2023-03-30,18,webinar_evento,campanha_natal_2023,content_view,/webinar/automacao-vendas-demo,AST-0014,37,0,0,0.066682,6261.43
TP-0001113,OPP-00243,LEAD-001332,4,4,2023-04-10,7,webinar_evento,campanha_natal_2023,demo_request,/webinar/automacao-vendas-demo,AST-0014,89,0,1,0.87779,82424.48
TP-0001114,OPP-00244,LEAD-001333,1,4,2023-03-07,43,paid_search,integracao_erp_pesquisa_2023,click,/webinar/automacao-vendas-demo,AST-0014,26,1,0,0.009612,238.38
TP-0001115,OPP-00244,LEAD-001333,2,4,2023-04-04,15,paid_search,integracao_erp_pesquisa_2023,click,/lp/trial-30-dias,AST-0016,27,0,0,0.054633,1354.91
TP-0001116,OPP-00244,LEAD-001333,3,4,2023-04-05,14,paid_search,google_branded_2023,form_fill,/produto/crm-integracao,AST-0019,60,0,0,0.215154,5335.82
TP-0001117,OPP-00244,LEAD-001333,4,4,2023-04-11,8,paid_search,integracao_erp_pesquisa_2023,demo_request,/produto/api-marketplace,AST-0021,90,0,1,0.720601,17870.89
TP-0001118,OPP-00245,LEAD-001337,1,3,2023-03-10,40,webinar_evento,campanha_natal_2023,impression,/webinar/crm-para-gestores,AST-0013,1,1,0,0.007572,354.35
TP-0001119,OPP-00245,LEAD-001337,2,3,2023-03-24,26,webinar_evento,webinar_integracao_erp_2023,click,/lp/roi-calculator,AST-0018,35,0,0,0.047496,2222.82
TP-0001120,OPP-00245,LEAD-001337,3,3,2023-04-11,8,webinar_evento,campanha-natal-2023,form_fill,/blog/integracao-erp-sistemas,AST-0003,75,0,1,0.944932,44222.83
TP-0001121,OPP-00246,LEAD-001343,1,7,2023-03-04,41,linkedin_ads,linkedin_prospeccao_q1_2023,impression,/lp/trial-30-dias,AST-0016,3,1,0,0.002434,94.7
TP-0001122,OPP-00246,LEAD-001343,2,7,2023-03-06,39,direct,(direct),click,/produto/crm-integracao,AST-0019,31,0,0,0.006481,252.1
TP-0001123,OPP-00246,LEAD-001343,3,7,2023-03-19,26,direct,,content_view,/produto/api-marketplace,AST-0021,38,0,0,0.021869,850.71
TP-0001124,OPP-00246,LEAD-001343,4,7,2023-03-23,22,direct,(direct),demo_request,/produto/api-marketplace,AST-0021,82,0,0,0.116407,4528.22
TP-0001125,OPP-00246,LEAD-001343,5,7,2023-03-25,20,direct,(direct),sales_call,/produto/erp-connector,AST-0020,98,0,0,0.151068,5876.54
TP-0001126,OPP-00246,LEAD-001343,6,7,2023-04-02,12,direct,,sales_call,/lp/trial-30-dias,AST-0016,80,0,0,0.26751,10406.15
TP-0001127,OPP-00246,LEAD-001343,7,7,2023-04-10,4,direct,(direct),form_fill,/lp/comparativo-erp,AST-0017,73,0,1,0.434231,16891.57
TP-0001128,OPP-00247,LEAD-001346,1,9,2023-03-07,40,linkedin_ads,lkd_awareness_2023,impression,/ebook/integracao-sistemas-guia,AST-0011,6,1,0,0.001729,188.31
TP-0001129,OPP-00247,LEAD-001346,2,9,2023-03-13,34,linkedin_ads,linkedin_gestores_2023,click,/blog/funil-vendas-complexas,AST-0006,35,0,0,0.006126,667.08
TP-0001130,OPP-00247,LEAD-001346,3,9,2023-03-15,32,linkedin_ads,linkedin_prospecao_q1_2023,content_view,/produto/erp-connector,AST-0020,32,0,0,0.009422,1026.02
TP-0001131,OPP-00247,LEAD-001346,4,9,2023-03-17,30,linkedin_ads,linkedin_prospecao_q1_2023,demo_request,/lp/trial-30-dias,AST-0016,82,0,0,0.043474,4734.34
TP-0001132,OPP-00247,LEAD-001346,5,9,2023-03-24,23,linkedin_ads,linkedin_decisores_ti_2023,sales_call,/blog/integracao-erp-sistemas,AST-0003,96,0,0,0.080636,8781.3
TP-0001133,OPP-00247,LEAD-001346,6,9,2023-03-29,18,linkedin_ads,linkedin_prospeccao_q1_2023,click,/lp/roi-calculator,AST-0018,20,0,0,0.019208,2091.76
TP-0001134,OPP-00247,LEAD-001346,7,9,2023-04-03,13,linkedin_ads,linkedin_prospecao_q2_2023,form_fill,/webinar/crm-para-gestores,AST-0013,51,0,0,0.100661,10961.99
TP-0001135,OPP-00247,LEAD-001346,8,9,2023-04-09,7,linkedin_ads,linkedin_prospecao_q2_2023,proposal_sent,/webinar/crm-para-gestores,AST-0013,69,0,0,0.196663,21416.62
TP-0001136,OPP-00247,LEAD-001346,9,9,2023-04-14,2,linkedin_ads,linkedin_prospeccao_q2_2023,sales_call,/ebook/gestao-pipeline-vendas,AST-0009,70,0,1,0.542081,59032.58
TP-0001137,OPP-00248,LEAD-001348,1,5,2023-03-10,42,organic_search,(none),impression,/produto/erp-connector,AST-0020,1,1,0,0.005598,448.39
TP-0001138,OPP-00248,LEAD-001348,2,5,2023-03-30,22,organic_search,(not set),click,/produto/erp-connector,AST-0020,32,0,0,0.053904,4317.74
TP-0001139,OPP-00248,LEAD-001348,3,5,2023-04-08,13,organic_search,(none),content_view,/blog/integracao-erp-sistemas,AST-0003,34,0,0,0.136695,10949.26
TP-0001140,OPP-00248,LEAD-001348,4,5,2023-04-11,10,organic_search,,form_fill,/produto/api-marketplace,AST-0021,47,0,0,0.465745,37306.17
TP-0001141,OPP-00248,LEAD-001348,5,5,2023-04-15,6,organic_search,(none),content_view,/lp/trial-30-dias,AST-0016,39,0,1,0.338058,27078.43
TP-0001142,OPP-00249,LEAD-001363,1,3,2023-03-22,25,email_marketing,newsletter_mensal_03_2023,email_open,/ebook/gestao-pipeline-vendas,AST-0009,14,1,0,0.060486,4100.92
TP-0001143,OPP-00249,LEAD-001363,2,3,2023-04-03,13,email_marketing,campanha_email_04-2023,click,/webinar/crm-para-gestores,AST-0013,31,0,0,0.164457,11150.17
TP-0001144,OPP-00249,LEAD-001363,3,3,2023-04-15,1,email_marketing,campanha_email_04-2023,content_view,/blog/automacao-marketing-b2b,AST-0004,33,0,1,0.775058,52548.92
TP-0001145,OPP-00250,LEAD-001373,1,3,2023-03-23,40,paid_search,google_branded_2023,click,/produto/api-marketplace,AST-0021,14,1,0,0.075038,4149.59
TP-0001146,OPP-00250,LEAD-001373,2,3,2023-03-24,39,paid_search,google_brand_keywords_2023,click,/webinar/integracao-erp-ao-vivo,AST-0012,5,0,0,0.061995,3428.33
TP-0001147,OPP-00250,LEAD-001373,3,3,2023-04-06,26,paid_search,integracao_erp_pesquisa_2023,form_fill,/produto/crm-integracao,AST-0019,68,0,1,0.862967,47722.07
TP-0001148,OPP-00251,LEAD-001374,1,5,2023-03-14,39,linkedin_ads,linkedin_prospeccao_q1_2023,impression,/produto/erp-connector,AST-0020,13,1,0,0.00214,208.2
TP-0001149,OPP-00251,LEAD-001374,2,5,2023-03-27,26,linkedin_ads,linkedin_prospeccao_q1_2023,click,/lp/comparativo-erp,AST-0017,30,0,0,0.012497,1215.98
TP-0001150,OPP-00251,LEAD-001374,3,5,2023-04-01,21,linkedin_ads,linkedin_prospecao_q2_2023,content_view,/ebook/gestao-pipeline-vendas,AST-0009,30,0,0,0.023815,2317.24
TP-0001151,OPP-00251,LEAD-001374,4,5,2023-04-14,8,linkedin_ads,lkd_awareness_2023,demo_request,/webinar/integracao-erp-ao-vivo,AST-0012,76,0,0,0.241097,23458.75
TP-0001152,OPP-00251,LEAD-001374,5,5,2023-04-22,0,linkedin_ads,linkedin_gestores_2023,sales_call,/lp/trial-30-dias,AST-0016,89,0,1,0.72045,70099.83
TP-0001153,OPP-00252,LEAD-001386,1,8,2023-03-04,43,webinar_evento,campanha_natal_2023,impression,/lp/roi-calculator,AST-0018,1,1,0,0.0018,95.76
TP-0001154,OPP-00252,LEAD-001386,2,8,2023-03-07,40,meta_ads,facebook_retargeting_2023,click,/ebook/crm-para-varejo,AST-0008,23,0,0,0.005147,273.81
TP-0001155,OPP-00252,LEAD-001386,3,8,2023-03-17,30,meta_ads,ig_gestores_b2b_q1,form_fill,/produto/crm-integracao,AST-0019,77,0,0,0.038549,2050.82
TP-0001156,OPP-00252,LEAD-001386,4,8,2023-03-21,26,meta_ads,meta_awareness_2023,demo_request,/lp/roi-calculator,AST-0018,70,0,0,0.074615,3969.52
TP-0001157,OPP-00252,LEAD-001386,5,8,2023-04-02,14,meta_ads,facebook_retargeting_2023,sales_call,/lp/roi-calculator,AST-0018,84,0,0,0.197802,10523.09
TP-0001158,OPP-00252,LEAD-001386,6,8,2023-04-08,8,meta_ads,facebook_retargeting_2023,demo_request,/produto/crm-integracao,AST-0019,74,0,0,0.269901,14358.76
TP-0001159,OPP-00252,LEAD-001386,7,8,2023-04-11,5,meta_ads,meta_awareness_2023,email_open,/ebook/roi-tecnologia-empresas,AST-0010,17,0,0,0.0418,2223.77
TP-0001160,OPP-00252,LEAD-001386,8,8,2023-04-12,4,meta_ads,meta_awareness_2023,form_fill,/blog/funil-vendas-complexas,AST-0006,49,0,1,0.370385,19704.48
TP-0001161,OPP-00253,LEAD-001391,1,4,2023-03-16,42,webinar_evento,campanha-natal-2023,impression,/webinar/integracao-erp-ao-vivo,AST-0012,1,1,0,0.002132,101.49
TP-0001162,OPP-00253,LEAD-001391,2,4,2023-04-15,12,webinar_evento,webinar_integracao_erp_2023,click,/lp/roi-calculator,AST-0018,13,0,0,0.041941,1996.38
TP-0001163,OPP-00253,LEAD-001391,3,4,2023-04-20,7,webinar_evento,evento_crm_gestores_q2,form_fill,/lp/demo-gratis,AST-0015,65,0,0,0.219792,10462.12
TP-0001164,OPP-00253,LEAD-001391,4,4,2023-04-26,1,webinar_evento,black_friday_2023,demo_request,/webinar/crm-para-gestores,AST-0013,93,0,1,0.736135,35040.01
TP-0001165,OPP-00254,LEAD-001393,1,4,2023-04-01,17,webinar_evento,black_friday_2023,impression,/lp/roi-calculator,AST-0018,21,1,0,0.018725,816.43
TP-0001166,OPP-00254,LEAD-001393,2,4,2023-04-01,17,email_marketing,campanha_email_04-2023,click,/ebook/crm-para-varejo,AST-0008,10,0,0,0.043212,1884.06
TP-0001167,OPP-00254,LEAD-001393,3,4,2023-04-09,9,email_marketing,newsletter_mensal_04_2023,form_fill,/blog/automacao-marketing-b2b,AST-0004,67,0,0,0.280574,12233.05
TP-0001168,OPP-00254,LEAD-001393,4,4,2023-04-10,8,email_marketing,newsletter_mensal_04_2023,demo_request,/webinar/automacao-vendas-demo,AST-0014,96,0,1,0.657488,28666.47
TP-0001169,OPP-00255,LEAD-001398,1,3,2023-03-08,42,organic_search,(none),impression,/produto/crm-integracao,AST-0019,6,1,0,0.039232,1286.81
TP-0001170,OPP-00255,LEAD-001398,2,3,2023-03-15,35,organic_search,,click,/blog/churn-saas-brasil,AST-0005,33,0,0,0.149267,4895.97
TP-0001171,OPP-00255,LEAD-001398,3,3,2023-03-29,21,organic_search,(not set),content_view,/produto/crm-integracao,AST-0019,30,0,1,0.811501,26617.23
TP-0001172,OPP-00256,LEAD-001402,1,4,2023-03-21,42,linkedin_ads,linkedin_decisores_ti_2023,impression,/blog/leads-qualificados-b2b,AST-0007,2,1,0,0.003167,119.1
TP-0001173,OPP-00256,LEAD-001402,2,4,2023-04-01,31,email_marketing,email_reengajamento_q2_2023,click,/produto/crm-integracao,AST-0019,35,0,0,0.016037,602.98
TP-0001174,OPP-00256,LEAD-001402,3,4,2023-04-07,25,email_marketing,newsletter_mensal_04_2023,content_view,/blog/churn-saas-brasil,AST-0005,54,0,0,0.032823,1234.15
TP-0001175,OPP-00256,LEAD-001402,4,4,2023-04-29,3,email_marketing,campanha_email_04-2023,demo_request,/blog/gestao-vendas-b2b,AST-0001,86,0,1,0.947973,35643.77
TP-0001176,OPP-00257,LEAD-001411,1,4,2023-04-03,27,organic_search,(not set),impression,/produto/crm-integracao,AST-0019,19,1,0,0.010554,726.12
TP-0001177,OPP-00257,LEAD-001411,2,4,2023-04-11,19,webinar_evento,campanha_natal_2023,click,/webinar/integracao-erp-ao-vivo,AST-0012,13,0,0,0.043129,2967.26
TP-0001178,OPP-00257,LEAD-001411,3,4,2023-04-17,13,webinar_evento,evento_crm_gestores_q2,content_view,/lp/trial-30-dias,AST-0016,43,0,0,0.088274,6073.25
TP-0001179,OPP-00257,LEAD-001411,4,4,2023-04-29,1,webinar_evento,evento_crm_gestores_q2,form_fill,/produto/crm-integracao,AST-0019,64,0,1,0.858043,59033.36
TP-0001180,OPP-00258,LEAD-001415,1,5,2023-03-21,43,paid_search,google_brand_keywords_2023,click,/lp/demo-gratis,AST-0015,33,1,0,0.005431,168.92
TP-0001181,OPP-00258,LEAD-001415,2,5,2023-03-27,37,paid_search,integracao_erp_pesquisa_2023,click,/produto/api-marketplace,AST-0021,25,0,0,0.006414,199.46
TP-0001182,OPP-00258,LEAD-001415,3,5,2023-03-28,36,paid_search,pesquisa_concorrentes_q1_2023,form_fill,/lp/roi-calculator,AST-0018,66,0,0,0.025257,785.5
TP-0001183,OPP-00258,LEAD-001415,4,5,2023-04-26,7,paid_search,pesquisa_concorrentes_q2_2023,demo_request,/webinar/integracao-erp-ao-vivo,AST-0012,74,0,0,0.291558,9067.45
TP-0001184,OPP-00258,LEAD-001415,5,5,2023-05-02,1,paid_search,crm-b2b-keywords-2023,demo_request,/lp/comparativo-erp,AST-0017,84,0,1,0.67134,20878.67
TP-0001185,OPP-00259,LEAD-001419,1,3,2023-04-04,22,webinar_evento,black_friday_2023,impression,/webinar/integracao-erp-ao-vivo,AST-0012,13,1,0,0.040976,4642.56
TP-0001186,OPP-00259,LEAD-001419,2,3,2023-04-05,21,webinar_evento,campanha_natal_2023,click,/lp/comparativo-erp,AST-0017,9,0,0,0.101561,11506.85
TP-0001187,OPP-00259,LEAD-001419,3,3,2023-04-11,15,webinar_evento,bf-23,form_fill,/produto/erp-connector,AST-0020,68,0,1,0.857463,97150.59
TP-0001188,OPP-00260,LEAD-001424,1,4,2023-03-30,36,organic_search,(none),impression,/blog/leads-qualificados-b2b,AST-0007,7,1,0,0.010888,264.59
TP-0001189,OPP-00260,LEAD-001424,2,4,2023-03-30,36,organic_search,(none),click,/blog/funil-vendas-complexas,AST-0006,19,0,0,0.025127,610.58
TP-0001190,OPP-00260,LEAD-001424,3,4,2023-04-19,16,organic_search,,content_view,/produto/erp-connector,AST-0020,38,0,0,0.139797,3397.06
TP-0001191,OPP-00260,LEAD-001424,4,4,2023-04-24,11,organic_search,(not set),form_fill,/blog/automacao-marketing-b2b,AST-0004,83,0,1,0.824188,20027.77
TP-0001192,OPP-00261,LEAD-001433,1,4,2023-04-03,29,linkedin_ads,lkd_awareness_2023,impression,/ebook/integracao-sistemas-guia,AST-0011,21,1,0,0.008428,1189.97
TP-0001193,OPP-00261,LEAD-001433,2,4,2023-04-03,29,linkedin_ads,linkedin_prospeccao_q2_2023,click,/webinar/automacao-vendas-demo,AST-0014,47,0,0,0.019448,2746.09
TP-0001194,OPP-00261,LEAD-001433,3,4,2023-04-23,9,linkedin_ads,linkedin_gestores_2023,content_view,/webinar/integracao-erp-ao-vivo,AST-0012,25,0,0,0.108203,15278.25
TP-0001195,OPP-00261,LEAD-001433,4,4,2023-04-27,5,linkedin_ads,lkd_awareness_2023,demo_request,/ebook/crm-para-varejo,AST-0008,82,0,1,0.863921,121985.7
TP-0001196,OPP-00262,LEAD-001439,1,2,2023-03-22,44,organic_search,(not set),impression,/webinar/crm-para-gestores,AST-0013,1,1,0,0.140259,4670.62
TP-0001197,OPP-00262,LEAD-001439,2,2,2023-03-30,36,organic_search,(none),click,/blog/crm-para-industria,AST-0002,22,0,1,0.859741,28629.38
TP-0001198,OPP-00263,LEAD-001440,1,5,2023-03-31,21,organic_search,,impression,/produto/api-marketplace,AST-0021,14,1,0,0.025887,903.44
TP-0001199,OPP-00263,LEAD-001440,2,5,2023-04-06,15,organic_search,(none),click,/produto/erp-connector,AST-0020,22,0,0,0.091702,3200.4
TP-0001200,OPP-00263,LEAD-001440,3,5,2023-04-08,13,organic_search,,content_view,/blog/churn-saas-brasil,AST-0005,30,0,0,0.141046,4922.5
TP-0001201,OPP-00263,LEAD-001440,4,5,2023-04-09,12,organic_search,(not set),form_fill,/produto/erp-connector,AST-0020,66,0,0,0.416595,14539.15
TP-0001202,OPP-00263,LEAD-001440,5,5,2023-04-14,7,organic_search,,content_view,/produto/crm-integracao,AST-0019,38,0,1,0.324771,11334.51
TP-0001203,OPP-00264,LEAD-001451,1,5,2023-03-14,42,direct,(not set),click,/ebook/gestao-pipeline-vendas,AST-0009,22,1,0,0.009777,931.78
TP-0001204,OPP-00264,LEAD-001451,2,5,2023-04-10,15,direct,(direct),form_fill,/produto/api-marketplace,AST-0021,81,0,0,0.189721,18080.43
TP-0001205,OPP-00264,LEAD-001451,3,5,2023-04-13,12,direct,(direct),demo_request,/lp/trial-30-dias,AST-0016,89,0,0,0.341906,32583.61
TP-0001206,OPP-00264,LEAD-001451,4,5,2023-04-13,12,direct,(not set),sales_call,/produto/erp-connector,AST-0020,82,0,0,0.384644,36656.56
TP-0001207,OPP-00264,LEAD-001451,5,5,2023-04-15,10,direct,(not set),email_open,/produto/erp-connector,AST-0020,19,0,1,0.073952,7047.62
TP-0001208,OPP-00265,LEAD-001471,1,2,2023-04-03,30,meta_ads,facebook_retargeting_2023,impression,/webinar/automacao-vendas-demo,AST-0014,8,1,0,0.18908,4235.39
TP-0001209,OPP-00265,LEAD-001471,2,2,2023-04-06,27,meta_ads,meta_awareness_2023,click,/blog/crm-para-industria,AST-0002,26,0,1,0.81092,18164.61
TP-0001210,OPP-00266,LEAD-001474,1,2,2023-04-04,20,paid_search,google_branded_2023,click,/produto/crm-integracao,AST-0019,10,1,0,0.193283,6880.89
TP-0001211,OPP-00266,LEAD-001474,2,2,2023-04-22,2,paid_search,google_branded_2023,click,/webinar/automacao-vendas-demo,AST-0014,14,0,1,0.806717,28719.11
TP-0001212,OPP-00267,LEAD-001485,1,5,2023-03-17,41,webinar_evento,campanha_natal_2023,impression,/webinar/integracao-erp-ao-vivo,AST-0012,12,1,0,0.003108,313.58
TP-0001213,OPP-00267,LEAD-001485,2,5,2023-03-18,40,paid_search,pesquisa_concorrentes_q1_2023,click,/produto/crm-integracao,AST-0019,38,0,0,0.007703,777.22
TP-0001214,OPP-00267,LEAD-001485,3,5,2023-04-14,13,paid_search,integracao_erp_pesquisa_2023,form_fill,/produto/api-marketplace,AST-0021,52,0,0,0.194308,19605.69
TP-0001215,OPP-00267,LEAD-001485,4,5,2023-04-14,13,paid_search,pesquisa_concorrentes_q2_2023,demo_request,/lp/roi-calculator,AST-0018,64,0,0,0.28263,28517.36
TP-0001216,OPP-00267,LEAD-001485,5,5,2023-04-15,12,paid_search,crm-b2b-keywords-2023,sales_call,/lp/roi-calculator,AST-0018,75,0,1,0.512251,51686.15
TP-0001217,OPP-00268,LEAD-001491,1,5,2023-03-31,38,webinar_evento,evento_crm_gestores_q1,impression,/webinar/automacao-vendas-demo,AST-0014,16,1,0,0.002625,317.34
TP-0001218,OPP-00268,LEAD-001491,2,5,2023-04-24,14,webinar_evento,campanha_natal_2023,click,/webinar/automacao-vendas-demo,AST-0014,47,0,0,0.033634,4066.31
TP-0001219,OPP-00268,LEAD-001491,3,5,2023-04-30,8,webinar_evento,campanha_natal_2023,form_fill,/lp/comparativo-erp,AST-0017,77,0,0,0.189309,22887.5
TP-0001220,OPP-00268,LEAD-001491,4,5,2023-04-30,8,webinar_evento,campanha-natal-2023,demo_request,/webinar/crm-para-gestores,AST-0013,55,0,0,0.275359,33290.91
TP-0001221,OPP-00268,LEAD-001491,5,5,2023-05-01,7,webinar_evento,campanha-natal-2023,sales_call,/lp/trial-30-dias,AST-0016,86,0,1,0.499073,60337.94
TP-0001222,OPP-00269,LEAD-001501,1,4,2023-03-27,29,paid_search,google_brand_keywords_2023,click,/lp/roi-calculator,AST-0018,19,1,0,0.02205,820.26
TP-0001223,OPP-00269,LEAD-001501,2,4,2023-04-05,20,paid_search,google_brand_keywords_2023,click,/ebook/gestao-pipeline-vendas,AST-0009,30,0,0,0.032259,1200.04
TP-0001224,OPP-00269,LEAD-001501,3,4,2023-04-07,18,paid_search,pesquisa_concorrentes_q2_2023,form_fill,/produto/api-marketplace,AST-0021,68,0,0,0.136448,5075.85
TP-0001225,OPP-00269,LEAD-001501,4,4,2023-04-21,4,paid_search,crm-b2b-keywords-2023,demo_request,/produto/api-marketplace,AST-0021,100,0,1,0.809243,30103.85
TP-0001226,OPP-00270,LEAD-001503,1,4,2023-03-31,30,linkedin_ads,linkedin_prospecao_q1_2023,impression,/lp/demo-gratis,AST-0015,1,1,0,0.00654,294.29
TP-0001227,OPP-00270,LEAD-001503,2,4,2023-04-06,24,email_marketing,email_nurture_leads_2023,click,/blog/crm-para-industria,AST-0002,24,0,0,0.023167,1042.51
TP-0001228,OPP-00270,LEAD-001503,3,4,2023-04-19,11,email_marketing,email_reengajamento_q2_2023,content_view,/blog/churn-saas-brasil,AST-0005,35,0,0,0.078177,3517.98
TP-0001229,OPP-00270,LEAD-001503,4,4,2023-04-28,2,email_marketing,campanha_email_04-2023,demo_request,/webinar/automacao-vendas-demo,AST-0014,79,0,1,0.892116,40145.22
TP-0001230,OPP-00271,LEAD-001515,1,3,2023-04-14,17,organic_search,(not set),impression,/lp/trial-30-dias,AST-0016,7,1,0,0.066717,2308.4
TP-0001231,OPP-00271,LEAD-001515,2,3,2023-04-14,17,organic_search,(none),click,/blog/automacao-marketing-b2b,AST-0004,42,0,0,0.153962,5327.08
TP-0001232,OPP-00271,LEAD-001515,3,3,2023-04-27,4,organic_search,(not set),content_view,/webinar/crm-para-gestores,AST-0013,42,0,1,0.779321,26964.52
TP-0001233,OPP-00272,LEAD-001524,1,5,2023-03-24,40,webinar_evento,webinar_integracao_erp_2023,impression,/ebook/gestao-pipeline-vendas,AST-0009,6,1,0,0.001878,192.72
TP-0001234,OPP-00272,LEAD-001524,2,5,2023-03-24,40,webinar_evento,webinar_integracao_erp_2023,click,/webinar/integracao-erp-ao-vivo,AST-0012,23,0,0,0.004335,444.75
TP-0001235,OPP-00272,LEAD-001524,3,5,2023-04-21,12,webinar_evento,bf-23,form_fill,/produto/crm-integracao,AST-0019,71,0,0,0.117443,12049.67
TP-0001236,OPP-00272,LEAD-001524,4,5,2023-04-23,10,webinar_evento,evento_crm_gestores_q2,demo_request,/webinar/integracao-erp-ao-vivo,AST-0012,87,0,0,0.197059,20218.3
TP-0001237,OPP-00272,LEAD-001524,5,5,2023-05-03,0,webinar_evento,webinar_integracao_erp_2023,sales_call,/webinar/integracao-erp-ao-vivo,AST-0012,80,0,1,0.679284,69694.55
TP-0001238,OPP-00273,LEAD-001527,1,4,2023-03-29,43,webinar_evento,black_friday_2023,impression,/produto/crm-integracao,AST-0019,6,1,0,0.005806,578.31
TP-0001239,OPP-00273,LEAD-001527,2,4,2023-04-03,38,webinar_evento,evento_crm_gestores_q2,click,/lp/demo-gratis,AST-0015,41,0,0,0.019151,1907.4
TP-0001240,OPP-00273,LEAD-001527,3,4,2023-04-11,30,webinar_evento,campanha-natal-2023,form_fill,/webinar/crm-para-gestores,AST-0013,71,0,0,0.124343,12384.56
TP-0001241,OPP-00273,LEAD-001527,4,4,2023-04-27,14,webinar_evento,black_friday_2023,demo_request,/blog/gestao-vendas-b2b,AST-0001,92,0,1,0.8507,84729.73
TP-0001242,OPP-00274,LEAD-001528,1,4,2023-03-23,32,organic_search,,impression,/produto/erp-connector,AST-0020,4,1,0,0.008978,706.56
TP-0001243,OPP-00274,LEAD-001528,2,4,2023-03-30,25,webinar_evento,bf-23,click,/lp/comparativo-erp,AST-0017,15,0,0,0.034159,2688.28
TP-0001244,OPP-00274,LEAD-001528,3,4,2023-04-01,23,webinar_evento,evento_crm_gestores_q2,content_view,/webinar/automacao-vendas-demo,AST-0014,44,0,0,0.052539,4134.8
TP-0001245,OPP-00274,LEAD-001528,4,4,2023-04-21,3,webinar_evento,black_friday_2023,form_fill,/ebook/gestao-pipeline-vendas,AST-0009,86,0,1,0.904325,71170.36
TP-0001246,OPP-00275,LEAD-001530,1,3,2023-03-15,44,paid_search,crm-b2b-keywords-2023,click,/produto/erp-connector,AST-0020,21,1,0,0.013133,638.27
TP-0001247,OPP-00275,LEAD-001530,2,3,2023-04-14,14,paid_search,google_branded_2023,click,/produto/crm-integracao,AST-0019,45,0,0,0.08611,4184.96
TP-0001248,OPP-00275,LEAD-001530,3,3,2023-04-23,5,paid_search,pesquisa_concorrentes_q2_2023,form_fill,/lp/roi-calculator,AST-0018,52,0,1,0.900757,43776.77
TP-0001249,OPP-00276,LEAD-001539,1,4,2023-04-03,40,paid_search,crm-b2b-keywords-2023,click,/produto/api-marketplace,AST-0021,35,1,0,0.014143,1199.35
TP-0001250,OPP-00276,LEAD-001539,2,4,2023-04-12,31,paid_search,google_branded_2023,click,/webinar/crm-para-gestores,AST-0013,8,0,0,0.020692,1754.65
TP-0001251,OPP-00276,LEAD-001539,3,4,2023-04-30,13,paid_search,crm-b2b-keywords-2023,form_fill,/blog/churn-saas-brasil,AST-0005,74,0,0,0.274439,23272.4
TP-0001252,OPP-00276,LEAD-001539,4,4,2023-05-02,11,paid_search,crm-b2b-keywords-2023,demo_request,/produto/erp-connector,AST-0020,80,0,1,0.690726,58573.59
TP-0001253,OPP-00277,LEAD-001549,1,8,2023-03-22,42,webinar_evento,bf-23,impression,/webinar/crm-para-gestores,AST-0013,3,1,0,0.006428,685.86
TP-0001254,OPP-00277,LEAD-001549,2,8,2023-03-29,35,meta_ads,ig_gestores_b2b_q1,click,/lp/comparativo-erp,AST-0017,24,0,0,0.024457,2609.53
TP-0001255,OPP-00277,LEAD-001549,3,8,2023-04-07,26,meta_ads,meta_awareness_2023,form_fill,/lp/trial-30-dias,AST-0016,62,0,0,0.170552,18197.95
TP-0001256,OPP-00277,LEAD-001549,4,8,2023-04-07,26,meta_ads,ig_gestores_b2b_q2,demo_request,/ebook/gestao-pipeline-vendas,AST-0009,77,0,0,0.248076,26469.75
TP-0001257,OPP-00277,LEAD-001549,5,8,2023-04-08,25,meta_ads,facebook_retargeting_2023,sales_call,/lp/roi-calculator,AST-0018,79,0,0,0.29975,31983.31
TP-0001258,OPP-00277,LEAD-001549,6,8,2023-04-14,19,meta_ads,meta_awareness_2023,content_view,/ebook/gestao-pipeline-vendas,AST-0009,35,0,0,0.102252,10910.31
TP-0001259,OPP-00277,LEAD-001549,7,8,2023-04-19,14,meta_ads,facebook_retargeting_2023,impression,/lp/trial-30-dias,AST-0016,1,0,0,0.036536,3898.36
TP-0001260,OPP-00277,LEAD-001549,8,8,2023-04-29,4,meta_ads,ig_gestores_b2b_q2,impression,/lp/roi-calculator,AST-0018,29,0,1,0.111949,11944.94
TP-0001261,OPP-00278,LEAD-001561,1,4,2023-04-03,37,linkedin_ads,linkedin_gestores_2023,impression,/webinar/automacao-vendas-demo,AST-0014,28,1,0,0.004014,378.55
TP-0001262,OPP-00278,LEAD-001561,2,4,2023-04-10,30,paid_search,pesquisa_concorrentes_q2_2023,click,/produto/api-marketplace,AST-0021,22,0,0,0.015273,1440.29
TP-0001263,OPP-00278,LEAD-001561,3,4,2023-05-07,3,paid_search,crm-b2b-keywords-2023,content_view,/produto/api-marketplace,AST-0021,18,0,0,0.140102,13211.59
TP-0001264,OPP-00278,LEAD-001561,4,4,2023-05-07,3,paid_search,google_branded_2023,demo_request,/lp/trial-30-dias,AST-0016,78,0,1,0.84061,79269.57
TP-0001265,OPP-00279,LEAD-001577,1,3,2023-04-15,28,organic_search,(none),impression,/ebook/roi-tecnologia-empresas,AST-0010,28,1,0,0.025298,1479.93
TP-0001266,OPP-00279,LEAD-001577,2,3,2023-05-04,9,organic_search,(none),click,/blog/automacao-marketing-b2b,AST-0004,28,0,0,0.22681,13268.37
TP-0001267,OPP-00279,LEAD-001577,3,3,2023-05-11,2,organic_search,(not set),content_view,/webinar/integracao-erp-ao-vivo,AST-0012,43,0,1,0.747892,43751.7
TP-0001268,OPP-00280,LEAD-001585,1,4,2023-03-25,44,meta_ads,fb-leads-varejo-2023,impression,/webinar/automacao-vendas-demo,AST-0014,2,1,0,0.017185,376.34
TP-0001269,OPP-00280,LEAD-001585,2,4,2023-04-02,36,paid_search,integracao_erp_pesquisa_2023,click,/lp/demo-gratis,AST-0015,12,0,0,0.070224,1537.91
TP-0001270,OPP-00280,LEAD-001585,3,4,2023-04-07,31,paid_search,crm-b2b-keywords-2023,form_fill,/ebook/crm-para-varejo,AST-0008,62,0,0,0.368012,8059.47
TP-0001271,OPP-00280,LEAD-001585,4,4,2023-04-25,13,paid_search,integracao_erp_pesquisa_2023,click,/lp/roi-calculator,AST-0018,14,0,1,0.544579,11926.28
TP-0001272,OPP-00281,LEAD-001589,1,3,2023-04-01,41,paid_search,integracao_erp_pesquisa_2023,click,/lp/comparativo-erp,AST-0017,26,1,0,0.015365,1004.88
TP-0001273,OPP-00281,LEAD-001589,2,3,2023-05-05,7,paid_search,pesquisa_concorrentes_q2_2023,click,/lp/trial-30-dias,AST-0016,13,0,0,0.134062,8767.67
TP-0001274,OPP-00281,LEAD-001589,3,3,2023-05-07,5,paid_search,google_branded_2023,form_fill,/webinar/automacao-vendas-demo,AST-0014,72,0,1,0.850573,55627.45
TP-0001275,OPP-00282,LEAD-001591,1,8,2023-04-07,24,linkedin_ads,linkedin_prospeccao_q2_2023,impression,/blog/integracao-erp-sistemas,AST-0003,20,1,0,0.007581,1717.94
TP-0001276,OPP-00282,LEAD-001591,2,8,2023-04-09,22,email_marketing,email_reengajamento_q2_2023,click,/ebook/roi-tecnologia-empresas,AST-0010,19,0,0,0.020182,4573.28
TP-0001277,OPP-00282,LEAD-001591,3,8,2023-04-12,19,email_marketing,campanha_email_04-2023,content_view,/blog/gestao-vendas-b2b,AST-0001,60,0,0,0.03334,7554.92
TP-0001278,OPP-00282,LEAD-001591,4,8,2023-04-14,17,email_marketing,email_nurture_leads_2023,demo_request,/ebook/gestao-pipeline-vendas,AST-0009,84,0,0,0.153841,34860.36
TP-0001279,OPP-00282,LEAD-001591,5,8,2023-04-17,14,email_marketing,newsletter_mensal_04_2023,sales_call,/webinar/integracao-erp-ao-vivo,AST-0012,96,0,0,0.214431,48590.06
TP-0001280,OPP-00282,LEAD-001591,6,8,2023-04-23,8,email_marketing,campanha_email_04-2023,email_open,/webinar/integracao-erp-ao-vivo,AST-0012,18,0,0,0.036574,8287.65
TP-0001281,OPP-00282,LEAD-001591,7,8,2023-04-23,8,email_marketing,email_nurture_leads_2023,email_open,/ebook/crm-para-varejo,AST-0008,15,0,0,0.036574,8287.65
TP-0001282,OPP-00282,LEAD-001591,8,8,2023-04-30,1,email_marketing,email_nurture_leads_2023,form_fill,/webinar/crm-para-gestores,AST-0013,67,0,1,0.497476,112728.15
TP-0001283,OPP-00283,LEAD-001593,1,4,2023-03-29,39,meta_ads,ig_gestores_b2b_q1,impression,/lp/demo-gratis,AST-0015,14,1,0,0.004271,107.21
TP-0001284,OPP-00283,LEAD-001593,2,4,2023-03-29,39,meta_ads,facebook_retargeting_2023,click,/ebook/roi-tecnologia-empresas,AST-0010,33,0,0,0.009857,247.4
TP-0001285,OPP-00283,LEAD-001593,3,4,2023-04-11,26,meta_ads,meta_awareness_2023,form_fill,/lp/demo-gratis,AST-0015,46,0,0,0.091469,2295.87
TP-0001286,OPP-00283,LEAD-001593,4,4,2023-05-02,5,meta_ads,fb-leads-varejo-2023,demo_request,/ebook/gestao-pipeline-vendas,AST-0009,91,0,1,0.894403,22449.52
TP-0001287,OPP-00284,LEAD-001598,1,4,2023-04-02,43,linkedin_ads,linkedin_prospecao_q2_2023,impression,/ebook/crm-para-varejo,AST-0008,4,1,0,0.005366,643.39
TP-0001288,OPP-00284,LEAD-001598,2,4,2023-04-11,34,linkedin_ads,linkedin_decisores_ti_2023,click,/ebook/crm-para-varejo,AST-0008,34,0,0,0.023552,2823.86
TP-0001289,OPP-00284,LEAD-001598,3,4,2023-04-21,24,linkedin_ads,linkedin_gestores_2023,content_view,/lp/roi-calculator,AST-0018,38,0,0,0.064146,7691.16
TP-0001290,OPP-00284,LEAD-001598,4,4,2023-05-03,12,linkedin_ads,linkedin_decisores_ti_2023,demo_request,/webinar/automacao-vendas-demo,AST-0014,95,0,1,0.906936,108741.59
TP-0001291,OPP-00285,LEAD-001603,1,8,2023-03-29,44,webinar_evento,campanha_natal_2023,impression,/produto/api-marketplace,AST-0021,27,1,0,0.00144,279.87
TP-0001292,OPP-00285,LEAD-001603,2,8,2023-03-31,42,webinar_evento,evento_crm_gestores_q1,click,/lp/roi-calculator,AST-0018,14,0,0,0.003833,745.05
TP-0001293,OPP-00285,LEAD-001603,3,8,2023-04-07,35,webinar_evento,bf-23,form_fill,/lp/trial-30-dias,AST-0016,61,0,0,0.023169,4504.03
TP-0001294,OPP-00285,LEAD-001603,4,8,2023-04-09,33,webinar_evento,bf-23,demo_request,/webinar/automacao-vendas-demo,AST-0014,76,0,0,0.038875,7557.37
TP-0001295,OPP-00285,LEAD-001603,5,8,2023-04-12,30,webinar_evento,evento_crm_gestores_q2,sales_call,/lp/demo-gratis,AST-0015,93,0,0,0.054186,10533.83
TP-0001296,OPP-00285,LEAD-001603,6,8,2023-05-05,7,webinar_evento,black_friday_2023,email_open,/webinar/integracao-erp-ao-vivo,AST-0012,25,0,0,0.031127,6051.01
TP-0001297,OPP-00285,LEAD-001603,7,8,2023-05-08,4,webinar_evento,campanha_natal_2023,demo_request,/webinar/integracao-erp-ao-vivo,AST-0012,84,0,0,0.308521,59976.43
TP-0001298,OPP-00285,LEAD-001603,8,8,2023-05-12,0,webinar_evento,campanha-natal-2023,proposal_sent,/blog/leads-qualificados-b2b,AST-0007,71,0,1,0.53885,104752.42
TP-0001299,OPP-00286,LEAD-001608,1,6,2023-04-01,35,linkedin_ads,linkedin_gestores_2023,impression,/webinar/integracao-erp-ao-vivo,AST-0012,15,1,0,0.00411,808.03
TP-0001300,OPP-00286,LEAD-001608,2,6,2023-04-06,30,linkedin_ads,linkedin_gestores_2023,click,/lp/roi-calculator,AST-0018,33,0,0,0.013556,2665.09
TP-0001301,OPP-00286,LEAD-001608,3,6,2023-04-13,23,linkedin_ads,linkedin_prospeccao_q2_2023,content_view,/ebook/gestao-pipeline-vendas,AST-0009,27,0,0,0.0298,5858.65
TP-0001302,OPP-00286,LEAD-001608,4,6,2023-04-29,7,linkedin_ads,linkedin_prospeccao_q2_2023,demo_request,/lp/roi-calculator,AST-0018,78,0,0,0.373775,73484.16
TP-0001303,OPP-00286,LEAD-001608,5,6,2023-05-02,4,linkedin_ads,linkedin_decisores_ti_2023,sales_call,/produto/erp-connector,AST-0020,73,0,0,0.520986,102425.8
TP-0001304,OPP-00286,LEAD-001608,6,6,2023-05-06,0,linkedin_ads,linkedin_prospeccao_q2_2023,impression,/webinar/integracao-erp-ao-vivo,AST-0012,7,0,1,0.057774,11358.27
TP-0001305,OPP-00287,LEAD-001615,1,8,2023-03-18,43,webinar_evento,webinar_integracao_erp_2023,impression,/lp/demo-gratis,AST-0015,3,1,0,0.003238,344.52
TP-0001306,OPP-00287,LEAD-001615,2,8,2023-03-26,35,linkedin_ads,linkedin_decisores_ti_2023,click,/ebook/roi-tecnologia-empresas,AST-0010,31,0,0,0.013232,1407.85
TP-0001307,OPP-00287,LEAD-001615,3,8,2023-03-27,34,linkedin_ads,linkedin_gestores_2023,form_fill,/produto/api-marketplace,AST-0021,64,0,0,0.052109,5544.35
TP-0001308,OPP-00287,LEAD-001615,4,8,2023-03-29,32,linkedin_ads,linkedin_prospeccao_q1_2023,demo_request,/blog/leads-qualificados-b2b,AST-0007,81,0,0,0.087434,9302.93
TP-0001309,OPP-00287,LEAD-001615,5,8,2023-04-11,19,linkedin_ads,linkedin_decisores_ti_2023,sales_call,/ebook/gestao-pipeline-vendas,AST-0009,79,0,0,0.248945,26487.79
TP-0001310,OPP-00287,LEAD-001615,6,8,2023-04-20,10,linkedin_ads,linkedin_decisores_ti_2023,sales_call,/lp/trial-30-dias,AST-0016,91,0,0,0.473471,50377.31
TP-0001311,OPP-00287,LEAD-001615,7,8,2023-04-23,7,linkedin_ads,lkd_awareness_2023,email_open,/webinar/automacao-vendas-demo,AST-0014,9,0,0,0.06518,6935.15
TP-0001312,OPP-00287,LEAD-001615,8,8,2023-04-25,5,linkedin_ads,linkedin_gestores_2023,impression,/webinar/crm-para-gestores,AST-0013,19,0,1,0.056392,6000.11
TP-0001313,OPP-00288,LEAD-001617,1,4,2023-04-06,25,meta_ads,fb-leads-varejo-2023,impression,/produto/api-marketplace,AST-0021,1,1,0,0.01679,1212.25
TP-0001314,OPP-00288,LEAD-001617,2,4,2023-04-10,21,meta_ads,facebook_retargeting_2023,click,/lp/roi-calculator,AST-0018,24,0,0,0.051561,3722.67
TP-0001315,OPP-00288,LEAD-001617,3,4,2023-04-14,17,meta_ads,facebook_retargeting_2023,form_fill,/lp/comparativo-erp,AST-0017,77,0,0,0.251578,18163.94
TP-0001316,OPP-00288,LEAD-001617,4,4,2023-04-17,14,meta_ads,facebook_retargeting_2023,demo_request,/ebook/integracao-sistemas-guia,AST-0011,100,0,1,0.680071,49101.14
TP-0001317,OPP-00289,LEAD-001632,1,3,2023-04-12,24,organic_search,,impression,/ebook/crm-para-varejo,AST-0008,9,1,0,0.037881,2310.72
TP-0001318,OPP-00289,LEAD-001632,2,3,2023-04-22,14,organic_search,,click,/blog/integracao-erp-sistemas,AST-0003,22,0,0,0.178569,10892.7
TP-0001319,OPP-00289,LEAD-001632,3,3,2023-05-03,3,organic_search,(not set),content_view,/blog/funil-vendas-complexas,AST-0006,45,0,1,0.783551,47796.58
TP-0001320,OPP-00290,LEAD-001638,1,2,2023-05-02,14,paid_search,integracao_erp_pesquisa_2023,click,/produto/crm-integracao,AST-0019,21,1,0,0.328599,10153.7
TP-0001321,OPP-00290,LEAD-001638,2,2,2023-05-10,6,paid_search,crm-b2b-keywords-2023,click,/lp/roi-calculator,AST-0018,20,0,1,0.671401,20746.3
TP-0001322,OPP-00291,LEAD-001642,1,7,2023-04-02,43,linkedin_ads,linkedin_prospecao_q2_2023,impression,/produto/erp-connector,AST-0020,1,1,0,0.002189,101.8
TP-0001323,OPP-00291,LEAD-001642,2,7,2023-04-02,43,email_marketing,email_reengajamento_q2_2023,click,/blog/automacao-marketing-b2b,AST-0004,19,0,0,0.005052,234.93
TP-0001324,OPP-00291,LEAD-001642,3,7,2023-04-06,39,email_marketing,email_nurture_leads_2023,content_view,/blog/gestao-vendas-b2b,AST-0001,39,0,0,0.008964,416.84
TP-0001325,OPP-00291,LEAD-001642,4,7,2023-04-20,25,email_marketing,email_reengajamento_q2_2023,demo_request,/blog/automacao-marketing-b2b,AST-0004,100,0,0,0.097469,4532.32
TP-0001326,OPP-00291,LEAD-001642,5,7,2023-04-25,20,email_marketing,email_reengajamento_q2_2023,sales_call,/ebook/integracao-sistemas-guia,AST-0011,100,0,0,0.15672,7287.49
TP-0001327,OPP-00291,LEAD-001642,6,7,2023-05-01,14,email_marketing,email_reengajamento_q2_2023,demo_request,/blog/crm-para-industria,AST-0002,92,0,0,0.213845,9943.78
TP-0001328,OPP-00291,LEAD-001642,7,7,2023-05-06,9,email_marketing,newsletter_mensal_05_2023,sales_call,/lp/demo-gratis,AST-0015,87,0,1,0.51576,23982.84
TP-0001329,OPP-00292,LEAD-001644,1,4,2023-03-29,34,organic_search,,impression,/blog/funil-vendas-complexas,AST-0006,25,1,0,0.013665,987.97
TP-0001330,OPP-00292,LEAD-001644,2,4,2023-04-03,29,email_marketing,email_reengajamento_q2_2023,click,/blog/funil-vendas-complexas,AST-0006,13,0,0,0.04507,3258.57
TP-0001331,OPP-00292,LEAD-001644,3,4,2023-04-11,21,email_marketing,newsletter_mensal_04_2023,content_view,/blog/leads-qualificados-b2b,AST-0007,37,0,0,0.106413,7693.68
TP-0001332,OPP-00292,LEAD-001644,4,4,2023-04-20,12,email_marketing,email_nurture_leads_2023,form_fill,/webinar/crm-para-gestores,AST-0013,56,0,1,0.834852,60359.77
TP-0001333,OPP-00293,LEAD-001652,1,7,2023-03-24,41,linkedin_ads,linkedin_prospeccao_q1_2023,impression,/ebook/crm-para-varejo,AST-0008,14,1,0,0.001542,310.43
TP-0001334,OPP-00293,LEAD-001652,2,7,2023-03-27,38,linkedin_ads,linkedin_prospecao_q1_2023,click,/webinar/integracao-erp-ao-vivo,AST-0012,20,0,0,0.004409,887.56
TP-0001335,OPP-00293,LEAD-001652,3,7,2023-04-06,28,linkedin_ads,linkedin_gestores_2023,content_view,/ebook/gestao-pipeline-vendas,AST-0009,20,0,0,0.012009,2417.4
TP-0001336,OPP-00293,LEAD-001652,4,7,2023-04-12,22,linkedin_ads,lkd_awareness_2023,demo_request,/lp/roi-calculator,AST-0018,85,0,0,0.073738,14843.45
TP-0001337,OPP-00293,LEAD-001652,5,7,2023-04-15,19,linkedin_ads,linkedin_prospeccao_q2_2023,sales_call,/ebook/roi-tecnologia-empresas,AST-0010,70,0,0,0.10278,20689.53
TP-0001338,OPP-00293,LEAD-001652,6,7,2023-05-03,1,linkedin_ads,lkd_awareness_2023,sales_call,/lp/roi-calculator,AST-0018,89,0,0,0.371779,74839.21
TP-0001339,OPP-00293,LEAD-001652,7,7,2023-05-03,1,linkedin_ads,linkedin_prospecao_q2_2023,proposal_sent,/webinar/integracao-erp-ao-vivo,AST-0012,71,0,1,0.433743,87312.41
TP-0001340,OPP-00294,LEAD-001653,1,5,2023-03-28,41,paid_search,google_brand_keywords_2023,click,/produto/api-marketplace,AST-0021,21,1,0,0.009522,279.96
TP-0001341,OPP-00294,LEAD-001653,2,5,2023-04-05,33,paid_search,integracao_erp_pesquisa_2023,click,/produto/api-marketplace,AST-0021,23,0,0,0.012971,381.35
TP-0001342,OPP-00294,LEAD-001653,3,5,2023-04-29,9,paid_search,crm-b2b-keywords-2023,form_fill,/produto/crm-integracao,AST-0019,54,0,0,0.264087,7764.17
TP-0001343,OPP-00294,LEAD-001653,4,5,2023-05-02,6,paid_search,pesquisa_concorrentes_q2_2023,demo_request,/produto/api-marketplace,AST-0021,84,0,0,0.475925,13992.18
TP-0001344,OPP-00294,LEAD-001653,5,5,2023-05-06,2,paid_search,google_brand_keywords_2023,content_view,/ebook/roi-tecnologia-empresas,AST-0010,22,0,1,0.237495,6982.34
TP-0001345,OPP-00295,LEAD-001657,1,3,2023-04-02,39,direct,(direct),click,/produto/api-marketplace,AST-0021,52,1,0,0.01739,1471.18
TP-0001346,OPP-00295,LEAD-001657,2,3,2023-04-16,25,direct,(direct),form_fill,/lp/roi-calculator,AST-0018,53,0,0,0.133327,11279.47
TP-0001347,OPP-00295,LEAD-001657,3,3,2023-05-01,10,direct,(not set),demo_request,/produto/crm-integracao,AST-0019,84,0,1,0.849283,71849.35
TP-0001348,OPP-00296,LEAD-001658,1,5,2023-03-25,44,organic_search,(none),impression,/produto/api-marketplace,AST-0021,2,1,0,0.001877,62.87
TP-0001349,OPP-00296,LEAD-001658,2,5,2023-04-03,35,organic_search,,click,/produto/erp-connector,AST-0020,44,0,0,0.008237,275.93
TP-0001350,OPP-00296,LEAD-001658,3,5,2023-04-11,27,organic_search,(none),content_view,/blog/churn-saas-brasil,AST-0005,33,0,0,0.019447,651.48
TP-0001351,OPP-00296,LEAD-001658,4,5,2023-04-27,11,organic_search,(not set),form_fill,/lp/roi-calculator,AST-0018,70,0,0,0.167697,5617.86
TP-0001352,OPP-00296,LEAD-001658,5,5,2023-05-08,0,organic_search,(none),demo_request,/webinar/integracao-erp-ao-vivo,AST-0012,100,0,1,0.802742,26891.86
TP-0001353,OPP-00297,LEAD-001660,1,4,2023-04-05,42,organic_search,(none),impression,/webinar/automacao-vendas-demo,AST-0014,1,1,0,0.005708,216.34
TP-0001354,OPP-00297,LEAD-001660,2,4,2023-04-06,41,organic_search,,click,/blog/leads-qualificados-b2b,AST-0007,21,0,0,0.014148,536.21
TP-0001355,OPP-00297,LEAD-001660,3,4,2023-04-29,18,organic_search,(not set),content_view,/blog/crm-para-industria,AST-0002,24,0,0,0.097525,3696.21
TP-0001356,OPP-00297,LEAD-001660,4,4,2023-05-10,7,organic_search,(not set),form_fill,/blog/funil-vendas-complexas,AST-0006,65,0,1,0.882618,33451.24
TP-0001357,OPP-00298,LEAD-001661,1,4,2023-03-27,43,organic_search,(none),impression,/blog/funil-vendas-complexas,AST-0006,18,1,0,0.003556,100.98
TP-0001358,OPP-00298,LEAD-001661,2,4,2023-04-20,19,organic_search,(not set),click,/produto/crm-integracao,AST-0019,30,0,0,0.04556,1293.92
TP-0001359,OPP-00298,LEAD-001661,3,4,2023-05-04,5,organic_search,,content_view,/produto/api-marketplace,AST-0021,41,0,0,0.165128,4689.64
TP-0001360,OPP-00298,LEAD-001661,4,4,2023-05-06,3,organic_search,(not set),form_fill,/blog/integracao-erp-sistemas,AST-0003,56,0,1,0.785756,22315.46
TP-0001361,OPP-00299,LEAD-001674,1,4,2023-04-07,39,paid_search,google_branded_2023,click,/lp/trial-30-dias,AST-0016,25,1,0,0.029496,808.19
TP-0001362,OPP-00299,LEAD-001674,2,4,2023-04-16,30,paid_search,pesquisa_concorrentes_q2_2023,click,/webinar/integracao-erp-ao-vivo,AST-0012,29,0,0,0.043153,1182.39
TP-0001363,OPP-00299,LEAD-001674,3,4,2023-04-17,29,paid_search,crm-b2b-keywords-2023,form_fill,/ebook/integracao-sistemas-guia,AST-0011,75,0,0,0.169942,4656.42
TP-0001364,OPP-00299,LEAD-001674,4,4,2023-04-27,19,paid_search,integracao_erp_pesquisa_2023,demo_request,/blog/gestao-vendas-b2b,AST-0001,73,0,1,0.757409,20753.0
TP-0001365,OPP-00300,LEAD-001679,1,5,2023-04-06,30,paid_search,google_branded_2023,click,/lp/comparativo-erp,AST-0017,43,1,0,0.014029,680.39
TP-0001366,OPP-00300,LEAD-001679,2,5,2023-04-18,18,paid_search,google_brand_keywords_2023,click,/lp/trial-30-dias,AST-0016,30,0,0,0.025429,1233.3
TP-0001367,OPP-00300,LEAD-001679,3,5,2023-04-28,8,paid_search,crm-b2b-keywords-2023,form_fill,/produto/erp-connector,AST-0020,80,0,0,0.190462,9237.39
TP-0001368,OPP-00300,LEAD-001679,4,5,2023-04-30,6,paid_search,crm-b2b-keywords-2023,demo_request,/lp/demo-gratis,AST-0015,83,0,0,0.319578,15499.54
TP-0001369,OPP-00300,LEAD-001679,5,5,2023-05-01,5,paid_search,crm-b2b-keywords-2023,proposal_sent,/webinar/integracao-erp-ao-vivo,AST-0012,74,0,1,0.450503,21849.38
TP-0001370,OPP-00301,LEAD-001686,1,7,2023-03-26,44,webinar_evento,black_friday_2023,impression,/webinar/automacao-vendas-demo,AST-0014,34,1,0,0.001286,121.0
TP-0001371,OPP-00301,LEAD-001686,2,7,2023-04-10,29,linkedin_ads,linkedin_gestores_2023,click,/lp/trial-30-dias,AST-0016,25,0,0,0.008663,815.19
TP-0001372,OPP-00301,LEAD-001686,3,7,2023-04-23,16,linkedin_ads,linkedin_prospecao_q2_2023,form_fill,/lp/demo-gratis,AST-0015,80,0,0,0.080393,7564.95
TP-0001373,OPP-00301,LEAD-001686,4,7,2023-04-28,11,linkedin_ads,linkedin_prospeccao_q2_2023,demo_request,/ebook/integracao-sistemas-guia,AST-0011,72,0,0,0.167128,15726.73
TP-0001374,OPP-00301,LEAD-001686,5,7,2023-04-28,11,linkedin_ads,linkedin_prospeccao_q2_2023,sales_call,/webinar/crm-para-gestores,AST-0013,66,0,0,0.188019,17692.57
TP-0001375,OPP-00301,LEAD-001686,6,7,2023-05-04,5,linkedin_ads,linkedin_decisores_ti_2023,form_fill,/webinar/automacao-vendas-demo,AST-0014,61,0,0,0.176379,16597.29
TP-0001376,OPP-00301,LEAD-001686,7,7,2023-05-09,0,linkedin_ads,linkedin_gestores_2023,form_fill,/ebook/crm-para-varejo,AST-0008,57,0,1,0.378133,35582.27
TP-0001377,OPP-00302,LEAD-001689,1,4,2023-03-28,40,organic_search,(none),impression,/blog/churn-saas-brasil,AST-0005,2,1,0,0.004707,134.61
TP-0001378,OPP-00302,LEAD-001689,2,4,2023-04-20,17,organic_search,(none),click,/webinar/crm-para-gestores,AST-0013,9,0,0,0.056152,1605.96
TP-0001379,OPP-00302,LEAD-001689,3,4,2023-04-24,13,organic_search,,content_view,/produto/api-marketplace,AST-0021,30,0,0,0.09963,2849.43
TP-0001380,OPP-00302,LEAD-001689,4,4,2023-05-04,3,organic_search,(not set),form_fill,/blog/leads-qualificados-b2b,AST-0007,67,0,1,0.839511,24010.0
TP-0001381,OPP-00303,LEAD-001691,1,4,2023-04-07,44,paid_search,google_branded_2023,click,/lp/comparativo-erp,AST-0017,33,1,0,0.020298,2953.37
TP-0001382,OPP-00303,LEAD-001691,2,4,2023-04-13,38,email_marketing,email_reengajamento_q2_2023,click,/ebook/integracao-sistemas-guia,AST-0011,38,0,0,0.023968,3487.4
TP-0001383,OPP-00303,LEAD-001691,3,4,2023-04-21,30,email_marketing,email_reengajamento_q2_2023,form_fill,/blog/crm-para-industria,AST-0002,64,0,0,0.155625,22643.37
TP-0001384,OPP-00303,LEAD-001691,4,4,2023-05-03,18,email_marketing,email_reengajamento_q2_2023,demo_request,/blog/leads-qualificados-b2b,AST-0007,98,0,1,0.800109,116415.85
TP-0001385,OPP-00304,LEAD-001699,1,2,2023-04-26,23,organic_search,(none),impression,/produto/crm-integracao,AST-0019,1,1,0,0.200276,14099.43
TP-0001386,OPP-00304,LEAD-001699,2,2,2023-04-28,21,organic_search,(none),click,/blog/funil-vendas-complexas,AST-0006,38,0,1,0.799724,56300.57
TP-0001387,OPP-00305,LEAD-001702,1,2,2023-04-05,39,paid_search,integracao_erp_pesquisa_2023,click,/lp/trial-30-dias,AST-0016,22,1,0,0.216538,5391.79
TP-0001388,OPP-00305,LEAD-001702,2,2,2023-04-21,23,paid_search,integracao_erp_pesquisa_2023,click,/produto/erp-connector,AST-0020,3,0,1,0.783462,19508.21
TP-0001389,OPP-00306,LEAD-001703,1,7,2023-04-03,40,linkedin_ads,linkedin_prospecao_q2_2023,impression,/lp/comparativo-erp,AST-0017,23,1,0,0.002657,144.0
TP-0001390,OPP-00306,LEAD-001703,2,7,2023-04-11,32,paid_search,pesquisa_concorrentes_q2_2023,click,/lp/trial-30-dias,AST-0016,27,0,0,0.010857,588.46
TP-0001391,OPP-00306,LEAD-001703,3,7,2023-04-12,31,paid_search,integracao_erp_pesquisa_2023,content_view,/lp/comparativo-erp,AST-0017,29,0,0,0.015548,842.71
TP-0001392,OPP-00306,LEAD-001703,4,7,2023-04-15,28,paid_search,integracao_erp_pesquisa_2023,demo_request,/lp/demo-gratis,AST-0015,81,0,0,0.077055,4176.4
TP-0001393,OPP-00306,LEAD-001703,5,7,2023-04-16,27,paid_search,google_brand_keywords_2023,sales_call,/produto/api-marketplace,AST-0021,100,0,0,0.093106,5046.33
TP-0001394,OPP-00306,LEAD-001703,6,7,2023-05-09,4,paid_search,google_brand_keywords_2023,email_open,/webinar/integracao-erp-ao-vivo,AST-0012,6,0,0,0.053483,2898.79
TP-0001395,OPP-00306,LEAD-001703,7,7,2023-05-13,0,paid_search,google_branded_2023,proposal_sent,/blog/crm-para-industria,AST-0002,75,0,1,0.747293,40503.3
TP-0001396,OPP-00307,LEAD-001712,1,4,2023-04-28,25,webinar_evento,webinar_integracao_erp_2023,impression,/webinar/crm-para-gestores,AST-0013,6,1,0,0.008202,1045.73
TP-0001397,OPP-00307,LEAD-001712,2,4,2023-04-29,24,webinar_evento,campanha-natal-2023,click,/lp/trial-30-dias,AST-0016,17,0,0,0.020329,2591.91
TP-0001398,OPP-00307,LEAD-001712,3,4,2023-05-12,11,webinar_evento,evento_crm_gestores_q2,form_fill,/lp/trial-30-dias,AST-0016,70,0,0,0.188649,24052.74
TP-0001399,OPP-00307,LEAD-001712,4,4,2023-05-21,2,webinar_evento,campanha_natal_2023,demo_request,/lp/roi-calculator,AST-0018,93,0,1,0.782821,99809.62
TP-0001400,OPP-00308,LEAD-001720,1,2,2023-04-20,24,organic_search,(not set),impression,/blog/churn-saas-brasil,AST-0005,10,1,0,0.18908,6674.53
TP-0001401,OPP-00308,LEAD-001720,2,2,2023-04-23,21,organic_search,(none),click,/produto/api-marketplace,AST-0021,27,0,1,0.81092,28625.47
TP-0001402,OPP-00309,LEAD-001731,1,5,2023-04-14,41,paid_search,google_branded_2023,click,/lp/demo-gratis,AST-0015,25,1,0,0.020818,1203.27
TP-0001403,OPP-00309,LEAD-001731,2,5,2023-04-19,36,direct,(not set),click,/lp/trial-30-dias,AST-0016,43,0,0,0.022888,1322.9
TP-0001404,OPP-00309,LEAD-001731,3,5,2023-04-30,25,direct,(not set),form_fill,/produto/erp-connector,AST-0020,50,0,0,0.18412,10642.14
TP-0001405,OPP-00309,LEAD-001731,4,5,2023-05-05,20,direct,,demo_request,/webinar/automacao-vendas-demo,AST-0014,86,0,0,0.382766,22123.9
TP-0001406,OPP-00309,LEAD-001731,5,5,2023-05-23,2,direct,,click,/produto/erp-connector,AST-0020,11,0,1,0.389408,22507.79
TP-0001407,OPP-00310,LEAD-001739,1,7,2023-04-20,35,webinar_evento,black_friday_2023,impression,/produto/crm-integracao,AST-0019,12,1,0,0.002486,114.36
TP-0001408,OPP-00310,LEAD-001739,2,7,2023-04-26,29,webinar_evento,campanha_natal_2023,click,/lp/roi-calculator,AST-0018,30,0,0,0.008807,405.11
TP-0001409,OPP-00310,LEAD-001739,3,7,2023-05-03,22,webinar_evento,bf-23,form_fill,/produto/api-marketplace,AST-0021,66,0,0,0.053239,2448.99
TP-0001410,OPP-00310,LEAD-001739,4,7,2023-05-04,21,webinar_evento,campanha-natal-2023,demo_request,/produto/crm-integracao,AST-0019,89,0,0,0.083172,3825.92
TP-0001411,OPP-00310,LEAD-001739,5,7,2023-05-17,8,webinar_evento,black_friday_2023,sales_call,/lp/comparativo-erp,AST-0017,100,0,0,0.236812,10893.36
TP-0001412,OPP-00310,LEAD-001739,6,7,2023-05-19,6,webinar_evento,bf-23,sales_call,/lp/demo-gratis,AST-0015,90,0,0,0.273178,12566.2
TP-0001413,OPP-00310,LEAD-001739,7,7,2023-05-20,5,webinar_evento,webinar_integracao_erp_2023,proposal_sent,/lp/roi-calculator,AST-0018,69,0,1,0.342306,15746.06
TP-0001414,OPP-00311,LEAD-001746,1,4,2023-04-11,38,linkedin_ads,linkedin_decisores_ti_2023,impression,/lp/demo-gratis,AST-0015,11,1,0,0.021548,976.13
TP-0001415,OPP-00311,LEAD-001746,2,4,2023-04-16,33,meta_ads,meta_awareness_2023,click,/lp/roi-calculator,AST-0018,20,0,0,0.071071,3219.51
TP-0001416,OPP-00311,LEAD-001746,3,4,2023-04-16,33,meta_ads,meta_awareness_2023,content_view,/ebook/roi-tecnologia-empresas,AST-0010,26,0,0,0.094761,4292.69
TP-0001417,OPP-00311,LEAD-001746,4,4,2023-04-21,28,meta_ads,ig_gestores_b2b_q2,demo_request,/ebook/gestao-pipeline-vendas,AST-0009,85,0,1,0.81262,36811.67
TP-0001418,OPP-00312,LEAD-001747,1,6,2023-04-07,39,organic_search,(none),impression,/webinar/automacao-vendas-demo,AST-0014,2,1,0,0.002979,109.03
TP-0001419,OPP-00312,LEAD-001747,2,6,2023-04-13,33,direct,,click,/produto/api-marketplace,AST-0021,33,0,0,0.010553,386.23
TP-0001420,OPP-00312,LEAD-001747,3,6,2023-04-18,28,direct,,content_view,/produto/erp-connector,AST-0020,39,0,0,0.02011,736.02
TP-0001421,OPP-00312,LEAD-001747,4,6,2023-04-20,26,direct,(direct),form_fill,/lp/demo-gratis,AST-0015,59,0,0,0.063794,2334.87
TP-0001422,OPP-00312,LEAD-001747,5,6,2023-04-29,17,direct,(direct),click,/produto/crm-integracao,AST-0019,4,0,0,0.03309,1211.1
TP-0001423,OPP-00312,LEAD-001747,6,6,2023-05-14,2,direct,,sales_call,/produto/erp-connector,AST-0020,94,0,1,0.869474,31822.76
TP-0001424,OPP-00313,LEAD-001753,1,3,2023-04-03,43,meta_ads,facebook_retargeting_2023,impression,/ebook/gestao-pipeline-vendas,AST-0009,6,1,0,0.009085,449.69
TP-0001425,OPP-00313,LEAD-001753,2,3,2023-04-21,25,meta_ads,fb-leads-varejo-2023,click,/lp/trial-30-dias,AST-0016,33,0,0,0.075834,3753.8
TP-0001426,OPP-00313,LEAD-001753,3,3,2023-05-02,14,meta_ads,fb-leads-varejo-2023,form_fill,/lp/roi-calculator,AST-0018,71,0,1,0.915081,45296.51
TP-0001427,OPP-00314,LEAD-001757,1,4,2023-04-10,44,meta_ads,fb-leads-varejo-2023,impression,/lp/roi-calculator,AST-0018,29,1,0,0.006924,459.77
TP-0001428,OPP-00314,LEAD-001757,2,4,2023-04-22,32,meta_ads,fb-leads-varejo-2023,click,/ebook/roi-tecnologia-empresas,AST-0010,32,0,0,0.037653,2500.17
TP-0001429,OPP-00314,LEAD-001757,3,4,2023-04-28,26,meta_ads,ig_gestores_b2b_q2,form_fill,/ebook/crm-para-varejo,AST-0008,51,0,0,0.211933,14072.35
TP-0001430,OPP-00314,LEAD-001757,4,4,2023-05-03,21,meta_ads,meta_awareness_2023,sales_call,/lp/demo-gratis,AST-0015,85,0,1,0.74349,49367.71
TP-0001431,OPP-00315,LEAD-001758,1,7,2023-04-19,36,linkedin_ads,lkd_awareness_2023,impression,/webinar/crm-para-gestores,AST-0013,1,1,0,0.002403,98.76
TP-0001432,OPP-00315,LEAD-001758,2,7,2023-04-26,29,linkedin_ads,linkedin_decisores_ti_2023,click,/webinar/crm-para-gestores,AST-0013,18,0,0,0.009143,375.77
TP-0001433,OPP-00315,LEAD-001758,3,7,2023-05-03,22,linkedin_ads,linkedin_decisores_ti_2023,content_view,/webinar/crm-para-gestores,AST-0013,49,0,0,0.020099,826.06
TP-0001434,OPP-00315,LEAD-001758,4,7,2023-05-07,18,linkedin_ads,linkedin_prospeccao_q2_2023,demo_request,/webinar/crm-para-gestores,AST-0013,85,0,0,0.106983,4396.99
TP-0001435,OPP-00315,LEAD-001758,5,7,2023-05-08,17,linkedin_ads,linkedin_decisores_ti_2023,sales_call,/webinar/crm-para-gestores,AST-0013,100,0,0,0.129267,5312.87
TP-0001436,OPP-00315,LEAD-001758,6,7,2023-05-16,9,linkedin_ads,linkedin_prospeccao_q2_2023,sales_call,/lp/demo-gratis,AST-0015,100,0,0,0.228905,9408.0
TP-0001437,OPP-00315,LEAD-001758,7,7,2023-05-23,2,linkedin_ads,linkedin_prospecao_q2_2023,demo_request,/ebook/roi-tecnologia-empresas,AST-0010,89,0,1,0.503201,20681.55
TP-0001438,OPP-00316,LEAD-001760,1,5,2023-04-25,18,direct,,click,/blog/automacao-marketing-b2b,AST-0004,14,1,0,0.043161,1359.58
TP-0001439,OPP-00316,LEAD-001760,2,5,2023-04-28,15,direct,,form_fill,/lp/trial-30-dias,AST-0016,55,0,0,0.150829,4751.12
TP-0001440,OPP-00316,LEAD-001760,3,5,2023-04-28,15,direct,,demo_request,/lp/trial-30-dias,AST-0016,77,0,0,0.219388,6910.71
TP-0001441,OPP-00316,LEAD-001760,4,5,2023-05-09,4,direct,(not set),sales_call,/lp/roi-calculator,AST-0018,100,0,0,0.541497,17057.16
TP-0001442,OPP-00316,LEAD-001760,5,5,2023-05-09,4,direct,(direct),impression,/produto/crm-integracao,AST-0019,1,0,1,0.045125,1421.43
TP-0001443,OPP-00317,LEAD-001774,1,4,2023-03-31,44,organic_search,(none),impression,/ebook/roi-tecnologia-empresas,AST-0010,4,1,0,0.011475,375.23
TP-0001444,OPP-00317,LEAD-001774,2,4,2023-04-15,29,paid_search,google_branded_2023,click,/produto/crm-integracao,AST-0019,48,0,0,0.077312,2528.11
TP-0001445,OPP-00317,LEAD-001774,3,4,2023-04-21,23,paid_search,pesquisa_concorrentes_q2_2023,content_view,/lp/comparativo-erp,AST-0017,8,0,0,0.158239,5174.42
TP-0001446,OPP-00317,LEAD-001774,4,4,2023-04-23,21,paid_search,google_brand_keywords_2023,form_fill,/lp/comparativo-erp,AST-0017,62,0,1,0.752974,24622.23
TP-0001447,OPP-00318,LEAD-001778,1,4,2023-04-09,44,linkedin_ads,linkedin_prospeccao_q2_2023,impression,/ebook/integracao-sistemas-guia,AST-0011,17,1,0,0.00235,265.57
TP-0001448,OPP-00318,LEAD-001778,2,4,2023-04-20,33,linkedin_ads,linkedin_prospecao_q2_2023,click,/ebook/gestao-pipeline-vendas,AST-0009,12,0,0,0.011899,1344.6
TP-0001449,OPP-00318,LEAD-001778,3,4,2023-05-06,17,linkedin_ads,linkedin_prospeccao_q2_2023,content_view,/ebook/integracao-sistemas-guia,AST-0011,34,0,0,0.049749,5621.69
TP-0001450,OPP-00318,LEAD-001778,4,4,2023-05-22,1,linkedin_ads,linkedin_gestores_2023,demo_request,/ebook/roi-tecnologia-empresas,AST-0010,73,0,1,0.936001,105768.14
TP-0001451,OPP-00319,LEAD-001784,1,4,2023-04-15,43,email_marketing,campanha_email_04-2023,email_open,/webinar/integracao-erp-ao-vivo,AST-0012,21,1,0,0.006616,212.37
TP-0001452,OPP-00319,LEAD-001784,2,4,2023-05-17,11,email_marketing,newsletter_mensal_05_2023,click,/ebook/integracao-sistemas-guia,AST-0011,31,0,0,0.075059,2409.38
TP-0001453,OPP-00319,LEAD-001784,3,4,2023-05-21,7,email_marketing,email_reengajamento_q2_2023,content_view,/ebook/roi-tecnologia-empresas,AST-0010,33,0,0,0.133175,4274.93
TP-0001454,OPP-00319,LEAD-001784,4,4,2023-05-26,2,email_marketing,campanha_email_05-2023,form_fill,/blog/integracao-erp-sistemas,AST-0003,72,0,1,0.78515,25203.32
TP-0001455,OPP-00320,LEAD-001787,1,3,2023-04-22,31,webinar_evento,bf-23,impression,/lp/trial-30-dias,AST-0016,3,1,0,0.012731,1119.05
TP-0001456,OPP-00320,LEAD-001787,2,3,2023-05-15,8,webinar_evento,webinar_integracao_erp_2023,click,/ebook/integracao-sistemas-guia,AST-0011,29,0,0,0.151888,13350.92
TP-0001457,OPP-00320,LEAD-001787,3,3,2023-05-15,8,webinar_evento,evento_crm_gestores_q2,form_fill,/blog/integracao-erp-sistemas,AST-0003,43,0,1,0.835382,73430.03
TP-0001458,OPP-00321,LEAD-001789,1,5,2023-04-08,44,direct,(not set),click,/produto/erp-connector,AST-0020,40,1,0,0.004733,885.58
TP-0001459,OPP-00321,LEAD-001789,2,5,2023-04-21,31,paid_search,pesquisa_concorrentes_q2_2023,form_fill,/produto/api-marketplace,AST-0021,69,0,0,0.033788,6321.66
TP-0001460,OPP-00321,LEAD-001789,3,5,2023-05-01,21,paid_search,pesquisa_concorrentes_q2_2023,demo_request,/webinar/integracao-erp-ao-vivo,AST-0012,72,0,0,0.100391,18783.16
TP-0001461,OPP-00321,LEAD-001789,4,5,2023-05-08,14,paid_search,google_branded_2023,sales_call,/produto/api-marketplace,AST-0021,82,0,0,0.186206,34839.21
TP-0001462,OPP-00321,LEAD-001789,5,5,2023-05-22,0,paid_search,pesquisa_concorrentes_q2_2023,demo_request,/lp/demo-gratis,AST-0015,98,0,1,0.674882,126270.39
TP-0001463,OPP-00322,LEAD-001792,1,7,2023-04-06,41,linkedin_ads,linkedin_gestores_2023,impression,/webinar/integracao-erp-ao-vivo,AST-0012,3,1,0,0.001177,120.52
TP-0001464,OPP-00322,LEAD-001792,2,7,2023-04-10,37,direct,(direct),click,/blog/automacao-marketing-b2b,AST-0004,24,0,0,0.003614,370.09
TP-0001465,OPP-00322,LEAD-001792,3,7,2023-04-24,23,direct,,content_view,/produto/crm-integracao,AST-0019,22,0,0,0.013099,1341.36
TP-0001466,OPP-00322,LEAD-001792,4,7,2023-05-02,15,direct,(direct),demo_request,/lp/trial-30-dias,AST-0016,63,0,0,0.092784,9501.09
TP-0001467,OPP-00322,LEAD-001792,5,7,2023-05-14,3,direct,(not set),sales_call,/produto/crm-integracao,AST-0019,82,0,0,0.245968,25187.11
TP-0001468,OPP-00322,LEAD-001792,6,7,2023-05-17,0,direct,(direct),proposal_sent,/lp/roi-calculator,AST-0018,90,0,0,0.237027,24271.52
TP-0001469,OPP-00322,LEAD-001792,7,7,2023-05-17,0,direct,(not set),demo_request,/lp/demo-gratis,AST-0015,70,0,1,0.406331,41608.32
TP-0001470,OPP-00323,LEAD-001802,1,5,2023-04-21,29,linkedin_ads,linkedin_decisores_ti_2023,impression,/webinar/integracao-erp-ao-vivo,AST-0012,23,1,0,0.003966,140.8
TP-0001471,OPP-00323,LEAD-001802,2,5,2023-04-25,25,linkedin_ads,linkedin_prospecao_q2_2023,click,/lp/demo-gratis,AST-0015,17,0,0,0.01218,432.38
TP-0001472,OPP-00323,LEAD-001802,3,5,2023-04-26,24,linkedin_ads,linkedin_gestores_2023,content_view,/lp/demo-gratis,AST-0015,22,0,0,0.017442,619.19
TP-0001473,OPP-00323,LEAD-001802,4,5,2023-05-17,3,linkedin_ads,linkedin_prospecao_q2_2023,demo_request,/ebook/gestao-pipeline-vendas,AST-0009,98,0,0,0.312677,11100.02
TP-0001474,OPP-00323,LEAD-001802,5,5,2023-05-20,0,linkedin_ads,linkedin_prospeccao_q2_2023,sales_call,/blog/gestao-vendas-b2b,AST-0001,86,0,1,0.653736,23207.62
TP-0001475,OPP-00324,LEAD-001815,1,7,2023-04-08,44,linkedin_ads,linkedin_prospeccao_q2_2023,impression,/ebook/roi-tecnologia-empresas,AST-0010,10,1,0,0.002865,601.95
TP-0001476,OPP-00324,LEAD-001815,2,7,2023-04-09,43,organic_search,(not set),click,/produto/api-marketplace,AST-0021,19,0,0,0.007101,1491.96
TP-0001477,OPP-00324,LEAD-001815,3,7,2023-04-13,39,organic_search,(none),content_view,/blog/crm-para-industria,AST-0002,35,0,0,0.0126,2647.17
TP-0001478,OPP-00324,LEAD-001815,4,7,2023-04-26,26,organic_search,(none),demo_request,/blog/leads-qualificados-b2b,AST-0007,73,0,0,0.127552,26798.77
TP-0001479,OPP-00324,LEAD-001815,5,7,2023-05-05,17,organic_search,(not set),sales_call,/blog/automacao-marketing-b2b,AST-0004,100,0,0,0.272917,57339.87
TP-0001480,OPP-00324,LEAD-001815,6,7,2023-05-10,12,organic_search,(none),demo_request,/produto/crm-integracao,AST-0019,84,0,0,0.346724,72846.62
TP-0001481,OPP-00324,LEAD-001815,7,7,2023-05-18,4,organic_search,,content_view,/webinar/crm-para-gestores,AST-0013,27,0,1,0.230241,48373.66
TP-0001482,OPP-00325,LEAD-001820,1,2,2023-05-03,20,paid_search,google_branded_2023,click,/blog/churn-saas-brasil,AST-0005,36,1,0,0.204665,5178.03
TP-0001483,OPP-00325,LEAD-001820,2,2,2023-05-20,3,paid_search,google_branded_2023,click,/produto/api-marketplace,AST-0021,29,0,1,0.795335,20121.97
TP-0001484,OPP-00326,LEAD-001821,1,7,2023-04-20,32,linkedin_ads,linkedin_decisores_ti_2023,impression,/lp/roi-calculator,AST-0018,29,1,0,0.005065,545.48
TP-0001485,OPP-00326,LEAD-001821,2,7,2023-04-22,30,organic_search,(not set),click,/lp/roi-calculator,AST-0018,18,0,0,0.013483,1452.11
TP-0001486,OPP-00326,LEAD-001821,3,7,2023-04-26,26,organic_search,(none),content_view,/blog/integracao-erp-sistemas,AST-0003,36,0,0,0.023922,2576.45
TP-0001487,OPP-00326,LEAD-001821,4,7,2023-04-29,23,organic_search,(not set),demo_request,/produto/crm-integracao,AST-0019,94,0,0,0.118558,12768.65
TP-0001488,OPP-00326,LEAD-001821,5,7,2023-05-01,21,organic_search,(none),sales_call,/produto/crm-integracao,AST-0019,69,0,0,0.153859,16570.65
TP-0001489,OPP-00326,LEAD-001821,6,7,2023-05-13,9,organic_search,(none),content_view,/blog/crm-para-industria,AST-0002,35,0,0,0.080568,8677.2
TP-0001490,OPP-00326,LEAD-001821,7,7,2023-05-18,4,organic_search,(not set),proposal_sent,/produto/crm-integracao,AST-0019,61,0,1,0.604545,65109.45
TP-0001491,OPP-00327,LEAD-001837,1,7,2023-04-11,44,email_marketing,newsletter_mensal_04_2023,email_open,/produto/erp-connector,AST-0020,25,1,0,0.017982,544.84
TP-0001492,OPP-00327,LEAD-001837,2,7,2023-04-14,41,direct,,click,/lp/comparativo-erp,AST-0017,24,0,0,0.025706,778.9
TP-0001493,OPP-00327,LEAD-001837,3,7,2023-04-16,39,direct,(not set),content_view,/produto/crm-integracao,AST-0019,24,0,0,0.039538,1198.01
TP-0001494,OPP-00327,LEAD-001837,4,7,2023-04-23,32,direct,(not set),form_fill,/produto/crm-integracao,AST-0019,70,0,0,0.179267,5431.78
TP-0001495,OPP-00327,LEAD-001837,5,7,2023-05-02,23,direct,(not set),demo_request,/webinar/integracao-erp-ao-vivo,AST-0012,86,0,0,0.495925,15026.52
TP-0001496,OPP-00327,LEAD-001837,6,7,2023-05-08,17,direct,,impression,/lp/comparativo-erp,AST-0017,23,0,0,0.04758,1441.67
TP-0001497,OPP-00327,LEAD-001837,7,7,2023-05-22,3,direct,,impression,/lp/comparativo-erp,AST-0017,1,0,1,0.194003,5878.28
TP-0001498,OPP-00328,LEAD-001839,1,4,2023-04-25,29,direct,(not set),click,/produto/erp-connector,AST-0020,12,1,0,0.017718,3008.57
TP-0001499,OPP-00328,LEAD-001839,2,4,2023-05-01,23,direct,(not set),form_fill,/lp/trial-30-dias,AST-0016,62,0,0,0.076714,13026.1
TP-0001500,OPP-00328,LEAD-001839,3,4,2023-05-02,22,direct,,demo_request,/lp/roi-calculator,AST-0018,93,0,0,0.119846,20349.91
TP-0001501,OPP-00328,LEAD-001839,4,4,2023-05-21,3,direct,(direct),sales_call,/lp/demo-gratis,AST-0015,89,0,1,0.785721,133415.42
TP-0001502,OPP-00329,LEAD-001849,1,6,2023-04-10,44,organic_search,,impression,/blog/leads-qualificados-b2b,AST-0007,3,1,0,0.002885,87.99
TP-0001503,OPP-00329,LEAD-001849,2,6,2023-04-17,37,organic_search,(not set),click,/produto/erp-connector,AST-0020,27,0,0,0.010977,334.79
TP-0001504,OPP-00329,LEAD-001849,3,6,2023-04-27,27,organic_search,(not set),content_view,/lp/demo-gratis,AST-0015,9,0,0,0.029896,911.83
TP-0001505,OPP-00329,LEAD-001849,4,6,2023-05-07,17,organic_search,,form_fill,/blog/automacao-marketing-b2b,AST-0004,58,0,0,0.167942,5122.22
TP-0001506,OPP-00329,LEAD-001849,5,6,2023-05-08,16,organic_search,(none),email_open,/produto/crm-integracao,AST-0019,14,0,0,0.032796,1000.27
TP-0001507,OPP-00329,LEAD-001849,6,6,2023-05-19,5,organic_search,,proposal_sent,/blog/gestao-vendas-b2b,AST-0001,65,0,1,0.755505,23042.9
TP-0001508,OPP-00330,LEAD-001851,1,2,2023-04-15,38,paid_search,google_branded_2023,click,/produto/crm-integracao,AST-0019,28,1,0,0.446572,55821.55
TP-0001509,OPP-00330,LEAD-001851,2,2,2023-04-16,37,paid_search,google_branded_2023,click,/lp/comparativo-erp,AST-0017,32,0,1,0.553428,69178.45
TP-0001510,OPP-00331,LEAD-001857,1,3,2023-04-16,42,organic_search,(not set),impression,/blog/churn-saas-brasil,AST-0005,11,1,0,0.072853,3985.07
TP-0001511,OPP-00331,LEAD-001857,2,3,2023-04-21,37,organic_search,(not set),click,/produto/erp-connector,AST-0020,24,0,0,0.240288,13143.76
TP-0001512,OPP-00331,LEAD-001857,3,3,2023-04-26,32,organic_search,(none),content_view,/lp/trial-30-dias,AST-0016,43,0,1,0.686859,37571.17
TP-0001513,OPP-00332,LEAD-001860,1,5,2023-04-04,43,paid_search,google_branded_2023,click,/lp/trial-30-dias,AST-0016,32,1,0,0.029607,4219.0
TP-0001514,OPP-00332,LEAD-001860,2,5,2023-04-06,41,webinar_evento,black_friday_2023,click,/webinar/automacao-vendas-demo,AST-0014,25,0,0,0.026272,3743.77
TP-0001515,OPP-00332,LEAD-001860,3,5,2023-04-16,31,webinar_evento,bf-23,form_fill,/webinar/integracao-erp-ao-vivo,AST-0012,52,0,0,0.196778,28040.81
TP-0001516,OPP-00332,LEAD-001860,4,5,2023-04-16,31,webinar_evento,black_friday_2023,demo_request,/lp/trial-30-dias,AST-0016,97,0,0,0.286222,40786.63
TP-0001517,OPP-00332,LEAD-001860,5,5,2023-04-17,30,webinar_evento,campanha_natal_2023,demo_request,/webinar/integracao-erp-ao-vivo,AST-0012,81,0,1,0.461121,65709.79
TP-0001518,OPP-00333,LEAD-001864,1,5,2023-04-20,36,organic_search,(not set),impression,/produto/api-marketplace,AST-0021,14,1,0,0.012631,1068.62
TP-0001519,OPP-00333,LEAD-001864,2,5,2023-04-29,27,organic_search,,click,/blog/churn-saas-brasil,AST-0005,34,0,0,0.05544,4690.2
TP-0001520,OPP-00333,LEAD-001864,3,5,2023-05-07,19,organic_search,,content_view,/ebook/roi-tecnologia-empresas,AST-0010,35,0,0,0.130896,11073.84
TP-0001521,OPP-00333,LEAD-001864,4,5,2023-05-13,13,organic_search,(not set),form_fill,/ebook/gestao-pipeline-vendas,AST-0009,60,0,0,0.552569,46747.34
TP-0001522,OPP-00333,LEAD-001864,5,5,2023-05-20,6,organic_search,(not set),email_open,/produto/api-marketplace,AST-0021,17,0,1,0.248463,21020.0
TP-0001523,OPP-00334,LEAD-001876,1,7,2023-04-25,38,linkedin_ads,linkedin_decisores_ti_2023,impression,/lp/comparativo-erp,AST-0017,12,1,0,0.002791,96.56
TP-0001524,OPP-00334,LEAD-001876,2,7,2023-04-27,36,linkedin_ads,lkd_awareness_2023,click,/ebook/gestao-pipeline-vendas,AST-0009,25,0,0,0.007429,257.05
TP-0001525,OPP-00334,LEAD-001876,3,7,2023-04-28,35,linkedin_ads,lkd_awareness_2023,content_view,/lp/comparativo-erp,AST-0017,55,0,0,0.010639,368.11
TP-0001526,OPP-00334,LEAD-001876,4,7,2023-05-17,16,linkedin_ads,linkedin_decisores_ti_2023,demo_request,/lp/trial-30-dias,AST-0016,95,0,0,0.165332,5720.47
TP-0001527,OPP-00334,LEAD-001876,5,7,2023-05-20,13,linkedin_ads,linkedin_decisores_ti_2023,sales_call,/webinar/crm-para-gestores,AST-0013,88,0,0,0.230447,7973.48
TP-0001528,OPP-00334,LEAD-001876,6,7,2023-05-23,10,linkedin_ads,linkedin_gestores_2023,form_fill,/lp/demo-gratis,AST-0015,76,0,0,0.174484,6037.14
TP-0001529,OPP-00334,LEAD-001876,7,7,2023-05-24,9,linkedin_ads,linkedin_decisores_ti_2023,demo_request,/produto/crm-integracao,AST-0019,98,0,1,0.408879,14147.2
TP-0001530,OPP-00335,LEAD-001882,1,4,2023-04-21,33,paid_search,pesquisa_concorrentes_q2_2023,click,/lp/roi-calculator,AST-0018,13,1,0,0.03151,2111.2
TP-0001531,OPP-00335,LEAD-001882,2,4,2023-04-30,24,paid_search,google_brand_keywords_2023,click,/ebook/gestao-pipeline-vendas,AST-0009,23,0,0,0.0461,3088.7
TP-0001532,OPP-00335,LEAD-001882,3,4,2023-04-30,24,paid_search,crm-b2b-keywords-2023,form_fill,/lp/roi-calculator,AST-0018,54,0,0,0.169033,11325.22
TP-0001533,OPP-00335,LEAD-001882,4,4,2023-05-10,14,paid_search,integracao_erp_pesquisa_2023,demo_request,/ebook/integracao-sistemas-guia,AST-0011,79,0,1,0.753357,50474.89
TP-0001534,OPP-00336,LEAD-001900,1,5,2023-04-23,41,webinar_evento,bf-23,impression,/webinar/automacao-vendas-demo,AST-0014,34,1,0,0.002216,460.53
TP-0001535,OPP-00336,LEAD-001900,2,5,2023-04-23,41,organic_search,(not set),click,/produto/erp-connector,AST-0020,33,0,0,0.005114,1062.77
TP-0001536,OPP-00336,LEAD-001900,3,5,2023-05-01,33,organic_search,(not set),form_fill,/blog/churn-saas-brasil,AST-0005,53,0,0,0.033207,6900.49
TP-0001537,OPP-00336,LEAD-001900,4,5,2023-05-11,23,organic_search,(none),demo_request,/blog/crm-para-industria,AST-0002,97,0,0,0.098667,20503.01
TP-0001538,OPP-00336,LEAD-001900,5,5,2023-06-03,0,organic_search,(none),sales_call,/produto/crm-integracao,AST-0019,99,0,1,0.860795,178873.19
TP-0001539,OPP-00337,LEAD-001901,1,2,2023-04-28,36,organic_search,,impression,/blog/integracao-erp-sistemas,AST-0003,1,1,0,0.211962,32536.11
TP-0001540,OPP-00337,LEAD-001901,2,2,2023-04-29,35,organic_search,(not set),click,/webinar/integracao-erp-ao-vivo,AST-0012,38,0,1,0.788038,120963.89
TP-0001541,OPP-00338,LEAD-001906,1,6,2023-04-25,38,webinar_evento,black_friday_2023,impression,/lp/demo-gratis,AST-0015,28,1,0,0.008373,501.57
TP-0001542,OPP-00338,LEAD-001906,2,6,2023-05-01,32,organic_search,,click,/produto/erp-connector,AST-0020,30,0,0,0.029663,1776.79
TP-0001543,OPP-00338,LEAD-001906,3,6,2023-05-05,28,organic_search,,form_fill,/produto/erp-connector,AST-0020,67,0,0,0.144732,8669.47
TP-0001544,OPP-00338,LEAD-001906,4,6,2023-05-09,24,organic_search,,demo_request,/produto/api-marketplace,AST-0021,82,0,0,0.280141,16780.47
TP-0001545,OPP-00338,LEAD-001906,5,6,2023-05-13,20,organic_search,(none),sales_call,/produto/api-marketplace,AST-0021,85,0,0,0.419386,25121.23
TP-0001546,OPP-00338,LEAD-001906,6,6,2023-05-30,3,organic_search,(none),impression,/produto/erp-connector,AST-0020,7,0,1,0.117704,7050.46
TP-0001547,OPP-00339,LEAD-001911,1,8,2023-05-06,30,webinar_evento,bf-23,impression,/lp/demo-gratis,AST-0015,23,1,0,0.003791,181.97
TP-0001548,OPP-00339,LEAD-001911,2,8,2023-05-06,30,direct,(direct),click,/lp/roi-calculator,AST-0018,29,0,0,0.008748,419.93
TP-0001549,OPP-00339,LEAD-001911,3,8,2023-05-15,21,direct,,form_fill,/blog/automacao-marketing-b2b,AST-0004,64,0,0,0.061009,2928.43
TP-0001550,OPP-00339,LEAD-001911,4,8,2023-05-20,16,direct,(not set),demo_request,/lp/trial-30-dias,AST-0016,70,0,0,0.126831,6087.9
TP-0001551,OPP-00339,LEAD-001911,5,8,2023-05-21,15,direct,,sales_call,/lp/trial-30-dias,AST-0016,100,0,0,0.15325,7355.99
TP-0001552,OPP-00339,LEAD-001911,6,8,2023-05-25,11,direct,(direct),form_fill,/produto/crm-integracao,AST-0019,52,0,0,0.124625,5981.99
TP-0001553,OPP-00339,LEAD-001911,7,8,2023-05-31,5,direct,(not set),click,/lp/trial-30-dias,AST-0016,18,0,0,0.052175,2504.38
TP-0001554,OPP-00339,LEAD-001911,8,8,2023-05-31,5,direct,(not set),sales_call,/lp/demo-gratis,AST-0015,92,0,1,0.469571,22539.42
TP-0001555,OPP-00340,LEAD-001926,1,5,2023-04-29,38,organic_search,(none),impression,/blog/gestao-vendas-b2b,AST-0001,1,1,0,0.007181,236.96
TP-0001556,OPP-00340,LEAD-001926,2,5,2023-05-18,19,paid_search,google_brand_keywords_2023,click,/blog/crm-para-industria,AST-0002,27,0,0,0.064378,2124.46
TP-0001557,OPP-00340,LEAD-001926,3,5,2023-05-22,15,paid_search,google_branded_2023,content_view,/lp/trial-30-dias,AST-0016,24,0,0,0.114224,3769.39
TP-0001558,OPP-00340,LEAD-001926,4,5,2023-06-02,4,paid_search,integracao_erp_pesquisa_2023,form_fill,/produto/api-marketplace,AST-0021,41,0,0,0.689162,22742.35
TP-0001559,OPP-00340,LEAD-001926,5,5,2023-06-06,0,paid_search,crm-b2b-keywords-2023,impression,/webinar/crm-para-gestores,AST-0013,18,0,1,0.125056,4126.84
TP-0001560,OPP-00341,LEAD-001933,1,6,2023-05-07,28,linkedin_ads,linkedin_prospecao_q2_2023,impression,/webinar/automacao-vendas-demo,AST-0014,9,1,0,0.004489,439.9
TP-0001561,OPP-00341,LEAD-001933,2,6,2023-05-21,14,linkedin_ads,linkedin_decisores_ti_2023,click,/webinar/crm-para-gestores,AST-0013,9,0,0,0.028158,2759.47
TP-0001562,OPP-00341,LEAD-001933,3,6,2023-05-22,13,linkedin_ads,linkedin_gestores_2023,content_view,/ebook/roi-tecnologia-empresas,AST-0010,32,0,0,0.040324,3951.72
TP-0001563,OPP-00341,LEAD-001933,4,6,2023-05-29,6,linkedin_ads,linkedin_gestores_2023,demo_request,/webinar/integracao-erp-ao-vivo,AST-0012,68,0,0,0.26593,26061.14
TP-0001564,OPP-00341,LEAD-001933,5,6,2023-05-30,5,linkedin_ads,linkedin_prospeccao_q2_2023,sales_call,/ebook/gestao-pipeline-vendas,AST-0009,92,0,0,0.321322,31489.59
TP-0001565,OPP-00341,LEAD-001933,6,6,2023-06-01,3,linkedin_ads,linkedin_decisores_ti_2023,form_fill,/ebook/integracao-sistemas-guia,AST-0011,55,0,1,0.339777,33298.18
TP-0001566,OPP-00342,LEAD-001935,1,5,2023-04-09,44,webinar_evento,evento_crm_gestores_q2,impression,/ebook/roi-tecnologia-empresas,AST-0010,9,1,0,0.003554,191.55
TP-0001567,OPP-00342,LEAD-001935,2,5,2023-04-09,44,linkedin_ads,lkd_awareness_2023,click,/blog/automacao-marketing-b2b,AST-0004,37,0,0,0.008201,442.05
TP-0001568,OPP-00342,LEAD-001935,3,5,2023-04-19,34,linkedin_ads,linkedin_prospeccao_q2_2023,form_fill,/ebook/roi-tecnologia-empresas,AST-0010,60,0,0,0.061428,3310.95
TP-0001569,OPP-00342,LEAD-001935,4,5,2023-04-26,27,linkedin_ads,linkedin_prospeccao_q2_2023,demo_request,/blog/leads-qualificados-b2b,AST-0007,76,0,0,0.147312,7940.12
TP-0001570,OPP-00342,LEAD-001935,5,5,2023-05-12,11,linkedin_ads,linkedin_prospeccao_q2_2023,sales_call,/lp/demo-gratis,AST-0015,100,0,1,0.779505,42015.32
TP-0001571,OPP-00343,LEAD-001946,1,3,2023-05-05,19,webinar_evento,webinar_integracao_erp_2023,impression,/lp/comparativo-erp,AST-0017,24,1,0,0.024652,5379.12
TP-0001572,OPP-00343,LEAD-001946,2,3,2023-05-16,8,webinar_evento,black_friday_2023,click,/webinar/crm-para-gestores,AST-0013,16,0,0,0.124815,27234.55
TP-0001573,OPP-00343,LEAD-001946,3,3,2023-05-19,5,webinar_evento,campanha-natal-2023,form_fill,/ebook/gestao-pipeline-vendas,AST-0009,65,0,1,0.850533,185586.33
TP-0001574,OPP-00344,LEAD-001952,1,8,2023-04-17,44,linkedin_ads,linkedin_prospecao_q2_2023,impression,/lp/demo-gratis,AST-0015,24,1,0,0.003188,318.17
TP-0001575,OPP-00344,LEAD-001952,2,8,2023-04-18,43,linkedin_ads,lkd_awareness_2023,click,/webinar/crm-para-gestores,AST-0013,21,0,0,0.007902,788.6
TP-0001576,OPP-00344,LEAD-001952,3,8,2023-04-22,39,linkedin_ads,linkedin_prospeccao_q2_2023,content_view,/ebook/gestao-pipeline-vendas,AST-0009,32,0,0,0.01402,1399.2
TP-0001577,OPP-00344,LEAD-001952,4,8,2023-04-22,39,linkedin_ads,linkedin_decisores_ti_2023,demo_request,/webinar/automacao-vendas-demo,AST-0014,93,0,0,0.05608,5596.81
TP-0001578,OPP-00344,LEAD-001952,5,8,2023-04-27,34,linkedin_ads,linkedin_decisores_ti_2023,sales_call,/lp/roi-calculator,AST-0018,100,0,0,0.090171,8999.08
TP-0001579,OPP-00344,LEAD-001952,6,8,2023-05-22,9,linkedin_ads,lkd_awareness_2023,click,/lp/comparativo-erp,AST-0017,29,0,0,0.089628,8944.84
TP-0001580,OPP-00344,LEAD-001952,7,8,2023-05-24,7,linkedin_ads,linkedin_decisores_ti_2023,impression,/webinar/integracao-erp-ao-vivo,AST-0012,19,0,0,0.034464,3439.49
TP-0001581,OPP-00344,LEAD-001952,8,8,2023-05-27,4,linkedin_ads,linkedin_prospecao_q2_2023,form_fill,/lp/roi-calculator,AST-0018,53,0,1,0.704547,70313.81
TP-0001582,OPP-00345,LEAD-001972,1,4,2023-05-05,25,paid_search,google_branded_2023,click,/produto/erp-connector,AST-0020,28,1,0,0.024186,706.24
TP-0001583,OPP-00345,LEAD-001972,2,4,2023-05-11,19,organic_search,,click,/blog/gestao-vendas-b2b,AST-0001,25,0,0,0.02856,833.94
TP-0001584,OPP-00345,LEAD-001972,3,4,2023-05-13,17,organic_search,(not set),form_fill,/produto/api-marketplace,AST-0021,51,0,0,0.120799,3527.34
TP-0001585,OPP-00345,LEAD-001972,4,4,2023-05-29,1,organic_search,(not set),demo_request,/webinar/crm-para-gestores,AST-0013,100,0,1,0.826455,24132.49
TP-0001586,OPP-00346,LEAD-001975,1,6,2023-04-16,42,webinar_evento,bf-23,impression,/lp/roi-calculator,AST-0018,8,1,0,0.001957,91.22
TP-0001587,OPP-00346,LEAD-001975,2,6,2023-04-29,29,webinar_evento,evento_crm_gestores_q2,click,/lp/roi-calculator,AST-0018,29,0,0,0.011433,532.76
TP-0001588,OPP-00346,LEAD-001975,3,6,2023-05-01,27,webinar_evento,evento_crm_gestores_q2,form_fill,/lp/trial-30-dias,AST-0016,63,0,0,0.048357,2253.45
TP-0001589,OPP-00346,LEAD-001975,4,6,2023-05-15,13,webinar_evento,bf-23,demo_request,/ebook/crm-para-varejo,AST-0008,88,0,0,0.191198,8909.85
TP-0001590,OPP-00346,LEAD-001975,5,6,2023-05-15,13,webinar_evento,campanha_natal_2023,sales_call,/webinar/crm-para-gestores,AST-0013,73,0,0,0.215098,10023.58
TP-0001591,OPP-00346,LEAD-001975,6,6,2023-05-22,6,webinar_evento,evento_crm_gestores_q2,sales_call,/webinar/automacao-vendas-demo,AST-0014,82,0,1,0.531956,24789.13
TP-0001592,OPP-00347,LEAD-001983,1,4,2023-05-02,31,organic_search,(none),impression,/ebook/gestao-pipeline-vendas,AST-0009,6,1,0,0.02846,2325.16
TP-0001593,OPP-00347,LEAD-001983,2,4,2023-05-03,30,organic_search,(not set),click,/produto/crm-integracao,AST-0019,30,0,0,0.070539,5763.04
TP-0001594,OPP-00347,LEAD-001983,3,4,2023-05-05,28,organic_search,(none),content_view,/blog/crm-para-industria,AST-0002,46,0,0,0.108495,8864.05
TP-0001595,OPP-00347,LEAD-001983,4,4,2023-05-13,20,organic_search,(none),form_fill,/blog/leads-qualificados-b2b,AST-0007,71,0,1,0.792506,64747.75
TP-0001596,OPP-00348,LEAD-001985,1,3,2023-04-21,42,paid_search,crm-b2b-keywords-2023,click,/lp/roi-calculator,AST-0018,20,1,0,0.047105,5256.9
TP-0001597,OPP-00348,LEAD-001985,2,3,2023-04-28,35,paid_search,integracao_erp_pesquisa_2023,click,/lp/roi-calculator,AST-0018,37,0,0,0.059741,6667.05
TP-0001598,OPP-00348,LEAD-001985,3,3,2023-05-12,21,paid_search,crm-b2b-keywords-2023,form_fill,/lp/roi-calculator,AST-0018,72,0,1,0.893155,99676.05
TP-0001599,OPP-00349,LEAD-001991,1,9,2023-04-21,37,linkedin_ads,linkedin_prospeccao_q2_2023,impression,/webinar/integracao-erp-ao-vivo,AST-0012,14,1,0,0.001963,188.64
TP-0001600,OPP-00349,LEAD-001991,2,9,2023-04-24,34,meta_ads,fb-leads-varejo-2023,click,/ebook/crm-para-varejo,AST-0008,32,0,0,0.005613,539.37
TP-0001601,OPP-00349,LEAD-001991,3,9,2023-04-24,34,meta_ads,fb-leads-varejo-2023,content_view,/ebook/crm-para-varejo,AST-0008,46,0,0,0.007483,719.15
TP-0001602,OPP-00349,LEAD-001991,4,9,2023-04-30,28,meta_ads,meta_awareness_2023,demo_request,/lp/roi-calculator,AST-0018,100,0,0,0.04595,4415.79
TP-0001603,OPP-00349,LEAD-001991,5,9,2023-05-04,24,meta_ads,ig_gestores_b2b_q2,sales_call,/ebook/gestao-pipeline-vendas,AST-0009,100,0,0,0.068789,6610.66
TP-0001604,OPP-00349,LEAD-001991,6,9,2023-05-08,20,meta_ads,fb-leads-varejo-2023,click,/ebook/gestao-pipeline-vendas,AST-0009,27,0,0,0.015256,1466.15
TP-0001605,OPP-00349,LEAD-001991,7,9,2023-05-13,15,meta_ads,meta_awareness_2023,email_open,/lp/trial-30-dias,AST-0016,24,0,0,0.014537,1396.98
TP-0001606,OPP-00349,LEAD-001991,8,9,2023-05-26,2,meta_ads,meta_awareness_2023,sales_call,/webinar/automacao-vendas-demo,AST-0014,90,0,0,0.331119,31820.53
TP-0001607,OPP-00349,LEAD-001991,9,9,2023-05-28,0,meta_ads,fb-leads-varejo-2023,demo_request,/lp/trial-30-dias,AST-0016,100,0,1,0.50929,48942.73
TP-0001608,OPP-00350,LEAD-001993,1,5,2023-04-24,43,direct,,click,/lp/demo-gratis,AST-0015,26,1,0,0.026051,2920.37
TP-0001609,OPP-00350,LEAD-001993,2,5,2023-04-29,38,direct,,form_fill,/produto/crm-integracao,AST-0019,75,0,0,0.105018,11772.56
TP-0001610,OPP-00350,LEAD-001993,3,5,2023-05-08,29,direct,(not set),demo_request,/lp/trial-30-dias,AST-0016,87,0,0,0.290524,32567.74
TP-0001611,OPP-00350,LEAD-001993,4,5,2023-05-13,24,direct,(not set),sales_call,/lp/trial-30-dias,AST-0016,95,0,0,0.467132,52365.51
TP-0001612,OPP-00350,LEAD-001993,5,5,2023-05-18,19,direct,(direct),email_open,/lp/roi-calculator,AST-0018,18,0,1,0.111274,12473.81
TP-0001613,OPP-00351,LEAD-001994,1,2,2023-05-11,28,paid_search,google_brand_keywords_2023,click,/produto/crm-integracao,AST-0019,11,1,0,0.135008,10746.63
TP-0001614,OPP-00351,LEAD-001994,2,2,2023-06-04,4,paid_search,pesquisa_concorrentes_q2_2023,click,/produto/api-marketplace,AST-0021,26,0,1,0.864992,68853.37
TP-0001615,OPP-00352,LEAD-001996,1,4,2023-05-07,24,webinar_evento,campanha_natal_2023,impression,/lp/trial-30-dias,AST-0016,16,1,0,0.008592,1144.41
TP-0001616,OPP-00352,LEAD-001996,2,4,2023-05-09,22,direct,(not set),click,/produto/crm-integracao,AST-0019,40,0,0,0.022872,3046.52
TP-0001617,OPP-00352,LEAD-001996,3,4,2023-05-17,14,direct,(not set),form_fill,/lp/comparativo-erp,AST-0017,74,0,0,0.148504,19780.77
TP-0001618,OPP-00352,LEAD-001996,4,4,2023-05-30,1,direct,,demo_request,/produto/crm-integracao,AST-0019,88,0,1,0.820032,109228.3
TP-0001619,OPP-00353,LEAD-001999,1,3,2023-04-21,44,webinar_evento,black_friday_2023,impression,/blog/churn-saas-brasil,AST-0005,1,1,0,0.00489,588.74
TP-0001620,OPP-00353,LEAD-001999,2,3,2023-05-14,21,webinar_evento,evento_crm_gestores_q2,click,/webinar/crm-para-gestores,AST-0013,26,0,0,0.058339,7023.96
TP-0001621,OPP-00353,LEAD-001999,3,3,2023-05-29,6,webinar_evento,evento_crm_gestores_q2,form_fill,/webinar/automacao-vendas-demo,AST-0014,74,0,1,0.936772,112787.3
TP-0001622,OPP-00354,LEAD-002001,1,4,2023-04-30,37,linkedin_ads,linkedin_prospeccao_q2_2023,impression,/ebook/crm-para-varejo,AST-0008,22,1,0,0.00939,420.65
TP-0001623,OPP-00354,LEAD-002001,2,4,2023-05-14,23,linkedin_ads,linkedin_gestores_2023,click,/lp/comparativo-erp,AST-0017,12,0,0,0.058901,2638.75
TP-0001624,OPP-00354,LEAD-002001,3,4,2023-05-17,20,linkedin_ads,linkedin_gestores_2023,content_view,/ebook/integracao-sistemas-guia,AST-0011,25,0,0,0.097302,4359.13
TP-0001625,OPP-00354,LEAD-002001,4,4,2023-05-22,15,linkedin_ads,linkedin_prospeccao_q2_2023,demo_request,/ebook/gestao-pipeline-vendas,AST-0009,100,0,1,0.834408,37381.47
TP-0001626,OPP-00355,LEAD-002005,1,5,2023-05-03,40,paid_search,google_brand_keywords_2023,click,/blog/integracao-erp-sistemas,AST-0003,24,1,0,0.013551,325.23
TP-0001627,OPP-00355,LEAD-002005,2,5,2023-05-09,34,email_marketing,email_reengajamento_q2_2023,click,/blog/integracao-erp-sistemas,AST-0003,35,0,0,0.016002,384.04
TP-0001628,OPP-00355,LEAD-002005,3,5,2023-05-21,22,email_marketing,email_nurture_leads_2023,form_fill,/produto/erp-connector,AST-0020,61,0,0,0.138258,3318.19
TP-0001629,OPP-00355,LEAD-002005,4,5,2023-05-22,21,email_marketing,newsletter_mensal_05_2023,demo_request,/webinar/integracao-erp-ao-vivo,AST-0012,99,0,0,0.215992,5183.82
TP-0001630,OPP-00355,LEAD-002005,5,5,2023-05-31,12,email_marketing,newsletter_mensal_05_2023,demo_request,/ebook/integracao-sistemas-guia,AST-0011,91,0,1,0.616196,14788.71
TP-0001631,OPP-00356,LEAD-002006,1,5,2023-05-02,31,paid_search,crm-b2b-keywords-2023,click,/produto/api-marketplace,AST-0021,39,1,0,0.023699,1585.47
TP-0001632,OPP-00356,LEAD-002006,2,5,2023-05-06,27,paid_search,pesquisa_concorrentes_q2_2023,click,/lp/demo-gratis,AST-0015,19,0,0,0.024259,1622.93
TP-0001633,OPP-00356,LEAD-002006,3,5,2023-05-06,27,paid_search,google_brand_keywords_2023,form_fill,/lp/comparativo-erp,AST-0017,50,0,0,0.08895,5950.73
TP-0001634,OPP-00356,LEAD-002006,4,5,2023-05-30,3,paid_search,google_brand_keywords_2023,demo_request,/lp/demo-gratis,AST-0015,75,0,0,0.718416,48062.02
TP-0001635,OPP-00356,LEAD-002006,5,5,2023-05-31,2,paid_search,integracao_erp_pesquisa_2023,email_open,/webinar/crm-para-gestores,AST-0013,15,0,1,0.144677,9678.86
TP-0001636,OPP-00357,LEAD-002007,1,4,2023-04-22,39,paid_search,crm-b2b-keywords-2023,click,/produto/crm-integracao,AST-0019,20,1,0,0.008794,228.63
TP-0001637,OPP-00357,LEAD-002007,2,4,2023-05-08,23,paid_search,pesquisa_concorrentes_q2_2023,click,/produto/api-marketplace,AST-0021,25,0,0,0.021211,551.49
TP-0001638,OPP-00357,LEAD-002007,3,4,2023-05-25,6,paid_search,crm-b2b-keywords-2023,form_fill,/lp/demo-gratis,AST-0015,53,0,0,0.261933,6810.25
TP-0001639,OPP-00357,LEAD-002007,4,4,2023-05-28,3,paid_search,google_branded_2023,demo_request,/lp/demo-gratis,AST-0015,92,0,1,0.708063,18409.63
TP-0001640,OPP-00358,LEAD-002009,1,6,2023-04-28,44,organic_search,(not set),impression,/produto/crm-integracao,AST-0019,10,1,0,0.00179,247.18
TP-0001641,OPP-00358,LEAD-002009,2,6,2023-04-29,43,organic_search,,click,/produto/api-marketplace,AST-0021,31,0,0,0.004436,612.65
TP-0001642,OPP-00358,LEAD-002009,3,6,2023-06-02,9,organic_search,(none),content_view,/produto/api-marketplace,AST-0021,39,0,0,0.067093,9265.52
TP-0001643,OPP-00358,LEAD-002009,4,6,2023-06-04,7,organic_search,,form_fill,/blog/funil-vendas-complexas,AST-0006,71,0,0,0.212839,29393.04
TP-0001644,OPP-00358,LEAD-002009,5,6,2023-06-07,4,organic_search,(not set),content_view,/produto/erp-connector,AST-0020,41,0,0,0.095892,13242.65
TP-0001645,OPP-00358,LEAD-002009,6,6,2023-06-08,3,organic_search,(none),demo_request,/blog/gestao-vendas-b2b,AST-0001,95,0,1,0.61795,85338.95
TP-0001646,OPP-00359,LEAD-002012,1,2,2023-05-27,6,paid_search,crm-b2b-keywords-2023,click,/lp/comparativo-erp,AST-0017,21,1,0,0.411592,48032.83
TP-0001647,OPP-00359,LEAD-002012,2,2,2023-05-30,3,paid_search,pesquisa_concorrentes_q2_2023,click,/blog/crm-para-industria,AST-0002,45,0,1,0.588408,68667.17
TP-0001648,OPP-00360,LEAD-002030,1,7,2023-05-02,37,linkedin_ads,lkd_awareness_2023,impression,/webinar/automacao-vendas-demo,AST-0014,4,1,0,0.00332,152.72
TP-0001649,OPP-00360,LEAD-002030,2,7,2023-05-04,35,paid_search,google_branded_2023,click,/produto/erp-connector,AST-0020,28,0,0,0.008838,406.55
TP-0001650,OPP-00360,LEAD-002030,3,7,2023-05-10,29,paid_search,integracao_erp_pesquisa_2023,content_view,/produto/erp-connector,AST-0020,19,0,0,0.018089,832.1
TP-0001651,OPP-00360,LEAD-002030,4,7,2023-05-14,25,paid_search,integracao_erp_pesquisa_2023,demo_request,/webinar/crm-para-gestores,AST-0013,77,0,0,0.096286,4429.14
TP-0001652,OPP-00360,LEAD-002030,5,7,2023-05-14,25,paid_search,google_brand_keywords_2023,sales_call,/lp/comparativo-erp,AST-0017,92,0,0,0.108321,4982.79
TP-0001653,OPP-00360,LEAD-002030,6,7,2023-05-20,19,paid_search,integracao_erp_pesquisa_2023,content_view,/produto/api-marketplace,AST-0021,37,0,0,0.036951,1699.75
TP-0001654,OPP-00360,LEAD-002030,7,7,2023-06-04,4,paid_search,pesquisa_concorrentes_q2_2023,sales_call,/lp/roi-calculator,AST-0018,77,0,1,0.728195,33496.95
TP-0001655,OPP-00361,LEAD-002059,1,8,2023-04-24,37,webinar_evento,black_friday_2023,impression,/webinar/automacao-vendas-demo,AST-0014,1,1,0,0.003951,581.22
TP-0001656,OPP-00361,LEAD-002059,2,8,2023-05-01,30,direct,(direct),click,/produto/crm-integracao,AST-0019,11,0,0,0.015033,2211.4
TP-0001657,OPP-00361,LEAD-002059,3,8,2023-05-09,22,direct,(direct),form_fill,/lp/demo-gratis,AST-0015,67,0,0,0.09761,14358.43
TP-0001658,OPP-00361,LEAD-002059,4,8,2023-05-12,19,direct,,demo_request,/produto/erp-connector,AST-0020,93,0,0,0.175908,25876.02
TP-0001659,OPP-00361,LEAD-002059,5,8,2023-05-21,10,direct,(direct),sales_call,/produto/crm-integracao,AST-0019,80,0,0,0.37638,55365.51
TP-0001660,OPP-00361,LEAD-002059,6,8,2023-05-25,6,direct,(direct),impression,/produto/crm-integracao,AST-0019,16,0,0,0.027825,4093.09
TP-0001661,OPP-00361,LEAD-002059,7,8,2023-05-29,2,direct,(not set),click,/produto/erp-connector,AST-0020,32,0,0,0.111082,16340.16
TP-0001662,OPP-00361,LEAD-002059,8,8,2023-05-31,0,direct,,click,/produto/api-marketplace,AST-0021,11,0,1,0.19221,28274.16
TP-0001663,OPP-00362,LEAD-002062,1,2,2023-06-04,5,paid_search,crm-b2b-keywords-2023,click,/lp/trial-30-dias,AST-0016,11,1,0,0.446572,29339.81
TP-0001664,OPP-00362,LEAD-002062,2,2,2023-06-05,4,paid_search,google_brand_keywords_2023,click,/produto/api-marketplace,AST-0021,32,0,1,0.553428,36360.19
TP-0001665,OPP-00363,LEAD-002066,1,4,2023-04-29,42,webinar_evento,bf-23,impression,/blog/automacao-marketing-b2b,AST-0004,8,1,0,0.002898,130.11
TP-0001666,OPP-00363,LEAD-002066,2,4,2023-05-07,34,webinar_evento,black_friday_2023,click,/blog/funil-vendas-complexas,AST-0006,10,0,0,0.011841,531.68
TP-0001667,OPP-00363,LEAD-002066,3,4,2023-05-10,31,webinar_evento,webinar_integracao_erp_2023,form_fill,/webinar/crm-para-gestores,AST-0013,59,0,0,0.053795,2415.38
TP-0001668,OPP-00363,LEAD-002066,4,4,2023-06-08,2,webinar_evento,black_friday_2023,demo_request,/blog/funil-vendas-complexas,AST-0006,71,0,1,0.931466,41822.83
TP-0001669,OPP-00364,LEAD-002072,1,2,2023-05-10,34,organic_search,(not set),impression,/blog/crm-para-industria,AST-0002,4,1,0,0.03059,816.77
TP-0001670,OPP-00364,LEAD-002072,2,2,2023-06-10,3,organic_search,,click,/webinar/integracao-erp-ao-vivo,AST-0012,15,0,1,0.96941,25883.23
TP-0001671,OPP-00365,LEAD-002078,1,4,2023-05-06,31,paid_search,pesquisa_concorrentes_q2_2023,click,/produto/erp-connector,AST-0020,19,1,0,0.020006,1526.45
TP-0001672,OPP-00365,LEAD-002078,2,4,2023-05-08,29,paid_search,google_branded_2023,click,/produto/api-marketplace,AST-0021,18,0,0,0.017752,1354.5
TP-0001673,OPP-00365,LEAD-002078,3,4,2023-05-16,21,paid_search,google_brand_keywords_2023,form_fill,/lp/comparativo-erp,AST-0017,47,0,0,0.115265,8794.68
TP-0001674,OPP-00365,LEAD-002078,4,4,2023-06-02,4,paid_search,crm-b2b-keywords-2023,demo_request,/lp/trial-30-dias,AST-0016,75,0,1,0.846977,64624.37
TP-0001675,OPP-00366,LEAD-002099,1,4,2023-04-24,43,paid_search,google_brand_keywords_2023,click,/lp/comparativo-erp,AST-0017,5,1,0,0.010418,279.21
TP-0001676,OPP-00366,LEAD-002099,2,4,2023-04-26,41,direct,(not set),click,/produto/erp-connector,AST-0020,14,0,0,0.009245,247.76
TP-0001677,OPP-00366,LEAD-002099,3,4,2023-05-16,21,direct,(direct),form_fill,/produto/api-marketplace,AST-0021,66,0,0,0.141446,3790.77
TP-0001678,OPP-00366,LEAD-002099,4,4,2023-05-30,7,direct,(direct),demo_request,/ebook/roi-tecnologia-empresas,AST-0010,85,0,1,0.83889,22482.26
TP-0001679,OPP-00367,LEAD-002101,1,3,2023-06-01,10,direct,,click,/lp/trial-30-dias,AST-0016,19,1,0,0.072992,14788.12
TP-0001680,OPP-00367,LEAD-002101,2,3,2023-06-03,8,direct,(direct),form_fill,/lp/trial-30-dias,AST-0016,65,0,0,0.237489,48115.29
TP-0001681,OPP-00367,LEAD-002101,3,3,2023-06-07,4,direct,(direct),demo_request,/lp/roi-calculator,AST-0018,84,0,1,0.689519,139696.59
TP-0001682,OPP-00368,LEAD-002102,1,2,2023-05-06,41,meta_ads,facebook_retargeting_2023,impression,/lp/comparativo-erp,AST-0017,16,1,0,0.123901,3692.24
TP-0001683,OPP-00368,LEAD-002102,2,2,2023-05-16,31,meta_ads,facebook_retargeting_2023,click,/lp/trial-30-dias,AST-0016,20,0,1,0.876099,26107.76
TP-0001684,OPP-00369,LEAD-002106,1,4,2023-05-02,44,webinar_evento,black_friday_2023,impression,/webinar/crm-para-gestores,AST-0013,1,1,0,0.002855,295.46
TP-0001685,OPP-00369,LEAD-002106,2,4,2023-05-16,30,webinar_evento,bf-23,click,/lp/demo-gratis,AST-0015,34,0,0,0.017907,1853.38
TP-0001686,OPP-00369,LEAD-002106,3,4,2023-05-25,21,webinar_evento,black_friday_2023,form_fill,/lp/trial-30-dias,AST-0016,57,0,0,0.124878,12924.87
TP-0001687,OPP-00369,LEAD-002106,4,4,2023-06-10,5,webinar_evento,campanha-natal-2023,demo_request,/blog/crm-para-industria,AST-0002,84,0,1,0.85436,88426.29
TP-0001688,OPP-00370,LEAD-002108,1,3,2023-05-08,33,paid_search,pesquisa_concorrentes_q2_2023,click,/produto/erp-connector,AST-0020,4,1,0,0.042354,1139.31
TP-0001689,OPP-00370,LEAD-002108,2,3,2023-05-23,18,paid_search,integracao_erp_pesquisa_2023,click,/lp/trial-30-dias,AST-0016,29,0,0,0.095118,2558.68
TP-0001690,OPP-00370,LEAD-002108,3,3,2023-05-30,11,paid_search,google_branded_2023,form_fill,/webinar/crm-para-gestores,AST-0013,80,0,1,0.862528,23202.01
TP-0001691,OPP-00371,LEAD-002117,1,4,2023-05-09,25,organic_search,,impression,/lp/roi-calculator,AST-0018,13,1,0,0.009899,332.62
TP-0001692,OPP-00371,LEAD-002117,2,4,2023-05-25,9,direct,(not set),click,/produto/erp-connector,AST-0020,37,0,0,0.071635,2406.92
TP-0001693,OPP-00371,LEAD-002117,3,4,2023-06-02,1,direct,(direct),content_view,/lp/demo-gratis,AST-0015,35,0,0,0.169133,5682.89
TP-0001694,OPP-00371,LEAD-002117,4,4,2023-06-03,0,direct,(not set),form_fill,/produto/erp-connector,AST-0020,65,0,1,0.749333,25177.57
TP-0001695,OPP-00372,LEAD-002125,1,3,2023-05-07,41,paid_search,integracao_erp_pesquisa_2023,click,/produto/erp-connector,AST-0020,18,1,0,0.016118,2217.87
TP-0001696,OPP-00372,LEAD-002125,2,3,2023-06-04,13,paid_search,pesquisa_concorrentes_q2_2023,click,/lp/demo-gratis,AST-0015,21,0,0,0.091614,12606.15
TP-0001697,OPP-00372,LEAD-002125,3,3,2023-06-12,5,paid_search,crm-b2b-keywords-2023,form_fill,/produto/crm-integracao,AST-0019,58,0,1,0.892267,122775.98
TP-0001698,OPP-00373,LEAD-002133,1,8,2023-04-27,40,webinar_evento,campanha-natal-2023,impression,/produto/api-marketplace,AST-0021,9,1,0,0.002611,261.13
TP-0001699,OPP-00373,LEAD-002133,2,8,2023-04-29,38,webinar_evento,campanha_natal_2023,click,/lp/demo-gratis,AST-0015,14,0,0,0.006952,695.15
TP-0001700,OPP-00373,LEAD-002133,3,8,2023-05-03,34,webinar_evento,campanha-natal-2023,form_fill,/webinar/automacao-vendas-demo,AST-0014,68,0,0,0.033918,3391.85
TP-0001701,OPP-00373,LEAD-002133,4,8,2023-05-05,32,webinar_evento,evento_crm_gestores_q2,demo_request,/webinar/integracao-erp-ao-vivo,AST-0012,83,0,0,0.056912,5691.23
TP-0001702,OPP-00373,LEAD-002133,5,8,2023-05-23,14,webinar_evento,black_friday_2023,sales_call,/lp/roi-calculator,AST-0018,87,0,0,0.231599,23159.92
TP-0001703,OPP-00373,LEAD-002133,6,8,2023-05-26,11,webinar_evento,evento_crm_gestores_q2,sales_call,/lp/trial-30-dias,AST-0016,81,0,0,0.286946,28694.6
TP-0001704,OPP-00373,LEAD-002133,7,8,2023-05-28,9,webinar_evento,black_friday_2023,click,/lp/roi-calculator,AST-0018,21,0,0,0.055168,5516.85
TP-0001705,OPP-00373,LEAD-002133,8,8,2023-05-29,8,webinar_evento,campanha-natal-2023,form_fill,/webinar/crm-para-gestores,AST-0013,54,0,1,0.325893,32589.27
TP-0001706,OPP-00374,LEAD-002136,1,5,2023-05-04,34,organic_search,(not set),impression,/blog/automacao-marketing-b2b,AST-0004,2,1,0,0.016532,476.12
TP-0001707,OPP-00374,LEAD-002136,2,5,2023-05-16,22,paid_search,pesquisa_concorrentes_q2_2023,click,/lp/trial-30-dias,AST-0016,19,0,0,0.089898,2589.06
TP-0001708,OPP-00374,LEAD-002136,3,5,2023-05-18,20,paid_search,google_brand_keywords_2023,content_view,/produto/erp-connector,AST-0020,38,0,0,0.138271,3982.2
TP-0001709,OPP-00374,LEAD-002136,4,5,2023-05-23,15,paid_search,crm-b2b-keywords-2023,form_fill,/lp/demo-gratis,AST-0015,46,0,0,0.543462,15651.7
TP-0001710,OPP-00374,LEAD-002136,5,5,2023-05-28,10,paid_search,pesquisa_concorrentes_q2_2023,email_open,/lp/demo-gratis,AST-0015,1,0,1,0.211837,6100.92
TP-0001711,OPP-00375,LEAD-002138,1,3,2023-05-09,40,email_marketing,newsletter_mensal_05_2023,email_open,/blog/crm-para-industria,AST-0002,12,1,0,0.066431,11180.33
TP-0001712,OPP-00375,LEAD-002138,2,3,2023-05-10,39,email_marketing,email_nurture_leads_2023,click,/blog/crm-para-industria,AST-0002,13,0,0,0.082326,13855.55
TP-0001713,OPP-00375,LEAD-002138,3,3,2023-06-02,16,email_marketing,campanha_email_06-2023,content_view,/ebook/crm-para-varejo,AST-0008,26,0,1,0.851243,143264.12
TP-0001714,OPP-00376,LEAD-002151,1,7,2023-05-03,42,linkedin_ads,linkedin_decisores_ti_2023,impression,/webinar/crm-para-gestores,AST-0013,19,1,0,0.002662,123.01
TP-0001715,OPP-00376,LEAD-002151,2,7,2023-05-07,38,linkedin_ads,linkedin_gestores_2023,click,/ebook/integracao-sistemas-guia,AST-0011,4,0,0,0.008176,377.74
TP-0001716,OPP-00376,LEAD-002151,3,7,2023-05-08,37,linkedin_ads,linkedin_gestores_2023,content_view,/blog/automacao-marketing-b2b,AST-0004,40,0,0,0.011709,540.94
TP-0001717,OPP-00376,LEAD-002151,4,7,2023-05-24,21,linkedin_ads,linkedin_gestores_2023,demo_request,/webinar/integracao-erp-ao-vivo,AST-0012,85,0,0,0.14686,6784.93
TP-0001718,OPP-00376,LEAD-002151,5,7,2023-05-27,18,linkedin_ads,lkd_awareness_2023,sales_call,/webinar/crm-para-gestores,AST-0013,97,0,0,0.204701,9457.17
TP-0001719,OPP-00376,LEAD-002151,6,7,2023-06-03,11,linkedin_ads,linkedin_decisores_ti_2023,email_open,/ebook/integracao-sistemas-guia,AST-0011,16,0,0,0.037499,1732.47
TP-0001720,OPP-00376,LEAD-002151,7,7,2023-06-12,2,linkedin_ads,linkedin_prospeccao_q2_2023,form_fill,/lp/trial-30-dias,AST-0016,76,0,1,0.588393,27183.74
TP-0001721,OPP-00377,LEAD-002160,1,7,2023-05-15,29,webinar_evento,campanha-natal-2023,impression,/webinar/automacao-vendas-demo,AST-0014,7,1,0,0.003208,142.45
TP-0001722,OPP-00377,LEAD-002160,2,7,2023-05-20,24,webinar_evento,black_friday_2023,click,/webinar/automacao-vendas-demo,AST-0014,4,0,0,0.010582,469.84
TP-0001723,OPP-00377,LEAD-002160,3,7,2023-05-25,19,webinar_evento,campanha_natal_2023,form_fill,/webinar/integracao-erp-ao-vivo,AST-0012,77,0,0,0.055455,2462.21
TP-0001724,OPP-00377,LEAD-002160,4,7,2023-05-27,17,webinar_evento,webinar_integracao_erp_2023,demo_request,/lp/comparativo-erp,AST-0017,80,0,0,0.093049,4131.37
TP-0001725,OPP-00377,LEAD-002160,5,7,2023-06-01,12,webinar_evento,bf-23,sales_call,/lp/comparativo-erp,AST-0017,90,0,0,0.149613,6642.81
TP-0001726,OPP-00377,LEAD-002160,6,7,2023-06-07,6,webinar_evento,campanha-natal-2023,sales_call,/webinar/integracao-erp-ao-vivo,AST-0012,91,0,0,0.229665,10197.14
TP-0001727,OPP-00377,LEAD-002160,7,7,2023-06-11,2,webinar_evento,campanha-natal-2023,sales_call,/webinar/crm-para-gestores,AST-0013,92,0,1,0.458427,20354.18
TP-0001728,OPP-00378,LEAD-002162,1,7,2023-05-14,35,email_marketing,email_nurture_leads_2023,email_open,/ebook/crm-para-varejo,AST-0008,4,1,0,0.017062,2279.46
TP-0001729,OPP-00378,LEAD-002162,2,7,2023-05-17,32,organic_search,(not set),click,/blog/leads-qualificados-b2b,AST-0007,29,0,0,0.024391,3258.69
TP-0001730,OPP-00378,LEAD-002162,3,7,2023-05-26,23,organic_search,(not set),content_view,/blog/automacao-marketing-b2b,AST-0004,40,0,0,0.061853,8263.62
TP-0001731,OPP-00378,LEAD-002162,4,7,2023-05-27,22,organic_search,(not set),form_fill,/blog/gestao-vendas-b2b,AST-0001,61,0,0,0.182691,24407.56
TP-0001732,OPP-00378,LEAD-002162,5,7,2023-05-30,19,organic_search,,content_view,/produto/erp-connector,AST-0020,21,0,0,0.082309,10996.51
TP-0001733,OPP-00378,LEAD-002162,6,7,2023-06-03,15,organic_search,(none),demo_request,/lp/roi-calculator,AST-0018,92,0,0,0.438119,58532.74
TP-0001734,OPP-00378,LEAD-002162,7,7,2023-06-15,3,organic_search,(not set),email_open,/blog/crm-para-industria,AST-0002,13,0,1,0.193574,25861.43
TP-0001735,OPP-00379,LEAD-002168,1,4,2023-04-30,37,linkedin_ads,lkd_awareness_2023,impression,/webinar/automacao-vendas-demo,AST-0014,6,1,0,0.003522,785.08
TP-0001736,OPP-00379,LEAD-002168,2,4,2023-04-30,37,linkedin_ads,linkedin_prospeccao_q2_2023,click,/lp/roi-calculator,AST-0018,27,0,0,0.008128,1811.71
TP-0001737,OPP-00379,LEAD-002168,3,4,2023-05-27,10,linkedin_ads,linkedin_decisores_ti_2023,content_view,/ebook/crm-para-varejo,AST-0008,22,0,0,0.074557,16618.68
TP-0001738,OPP-00379,LEAD-002168,4,4,2023-06-06,0,linkedin_ads,lkd_awareness_2023,demo_request,/webinar/integracao-erp-ao-vivo,AST-0012,75,0,1,0.913793,203684.53
TP-0001739,OPP-00380,LEAD-002170,1,4,2023-05-05,38,linkedin_ads,linkedin_prospecao_q2_2023,impression,/ebook/gestao-pipeline-vendas,AST-0009,10,1,0,0.004493,222.39
TP-0001740,OPP-00380,LEAD-002170,2,4,2023-05-14,29,email_marketing,newsletter_mensal_05_2023,click,/lp/trial-30-dias,AST-0016,22,0,0,0.019719,976.08
TP-0001741,OPP-00380,LEAD-002170,3,4,2023-05-18,25,email_marketing,email_nurture_leads_2023,content_view,/blog/funil-vendas-complexas,AST-0006,43,0,0,0.034987,1731.85
TP-0001742,OPP-00380,LEAD-002170,4,4,2023-06-08,4,email_marketing,email_reengajamento_q2_2023,demo_request,/webinar/crm-para-gestores,AST-0013,79,0,1,0.940801,46569.67
TP-0001743,OPP-00381,LEAD-002172,1,7,2023-05-04,44,linkedin_ads,linkedin_decisores_ti_2023,impression,/lp/comparativo-erp,AST-0017,8,1,0,0.002032,231.61
TP-0001744,OPP-00381,LEAD-002172,2,7,2023-05-12,36,organic_search,,click,/webinar/automacao-vendas-demo,AST-0014,32,0,0,0.008302,946.47
TP-0001745,OPP-00381,LEAD-002172,3,7,2023-05-12,36,organic_search,(none),content_view,/produto/api-marketplace,AST-0021,25,0,0,0.01107,1261.97
TP-0001746,OPP-00381,LEAD-002172,4,7,2023-05-12,36,organic_search,,demo_request,/blog/automacao-marketing-b2b,AST-0004,81,0,0,0.04428,5047.86
TP-0001747,OPP-00381,LEAD-002172,5,7,2023-05-31,17,organic_search,,sales_call,/produto/crm-integracao,AST-0019,77,0,0,0.193533,22062.75
TP-0001748,OPP-00381,LEAD-002172,6,7,2023-06-01,16,organic_search,(not set),form_fill,/blog/leads-qualificados-b2b,AST-0007,50,0,0,0.127027,14481.08
TP-0001749,OPP-00381,LEAD-002172,7,7,2023-06-14,3,organic_search,,proposal_sent,/lp/trial-30-dias,AST-0016,78,0,1,0.613757,69968.25
TP-0001750,OPP-00382,LEAD-002173,1,4,2023-04-29,37,paid_search,google_branded_2023,click,/ebook/crm-para-varejo,AST-0008,6,1,0,0.023587,629.78
TP-0001751,OPP-00382,LEAD-002173,2,4,2023-05-09,27,paid_search,google_brand_keywords_2023,click,/ebook/roi-tecnologia-empresas,AST-0010,16,0,0,0.037064,989.6
TP-0001752,OPP-00382,LEAD-002173,3,4,2023-05-17,19,paid_search,google_brand_keywords_2023,form_fill,/lp/trial-30-dias,AST-0016,70,0,0,0.240651,6425.37
TP-0001753,OPP-00382,LEAD-002173,4,4,2023-05-21,15,paid_search,google_branded_2023,demo_request,/lp/demo-gratis,AST-0015,82,0,1,0.698698,18655.25
TP-0001754,OPP-00383,LEAD-002175,1,5,2023-05-06,38,organic_search,,impression,/blog/automacao-marketing-b2b,AST-0004,1,1,0,0.002403,85.8
TP-0001755,OPP-00383,LEAD-002175,2,5,2023-05-07,37,organic_search,(none),click,/produto/erp-connector,AST-0020,23,0,0,0.005957,212.67
TP-0001756,OPP-00383,LEAD-002175,3,5,2023-05-29,15,organic_search,(none),content_view,/lp/trial-30-dias,AST-0016,56,0,0,0.038232,1364.89
TP-0001757,OPP-00383,LEAD-002175,4,5,2023-06-07,6,organic_search,(not set),form_fill,/produto/api-marketplace,AST-0021,82,0,0,0.199965,7138.73
TP-0001758,OPP-00383,LEAD-002175,5,5,2023-06-13,0,organic_search,(none),sales_call,/produto/erp-connector,AST-0020,100,0,1,0.753443,26897.9
TP-0001759,OPP-00384,LEAD-002178,1,3,2023-05-18,29,organic_search,,impression,/produto/erp-connector,AST-0020,16,1,0,0.070261,4552.89
TP-0001760,OPP-00384,LEAD-002178,2,3,2023-05-25,22,organic_search,(not set),click,/produto/erp-connector,AST-0020,29,0,0,0.267324,17322.58
TP-0001761,OPP-00384,LEAD-002178,3,3,2023-05-28,19,organic_search,(none),content_view,/ebook/gestao-pipeline-vendas,AST-0009,32,0,1,0.662416,42924.53
TP-0001762,OPP-00385,LEAD-002179,1,3,2023-06-05,16,webinar_evento,campanha_natal_2023,impression,/lp/trial-30-dias,AST-0016,2,1,0,0.029234,7545.32
TP-0001763,OPP-00385,LEAD-002179,2,3,2023-06-10,11,webinar_evento,campanha-natal-2023,click,/lp/trial-30-dias,AST-0016,24,0,0,0.096421,24886.32
TP-0001764,OPP-00385,LEAD-002179,3,3,2023-06-17,4,webinar_evento,black_friday_2023,form_fill,/produto/erp-connector,AST-0020,70,0,1,0.874345,225668.36
TP-0001765,OPP-00386,LEAD-002181,1,3,2023-05-08,38,webinar_evento,webinar_integracao_erp_2023,impression,/webinar/automacao-vendas-demo,AST-0014,14,1,0,0.023729,2576.99
TP-0001766,OPP-00386,LEAD-002181,2,3,2023-05-16,30,webinar_evento,bf-23,click,/produto/erp-connector,AST-0020,32,0,0,0.096968,10530.73
TP-0001767,OPP-00386,LEAD-002181,3,3,2023-05-23,23,webinar_evento,campanha-natal-2023,form_fill,/webinar/automacao-vendas-demo,AST-0014,56,0,1,0.879303,95492.29
TP-0001768,OPP-00387,LEAD-002188,1,4,2023-05-11,42,webinar_evento,black_friday_2023,impression,/lp/trial-30-dias,AST-0016,16,1,0,0.013619,1485.86
TP-0001769,OPP-00387,LEAD-002188,2,4,2023-05-17,36,organic_search,(not set),click,/blog/funil-vendas-complexas,AST-0006,28,0,0,0.048246,5263.59
TP-0001770,OPP-00387,LEAD-002188,3,4,2023-05-19,34,organic_search,(not set),form_fill,/ebook/roi-tecnologia-empresas,AST-0010,71,0,0,0.204066,22263.62
TP-0001771,OPP-00387,LEAD-002188,4,4,2023-05-26,27,organic_search,(none),demo_request,/blog/leads-qualificados-b2b,AST-0007,92,0,1,0.734069,80086.92
TP-0001772,OPP-00388,LEAD-002190,1,7,2023-05-06,37,webinar_evento,campanha-natal-2023,impression,/webinar/crm-para-gestores,AST-0013,22,1,0,0.007211,682.85
TP-0001773,OPP-00388,LEAD-002190,2,7,2023-05-10,33,meta_ads,fb-leads-varejo-2023,click,/lp/demo-gratis,AST-0015,14,0,0,0.022143,2096.95
TP-0001774,OPP-00388,LEAD-002190,3,7,2023-05-11,32,meta_ads,ig_gestores_b2b_q2,form_fill,/ebook/crm-para-varejo,AST-0008,67,0,0,0.087203,8258.11
TP-0001775,OPP-00388,LEAD-002190,4,7,2023-05-12,31,meta_ads,ig_gestores_b2b_q2,demo_request,/lp/roi-calculator,AST-0018,100,0,0,0.136232,12901.17
TP-0001776,OPP-00388,LEAD-002190,5,7,2023-05-16,27,meta_ads,facebook_retargeting_2023,sales_call,/ebook/crm-para-varejo,AST-0008,72,0,0,0.203946,19313.71
TP-0001777,OPP-00388,LEAD-002190,6,7,2023-05-25,18,meta_ads,facebook_retargeting_2023,demo_request,/ebook/gestao-pipeline-vendas,AST-0009,87,0,0,0.344788,32651.45
TP-0001778,OPP-00388,LEAD-002190,7,7,2023-05-31,12,meta_ads,meta_awareness_2023,content_view,/ebook/gestao-pipeline-vendas,AST-0009,35,0,1,0.198477,18795.76
TP-0001779,OPP-00389,LEAD-002208,1,2,2023-05-02,44,organic_search,(none),impression,/produto/api-marketplace,AST-0021,18,1,0,0.131865,8267.92
TP-0001780,OPP-00389,LEAD-002208,2,2,2023-05-11,35,organic_search,,click,/blog/integracao-erp-sistemas,AST-0003,17,0,1,0.868135,54432.08
TP-0001781,OPP-00390,LEAD-002211,1,7,2023-05-22,33,webinar_evento,webinar_integracao_erp_2023,impression,/webinar/automacao-vendas-demo,AST-0014,17,1,0,0.001748,103.46
TP-0001782,OPP-00390,LEAD-002211,2,7,2023-05-26,29,webinar_evento,evento_crm_gestores_q2,click,/produto/api-marketplace,AST-0021,11,0,0,0.005367,317.7
TP-0001783,OPP-00390,LEAD-002211,3,7,2023-06-11,13,webinar_evento,campanha_natal_2023,form_fill,/webinar/integracao-erp-ao-vivo,AST-0012,55,0,0,0.061703,3652.83
TP-0001784,OPP-00390,LEAD-002211,4,7,2023-06-19,5,webinar_evento,evento_crm_gestores_q2,demo_request,/lp/roi-calculator,AST-0018,83,0,0,0.158929,9408.59
TP-0001785,OPP-00390,LEAD-002211,5,7,2023-06-20,4,webinar_evento,bf-23,sales_call,/webinar/automacao-vendas-demo,AST-0014,83,0,0,0.192033,11368.37
TP-0001786,OPP-00390,LEAD-002211,6,7,2023-06-22,2,webinar_evento,campanha_natal_2023,demo_request,/blog/leads-qualificados-b2b,AST-0007,95,0,0,0.196909,11657.02
TP-0001787,OPP-00390,LEAD-002211,7,7,2023-06-24,0,webinar_evento,black_friday_2023,sales_call,/produto/crm-integracao,AST-0019,91,0,1,0.383311,22692.04
TP-0001788,OPP-00391,LEAD-002216,1,6,2023-05-11,30,organic_search,,impression,/lp/comparativo-erp,AST-0017,12,1,0,0.004836,145.56
TP-0001789,OPP-00391,LEAD-002216,2,6,2023-05-13,28,email_marketing,email_nurture_leads_2023,click,/blog/gestao-vendas-b2b,AST-0001,17,0,0,0.012873,387.49
TP-0001790,OPP-00391,LEAD-002216,3,6,2023-05-13,28,email_marketing,email_reengajamento_q2_2023,content_view,/blog/gestao-vendas-b2b,AST-0001,39,0,0,0.017164,516.65
TP-0001791,OPP-00391,LEAD-002216,4,6,2023-05-26,15,email_marketing,email_reengajamento_q2_2023,form_fill,/lp/trial-30-dias,AST-0016,54,0,0,0.119463,3595.85
TP-0001792,OPP-00391,LEAD-002216,5,6,2023-05-30,11,email_marketing,email_nurture_leads_2023,proposal_sent,/blog/churn-saas-brasil,AST-0005,81,0,0,0.202327,6090.05
TP-0001793,OPP-00391,LEAD-002216,6,6,2023-06-06,4,email_marketing,email_reengajamento_q2_2023,sales_call,/blog/leads-qualificados-b2b,AST-0007,79,0,1,0.643336,19364.4
TP-0001794,OPP-00392,LEAD-002219,1,5,2023-05-15,31,direct,,click,/produto/api-marketplace,AST-0021,9,1,0,0.015562,1207.6
TP-0001795,OPP-00392,LEAD-002219,2,5,2023-05-19,27,direct,,form_fill,/produto/api-marketplace,AST-0021,87,0,0,0.058408,4532.46
TP-0001796,OPP-00392,LEAD-002219,3,5,2023-06-02,13,direct,,demo_request,/lp/comparativo-erp,AST-0017,91,0,0,0.230937,17920.72
TP-0001797,OPP-00392,LEAD-002219,4,5,2023-06-12,3,direct,(direct),sales_call,/produto/crm-integracao,AST-0019,79,0,0,0.530709,41183.03
TP-0001798,OPP-00392,LEAD-002219,5,5,2023-06-15,0,direct,,click,/produto/erp-connector,AST-0020,21,0,1,0.164384,12756.2
TP-0001799,OPP-00393,LEAD-002222,1,6,2023-05-19,35,organic_search,(none),impression,/lp/demo-gratis,AST-0015,10,1,0,0.003444,229.38
TP-0001800,OPP-00393,LEAD-002222,2,6,2023-05-25,29,organic_search,(not set),click,/blog/crm-para-industria,AST-0002,29,0,0,0.0122,812.55
TP-0001801,OPP-00393,LEAD-002222,3,6,2023-06-08,15,organic_search,,content_view,/produto/api-marketplace,AST-0021,41,0,0,0.044219,2944.99
TP-0001802,OPP-00393,LEAD-002222,4,6,2023-06-12,11,organic_search,(none),form_fill,/blog/automacao-marketing-b2b,AST-0004,49,0,0,0.161818,10777.06
TP-0001803,OPP-00393,LEAD-002222,5,6,2023-06-17,6,organic_search,(none),form_fill,/blog/automacao-marketing-b2b,AST-0004,91,0,0,0.231276,15403.01
TP-0001804,OPP-00393,LEAD-002222,6,6,2023-06-20,3,organic_search,,proposal_sent,/produto/api-marketplace,AST-0021,77,0,1,0.547042,36433.02
TP-0001805,OPP-00394,LEAD-002224,1,3,2023-05-23,21,direct,,click,/produto/crm-integracao,AST-0019,15,1,0,0.046552,8430.64
TP-0001806,OPP-00394,LEAD-002224,2,3,2023-05-27,17,direct,(not set),form_fill,/lp/roi-calculator,AST-0018,94,0,0,0.174725,31642.63
TP-0001807,OPP-00394,LEAD-002224,3,3,2023-06-06,7,direct,(not set),demo_request,/produto/erp-connector,AST-0020,89,0,1,0.778723,141026.74
TP-0001808,OPP-00395,LEAD-002229,1,4,2023-04-26,44,organic_search,(not set),impression,/blog/automacao-marketing-b2b,AST-0004,20,1,0,0.004995,624.88
TP-0001809,OPP-00395,LEAD-002229,2,4,2023-04-27,43,organic_search,(none),click,/produto/erp-connector,AST-0020,37,0,0,0.012381,1548.81
TP-0001810,OPP-00395,LEAD-002229,3,4,2023-05-21,19,organic_search,,content_view,/ebook/roi-tecnologia-empresas,AST-0010,21,0,0,0.091661,11466.76
TP-0001811,OPP-00395,LEAD-002229,4,4,2023-06-02,7,organic_search,(none),form_fill,/blog/integracao-erp-sistemas,AST-0003,60,0,1,0.890964,111459.55
TP-0001812,OPP-00396,LEAD-002234,1,8,2023-05-12,36,linkedin_ads,linkedin_gestores_2023,impression,/ebook/crm-para-varejo,AST-0008,13,1,0,0.003656,158.66
TP-0001813,OPP-00396,LEAD-002234,2,8,2023-05-14,34,webinar_evento,black_friday_2023,click,/ebook/roi-tecnologia-empresas,AST-0010,46,0,0,0.009732,422.37
TP-0001814,OPP-00396,LEAD-002234,3,8,2023-05-18,30,webinar_evento,bf-23,content_view,/lp/demo-gratis,AST-0015,26,0,0,0.017267,749.4
TP-0001815,OPP-00396,LEAD-002234,4,8,2023-05-19,29,webinar_evento,campanha_natal_2023,demo_request,/blog/churn-saas-brasil,AST-0005,78,0,0,0.074183,3219.55
TP-0001816,OPP-00396,LEAD-002234,5,8,2023-05-24,24,webinar_evento,campanha-natal-2023,sales_call,/blog/automacao-marketing-b2b,AST-0004,87,0,0,0.119279,5176.7
TP-0001817,OPP-00396,LEAD-002234,6,8,2023-06-09,8,webinar_evento,evento_crm_gestores_q2,form_fill,/webinar/automacao-vendas-demo,AST-0014,61,0,0,0.22857,9919.95
TP-0001818,OPP-00396,LEAD-002234,7,8,2023-06-11,6,webinar_evento,campanha_natal_2023,sales_call,/webinar/automacao-vendas-demo,AST-0014,80,0,0,0.431461,18725.41
TP-0001819,OPP-00396,LEAD-002234,8,8,2023-06-12,5,webinar_evento,bf-23,click,/lp/trial-30-dias,AST-0016,14,0,1,0.115852,5027.97
TP-0001820,OPP-00397,LEAD-002235,1,4,2023-05-15,35,linkedin_ads,lkd_awareness_2023,impression,/ebook/integracao-sistemas-guia,AST-0011,4,1,0,0.009541,1079.99
TP-0001821,OPP-00397,LEAD-002235,2,4,2023-05-20,30,meta_ads,ig_gestores_b2b_q2,click,/ebook/gestao-pipeline-vendas,AST-0009,37,0,0,0.031467,3562.07
TP-0001822,OPP-00397,LEAD-002235,3,4,2023-05-22,28,meta_ads,facebook_retargeting_2023,content_view,/blog/integracao-erp-sistemas,AST-0003,38,0,0,0.048399,5478.77
TP-0001823,OPP-00397,LEAD-002235,4,4,2023-06-07,12,meta_ads,ig_gestores_b2b_q2,demo_request,/lp/comparativo-erp,AST-0017,76,0,1,0.910593,103079.17
TP-0001824,OPP-00398,LEAD-002251,1,4,2023-05-27,29,direct,,click,/lp/trial-30-dias,AST-0016,16,1,0,0.014333,1196.77
TP-0001825,OPP-00398,LEAD-002251,2,4,2023-06-16,9,direct,(not set),form_fill,/produto/crm-integracao,AST-0019,71,0,0,0.168684,14085.13
TP-0001826,OPP-00398,LEAD-002251,3,4,2023-06-19,6,direct,(direct),demo_request,/lp/trial-30-dias,AST-0016,95,0,0,0.303994,25383.48
TP-0001827,OPP-00398,LEAD-002251,4,4,2023-06-19,6,direct,,sales_call,/lp/roi-calculator,AST-0018,91,0,1,0.512989,42834.62
TP-0001828,OPP-00399,LEAD-002258,1,3,2023-05-09,38,paid_search,google_brand_keywords_2023,click,/produto/crm-integracao,AST-0019,21,1,0,0.013808,911.32
TP-0001829,OPP-00399,LEAD-002258,2,3,2023-06-10,6,paid_search,integracao_erp_pesquisa_2023,click,/produto/erp-connector,AST-0020,13,0,0,0.104438,6892.91
TP-0001830,OPP-00399,LEAD-002258,3,3,2023-06-16,0,paid_search,google_brand_keywords_2023,form_fill,/produto/crm-integracao,AST-0019,64,0,1,0.881754,58195.77
TP-0001831,OPP-00400,LEAD-002259,1,4,2023-05-15,28,webinar_evento,webinar_integracao_erp_2023,impression,/webinar/automacao-vendas-demo,AST-0014,9,1,0,0.019879,789.2
TP-0001832,OPP-00400,LEAD-002259,2,4,2023-05-17,26,meta_ads,ig_gestores_b2b_q2,click,/lp/comparativo-erp,AST-0017,5,0,0,0.052919,2100.9
TP-0001833,OPP-00400,LEAD-002259,3,4,2023-05-22,21,meta_ads,facebook_retargeting_2023,form_fill,/lp/demo-gratis,AST-0015,54,0,0,0.277326,11009.84
TP-0001834,OPP-00400,LEAD-002259,4,4,2023-05-23,20,meta_ads,meta_awareness_2023,demo_request,/lp/demo-gratis,AST-0015,81,0,1,0.649876,25800.06
TP-0001835,OPP-00401,LEAD-002266,1,5,2023-05-24,19,email_marketing,campanha_email_05-2023,email_open,/ebook/gestao-pipeline-vendas,AST-0009,13,1,0,0.022368,722.5
TP-0001836,OPP-00401,LEAD-002266,2,5,2023-05-28,15,email_marketing,email_nurture_leads_2023,click,/ebook/crm-para-varejo,AST-0008,26,0,0,0.034345,1109.35
TP-0001837,OPP-00401,LEAD-002266,3,5,2023-06-08,4,email_marketing,email_nurture_leads_2023,content_view,/webinar/integracao-erp-ao-vivo,AST-0012,41,0,0,0.10047,3245.19
TP-0001838,OPP-00401,LEAD-002266,4,5,2023-06-08,4,email_marketing,email_nurture_leads_2023,form_fill,/webinar/integracao-erp-ao-vivo,AST-0012,77,0,0,0.276293,8924.27
TP-0001839,OPP-00401,LEAD-002266,5,5,2023-06-09,3,email_marketing,email_reengajamento_q2_2023,proposal_sent,/ebook/crm-para-varejo,AST-0008,53,0,1,0.566523,18298.69
TP-0001840,OPP-00402,LEAD-002298,1,4,2023-05-16,43,paid_search,google_branded_2023,click,/lp/comparativo-erp,AST-0017,29,1,0,0.00789,483.63
TP-0001841,OPP-00402,LEAD-002298,2,4,2023-06-16,12,paid_search,pesquisa_concorrentes_q2_2023,click,/produto/crm-integracao,AST-0019,3,0,0,0.05556,3405.85
TP-0001842,OPP-00402,LEAD-002298,3,4,2023-06-16,12,paid_search,google_branded_2023,form_fill,/lp/demo-gratis,AST-0015,79,0,0,0.203721,12488.12
TP-0001843,OPP-00402,LEAD-002298,4,4,2023-06-23,5,paid_search,google_branded_2023,demo_request,/produto/erp-connector,AST-0020,90,0,1,0.732829,44922.39
TP-0001844,OPP-00403,LEAD-002304,1,4,2023-05-15,41,paid_search,google_branded_2023,click,/webinar/crm-para-gestores,AST-0013,30,1,0,0.006706,472.76
TP-0001845,OPP-00403,LEAD-002304,2,4,2023-06-18,7,paid_search,google_branded_2023,click,/lp/comparativo-erp,AST-0017,38,0,0,0.058509,4124.87
TP-0001846,OPP-00403,LEAD-002304,3,4,2023-06-21,4,paid_search,crm-b2b-keywords-2023,form_fill,/produto/erp-connector,AST-0020,64,0,0,0.2658,18738.93
TP-0001847,OPP-00403,LEAD-002304,4,4,2023-06-23,2,paid_search,google_branded_2023,demo_request,/blog/churn-saas-brasil,AST-0005,66,0,1,0.668985,47163.44
TP-0001848,OPP-00404,LEAD-002309,1,3,2023-05-10,39,email_marketing,email_reengajamento_q2_2023,email_open,/ebook/crm-para-varejo,AST-0008,3,1,0,0.046822,4415.33
TP-0001849,OPP-00404,LEAD-002309,2,3,2023-05-18,31,email_marketing,newsletter_mensal_05_2023,click,/webinar/integracao-erp-ao-vivo,AST-0012,33,0,0,0.095668,9021.51
TP-0001850,OPP-00404,LEAD-002309,3,3,2023-06-08,10,email_marketing,campanha_email_06-2023,content_view,/ebook/roi-tecnologia-empresas,AST-0010,32,0,1,0.85751,80863.17
TP-0001851,OPP-00405,LEAD-002311,1,6,2023-05-12,35,organic_search,,impression,/blog/churn-saas-brasil,AST-0005,13,1,0,0.00365,499.32
TP-0001852,OPP-00405,LEAD-002311,2,6,2023-05-16,31,organic_search,(not set),click,/produto/crm-integracao,AST-0019,27,0,0,0.011209,1533.34
TP-0001853,OPP-00405,LEAD-002311,3,6,2023-05-19,28,organic_search,,content_view,/blog/crm-para-industria,AST-0002,36,0,0,0.018516,2533.03
TP-0001854,OPP-00405,LEAD-002311,4,6,2023-05-21,26,organic_search,,form_fill,/produto/crm-integracao,AST-0019,44,0,0,0.058739,8035.53
TP-0001855,OPP-00405,LEAD-002311,5,6,2023-05-30,17,organic_search,(not set),demo_request,/produto/crm-integracao,AST-0019,88,0,0,0.162497,22229.56
TP-0001856,OPP-00405,LEAD-002311,6,6,2023-06-13,3,organic_search,,sales_call,/blog/crm-para-industria,AST-0002,99,0,1,0.745389,101969.23
TP-0001857,OPP-00406,LEAD-002314,1,2,2023-06-08,19,paid_search,crm-b2b-keywords-2023,click,/produto/crm-integracao,AST-0019,30,1,0,0.216538,25573.11
TP-0001858,OPP-00406,LEAD-002314,2,2,2023-06-24,3,paid_search,pesquisa_concorrentes_q2_2023,click,/lp/comparativo-erp,AST-0017,25,0,1,0.783462,92526.89
TP-0001859,OPP-00407,LEAD-002318,1,3,2023-05-05,41,paid_search,google_branded_2023,click,/ebook/gestao-pipeline-vendas,AST-0009,24,1,0,0.010902,1028.02
TP-0001860,OPP-00407,LEAD-002318,2,3,2023-06-12,3,paid_search,crm-b2b-keywords-2023,click,/produto/crm-integracao,AST-0019,32,0,0,0.126574,11935.95
TP-0001861,OPP-00407,LEAD-002318,3,3,2023-06-15,0,paid_search,integracao_erp_pesquisa_2023,form_fill,/lp/trial-30-dias,AST-0016,69,0,1,0.862524,81336.03
TP-0001862,OPP-00408,LEAD-002333,1,4,2023-06-16,14,paid_search,crm-b2b-keywords-2023,click,/produto/erp-connector,AST-0020,29,1,0,0.04453,3553.52
TP-0001863,OPP-00408,LEAD-002333,2,4,2023-06-18,12,organic_search,,click,/blog/churn-saas-brasil,AST-0005,11,0,0,0.039514,3153.24
TP-0001864,OPP-00408,LEAD-002333,3,4,2023-06-24,6,organic_search,,form_fill,/produto/api-marketplace,AST-0021,65,0,0,0.222409,17748.22
TP-0001865,OPP-00408,LEAD-002333,4,4,2023-06-29,1,organic_search,(none),demo_request,/produto/api-marketplace,AST-0021,99,0,1,0.693547,55345.02
TP-0001866,OPP-00409,LEAD-002338,1,9,2023-05-27,28,linkedin_ads,linkedin_gestores_2023,impression,/webinar/integracao-erp-ao-vivo,AST-0012,13,1,0,0.005116,408.23
TP-0001867,OPP-00409,LEAD-002338,2,9,2023-06-01,23,email_marketing,newsletter_mensal_06_2023,click,/webinar/automacao-vendas-demo,AST-0014,31,0,0,0.016873,1346.46
TP-0001868,OPP-00409,LEAD-002338,3,9,2023-06-03,21,email_marketing,email_reengajamento_q2_2023,content_view,/lp/roi-calculator,AST-0018,38,0,0,0.025952,2070.97
TP-0001869,OPP-00409,LEAD-002338,4,9,2023-06-10,14,email_marketing,email_nurture_leads_2023,demo_request,/ebook/integracao-sistemas-guia,AST-0011,81,0,0,0.17115,13657.79
TP-0001870,OPP-00409,LEAD-002338,5,9,2023-06-11,13,email_marketing,email_reengajamento_q2_2023,sales_call,/ebook/gestao-pipeline-vendas,AST-0009,100,0,0,0.2068,16502.66
TP-0001871,OPP-00409,LEAD-002338,6,9,2023-06-12,12,email_marketing,newsletter_mensal_06_2023,impression,/webinar/integracao-erp-ao-vivo,AST-0012,24,0,0,0.01234,984.7
TP-0001872,OPP-00409,LEAD-002338,7,9,2023-06-15,9,email_marketing,newsletter_mensal_06_2023,proposal_sent,/ebook/roi-tecnologia-empresas,AST-0010,76,0,0,0.214038,17080.23
TP-0001873,OPP-00409,LEAD-002338,8,9,2023-06-17,7,email_marketing,email_reengajamento_q2_2023,demo_request,/blog/funil-vendas-complexas,AST-0006,64,0,0,0.282179,22517.89
TP-0001874,OPP-00409,LEAD-002338,9,9,2023-06-20,4,email_marketing,campanha_email_06-2023,email_open,/produto/crm-integracao,AST-0019,8,0,1,0.065552,5231.09
TP-0001875,OPP-00410,LEAD-002346,1,5,2023-05-24,36,linkedin_ads,linkedin_prospecao_q2_2023,impression,/webinar/automacao-vendas-demo,AST-0014,15,1,0,0.003366,146.44
TP-0001876,OPP-00410,LEAD-002346,2,5,2023-06-03,26,email_marketing,email_reengajamento_q2_2023,click,/lp/comparativo-erp,AST-0017,9,0,0,0.01587,690.33
TP-0001877,OPP-00410,LEAD-002346,3,5,2023-06-07,22,email_marketing,campanha_email_06-2023,content_view,/ebook/gestao-pipeline-vendas,AST-0009,43,0,0,0.028157,1224.83
TP-0001878,OPP-00410,LEAD-002346,4,5,2023-06-16,13,email_marketing,email_nurture_leads_2023,demo_request,/ebook/roi-tecnologia-empresas,AST-0010,94,0,0,0.214208,9318.07
TP-0001879,OPP-00410,LEAD-002346,5,5,2023-06-26,3,email_marketing,campanha_email_06-2023,sales_call,/blog/automacao-marketing-b2b,AST-0004,91,0,1,0.738398,32120.33
TP-0001880,OPP-00411,LEAD-002348,1,6,2023-05-10,42,webinar_evento,black_friday_2023,impression,/lp/roi-calculator,AST-0018,25,1,0,0.001948,437.03
TP-0001881,OPP-00411,LEAD-002348,2,6,2023-05-28,24,organic_search,(none),click,/blog/crm-para-industria,AST-0002,25,0,0,0.016264,3648.1
TP-0001882,OPP-00411,LEAD-002348,3,6,2023-05-31,21,organic_search,(not set),form_fill,/lp/trial-30-dias,AST-0016,68,0,0,0.073888,16573.0
TP-0001883,OPP-00411,LEAD-002348,4,6,2023-06-05,16,organic_search,(not set),demo_request,/blog/automacao-marketing-b2b,AST-0004,76,0,0,0.153605,34453.52
TP-0001884,OPP-00411,LEAD-002348,5,6,2023-06-06,15,organic_search,,sales_call,/blog/integracao-erp-sistemas,AST-0003,97,0,0,0.1856,41630.07
TP-0001885,OPP-00411,LEAD-002348,6,6,2023-06-16,5,organic_search,,sales_call,/blog/crm-para-industria,AST-0002,65,0,1,0.568695,127558.29
TP-0001886,OPP-00412,LEAD-002354,1,3,2023-05-31,28,direct,(direct),click,/produto/erp-connector,AST-0020,28,1,0,0.031847,2993.62
TP-0001887,OPP-00412,LEAD-002354,2,3,2023-05-31,28,direct,(direct),form_fill,/produto/api-marketplace,AST-0021,64,0,0,0.089825,8443.54
TP-0001888,OPP-00412,LEAD-002354,3,3,2023-06-21,7,direct,,demo_request,/produto/api-marketplace,AST-0021,96,0,1,0.878328,82562.85
TP-0001889,OPP-00413,LEAD-002360,1,4,2023-05-08,42,organic_search,(none),impression,/produto/erp-connector,AST-0020,12,1,0,0.00351,114.78
TP-0001890,OPP-00413,LEAD-002360,2,4,2023-05-22,28,meta_ads,facebook_retargeting_2023,click,/ebook/crm-para-varejo,AST-0008,1,0,0,0.022019,720.02
TP-0001891,OPP-00413,LEAD-002360,3,4,2023-06-13,6,meta_ads,fb-leads-varejo-2023,content_view,/lp/trial-30-dias,AST-0016,44,0,0,0.141317,4621.08
TP-0001892,OPP-00413,LEAD-002360,4,4,2023-06-18,1,meta_ads,meta_awareness_2023,form_fill,/ebook/roi-tecnologia-empresas,AST-0010,78,0,1,0.833154,27244.12
TP-0001893,OPP-00414,LEAD-002363,1,4,2023-05-08,39,meta_ads,meta_awareness_2023,impression,/lp/demo-gratis,AST-0015,17,1,0,0.038051,993.13
TP-0001894,OPP-00414,LEAD-002363,2,4,2023-05-10,37,organic_search,(not set),click,/ebook/integracao-sistemas-guia,AST-0011,30,0,0,0.101295,2643.79
TP-0001895,OPP-00414,LEAD-002363,3,4,2023-05-14,33,organic_search,(none),form_fill,/produto/erp-connector,AST-0020,54,0,0,0.494245,12899.81
TP-0001896,OPP-00414,LEAD-002363,4,4,2023-05-28,19,organic_search,(not set),email_open,/blog/churn-saas-brasil,AST-0005,11,0,1,0.366409,9563.27
TP-0001897,OPP-00415,LEAD-002364,1,7,2023-06-08,24,linkedin_ads,linkedin_prospeccao_q2_2023,impression,/lp/demo-gratis,AST-0015,14,1,0,0.006761,1359.57
TP-0001898,OPP-00415,LEAD-002364,2,7,2023-06-11,21,meta_ads,fb-leads-varejo-2023,click,/ebook/integracao-sistemas-guia,AST-0011,25,0,0,0.01933,3887.25
TP-0001899,OPP-00415,LEAD-002364,3,7,2023-06-13,19,meta_ads,fb-leads-varejo-2023,content_view,/ebook/gestao-pipeline-vendas,AST-0009,34,0,0,0.029731,5978.92
TP-0001900,OPP-00415,LEAD-002364,4,7,2023-06-21,11,meta_ads,fb-leads-varejo-2023,demo_request,/ebook/integracao-sistemas-guia,AST-0011,100,0,0,0.210591,42349.78
TP-0001901,OPP-00415,LEAD-002364,5,7,2023-06-21,11,meta_ads,facebook_retargeting_2023,sales_call,/lp/demo-gratis,AST-0015,93,0,0,0.236915,47643.51
TP-0001902,OPP-00415,LEAD-002364,6,7,2023-06-27,5,meta_ads,ig_gestores_b2b_q2,impression,/ebook/crm-para-varejo,AST-0008,16,0,0,0.020204,4063.1
TP-0001903,OPP-00415,LEAD-002364,7,7,2023-07-02,0,meta_ads,meta_awareness_2023,form_fill,/ebook/integracao-sistemas-guia,AST-0011,74,0,1,0.476469,95817.87
TP-0001904,OPP-00416,LEAD-002369,1,2,2023-06-06,11,organic_search,(not set),impression,/webinar/automacao-vendas-demo,AST-0014,3,1,0,0.149095,5978.73
TP-0001905,OPP-00416,LEAD-002369,2,2,2023-06-13,4,organic_search,,click,/blog/funil-vendas-complexas,AST-0006,22,0,1,0.850905,34121.27
TP-0001906,OPP-00417,LEAD-002375,1,3,2023-05-17,42,organic_search,(none),impression,/produto/erp-connector,AST-0020,22,1,0,0.016772,1118.68
TP-0001907,OPP-00417,LEAD-002375,2,3,2023-05-31,28,organic_search,,click,/produto/crm-integracao,AST-0019,24,0,0,0.105209,7017.45
TP-0001908,OPP-00417,LEAD-002375,3,3,2023-06-20,8,organic_search,,content_view,/webinar/integracao-erp-ao-vivo,AST-0012,14,0,1,0.878019,58563.87
TP-0001909,OPP-00418,LEAD-002381,1,4,2023-05-19,42,organic_search,(none),impression,/blog/automacao-marketing-b2b,AST-0004,8,1,0,0.015556,441.8
TP-0001910,OPP-00418,LEAD-002381,2,4,2023-05-23,38,linkedin_ads,lkd_awareness_2023,click,/ebook/integracao-sistemas-guia,AST-0011,31,0,0,0.047771,1356.7
TP-0001911,OPP-00418,LEAD-002381,3,4,2023-05-31,30,linkedin_ads,linkedin_gestores_2023,content_view,/blog/gestao-vendas-b2b,AST-0001,42,0,0,0.112791,3203.25
TP-0001912,OPP-00418,LEAD-002381,4,4,2023-06-08,22,linkedin_ads,linkedin_prospeccao_q2_2023,form_fill,/ebook/roi-tecnologia-empresas,AST-0010,76,0,1,0.823882,23398.25
TP-0001913,OPP-00419,LEAD-002382,1,2,2023-05-29,19,paid_search,google_brand_keywords_2023,click,/lp/demo-gratis,AST-0015,36,1,0,0.313037,9297.21
TP-0001914,OPP-00419,LEAD-002382,2,2,2023-06-07,10,paid_search,pesquisa_concorrentes_q2_2023,click,/produto/crm-integracao,AST-0019,13,0,1,0.686963,20402.79
TP-0001915,OPP-00420,LEAD-002384,1,3,2023-05-20,43,paid_search,integracao_erp_pesquisa_2023,click,/lp/roi-calculator,AST-0018,18,1,0,0.017151,497.39
TP-0001916,OPP-00420,LEAD-002384,2,3,2023-06-02,30,paid_search,integracao_erp_pesquisa_2023,click,/lp/demo-gratis,AST-0015,24,0,0,0.033391,968.34
TP-0001917,OPP-00420,LEAD-002384,3,3,2023-06-25,7,paid_search,integracao_erp_pesquisa_2023,form_fill,/produto/api-marketplace,AST-0021,61,0,1,0.949458,27534.27
TP-0001918,OPP-00421,LEAD-002388,1,4,2023-05-20,44,paid_search,google_branded_2023,click,/produto/crm-integracao,AST-0019,32,1,0,0.009209,502.81
TP-0001919,OPP-00421,LEAD-002388,2,4,2023-05-26,38,meta_ads,fb-leads-varejo-2023,click,/lp/comparativo-erp,AST-0017,25,0,0,0.010874,593.73
TP-0001920,OPP-00421,LEAD-002388,3,4,2023-06-01,32,meta_ads,facebook_retargeting_2023,form_fill,/ebook/crm-para-varejo,AST-0008,58,0,0,0.061206,3341.84
TP-0001921,OPP-00421,LEAD-002388,4,4,2023-06-28,5,meta_ads,meta_awareness_2023,demo_request,/ebook/roi-tecnologia-empresas,AST-0010,74,0,1,0.918711,50161.63
TP-0001922,OPP-00422,LEAD-002398,1,6,2023-05-11,44,organic_search,(not set),impression,/produto/api-marketplace,AST-0021,18,1,0,0.015242,519.75
TP-0001923,OPP-00422,LEAD-002398,2,6,2023-05-17,38,email_marketing,email_nurture_leads_2023,click,/ebook/integracao-sistemas-guia,AST-0011,30,0,0,0.053994,1841.21
TP-0001924,OPP-00422,LEAD-002398,3,6,2023-05-19,36,email_marketing,email_reengajamento_q2_2023,content_view,/blog/automacao-marketing-b2b,AST-0004,46,0,0,0.083048,2831.93
TP-0001925,OPP-00422,LEAD-002398,4,6,2023-05-31,24,email_marketing,email_reengajamento_q2_2023,form_fill,/webinar/automacao-vendas-demo,AST-0014,57,0,0,0.538163,18351.36
TP-0001926,OPP-00422,LEAD-002398,5,6,2023-06-13,11,email_marketing,campanha_email_06-2023,impression,/webinar/automacao-vendas-demo,AST-0014,14,0,0,0.123821,4222.3
TP-0001927,OPP-00422,LEAD-002398,6,6,2023-06-13,11,email_marketing,email_reengajamento_q2_2023,impression,/webinar/automacao-vendas-demo,AST-0014,1,0,1,0.185732,6333.45
TP-0001928,OPP-00423,LEAD-002410,1,6,2023-05-22,44,linkedin_ads,linkedin_prospeccao_q2_2023,impression,/lp/trial-30-dias,AST-0016,14,1,0,0.004921,513.75
TP-0001929,OPP-00423,LEAD-002410,2,6,2023-05-22,44,direct,,click,/produto/erp-connector,AST-0020,23,0,0,0.011356,1185.58
TP-0001930,OPP-00423,LEAD-002410,3,6,2023-05-26,40,direct,(not set),content_view,/lp/trial-30-dias,AST-0016,33,0,0,0.020149,2103.55
TP-0001931,OPP-00423,LEAD-002410,4,6,2023-06-01,34,direct,(not set),demo_request,/produto/api-marketplace,AST-0021,77,0,0,0.12372,12916.35
TP-0001932,OPP-00423,LEAD-002410,5,6,2023-06-15,20,direct,(not set),sales_call,/blog/churn-saas-brasil,AST-0005,99,0,0,0.378343,39499.05
TP-0001933,OPP-00423,LEAD-002410,6,6,2023-06-19,16,direct,(not set),form_fill,/ebook/roi-tecnologia-empresas,AST-0010,76,0,1,0.461511,48181.72
TP-0001934,OPP-00424,LEAD-002413,1,7,2023-05-17,35,linkedin_ads,linkedin_decisores_ti_2023,impression,/lp/demo-gratis,AST-0015,2,1,0,0.005817,1281.41
TP-0001935,OPP-00424,LEAD-002413,2,7,2023-05-26,26,linkedin_ads,linkedin_gestores_2023,click,/webinar/crm-para-gestores,AST-0013,36,0,0,0.025529,5624.15
TP-0001936,OPP-00424,LEAD-002413,3,7,2023-06-02,19,linkedin_ads,linkedin_prospecao_q2_2023,content_view,/lp/roi-calculator,AST-0018,48,0,0,0.056121,12363.53
TP-0001937,OPP-00424,LEAD-002413,4,7,2023-06-04,17,linkedin_ads,lkd_awareness_2023,demo_request,/ebook/integracao-sistemas-guia,AST-0011,72,0,0,0.258959,57048.56
TP-0001938,OPP-00424,LEAD-002413,5,7,2023-06-12,9,linkedin_ads,linkedin_prospecao_q2_2023,sales_call,/ebook/gestao-pipeline-vendas,AST-0009,85,0,0,0.515883,113648.96
TP-0001939,OPP-00424,LEAD-002413,6,7,2023-06-13,8,linkedin_ads,linkedin_gestores_2023,email_open,/ebook/gestao-pipeline-vendas,AST-0009,5,0,0,0.061564,13562.63
TP-0001940,OPP-00424,LEAD-002413,7,7,2023-06-20,1,linkedin_ads,linkedin_gestores_2023,impression,/lp/comparativo-erp,AST-0017,18,0,1,0.076127,16770.75
TP-0001941,OPP-00425,LEAD-002421,1,4,2023-05-18,35,paid_search,integracao_erp_pesquisa_2023,click,/blog/churn-saas-brasil,AST-0005,19,1,0,0.018205,558.89
TP-0001942,OPP-00425,LEAD-002421,2,4,2023-05-30,23,paid_search,integracao_erp_pesquisa_2023,click,/blog/crm-para-industria,AST-0002,25,0,0,0.032999,1013.07
TP-0001943,OPP-00425,LEAD-002421,3,4,2023-05-30,23,paid_search,pesquisa_concorrentes_q2_2023,form_fill,/produto/erp-connector,AST-0020,61,0,0,0.120996,3714.57
TP-0001944,OPP-00425,LEAD-002421,4,4,2023-06-15,7,paid_search,integracao_erp_pesquisa_2023,demo_request,/blog/funil-vendas-complexas,AST-0006,86,0,1,0.8278,25413.47
TP-0001945,OPP-00426,LEAD-002435,1,7,2023-05-11,41,webinar_evento,evento_crm_gestores_q2,impression,/webinar/integracao-erp-ao-vivo,AST-0012,28,1,0,0.002911,148.44
TP-0001946,OPP-00426,LEAD-002435,2,7,2023-05-14,38,webinar_evento,black_friday_2023,click,/lp/demo-gratis,AST-0015,18,0,0,0.008322,424.43
TP-0001947,OPP-00426,LEAD-002435,3,7,2023-05-30,22,webinar_evento,evento_crm_gestores_q2,form_fill,/produto/crm-integracao,AST-0019,74,0,0,0.095684,4879.9
TP-0001948,OPP-00426,LEAD-002435,4,7,2023-06-08,13,webinar_evento,bf-23,demo_request,/webinar/crm-para-gestores,AST-0013,61,0,0,0.264702,13499.82
TP-0001949,OPP-00426,LEAD-002435,5,7,2023-06-13,8,webinar_evento,campanha_natal_2023,sales_call,/lp/trial-30-dias,AST-0016,93,0,0,0.425614,21706.29
TP-0001950,OPP-00426,LEAD-002435,6,7,2023-06-13,8,webinar_evento,bf-23,click,/webinar/crm-para-gestores,AST-0013,30,0,0,0.070936,3617.72
TP-0001951,OPP-00426,LEAD-002435,7,7,2023-06-16,5,webinar_evento,bf-23,click,/lp/trial-30-dias,AST-0016,13,0,1,0.131831,6723.4
TP-0001952,OPP-00427,LEAD-002446,1,5,2023-06-03,28,organic_search,,impression,/blog/crm-para-industria,AST-0002,13,1,0,0.020609,692.46
TP-0001953,OPP-00427,LEAD-002446,2,5,2023-06-08,23,organic_search,,click,/produto/erp-connector,AST-0020,16,0,0,0.067974,2283.92
TP-0001954,OPP-00427,LEAD-002446,3,5,2023-06-14,17,organic_search,(none),content_view,/produto/erp-connector,AST-0020,22,0,0,0.139125,4674.61
TP-0001955,OPP-00427,LEAD-002446,4,5,2023-06-17,14,organic_search,,form_fill,/produto/api-marketplace,AST-0021,74,0,0,0.474026,15927.28
TP-0001956,OPP-00427,LEAD-002446,5,5,2023-06-19,12,organic_search,(not set),content_view,/webinar/automacao-vendas-demo,AST-0014,27,0,1,0.298265,10021.72
TP-0001957,OPP-00428,LEAD-002449,1,3,2023-06-09,26,organic_search,(none),impression,/blog/funil-vendas-complexas,AST-0006,14,1,0,0.038958,2695.91
TP-0001958,OPP-00428,LEAD-002449,2,3,2023-06-24,11,organic_search,(not set),click,/blog/gestao-vendas-b2b,AST-0001,14,0,0,0.262478,18163.45
TP-0001959,OPP-00428,LEAD-002449,3,3,2023-06-28,7,organic_search,,content_view,/blog/integracao-erp-sistemas,AST-0003,47,0,1,0.698564,48340.64
TP-0001960,OPP-00429,LEAD-002450,1,5,2023-05-14,42,paid_search,pesquisa_concorrentes_q2_2023,click,/lp/demo-gratis,AST-0015,29,1,0,0.015795,374.35
TP-0001961,OPP-00429,LEAD-002450,2,5,2023-05-28,28,paid_search,crm-b2b-keywords-2023,click,/produto/erp-connector,AST-0020,35,0,0,0.033028,782.76
TP-0001962,OPP-00429,LEAD-002450,3,5,2023-06-07,18,paid_search,crm-b2b-keywords-2023,form_fill,/produto/api-marketplace,AST-0021,75,0,0,0.247378,5862.86
TP-0001963,OPP-00429,LEAD-002450,4,5,2023-06-08,17,paid_search,integracao_erp_pesquisa_2023,demo_request,/lp/demo-gratis,AST-0015,73,0,0,0.386464,9159.2
TP-0001964,OPP-00429,LEAD-002450,5,5,2023-06-23,2,paid_search,google_branded_2023,click,/produto/api-marketplace,AST-0021,8,0,1,0.317335,7520.83
TP-0001965,OPP-00430,LEAD-002456,1,4,2023-05-18,43,paid_search,crm-b2b-keywords-2023,click,/produto/erp-connector,AST-0020,2,1,0,0.011289,362.37
TP-0001966,OPP-00430,LEAD-002456,2,4,2023-06-03,27,direct,,click,/lp/roi-calculator,AST-0018,23,0,0,0.027229,874.07
TP-0001967,OPP-00430,LEAD-002456,3,4,2023-06-05,25,direct,(not set),form_fill,/lp/comparativo-erp,AST-0017,59,0,0,0.115173,3697.07
TP-0001968,OPP-00430,LEAD-002456,4,4,2023-06-22,8,direct,,demo_request,/produto/erp-connector,AST-0020,72,0,1,0.846308,27166.5
TP-0001969,OPP-00431,LEAD-002460,1,6,2023-05-18,41,webinar_evento,webinar_integracao_erp_2023,impression,/webinar/automacao-vendas-demo,AST-0014,1,1,0,0.001603,75.03
TP-0001970,OPP-00431,LEAD-002460,2,6,2023-06-03,25,webinar_evento,webinar_integracao_erp_2023,click,/blog/automacao-marketing-b2b,AST-0004,32,0,0,0.011601,542.91
TP-0001971,OPP-00431,LEAD-002460,3,6,2023-06-15,13,webinar_evento,campanha-natal-2023,form_fill,/lp/comparativo-erp,AST-0017,54,0,0,0.100232,4690.85
TP-0001972,OPP-00431,LEAD-002460,4,6,2023-06-15,13,webinar_evento,campanha-natal-2023,demo_request,/webinar/crm-para-gestores,AST-0013,81,0,0,0.145792,6823.06
TP-0001973,OPP-00431,LEAD-002460,5,6,2023-06-27,1,webinar_evento,evento_crm_gestores_q2,sales_call,/ebook/crm-para-varejo,AST-0008,84,0,0,0.38649,18087.73
TP-0001974,OPP-00431,LEAD-002460,6,6,2023-06-27,1,webinar_evento,webinar_integracao_erp_2023,form_fill,/webinar/automacao-vendas-demo,AST-0014,67,0,1,0.354282,16580.42
TP-0001975,OPP-00432,LEAD-002462,1,5,2023-05-18,36,paid_search,pesquisa_concorrentes_q2_2023,click,/lp/demo-gratis,AST-0015,23,1,0,0.019694,1075.28
TP-0001976,OPP-00432,LEAD-002462,2,5,2023-05-24,30,organic_search,,click,/produto/api-marketplace,AST-0021,26,0,0,0.023255,1269.71
TP-0001977,OPP-00432,LEAD-002462,3,5,2023-05-25,29,organic_search,(none),form_fill,/blog/automacao-marketing-b2b,AST-0004,66,0,0,0.091581,5000.32
TP-0001978,OPP-00432,LEAD-002462,4,5,2023-06-05,18,organic_search,(not set),demo_request,/produto/erp-connector,AST-0020,82,0,0,0.292256,15957.19
TP-0001979,OPP-00432,LEAD-002462,5,5,2023-06-14,9,organic_search,,form_fill,/webinar/integracao-erp-ao-vivo,AST-0012,93,0,1,0.573214,31297.5
TP-0001980,OPP-00433,LEAD-002463,1,4,2023-05-22,34,webinar_evento,black_friday_2023,impression,/webinar/crm-para-gestores,AST-0013,11,1,0,0.007102,980.11
TP-0001981,OPP-00433,LEAD-002463,2,4,2023-05-22,34,webinar_evento,black_friday_2023,click,/blog/gestao-vendas-b2b,AST-0001,25,0,0,0.01639,2261.79
TP-0001982,OPP-00433,LEAD-002463,3,4,2023-05-25,31,webinar_evento,campanha_natal_2023,form_fill,/lp/trial-30-dias,AST-0016,72,0,0,0.074457,10275.11
TP-0001983,OPP-00433,LEAD-002463,4,4,2023-06-18,7,webinar_evento,evento_crm_gestores_q2,demo_request,/lp/demo-gratis,AST-0015,82,0,1,0.902051,124482.99
TP-0001984,OPP-00434,LEAD-002465,1,5,2023-06-03,30,organic_search,,impression,/blog/automacao-marketing-b2b,AST-0004,11,1,0,0.019152,1564.76
TP-0001985,OPP-00434,LEAD-002465,2,5,2023-06-12,21,linkedin_ads,linkedin_decisores_ti_2023,click,/lp/trial-30-dias,AST-0016,17,0,0,0.08406,6867.74
TP-0001986,OPP-00434,LEAD-002465,3,5,2023-06-15,18,linkedin_ads,lkd_awareness_2023,content_view,/ebook/roi-tecnologia-empresas,AST-0010,23,0,0,0.138865,11345.29
TP-0001987,OPP-00434,LEAD-002465,4,5,2023-06-21,12,linkedin_ads,linkedin_prospecao_q2_2023,form_fill,/blog/leads-qualificados-b2b,AST-0007,75,0,0,0.586209,47893.29
TP-0001988,OPP-00434,LEAD-002465,5,5,2023-06-22,11,linkedin_ads,linkedin_decisores_ti_2023,email_open,/lp/trial-30-dias,AST-0016,30,0,1,0.171713,14028.92
TP-0001989,OPP-00435,LEAD-002467,1,2,2023-05-23,41,organic_search,,impression,/ebook/integracao-sistemas-guia,AST-0011,3,1,0,0.026627,846.73
TP-0001990,OPP-00435,LEAD-002467,2,2,2023-06-25,8,organic_search,(not set),click,/blog/crm-para-industria,AST-0002,36,0,1,0.973373,30953.27
TP-0001991,OPP-00436,LEAD-002477,1,4,2023-05-17,42,webinar_evento,campanha_natal_2023,impression,/webinar/automacao-vendas-demo,AST-0014,26,1,0,0.003398,307.86
TP-0001992,OPP-00436,LEAD-002477,2,4,2023-06-05,23,email_marketing,email_reengajamento_q2_2023,click,/blog/gestao-vendas-b2b,AST-0001,23,0,0,0.030465,2760.11
TP-0001993,OPP-00436,LEAD-002477,3,4,2023-06-19,9,email_marketing,email_reengajamento_q2_2023,form_fill,/webinar/crm-para-gestores,AST-0013,76,0,0,0.303643,27510.07
TP-0001994,OPP-00436,LEAD-002477,4,4,2023-06-19,9,email_marketing,newsletter_mensal_06_2023,demo_request,/webinar/integracao-erp-ao-vivo,AST-0012,76,0,1,0.662494,60021.97
TP-0001995,OPP-00437,LEAD-002479,1,9,2023-05-16,44,linkedin_ads,linkedin_gestores_2023,impression,/ebook/gestao-pipeline-vendas,AST-0009,27,1,0,0.003744,195.42
TP-0001996,OPP-00437,LEAD-002479,2,9,2023-05-24,36,linkedin_ads,linkedin_prospecao_q2_2023,click,/lp/trial-30-dias,AST-0016,10,0,0,0.015298,798.58
TP-0001997,OPP-00437,LEAD-002479,3,9,2023-06-02,27,linkedin_ads,linkedin_prospeccao_q2_2023,content_view,/lp/roi-calculator,AST-0018,44,0,0,0.038795,2025.09
TP-0001998,OPP-00437,LEAD-002479,4,9,2023-06-02,27,linkedin_ads,linkedin_decisores_ti_2023,demo_request,/ebook/crm-para-varejo,AST-0008,100,0,0,0.155179,8100.35
TP-0001999,OPP-00437,LEAD-002479,5,9,2023-06-03,26,linkedin_ads,lkd_awareness_2023,sales_call,/blog/gestao-vendas-b2b,AST-0001,76,0,0,0.187502,9787.63
TP-0002000,OPP-00437,LEAD-002479,6,9,2023-06-04,25,linkedin_ads,lkd_awareness_2023,sales_call,/ebook/roi-tecnologia-empresas,AST-0010,78,0,0,0.201385,10512.32
TP-0002001,OPP-00437,LEAD-002479,7,9,2023-06-15,14,linkedin_ads,lkd_awareness_2023,impression,/ebook/crm-para-varejo,AST-0008,6,0,0,0.024546,1281.32
TP-0002002,OPP-00437,LEAD-002479,8,9,2023-06-17,12,linkedin_ads,linkedin_gestores_2023,content_view,/ebook/integracao-sistemas-guia,AST-0011,36,0,0,0.113263,5912.34
TP-0002003,OPP-00437,LEAD-002479,9,9,2023-06-27,2,linkedin_ads,linkedin_prospecao_q2_2023,click,/webinar/automacao-vendas-demo,AST-0014,23,0,1,0.260287,13586.96
TP-0002004,OPP-00438,LEAD-002487,1,2,2023-06-06,25,organic_search,,impression,/produto/erp-connector,AST-0020,15,1,0,0.069212,10880.14
TP-0002005,OPP-00438,LEAD-002487,2,2,2023-06-25,6,organic_search,,click,/blog/integracao-erp-sistemas,AST-0003,18,0,1,0.930788,146319.86
TP-0002006,OPP-00439,LEAD-002503,1,4,2023-05-23,38,linkedin_ads,linkedin_decisores_ti_2023,impression,/ebook/gestao-pipeline-vendas,AST-0009,12,1,0,0.006262,1082.72
TP-0002007,OPP-00439,LEAD-002503,2,4,2023-06-01,29,paid_search,google_brand_keywords_2023,click,/lp/trial-30-dias,AST-0016,15,0,0,0.027485,4752.09
TP-0002008,OPP-00439,LEAD-002503,3,4,2023-06-05,25,paid_search,google_branded_2023,content_view,/lp/comparativo-erp,AST-0017,24,0,0,0.048765,8431.55
TP-0002009,OPP-00439,LEAD-002503,4,4,2023-06-21,9,paid_search,pesquisa_concorrentes_q2_2023,demo_request,/lp/demo-gratis,AST-0015,89,0,1,0.917488,158633.64
TP-0002010,OPP-00440,LEAD-002506,1,2,2023-06-08,25,paid_search,crm-b2b-keywords-2023,click,/produto/api-marketplace,AST-0021,42,1,0,0.328599,24020.57
TP-0002011,OPP-00440,LEAD-002506,2,2,2023-06-16,17,paid_search,google_branded_2023,click,/produto/crm-integracao,AST-0019,32,0,1,0.671401,49079.43
TP-0002012,OPP-00441,LEAD-002508,1,8,2023-05-20,44,webinar_evento,webinar_integracao_erp_2023,impression,/lp/roi-calculator,AST-0018,16,1,0,0.004978,252.39
TP-0002013,OPP-00441,LEAD-002508,2,8,2023-05-21,43,webinar_evento,campanha-natal-2023,click,/webinar/integracao-erp-ao-vivo,AST-0012,43,0,0,0.012339,625.57
TP-0002014,OPP-00441,LEAD-002508,3,8,2023-05-22,42,webinar_evento,campanha-natal-2023,form_fill,/lp/demo-gratis,AST-0015,84,0,0,0.048592,2463.6
TP-0002015,OPP-00441,LEAD-002508,4,8,2023-05-25,39,webinar_evento,webinar_integracao_erp_2023,demo_request,/webinar/integracao-erp-ao-vivo,AST-0012,84,0,0,0.087569,4439.77
TP-0002016,OPP-00441,LEAD-002508,5,8,2023-05-29,35,webinar_evento,bf-23,sales_call,/webinar/crm-para-gestores,AST-0013,100,0,0,0.131096,6646.56
TP-0002017,OPP-00441,LEAD-002508,6,8,2023-06-01,32,webinar_evento,campanha-natal-2023,demo_request,/lp/demo-gratis,AST-0015,94,0,0,0.144377,7319.94
TP-0002018,OPP-00441,LEAD-002508,7,8,2023-06-06,27,webinar_evento,webinar_integracao_erp_2023,click,/lp/roi-calculator,AST-0018,1,0,0,0.038691,1961.62
TP-0002019,OPP-00441,LEAD-002508,8,8,2023-07-03,0,webinar_evento,campanha-natal-2023,content_view,/webinar/integracao-erp-ao-vivo,AST-0012,44,0,1,0.532358,26990.56
TP-0002020,OPP-00442,LEAD-002514,1,6,2023-05-29,28,email_marketing,campanha_email_05-2023,email_open,/ebook/gestao-pipeline-vendas,AST-0009,3,1,0,0.008573,591.56
TP-0002021,OPP-00442,LEAD-002514,2,6,2023-06-01,25,paid_search,crm-b2b-keywords-2023,click,/produto/api-marketplace,AST-0021,18,0,0,0.012256,845.69
TP-0002022,OPP-00442,LEAD-002514,3,6,2023-06-03,23,paid_search,crm-b2b-keywords-2023,content_view,/lp/roi-calculator,AST-0018,53,0,0,0.018851,1300.75
TP-0002023,OPP-00442,LEAD-002514,4,6,2023-06-17,9,paid_search,crm-b2b-keywords-2023,form_fill,/lp/demo-gratis,AST-0015,69,0,0,0.140919,9723.43
TP-0002024,OPP-00442,LEAD-002514,5,6,2023-06-19,7,paid_search,google_brand_keywords_2023,proposal_sent,/produto/api-marketplace,AST-0021,47,0,0,0.206894,14275.69
TP-0002025,OPP-00442,LEAD-002514,6,6,2023-06-25,1,paid_search,pesquisa_concorrentes_q2_2023,sales_call,/produto/crm-integracao,AST-0019,99,0,1,0.612505,42262.88
TP-0002026,OPP-00443,LEAD-002516,1,6,2023-05-26,39,organic_search,,impression,/blog/automacao-marketing-b2b,AST-0004,21,1,0,0.005421,155.57
TP-0002027,OPP-00443,LEAD-002516,2,6,2023-06-02,32,organic_search,,click,/produto/erp-connector,AST-0020,42,0,0,0.020624,591.9
TP-0002028,OPP-00443,LEAD-002516,3,6,2023-06-04,30,organic_search,(none),content_view,/produto/erp-connector,AST-0020,35,0,0,0.031721,910.39
TP-0002029,OPP-00443,LEAD-002516,4,6,2023-06-19,15,organic_search,,form_fill,/blog/gestao-vendas-b2b,AST-0001,88,0,0,0.25468,7309.31
TP-0002030,OPP-00443,LEAD-002516,5,6,2023-06-22,12,organic_search,(none),demo_request,/ebook/integracao-sistemas-guia,AST-0011,84,0,0,0.458971,13172.46
TP-0002031,OPP-00443,LEAD-002516,6,6,2023-06-30,4,organic_search,(none),click,/produto/api-marketplace,AST-0021,20,0,1,0.228584,6560.36
TP-0002032,OPP-00444,LEAD-002519,1,6,2023-06-01,31,webinar_evento,webinar_integracao_erp_2023,impression,/lp/trial-30-dias,AST-0016,23,1,0,0.006187,594.54
TP-0002033,OPP-00444,LEAD-002519,2,6,2023-06-01,31,webinar_evento,campanha_natal_2023,click,/lp/demo-gratis,AST-0015,41,0,0,0.014277,1372.02
TP-0002034,OPP-00444,LEAD-002519,3,6,2023-06-15,17,webinar_evento,evento_crm_gestores_q2,form_fill,/ebook/gestao-pipeline-vendas,AST-0009,64,0,0,0.142299,13674.97
TP-0002035,OPP-00444,LEAD-002519,4,6,2023-06-16,16,webinar_evento,black_friday_2023,demo_request,/produto/erp-connector,AST-0020,90,0,0,0.222306,21363.61
TP-0002036,OPP-00444,LEAD-002519,5,6,2023-06-19,13,webinar_evento,bf-23,sales_call,/lp/roi-calculator,AST-0018,90,0,0,0.309861,29777.64
TP-0002037,OPP-00444,LEAD-002519,6,6,2023-06-20,12,webinar_evento,bf-23,form_fill,/webinar/automacao-vendas-demo,AST-0014,65,0,1,0.30507,29317.22
TP-0002038,OPP-00445,LEAD-002522,1,5,2023-05-17,44,paid_search,integracao_erp_pesquisa_2023,click,/produto/api-marketplace,AST-0021,15,1,0,0.011424,700.31
TP-0002039,OPP-00445,LEAD-002522,2,5,2023-06-04,26,direct,,click,/lp/roi-calculator,AST-0018,27,0,0,0.031788,1948.62
TP-0002040,OPP-00445,LEAD-002522,3,5,2023-06-13,17,direct,(not set),form_fill,/produto/api-marketplace,AST-0021,63,0,0,0.22168,13589.01
TP-0002041,OPP-00445,LEAD-002522,4,5,2023-06-17,13,direct,,demo_request,/produto/api-marketplace,AST-0021,78,0,0,0.42908,26302.63
TP-0002042,OPP-00445,LEAD-002522,5,5,2023-06-26,4,direct,(not set),content_view,/lp/trial-30-dias,AST-0016,24,0,1,0.306027,18759.43
TP-0002043,OPP-00446,LEAD-002526,1,3,2023-06-01,24,paid_search,crm-b2b-keywords-2023,click,/lp/roi-calculator,AST-0018,2,1,0,0.072629,1990.03
TP-0002044,OPP-00446,LEAD-002526,2,3,2023-06-08,17,paid_search,google_branded_2023,click,/webinar/integracao-erp-ao-vivo,AST-0012,28,0,0,0.092111,2523.84
TP-0002045,OPP-00446,LEAD-002526,3,3,2023-06-15,10,paid_search,crm-b2b-keywords-2023,form_fill,/blog/leads-qualificados-b2b,AST-0007,67,0,1,0.83526,22886.13
TP-0002046,OPP-00447,LEAD-002529,1,6,2023-05-19,40,organic_search,,impression,/lp/demo-gratis,AST-0015,7,1,0,0.002473,206.99
TP-0002047,OPP-00447,LEAD-002529,2,6,2023-05-29,30,email_marketing,newsletter_mensal_05_2023,click,/blog/integracao-erp-sistemas,AST-0003,7,0,0,0.011658,975.74
TP-0002048,OPP-00447,LEAD-002529,3,6,2023-06-07,21,email_marketing,campanha_email_06-2023,content_view,/ebook/crm-para-varejo,AST-0008,20,0,0,0.029562,2474.36
TP-0002049,OPP-00447,LEAD-002529,4,6,2023-06-15,13,email_marketing,email_reengajamento_q2_2023,form_fill,/webinar/crm-para-gestores,AST-0013,85,0,0,0.143959,12049.36
TP-0002050,OPP-00447,LEAD-002529,5,6,2023-06-19,9,email_marketing,email_nurture_leads_2023,impression,/webinar/integracao-erp-ao-vivo,AST-0012,7,0,0,0.017415,1457.66
TP-0002051,OPP-00447,LEAD-002529,6,6,2023-06-28,0,email_marketing,campanha_email_06-2023,demo_request,/ebook/gestao-pipeline-vendas,AST-0009,81,0,1,0.794933,66535.89
TP-0002052,OPP-00448,LEAD-002533,1,8,2023-05-28,44,linkedin_ads,lkd_awareness_2023,impression,/lp/roi-calculator,AST-0018,7,1,0,0.002089,405.69
TP-0002053,OPP-00448,LEAD-002533,2,8,2023-06-02,39,webinar_evento,evento_crm_gestores_q2,click,/lp/trial-30-dias,AST-0016,28,0,0,0.00689,1338.05
TP-0002054,OPP-00448,LEAD-002533,3,8,2023-06-03,38,webinar_evento,bf-23,content_view,/lp/roi-calculator,AST-0018,34,0,0,0.009867,1916.16
TP-0002055,OPP-00448,LEAD-002533,4,8,2023-06-14,27,webinar_evento,campanha_natal_2023,demo_request,/produto/erp-connector,AST-0020,80,0,0,0.086591,16816.05
TP-0002056,OPP-00448,LEAD-002533,5,8,2023-06-17,24,webinar_evento,webinar_integracao_erp_2023,sales_call,/webinar/integracao-erp-ao-vivo,AST-0012,91,0,0,0.120695,23439.03
TP-0002057,OPP-00448,LEAD-002533,6,8,2023-06-23,18,webinar_evento,bf-23,form_fill,/blog/leads-qualificados-b2b,AST-0007,62,0,0,0.113224,21988.02
TP-0002058,OPP-00448,LEAD-002533,7,8,2023-06-30,11,webinar_evento,bf-23,click,/webinar/crm-para-gestores,AST-0013,16,0,0,0.050911,9886.94
TP-0002059,OPP-00448,LEAD-002533,8,8,2023-07-04,7,webinar_evento,black_friday_2023,sales_call,/webinar/crm-para-gestores,AST-0013,91,0,1,0.609732,118410.05
TP-0002060,OPP-00449,LEAD-002535,1,4,2023-05-28,37,direct,(not set),click,/lp/trial-30-dias,AST-0016,39,1,0,0.011799,403.53
TP-0002061,OPP-00449,LEAD-002535,2,4,2023-05-30,35,direct,(direct),form_fill,/produto/crm-integracao,AST-0019,59,0,0,0.03839,1312.94
TP-0002062,OPP-00449,LEAD-002535,3,4,2023-06-17,17,direct,,demo_request,/lp/demo-gratis,AST-0015,78,0,0,0.201987,6907.97
TP-0002063,OPP-00449,LEAD-002535,4,4,2023-06-28,6,direct,,sales_call,/lp/comparativo-erp,AST-0017,88,0,1,0.747824,25575.57
TP-0002064,OPP-00450,LEAD-002542,1,5,2023-05-21,40,paid_search,crm-b2b-keywords-2023,click,/lp/trial-30-dias,AST-0016,10,1,0,0.01633,560.14
TP-0002065,OPP-00450,LEAD-002542,2,5,2023-05-24,37,email_marketing,campanha_email_05-2023,click,/ebook/crm-para-varejo,AST-0008,15,0,0,0.015564,533.84
TP-0002066,OPP-00450,LEAD-002542,3,5,2023-06-04,26,email_marketing,campanha_email_06-2023,form_fill,/webinar/crm-para-gestores,AST-0013,72,0,0,0.125205,4294.53
TP-0002067,OPP-00450,LEAD-002542,4,5,2023-06-21,9,email_marketing,newsletter_mensal_06_2023,demo_request,/webinar/integracao-erp-ao-vivo,AST-0012,90,0,0,0.613347,21037.82
TP-0002068,OPP-00450,LEAD-002542,5,5,2023-06-25,5,email_marketing,email_reengajamento_q2_2023,click,/webinar/integracao-erp-ao-vivo,AST-0012,34,0,1,0.229553,7873.67
TP-0002069,OPP-00451,LEAD-002547,1,7,2023-05-25,44,linkedin_ads,linkedin_prospecao_q2_2023,impression,/webinar/crm-para-gestores,AST-0013,3,1,0,0.002524,481.49
TP-0002070,OPP-00451,LEAD-002547,2,7,2023-05-27,42,direct,(direct),click,/ebook/integracao-sistemas-guia,AST-0011,26,0,0,0.006718,1281.76
TP-0002071,OPP-00451,LEAD-002547,3,7,2023-06-21,17,direct,,content_view,/lp/roi-calculator,AST-0018,39,0,0,0.053419,10192.27
TP-0002072,OPP-00451,LEAD-002547,4,7,2023-06-24,14,direct,,demo_request,/webinar/integracao-erp-ao-vivo,AST-0012,83,0,0,0.264738,50511.94
TP-0002073,OPP-00451,LEAD-002547,5,7,2023-07-02,6,direct,,sales_call,/ebook/crm-para-varejo,AST-0008,100,0,0,0.527396,100627.08
TP-0002074,OPP-00451,LEAD-002547,6,7,2023-07-05,3,direct,(direct),impression,/lp/trial-30-dias,AST-0016,8,0,0,0.036302,6926.37
TP-0002075,OPP-00451,LEAD-002547,7,7,2023-07-05,3,direct,(not set),email_open,/ebook/roi-tecnologia-empresas,AST-0010,15,0,1,0.108905,20779.1
TP-0002076,OPP-00452,LEAD-002550,1,3,2023-06-04,27,direct,(not set),click,/lp/comparativo-erp,AST-0017,20,1,0,0.038825,1537.47
TP-0002077,OPP-00452,LEAD-002550,2,3,2023-06-09,22,direct,(not set),form_fill,/produto/crm-integracao,AST-0019,72,0,0,0.156511,6197.82
TP-0002078,OPP-00452,LEAD-002550,3,3,2023-06-21,10,direct,,demo_request,/lp/comparativo-erp,AST-0017,89,0,1,0.804664,31864.71
TP-0002079,OPP-00453,LEAD-002557,1,4,2023-05-26,38,paid_search,integracao_erp_pesquisa_2023,click,/produto/api-marketplace,AST-0021,32,1,0,0.009292,472.94
TP-0002080,OPP-00453,LEAD-002557,2,4,2023-05-31,33,email_marketing,newsletter_mensal_05_2023,click,/ebook/integracao-sistemas-guia,AST-0011,10,0,0,0.010215,519.96
TP-0002081,OPP-00453,LEAD-002557,3,4,2023-06-16,17,email_marketing,campanha_email_06-2023,form_fill,/webinar/automacao-vendas-demo,AST-0014,80,0,0,0.117451,5978.25
TP-0002082,OPP-00453,LEAD-002557,4,4,2023-07-03,0,email_marketing,email_nurture_leads_2023,demo_request,/blog/funil-vendas-complexas,AST-0006,100,0,1,0.863042,43928.86
TP-0002083,OPP-00454,LEAD-002560,1,2,2023-05-29,38,meta_ads,facebook_retargeting_2023,impression,/ebook/crm-para-varejo,AST-0008,12,1,0,0.028542,676.44
TP-0002084,OPP-00454,LEAD-002560,2,2,2023-06-30,6,meta_ads,facebook_retargeting_2023,click,/lp/trial-30-dias,AST-0016,19,0,1,0.971458,23023.56
TP-0002085,OPP-00455,LEAD-002568,1,3,2023-06-13,21,paid_search,integracao_erp_pesquisa_2023,click,/lp/roi-calculator,AST-0018,30,1,0,0.054573,4753.27
TP-0002086,OPP-00455,LEAD-002568,2,3,2023-06-15,19,paid_search,crm-b2b-keywords-2023,click,/lp/trial-30-dias,AST-0016,23,0,0,0.048425,4217.85
TP-0002087,OPP-00455,LEAD-002568,3,3,2023-07-02,2,paid_search,crm-b2b-keywords-2023,form_fill,/lp/comparativo-erp,AST-0017,70,0,1,0.897002,78128.88
TP-0002088,OPP-00456,LEAD-002577,1,3,2023-05-31,36,direct,(direct),click,/produto/erp-connector,AST-0020,24,1,0,0.026691,1777.65
TP-0002089,OPP-00456,LEAD-002577,2,3,2023-06-07,29,direct,(not set),form_fill,/produto/crm-integracao,AST-0019,76,0,0,0.124122,8266.51
TP-0002090,OPP-00456,LEAD-002577,3,3,2023-06-23,13,direct,(not set),demo_request,/blog/funil-vendas-complexas,AST-0006,95,0,1,0.849187,56555.83
TP-0002091,OPP-00457,LEAD-002584,1,5,2023-05-26,41,organic_search,,impression,/webinar/integracao-erp-ao-vivo,AST-0012,1,1,0,0.002135,58.07
TP-0002092,OPP-00457,LEAD-002584,2,5,2023-06-06,30,direct,(not set),click,/produto/crm-integracao,AST-0019,27,0,0,0.01081,294.03
TP-0002093,OPP-00457,LEAD-002584,3,5,2023-06-06,30,direct,(direct),content_view,/webinar/automacao-vendas-demo,AST-0014,34,0,0,0.014413,392.04
TP-0002094,OPP-00457,LEAD-002584,4,5,2023-06-24,12,direct,(direct),form_fill,/produto/api-marketplace,AST-0021,76,0,0,0.143374,3899.78
TP-0002095,OPP-00457,LEAD-002584,5,5,2023-07-06,0,direct,(direct),sales_call,/lp/trial-30-dias,AST-0016,81,0,1,0.829268,22556.08
TP-0002096,OPP-00458,LEAD-002587,1,8,2023-06-04,42,webinar_evento,webinar_integracao_erp_2023,impression,/lp/roi-calculator,AST-0018,8,1,0,0.004742,184.45
TP-0002097,OPP-00458,LEAD-002587,2,8,2023-06-12,34,meta_ads,meta_awareness_2023,click,/ebook/roi-tecnologia-empresas,AST-0010,16,0,0,0.019376,753.73
TP-0002098,OPP-00458,LEAD-002587,3,8,2023-06-12,34,meta_ads,facebook_retargeting_2023,form_fill,/produto/crm-integracao,AST-0019,68,0,0,0.071045,2763.66
TP-0002099,OPP-00458,LEAD-002587,4,8,2023-06-15,31,meta_ads,facebook_retargeting_2023,demo_request,/lp/comparativo-erp,AST-0017,83,0,0,0.128034,4980.52
TP-0002100,OPP-00458,LEAD-002587,5,8,2023-06-20,26,meta_ads,facebook_retargeting_2023,sales_call,/lp/trial-30-dias,AST-0016,92,0,0,0.205865,8008.16
TP-0002101,OPP-00458,LEAD-002587,6,8,2023-06-22,24,meta_ads,facebook_retargeting_2023,proposal_sent,/webinar/automacao-vendas-demo,AST-0014,67,0,0,0.184706,7185.06
TP-0002102,OPP-00458,LEAD-002587,7,8,2023-06-27,19,meta_ads,meta_awareness_2023,click,/ebook/crm-para-varejo,AST-0008,24,0,0,0.056569,2200.54
TP-0002103,OPP-00458,LEAD-002587,8,8,2023-07-16,0,meta_ads,ig_gestores_b2b_q3,click,/webinar/integracao-erp-ao-vivo,AST-0012,36,0,1,0.329663,12823.89
TP-0002104,OPP-00459,LEAD-002590,1,6,2023-05-30,35,organic_search,(not set),impression,/produto/crm-integracao,AST-0019,19,1,0,0.01008,836.68
TP-0002105,OPP-00459,LEAD-002590,2,6,2023-06-17,17,organic_search,(none),click,/produto/erp-connector,AST-0020,26,0,0,0.084147,6984.19
TP-0002106,OPP-00459,LEAD-002590,3,6,2023-06-22,12,organic_search,(none),content_view,/blog/automacao-marketing-b2b,AST-0004,36,0,0,0.160355,13309.45
TP-0002107,OPP-00459,LEAD-002590,4,6,2023-06-23,11,organic_search,,form_fill,/blog/churn-saas-brasil,AST-0005,59,0,0,0.473626,39310.96
TP-0002108,OPP-00459,LEAD-002590,5,6,2023-06-23,11,organic_search,(not set),impression,/blog/churn-saas-brasil,AST-0005,6,0,0,0.043057,3573.72
TP-0002109,OPP-00459,LEAD-002590,6,6,2023-07-01,3,organic_search,(not set),email_open,/produto/api-marketplace,AST-0021,20,0,1,0.228735,18985.0
TP-0002110,OPP-00460,LEAD-002592,1,8,2023-06-08,38,linkedin_ads,linkedin_gestores_2023,impression,/webinar/crm-para-gestores,AST-0013,14,1,0,0.002716,490.7
TP-0002111,OPP-00460,LEAD-002592,2,8,2023-06-17,29,linkedin_ads,lkd_awareness_2023,click,/blog/gestao-vendas-b2b,AST-0001,35,0,0,0.011919,2153.68
TP-0002112,OPP-00460,LEAD-002592,3,8,2023-06-27,19,linkedin_ads,linkedin_prospeccao_q2_2023,content_view,/webinar/integracao-erp-ao-vivo,AST-0012,29,0,0,0.032462,5865.84
TP-0002113,OPP-00460,LEAD-002592,4,8,2023-07-04,12,linkedin_ads,linkedin_gestores_2023,demo_request,/ebook/crm-para-varejo,AST-0008,98,0,0,0.214082,38684.54
TP-0002114,OPP-00460,LEAD-002592,5,8,2023-07-05,11,linkedin_ads,linkedin_prospeccao_q3_2023,sales_call,/ebook/integracao-sistemas-guia,AST-0011,85,0,0,0.258674,46742.4
TP-0002115,OPP-00460,LEAD-002592,6,8,2023-07-05,11,linkedin_ads,linkedin_prospecao_q3_2023,content_view,/ebook/crm-para-varejo,AST-0008,49,0,0,0.057483,10387.2
TP-0002116,OPP-00460,LEAD-002592,7,8,2023-07-05,11,linkedin_ads,linkedin_decisores_ti_2023,sales_call,/webinar/crm-para-gestores,AST-0013,95,0,0,0.258674,46742.4
TP-0002117,OPP-00460,LEAD-002592,8,8,2023-07-14,2,linkedin_ads,lkd_awareness_2023,content_view,/lp/demo-gratis,AST-0015,31,0,1,0.163991,29633.24
TP-0002118,OPP-00461,LEAD-002595,1,2,2023-06-09,37,direct,(not set),click,/lp/roi-calculator,AST-0018,24,1,0,0.065579,2505.12
TP-0002119,OPP-00461,LEAD-002595,2,2,2023-06-26,20,direct,,form_fill,/lp/trial-30-dias,AST-0016,60,0,1,0.934421,35694.88
TP-0002120,OPP-00462,LEAD-002599,1,2,2023-06-25,12,paid_search,pesquisa_concorrentes_q2_2023,click,/produto/crm-integracao,AST-0019,29,1,0,0.297886,18498.7
TP-0002121,OPP-00462,LEAD-002599,2,2,2023-07-05,2,paid_search,crm-b2b-keywords-2023,click,/produto/crm-integracao,AST-0019,24,0,1,0.702114,43601.3
TP-0002122,OPP-00463,LEAD-002614,1,6,2023-05-30,38,webinar_evento,campanha-natal-2023,impression,/lp/trial-30-dias,AST-0016,6,1,0,0.002493,286.17
TP-0002123,OPP-00463,LEAD-002614,2,6,2023-06-17,20,webinar_evento,campanha-natal-2023,click,/webinar/crm-para-gestores,AST-0013,26,0,0,0.020809,2388.84
TP-0002124,OPP-00463,LEAD-002614,3,6,2023-06-24,13,webinar_evento,black_friday_2023,form_fill,/webinar/integracao-erp-ao-vivo,AST-0012,88,0,0,0.125795,14441.29
TP-0002125,OPP-00463,LEAD-002614,4,6,2023-07-02,5,webinar_evento,webinar_integracao_erp_2023,demo_request,/lp/trial-30-dias,AST-0016,95,0,0,0.324011,37196.45
TP-0002126,OPP-00463,LEAD-002614,5,6,2023-07-05,2,webinar_evento,evento_crm_gestores_q3,sales_call,/lp/comparativo-erp,AST-0017,76,0,0,0.451622,51846.22
TP-0002127,OPP-00463,LEAD-002614,6,6,2023-07-05,2,webinar_evento,evento_crm_gestores_q3,email_open,/lp/trial-30-dias,AST-0016,21,0,1,0.07527,8641.04
TP-0002128,OPP-00464,LEAD-002615,1,2,2023-06-18,18,direct,(direct),click,/lp/demo-gratis,AST-0015,21,1,0,0.070094,5292.12
TP-0002129,OPP-00464,LEAD-002615,2,2,2023-07-04,2,direct,(not set),form_fill,/lp/demo-gratis,AST-0015,43,0,1,0.929906,70207.88
TP-0002130,OPP-00465,LEAD-002617,1,5,2023-05-24,44,paid_search,crm-b2b-keywords-2023,click,/lp/demo-gratis,AST-0015,29,1,0,0.007037,219.55
TP-0002131,OPP-00465,LEAD-002617,2,5,2023-05-27,41,paid_search,integracao_erp_pesquisa_2023,click,/lp/comparativo-erp,AST-0017,28,0,0,0.006707,209.25
TP-0002132,OPP-00465,LEAD-002617,3,5,2023-06-06,31,paid_search,pesquisa_concorrentes_q2_2023,form_fill,/lp/trial-30-dias,AST-0016,73,0,0,0.050233,1567.25
TP-0002133,OPP-00465,LEAD-002617,4,5,2023-06-27,10,paid_search,google_brand_keywords_2023,demo_request,/lp/trial-30-dias,AST-0016,68,0,0,0.327457,10216.65
TP-0002134,OPP-00465,LEAD-002617,5,5,2023-06-30,7,paid_search,google_branded_2023,demo_request,/produto/api-marketplace,AST-0021,85,0,1,0.608567,18987.29
TP-0002135,OPP-00466,LEAD-002619,1,4,2023-06-01,32,paid_search,integracao_erp_pesquisa_2023,click,/lp/trial-30-dias,AST-0016,12,1,0,0.023853,1431.18
TP-0002136,OPP-00466,LEAD-002619,2,4,2023-06-06,27,organic_search,(not set),click,/blog/churn-saas-brasil,AST-0005,27,0,0,0.026224,1573.46
TP-0002137,OPP-00466,LEAD-002619,3,4,2023-06-19,14,organic_search,(not set),form_fill,/lp/comparativo-erp,AST-0017,77,0,0,0.24336,14601.57
TP-0002138,OPP-00466,LEAD-002619,4,4,2023-06-23,10,organic_search,(none),demo_request,/ebook/integracao-sistemas-guia,AST-0011,81,0,1,0.706563,42393.8
TP-0002139,OPP-00467,LEAD-002620,1,3,2023-05-29,42,organic_search,(none),impression,/blog/crm-para-industria,AST-0002,5,1,0,0.057635,1884.65
TP-0002140,OPP-00467,LEAD-002620,2,3,2023-06-05,35,organic_search,,click,/blog/gestao-vendas-b2b,AST-0001,27,0,0,0.219285,7170.62
TP-0002141,OPP-00467,LEAD-002620,3,3,2023-06-12,28,organic_search,(none),content_view,/produto/erp-connector,AST-0020,63,0,1,0.72308,23644.72
TP-0002142,OPP-00468,LEAD-002622,1,6,2023-06-03,38,organic_search,(not set),impression,/produto/api-marketplace,AST-0021,29,1,0,0.004761,117.59
TP-0002143,OPP-00468,LEAD-002622,2,6,2023-06-11,30,organic_search,,click,/produto/erp-connector,AST-0020,13,0,0,0.019454,480.52
TP-0002144,OPP-00468,LEAD-002622,3,6,2023-06-28,13,organic_search,(none),content_view,/produto/api-marketplace,AST-0021,41,0,0,0.087359,2157.77
TP-0002145,OPP-00468,LEAD-002622,4,6,2023-06-30,11,organic_search,,form_fill,/produto/erp-connector,AST-0020,70,0,0,0.27713,6845.11
TP-0002146,OPP-00468,LEAD-002622,5,6,2023-07-02,9,organic_search,(none),email_open,/blog/automacao-marketing-b2b,AST-0004,33,0,0,0.058125,1435.69
TP-0002147,OPP-00468,LEAD-002622,6,6,2023-07-04,7,organic_search,(not set),form_fill,/ebook/gestao-pipeline-vendas,AST-0009,71,0,1,0.553171,13663.32
TP-0002148,OPP-00469,LEAD-002624,1,4,2023-06-10,37,direct,(direct),click,/lp/comparativo-erp,AST-0017,16,1,0,0.019801,2952.38
TP-0002149,OPP-00469,LEAD-002624,2,4,2023-06-13,34,direct,,form_fill,/lp/comparativo-erp,AST-0017,62,0,0,0.069197,10317.24
TP-0002150,OPP-00469,LEAD-002624,3,4,2023-06-30,17,direct,,demo_request,/lp/demo-gratis,AST-0015,81,0,0,0.338977,50541.54
TP-0002151,OPP-00469,LEAD-002624,4,4,2023-06-30,17,direct,,sales_call,/produto/api-marketplace,AST-0021,80,0,1,0.572024,85288.84
TP-0002152,OPP-00470,LEAD-002627,1,7,2023-06-05,42,linkedin_ads,linkedin_prospeccao_q2_2023,impression,/webinar/crm-para-gestores,AST-0013,1,1,0,0.006342,1406.57
TP-0002153,OPP-00470,LEAD-002627,2,7,2023-06-05,42,linkedin_ads,linkedin_prospeccao_q2_2023,click,/produto/crm-integracao,AST-0019,18,0,0,0.014634,3245.93
TP-0002154,OPP-00470,LEAD-002627,3,7,2023-06-11,36,linkedin_ads,linkedin_decisores_ti_2023,content_view,/ebook/crm-para-varejo,AST-0008,21,0,0,0.029953,6643.61
TP-0002155,OPP-00470,LEAD-002627,4,7,2023-06-12,35,linkedin_ads,linkedin_prospeccao_q2_2023,demo_request,/lp/demo-gratis,AST-0015,95,0,0,0.128684,28542.03
TP-0002156,OPP-00470,LEAD-002627,5,7,2023-06-17,30,linkedin_ads,linkedin_prospeccao_q2_2023,sales_call,/lp/comparativo-erp,AST-0017,100,0,0,0.20691,45892.59
TP-0002157,OPP-00470,LEAD-002627,6,7,2023-06-25,22,linkedin_ads,linkedin_prospeccao_q2_2023,demo_request,/webinar/crm-para-gestores,AST-0013,94,0,0,0.325684,72236.77
TP-0002158,OPP-00470,LEAD-002627,7,7,2023-07-07,10,linkedin_ads,linkedin_decisores_ti_2023,content_view,/webinar/crm-para-gestores,AST-0013,27,0,1,0.287793,63832.52
TP-0002159,OPP-00471,LEAD-002632,1,4,2023-06-12,34,organic_search,,impression,/blog/leads-qualificados-b2b,AST-0007,5,1,0,0.00795,498.45
TP-0002160,OPP-00471,LEAD-002632,2,4,2023-06-12,34,direct,(direct),click,/produto/crm-integracao,AST-0019,25,0,0,0.018346,1150.27
TP-0002161,OPP-00471,LEAD-002632,3,4,2023-06-22,24,direct,(not set),content_view,/lp/trial-30-dias,AST-0016,34,0,0,0.049967,3132.93
TP-0002162,OPP-00471,LEAD-002632,4,4,2023-07-13,3,direct,(not set),form_fill,/lp/demo-gratis,AST-0015,75,0,1,0.923738,57918.35
TP-0002163,OPP-00472,LEAD-002634,1,8,2023-06-02,36,linkedin_ads,lkd_awareness_2023,impression,/lp/demo-gratis,AST-0015,7,1,0,0.002367,109.33
TP-0002164,OPP-00472,LEAD-002634,2,8,2023-06-02,36,linkedin_ads,linkedin_gestores_2023,click,/ebook/roi-tecnologia-empresas,AST-0010,30,0,0,0.005461,252.31
TP-0002165,OPP-00472,LEAD-002634,3,8,2023-06-08,30,linkedin_ads,lkd_awareness_2023,content_view,/lp/roi-calculator,AST-0018,52,0,0,0.011178,516.41
TP-0002166,OPP-00472,LEAD-002634,4,8,2023-06-17,21,linkedin_ads,linkedin_prospecao_q2_2023,demo_request,/ebook/crm-para-varejo,AST-0008,81,0,0,0.085036,3928.69
TP-0002167,OPP-00472,LEAD-002634,5,8,2023-06-18,20,linkedin_ads,linkedin_prospecao_q2_2023,sales_call,/ebook/integracao-sistemas-guia,AST-0011,97,0,0,0.102749,4747.02
TP-0002168,OPP-00472,LEAD-002634,6,8,2023-06-20,18,linkedin_ads,linkedin_prospeccao_q2_2023,proposal_sent,/produto/crm-integracao,AST-0019,77,0,0,0.092188,4259.11
TP-0002169,OPP-00472,LEAD-002634,7,8,2023-06-26,12,linkedin_ads,lkd_awareness_2023,sales_call,/produto/erp-connector,AST-0020,100,0,0,0.181948,8406.0
TP-0002170,OPP-00472,LEAD-002634,8,8,2023-07-05,3,linkedin_ads,linkedin_gestores_2023,sales_call,/produto/crm-integracao,AST-0019,91,0,1,0.519072,23981.14
TP-0002171,OPP-00473,LEAD-002637,1,4,2023-06-03,43,paid_search,pesquisa_concorrentes_q2_2023,click,/lp/trial-30-dias,AST-0016,23,1,0,0.008065,480.65
TP-0002172,OPP-00473,LEAD-002637,2,4,2023-06-23,23,direct,(direct),click,/produto/api-marketplace,AST-0021,35,0,0,0.025886,1542.78
TP-0002173,OPP-00473,LEAD-002637,3,4,2023-06-24,22,direct,,form_fill,/produto/crm-integracao,AST-0019,67,0,0,0.101941,6075.7
TP-0002174,OPP-00473,LEAD-002637,4,4,2023-07-13,3,direct,(not set),demo_request,/produto/erp-connector,AST-0020,87,0,1,0.864109,51500.87
TP-0002175,OPP-00474,LEAD-002642,1,6,2023-05-20,44,email_marketing,email_nurture_leads_2023,email_open,/ebook/crm-para-varejo,AST-0008,7,1,0,0.00807,730.34
TP-0002176,OPP-00474,LEAD-002642,2,6,2023-06-17,16,email_marketing,email_nurture_leads_2023,click,/ebook/crm-para-varejo,AST-0008,25,0,0,0.068804,6226.72
TP-0002177,OPP-00474,LEAD-002642,3,6,2023-06-26,7,email_marketing,campanha_email_06-2023,content_view,/blog/gestao-vendas-b2b,AST-0001,42,0,0,0.174477,15790.2
TP-0002178,OPP-00474,LEAD-002642,4,6,2023-06-28,5,email_marketing,email_nurture_leads_2023,form_fill,/webinar/automacao-vendas-demo,AST-0014,78,0,0,0.553495,50091.31
TP-0002179,OPP-00474,LEAD-002642,5,6,2023-06-29,4,email_marketing,campanha_email_06-2023,email_open,/webinar/automacao-vendas-demo,AST-0014,19,0,0,0.108087,9781.84
TP-0002180,OPP-00474,LEAD-002642,6,6,2023-06-30,3,email_marketing,email_reengajamento_q2_2023,impression,/ebook/crm-para-varejo,AST-0008,27,0,1,0.087067,7879.58
TP-0002181,OPP-00475,LEAD-002649,1,2,2023-05-27,39,organic_search,(not set),impression,/blog/automacao-marketing-b2b,AST-0004,7,1,0,0.037626,2396.76
TP-0002182,OPP-00475,LEAD-002649,2,2,2023-06-24,11,organic_search,(none),click,/produto/erp-connector,AST-0020,30,0,1,0.962374,61303.24
TP-0002183,OPP-00476,LEAD-002652,1,4,2023-05-30,36,organic_search,,impression,/blog/gestao-vendas-b2b,AST-0001,31,1,0,0.005795,162.85
TP-0002184,OPP-00476,LEAD-002652,2,4,2023-06-07,28,paid_search,pesquisa_concorrentes_q2_2023,click,/lp/trial-30-dias,AST-0016,25,0,0,0.023683,665.49
TP-0002185,OPP-00476,LEAD-002652,3,4,2023-06-19,16,paid_search,google_branded_2023,content_view,/lp/roi-calculator,AST-0018,44,0,0,0.074409,2090.88
TP-0002186,OPP-00476,LEAD-002652,4,4,2023-07-04,1,paid_search,google_branded_2023,form_fill,/lp/trial-30-dias,AST-0016,58,0,1,0.896113,25180.78
TP-0002187,OPP-00477,LEAD-002657,1,3,2023-06-08,40,paid_search,google_brand_keywords_2023,click,/ebook/crm-para-varejo,AST-0008,25,1,0,0.030752,4517.44
TP-0002188,OPP-00477,LEAD-002657,2,3,2023-06-24,24,paid_search,google_branded_2023,click,/produto/api-marketplace,AST-0021,26,0,0,0.074176,10896.47
TP-0002189,OPP-00477,LEAD-002657,3,3,2023-07-05,13,paid_search,google_branded_2023,form_fill,/produto/erp-connector,AST-0020,68,0,1,0.895072,131486.09
TP-0002190,OPP-00478,LEAD-002663,1,3,2023-05-25,41,paid_search,google_brand_keywords_2023,click,/lp/roi-calculator,AST-0018,20,1,0,0.018665,2818.44
TP-0002191,OPP-00478,LEAD-002663,2,3,2023-06-19,16,paid_search,google_brand_keywords_2023,click,/produto/crm-integracao,AST-0019,38,0,0,0.085628,12929.78
TP-0002192,OPP-00478,LEAD-002663,3,3,2023-06-28,7,paid_search,integracao_erp_pesquisa_2023,form_fill,/produto/crm-integracao,AST-0019,74,0,1,0.895707,135251.79
TP-0002193,OPP-00479,LEAD-002666,1,5,2023-06-22,21,webinar_evento,bf-23,impression,/lp/demo-gratis,AST-0015,14,1,0,0.007185,344.9
TP-0002194,OPP-00479,LEAD-002666,2,5,2023-06-23,20,webinar_evento,evento_crm_gestores_q2,click,/lp/comparativo-erp,AST-0017,30,0,0,0.017809,854.85
TP-0002195,OPP-00479,LEAD-002666,3,5,2023-06-25,18,webinar_evento,webinar_integracao_erp_2023,form_fill,/webinar/integracao-erp-ao-vivo,AST-0012,68,0,0,0.075329,3615.77
TP-0002196,OPP-00479,LEAD-002666,4,5,2023-07-10,3,webinar_evento,bf-23,demo_request,/lp/comparativo-erp,AST-0017,77,0,0,0.319891,15354.79
TP-0002197,OPP-00479,LEAD-002666,5,5,2023-07-11,2,webinar_evento,black_friday_2023,sales_call,/blog/integracao-erp-sistemas,AST-0003,80,0,1,0.579785,27829.7
TP-0002198,OPP-00480,LEAD-002677,1,5,2023-05-30,37,paid_search,crm-b2b-keywords-2023,click,/lp/demo-gratis,AST-0015,29,1,0,0.011939,649.49
TP-0002199,OPP-00480,LEAD-002677,2,5,2023-06-05,31,linkedin_ads,lkd_awareness_2023,click,/webinar/automacao-vendas-demo,AST-0014,23,0,0,0.014098,766.93
TP-0002200,OPP-00480,LEAD-002677,3,5,2023-06-08,28,linkedin_ads,linkedin_decisores_ti_2023,form_fill,/blog/integracao-erp-sistemas,AST-0003,73,0,0,0.064046,3484.11
TP-0002201,OPP-00480,LEAD-002677,4,5,2023-06-26,10,linkedin_ads,lkd_awareness_2023,demo_request,/webinar/integracao-erp-ao-vivo,AST-0012,85,0,0,0.336976,18331.48
TP-0002202,OPP-00480,LEAD-002677,5,5,2023-07-03,3,linkedin_ads,linkedin_prospeccao_q3_2023,form_fill,/blog/leads-qualificados-b2b,AST-0007,67,0,1,0.572941,31167.99
TP-0002203,OPP-00481,LEAD-002694,1,3,2023-06-03,40,direct,(not set),click,/produto/erp-connector,AST-0020,25,1,0,0.012359,433.8
TP-0002204,OPP-00481,LEAD-002694,2,3,2023-06-30,13,direct,(not set),form_fill,/webinar/automacao-vendas-demo,AST-0014,61,0,0,0.239815,8417.51
TP-0002205,OPP-00481,LEAD-002694,3,3,2023-07-05,8,direct,(not set),demo_request,/lp/trial-30-dias,AST-0016,100,0,1,0.747826,26248.69
TP-0002206,OPP-00482,LEAD-002697,1,5,2023-06-02,39,paid_search,crm-b2b-keywords-2023,click,/lp/comparativo-erp,AST-0017,19,1,0,0.042828,1379.06
TP-0002207,OPP-00482,LEAD-002697,2,5,2023-06-04,37,linkedin_ads,linkedin_gestores_2023,click,/webinar/integracao-erp-ao-vivo,AST-0012,24,0,0,0.038004,1223.72
TP-0002208,OPP-00482,LEAD-002697,3,5,2023-06-06,35,linkedin_ads,linkedin_prospeccao_q2_2023,form_fill,/lp/comparativo-erp,AST-0017,70,0,0,0.160745,5176.0
TP-0002209,OPP-00482,LEAD-002697,4,5,2023-06-16,25,linkedin_ads,linkedin_decisores_ti_2023,demo_request,/produto/crm-integracao,AST-0019,87,0,0,0.477613,15379.13
TP-0002210,OPP-00482,LEAD-002697,5,5,2023-07-02,9,linkedin_ads,linkedin_gestores_2023,email_open,/lp/demo-gratis,AST-0015,4,0,1,0.280811,9042.1
TP-0002211,OPP-00483,LEAD-002698,1,6,2023-06-03,44,organic_search,(none),impression,/blog/automacao-marketing-b2b,AST-0004,30,1,0,0.008183,306.05
TP-0002212,OPP-00483,LEAD-002698,2,6,2023-06-11,36,organic_search,,click,/produto/erp-connector,AST-0020,35,0,0,0.033441,1250.68
TP-0002213,OPP-00483,LEAD-002698,3,6,2023-06-11,36,organic_search,(none),content_view,/produto/api-marketplace,AST-0021,40,0,0,0.044587,1667.57
TP-0002214,OPP-00483,LEAD-002698,4,6,2023-06-18,29,organic_search,,form_fill,/blog/leads-qualificados-b2b,AST-0007,72,0,0,0.202159,7560.73
TP-0002215,OPP-00483,LEAD-002698,5,6,2023-06-24,23,organic_search,(not set),impression,/blog/automacao-marketing-b2b,AST-0004,1,0,0,0.028211,1055.11
TP-0002216,OPP-00483,LEAD-002698,6,6,2023-06-26,21,organic_search,(not set),proposal_sent,/blog/gestao-vendas-b2b,AST-0001,84,0,1,0.683419,25559.86
TP-0002217,OPP-00484,LEAD-002701,1,5,2023-06-03,44,paid_search,google_branded_2023,click,/produto/api-marketplace,AST-0021,19,1,0,0.013721,408.89
TP-0002218,OPP-00484,LEAD-002701,2,5,2023-06-05,42,meta_ads,facebook_retargeting_2023,click,/blog/leads-qualificados-b2b,AST-0007,50,0,0,0.012176,362.84
TP-0002219,OPP-00484,LEAD-002701,3,5,2023-06-21,26,meta_ads,ig_gestores_b2b_q2,form_fill,/ebook/integracao-sistemas-guia,AST-0011,62,0,0,0.139991,4171.74
TP-0002220,OPP-00484,LEAD-002701,4,5,2023-07-08,9,meta_ads,facebook_retargeting_2023,demo_request,/lp/comparativo-erp,AST-0017,78,0,0,0.685782,20436.29
TP-0002221,OPP-00484,LEAD-002701,5,5,2023-07-10,7,meta_ads,facebook_retargeting_2023,email_open,/ebook/crm-para-varejo,AST-0008,18,0,1,0.14833,4420.24
TP-0002222,OPP-00485,LEAD-002709,1,8,2023-06-17,30,linkedin_ads,lkd_awareness_2023,impression,/lp/roi-calculator,AST-0018,3,1,0,0.007477,388.82
TP-0002223,OPP-00485,LEAD-002709,2,8,2023-06-21,26,meta_ads,ig_gestores_b2b_q2,click,/ebook/integracao-sistemas-guia,AST-0011,39,0,0,0.022962,1194.0
TP-0002224,OPP-00485,LEAD-002709,3,8,2023-06-23,24,meta_ads,fb-leads-varejo-2023,content_view,/produto/erp-connector,AST-0020,52,0,0,0.035317,1836.48
TP-0002225,OPP-00485,LEAD-002709,4,8,2023-06-30,17,meta_ads,fb-leads-varejo-2023,demo_request,/webinar/crm-para-gestores,AST-0013,77,0,0,0.232911,12111.37
TP-0002226,OPP-00485,LEAD-002709,5,8,2023-07-03,14,meta_ads,ig_gestores_b2b_q3,sales_call,/lp/demo-gratis,AST-0015,85,0,0,0.324643,16881.41
TP-0002227,OPP-00485,LEAD-002709,6,8,2023-07-03,14,meta_ads,ig_gestores_b2b_q3,form_fill,/lp/demo-gratis,AST-0015,71,0,0,0.198393,10316.42
TP-0002228,OPP-00485,LEAD-002709,7,8,2023-07-10,7,meta_ads,facebook_retargeting_2023,content_view,/ebook/gestao-pipeline-vendas,AST-0009,44,0,0,0.118943,6185.05
TP-0002229,OPP-00485,LEAD-002709,8,8,2023-07-14,3,meta_ads,meta_awareness_2023,impression,/ebook/integracao-sistemas-guia,AST-0011,1,0,1,0.059355,3086.45
TP-0002230,OPP-00486,LEAD-002724,1,4,2023-05-29,42,paid_search,pesquisa_concorrentes_q2_2023,click,/lp/comparativo-erp,AST-0017,35,1,0,0.046623,4275.33
TP-0002231,OPP-00486,LEAD-002724,2,4,2023-06-01,39,paid_search,pesquisa_concorrentes_q2_2023,click,/webinar/integracao-erp-ao-vivo,AST-0012,25,0,0,0.044434,4074.64
TP-0002232,OPP-00486,LEAD-002724,3,4,2023-06-06,34,paid_search,google_branded_2023,form_fill,/lp/demo-gratis,AST-0015,67,0,0,0.232861,21353.34
TP-0002233,OPP-00486,LEAD-002724,4,4,2023-06-10,30,paid_search,google_branded_2023,demo_request,/lp/comparativo-erp,AST-0017,91,0,1,0.676082,61996.69
TP-0002234,OPP-00487,LEAD-002728,1,4,2023-06-25,25,webinar_evento,campanha_natal_2023,impression,/webinar/integracao-erp-ao-vivo,AST-0012,4,1,0,0.006193,263.22
TP-0002235,OPP-00487,LEAD-002728,2,4,2023-07-15,5,email_marketing,email_reengajamento_q3_2023,click,/blog/integracao-erp-sistemas,AST-0003,24,0,0,0.059639,2534.66
TP-0002236,OPP-00487,LEAD-002728,3,4,2023-07-17,3,email_marketing,campanha_email_07-2023,form_fill,/blog/churn-saas-brasil,AST-0005,68,0,0,0.252258,10720.97
TP-0002237,OPP-00487,LEAD-002728,4,4,2023-07-20,0,email_marketing,email_reengajamento_q3_2023,demo_request,/lp/comparativo-erp,AST-0017,82,0,1,0.681909,28981.15
TP-0002238,OPP-00488,LEAD-002732,1,5,2023-06-09,37,webinar_evento,black_friday_2023,impression,/webinar/integracao-erp-ao-vivo,AST-0012,8,1,0,0.002757,151.91
TP-0002239,OPP-00488,LEAD-002732,2,5,2023-06-17,29,meta_ads,fb-leads-varejo-2023,click,/ebook/gestao-pipeline-vendas,AST-0009,34,0,0,0.011266,620.78
TP-0002240,OPP-00488,LEAD-002732,3,5,2023-07-01,15,meta_ads,fb-leads-varejo-2023,form_fill,/lp/comparativo-erp,AST-0017,73,0,0,0.112293,6187.35
TP-0002241,OPP-00488,LEAD-002732,4,5,2023-07-10,6,meta_ads,ig_gestores_b2b_q3,demo_request,/lp/comparativo-erp,AST-0017,90,0,0,0.310649,17116.76
TP-0002242,OPP-00488,LEAD-002732,5,5,2023-07-11,5,meta_ads,facebook_retargeting_2023,sales_call,/webinar/automacao-vendas-demo,AST-0014,71,0,1,0.563034,31023.19
TP-0002243,OPP-00489,LEAD-002739,1,2,2023-07-18,2,direct,(direct),click,/lp/demo-gratis,AST-0015,34,1,0,0.170055,7040.26
TP-0002244,OPP-00489,LEAD-002739,2,2,2023-07-20,0,direct,(not set),form_fill,/ebook/gestao-pipeline-vendas,AST-0009,60,0,1,0.829945,34359.74
TP-0002245,OPP-00490,LEAD-002753,1,5,2023-06-21,28,direct,(not set),click,/lp/trial-30-dias,AST-0016,24,1,0,0.016134,663.12
TP-0002246,OPP-00490,LEAD-002753,2,5,2023-06-30,19,paid_search,crm-b2b-keywords-2023,form_fill,/produto/api-marketplace,AST-0021,73,0,0,0.08655,3557.2
TP-0002247,OPP-00490,LEAD-002753,3,5,2023-07-07,12,paid_search,crm-b2b-keywords-2023,demo_request,/lp/comparativo-erp,AST-0017,74,0,0,0.207559,8530.68
TP-0002248,OPP-00490,LEAD-002753,4,5,2023-07-11,8,paid_search,google_branded_2023,sales_call,/lp/trial-30-dias,AST-0016,100,0,0,0.310726,12770.86
TP-0002249,OPP-00490,LEAD-002753,5,5,2023-07-15,4,paid_search,google_branded_2023,form_fill,/blog/integracao-erp-sistemas,AST-0003,64,0,1,0.37903,15578.14
TP-0002250,OPP-00491,LEAD-002756,1,2,2023-06-25,36,paid_search,integracao_erp_pesquisa_2023,click,/lp/roi-calculator,AST-0018,21,1,0,0.464286,15832.14
TP-0002251,OPP-00491,LEAD-002756,2,2,2023-06-25,36,paid_search,google_branded_2023,click,/lp/roi-calculator,AST-0018,30,0,1,0.535714,18267.86
TP-0002252,OPP-00492,LEAD-002764,1,2,2023-07-12,6,meta_ads,fb-leads-varejo-2023,impression,/ebook/roi-tecnologia-empresas,AST-0010,12,1,0,0.18908,10720.84
TP-0002253,OPP-00492,LEAD-002764,2,2,2023-07-15,3,meta_ads,fb-leads-varejo-2023,click,/lp/trial-30-dias,AST-0016,34,0,1,0.81092,45979.16
TP-0002254,OPP-00493,LEAD-002768,1,3,2023-06-08,42,organic_search,(none),impression,/blog/funil-vendas-complexas,AST-0006,18,1,0,0.036333,5577.1
TP-0002255,OPP-00493,LEAD-002768,2,3,2023-06-10,40,organic_search,(none),click,/blog/churn-saas-brasil,AST-0005,39,0,0,0.096721,14846.66
TP-0002256,OPP-00493,LEAD-002768,3,3,2023-07-01,19,organic_search,,content_view,/blog/automacao-marketing-b2b,AST-0004,29,0,1,0.866946,133076.23
TP-0002257,OPP-00494,LEAD-002777,1,2,2023-06-02,44,paid_search,crm-b2b-keywords-2023,click,/lp/trial-30-dias,AST-0016,15,1,0,0.104978,8881.11
TP-0002258,OPP-00494,LEAD-002777,2,2,2023-06-30,16,paid_search,crm-b2b-keywords-2023,click,/lp/demo-gratis,AST-0015,26,0,1,0.895022,75718.89
TP-0002259,OPP-00495,LEAD-002781,1,5,2023-06-06,43,paid_search,google_brand_keywords_2023,click,/blog/funil-vendas-complexas,AST-0006,41,1,0,0.017021,553.17
TP-0002260,OPP-00495,LEAD-002781,2,5,2023-06-21,28,email_marketing,email_reengajamento_q2_2023,click,/produto/crm-integracao,AST-0019,19,0,0,0.038225,1242.32
TP-0002261,OPP-00495,LEAD-002781,3,5,2023-06-28,21,email_marketing,newsletter_mensal_06_2023,form_fill,/webinar/integracao-erp-ao-vivo,AST-0012,71,0,0,0.231083,7510.18
TP-0002262,OPP-00495,LEAD-002781,4,5,2023-07-05,14,email_marketing,campanha_email_07-2023,demo_request,/webinar/crm-para-gestores,AST-0013,85,0,0,0.554168,18010.48
TP-0002263,OPP-00495,LEAD-002781,5,5,2023-07-11,8,email_marketing,email_nurture_leads_2023,email_open,/webinar/integracao-erp-ao-vivo,AST-0012,5,0,1,0.159503,5183.85
TP-0002264,OPP-00496,LEAD-002782,1,3,2023-06-15,33,direct,(not set),click,/lp/comparativo-erp,AST-0017,28,1,0,0.024361,828.27
TP-0002265,OPP-00496,LEAD-002782,2,3,2023-06-30,18,direct,(not set),form_fill,/webinar/automacao-vendas-demo,AST-0014,64,0,0,0.200602,6820.47
TP-0002266,OPP-00496,LEAD-002782,3,3,2023-07-08,10,direct,(not set),demo_request,/produto/api-marketplace,AST-0021,99,0,1,0.775037,26351.26
TP-0002267,OPP-00497,LEAD-002784,1,6,2023-06-29,34,webinar_evento,bf-23,impression,/ebook/gestao-pipeline-vendas,AST-0009,5,1,0,0.004164,205.72
TP-0002268,OPP-00497,LEAD-002784,2,6,2023-07-12,21,meta_ads,ig_gestores_b2b_q3,click,/lp/comparativo-erp,AST-0017,22,0,0,0.024322,1201.49
TP-0002269,OPP-00497,LEAD-002784,3,6,2023-07-13,20,meta_ads,meta_awareness_2023,form_fill,/produto/api-marketplace,AST-0021,70,0,0,0.095782,4731.65
TP-0002270,OPP-00497,LEAD-002784,4,6,2023-07-21,12,meta_ads,fb-leads-varejo-2023,demo_request,/produto/erp-connector,AST-0020,77,0,0,0.246707,12187.32
TP-0002271,OPP-00497,LEAD-002784,5,6,2023-07-27,6,meta_ads,fb-leads-varejo-2023,sales_call,/lp/demo-gratis,AST-0015,74,0,0,0.426049,21046.84
TP-0002272,OPP-00497,LEAD-002784,6,6,2023-08-01,1,meta_ads,fb-leads-varejo-2023,content_view,/ebook/gestao-pipeline-vendas,AST-0009,21,0,1,0.202976,10026.99
TP-0002273,OPP-00498,LEAD-002785,1,3,2023-07-04,12,paid_search,pesquisa_concorrentes_q3_2023,click,/produto/api-marketplace,AST-0021,17,1,0,0.109216,6705.86
TP-0002274,OPP-00498,LEAD-002785,2,3,2023-07-10,6,paid_search,pesquisa_concorrentes_q3_2023,click,/lp/trial-30-dias,AST-0016,30,0,0,0.128964,7918.39
TP-0002275,OPP-00498,LEAD-002785,3,3,2023-07-11,5,paid_search,crm-b2b-keywords-2023,form_fill,/produto/api-marketplace,AST-0021,53,0,1,0.76182,46775.75
TP-0002276,OPP-00499,LEAD-002790,1,7,2023-07-02,21,webinar_evento,bf-23,impression,/blog/gestao-vendas-b2b,AST-0001,17,1,0,0.006241,277.72
TP-0002277,OPP-00499,LEAD-002790,2,7,2023-07-04,19,paid_search,google_branded_2023,click,/lp/roi-calculator,AST-0018,19,0,0,0.016614,739.31
TP-0002278,OPP-00499,LEAD-002790,3,7,2023-07-08,15,paid_search,google_branded_2023,form_fill,/webinar/crm-para-gestores,AST-0013,79,0,0,0.081063,3607.3
TP-0002279,OPP-00499,LEAD-002790,4,7,2023-07-15,8,paid_search,crm-b2b-keywords-2023,demo_request,/produto/erp-connector,AST-0020,92,0,0,0.1944,8650.81
TP-0002280,OPP-00499,LEAD-002790,5,7,2023-07-19,4,paid_search,google_branded_2023,sales_call,/lp/comparativo-erp,AST-0017,77,0,0,0.291027,12950.7
TP-0002281,OPP-00499,LEAD-002790,6,7,2023-07-22,1,paid_search,integracao_erp_pesquisa_2023,content_view,/blog/integracao-erp-sistemas,AST-0003,37,0,0,0.080128,3565.69
TP-0002282,OPP-00499,LEAD-002790,7,7,2023-07-22,1,paid_search,google_brand_keywords_2023,form_fill,/lp/roi-calculator,AST-0018,59,0,1,0.330528,14708.48
TP-0002283,OPP-00500,LEAD-002791,1,4,2023-06-09,39,paid_search,pesquisa_concorrentes_q2_2023,click,/produto/api-marketplace,AST-0021,13,1,0,0.011483,788.92
TP-0002284,OPP-00500,LEAD-002791,2,4,2023-07-03,15,email_marketing,email_reengajamento_q3_2023,click,/ebook/integracao-sistemas-guia,AST-0011,12,0,0,0.04905,3369.71
TP-0002285,OPP-00500,LEAD-002791,3,4,2023-07-04,14,email_marketing,email_reengajamento_q3_2023,form_fill,/produto/erp-connector,AST-0020,47,0,0,0.193165,13270.42
TP-0002286,OPP-00500,LEAD-002791,4,4,2023-07-12,6,email_marketing,newsletter_mensal_07_2023,demo_request,/ebook/gestao-pipeline-vendas,AST-0009,96,0,1,0.746302,51270.96
TP-0002287,OPP-00501,LEAD-002792,1,3,2023-07-01,27,webinar_evento,campanha-natal-2023,impression,/blog/crm-para-industria,AST-0002,5,1,0,0.023889,2584.77
TP-0002288,OPP-00501,LEAD-002792,2,3,2023-07-08,20,webinar_evento,black_friday_2023,click,/webinar/integracao-erp-ao-vivo,AST-0012,36,0,0,0.090891,9834.39
TP-0002289,OPP-00501,LEAD-002792,3,3,2023-07-16,12,webinar_evento,campanha-natal-2023,form_fill,/lp/trial-30-dias,AST-0016,62,0,1,0.88522,95780.83
TP-0002290,OPP-00502,LEAD-002793,1,3,2023-06-15,41,organic_search,(not set),impression,/produto/erp-connector,AST-0020,1,1,0,0.013151,490.52
TP-0002291,OPP-00502,LEAD-002793,2,3,2023-07-17,9,organic_search,,click,/blog/crm-para-industria,AST-0002,30,0,0,0.298401,11130.34
TP-0002292,OPP-00502,LEAD-002793,3,3,2023-07-19,7,organic_search,(none),content_view,/blog/leads-qualificados-b2b,AST-0007,39,0,1,0.688449,25679.14
TP-0002293,OPP-00503,LEAD-002795,1,3,2023-06-24,40,meta_ads,ig_gestores_b2b_q2,impression,/lp/trial-30-dias,AST-0016,7,1,0,0.004673,122.43
TP-0002294,OPP-00503,LEAD-002795,2,3,2023-07-10,24,meta_ads,facebook_retargeting_2023,click,/blog/automacao-marketing-b2b,AST-0004,23,0,0,0.033815,885.95
TP-0002295,OPP-00503,LEAD-002795,3,3,2023-08-02,1,meta_ads,facebook_retargeting_2023,form_fill,/lp/demo-gratis,AST-0015,52,0,1,0.961512,25191.62
TP-0002296,OPP-00504,LEAD-002796,1,2,2023-07-11,18,paid_search,crm-b2b-keywords-2023,click,/lp/roi-calculator,AST-0018,27,1,0,0.216538,24230.57
TP-0002297,OPP-00504,LEAD-002796,2,2,2023-07-27,2,paid_search,crm-b2b-keywords-2023,click,/produto/crm-integracao,AST-0019,31,0,1,0.783462,87669.43
TP-0002298,OPP-00505,LEAD-002797,1,4,2023-06-24,33,webinar_evento,evento_crm_gestores_q2,impression,/lp/demo-gratis,AST-0015,14,1,0,0.003852,385.95
TP-0002299,OPP-00505,LEAD-002797,2,4,2023-07-06,21,webinar_evento,bf-23,click,/webinar/crm-para-gestores,AST-0013,24,0,0,0.020946,2098.76
TP-0002300,OPP-00505,LEAD-002797,3,4,2023-07-21,6,webinar_evento,evento_crm_gestores_q3,form_fill,/lp/roi-calculator,AST-0018,58,0,0,0.224224,22467.27
TP-0002301,OPP-00505,LEAD-002797,4,4,2023-07-27,0,webinar_evento,bf-23,demo_request,/webinar/crm-para-gestores,AST-0013,95,0,1,0.750978,75248.02
TP-0002302,OPP-00506,LEAD-002803,1,6,2023-06-20,40,linkedin_ads,lkd_awareness_2023,impression,/ebook/gestao-pipeline-vendas,AST-0009,15,1,0,0.002076,93.64
TP-0002303,OPP-00506,LEAD-002803,2,6,2023-07-07,23,linkedin_ads,linkedin_prospecao_q3_2023,click,/ebook/gestao-pipeline-vendas,AST-0009,19,0,0,0.016136,727.74
TP-0002304,OPP-00506,LEAD-002803,3,6,2023-07-13,17,linkedin_ads,linkedin_prospeccao_q3_2023,content_view,/lp/demo-gratis,AST-0015,42,0,0,0.033027,1489.5
TP-0002305,OPP-00506,LEAD-002803,4,6,2023-07-14,16,linkedin_ads,linkedin_prospecao_q3_2023,demo_request,/lp/roi-calculator,AST-0018,92,0,0,0.141887,6399.12
TP-0002306,OPP-00506,LEAD-002803,5,6,2023-07-21,9,linkedin_ads,linkedin_decisores_ti_2023,sales_call,/ebook/integracao-sistemas-guia,AST-0011,80,0,0,0.263174,11869.17
TP-0002307,OPP-00506,LEAD-002803,6,6,2023-07-29,1,linkedin_ads,linkedin_prospeccao_q3_2023,proposal_sent,/ebook/crm-para-varejo,AST-0008,66,0,1,0.543699,24520.84
TP-0002308,OPP-00507,LEAD-002808,1,9,2023-06-19,40,linkedin_ads,linkedin_prospeccao_q2_2023,impression,/webinar/crm-para-gestores,AST-0013,18,1,0,0.005042,231.93
TP-0002309,OPP-00507,LEAD-002808,2,9,2023-06-20,39,webinar_evento,bf-23,click,/blog/leads-qualificados-b2b,AST-0007,28,0,0,0.012497,574.84
TP-0002310,OPP-00507,LEAD-002808,3,9,2023-06-24,35,webinar_evento,evento_crm_gestores_q2,content_view,/webinar/automacao-vendas-demo,AST-0014,52,0,0,0.022173,1019.94
TP-0002311,OPP-00507,LEAD-002808,4,9,2023-06-27,32,webinar_evento,evento_crm_gestores_q2,demo_request,/lp/comparativo-erp,AST-0017,95,0,0,0.109885,5054.71
TP-0002312,OPP-00507,LEAD-002808,5,9,2023-07-06,23,webinar_evento,evento_crm_gestores_q3,sales_call,/webinar/integracao-erp-ao-vivo,AST-0012,91,0,0,0.235115,10815.28
TP-0002313,OPP-00507,LEAD-002808,6,9,2023-07-13,16,webinar_evento,evento_crm_gestores_q3,content_view,/webinar/integracao-erp-ao-vivo,AST-0012,36,0,0,0.086142,3962.53
TP-0002314,OPP-00507,LEAD-002808,7,9,2023-07-16,13,webinar_evento,campanha_natal_2023,form_fill,/webinar/crm-para-gestores,AST-0013,74,0,0,0.293502,13501.07
TP-0002315,OPP-00507,LEAD-002808,8,9,2023-07-19,10,webinar_evento,black_friday_2023,impression,/produto/erp-connector,AST-0020,23,0,0,0.033058,1520.68
TP-0002316,OPP-00507,LEAD-002808,9,9,2023-07-29,0,webinar_evento,evento_crm_gestores_q3,email_open,/lp/comparativo-erp,AST-0017,15,0,1,0.202587,9319.02
TP-0002317,OPP-00508,LEAD-002809,1,5,2023-06-13,41,organic_search,(none),impression,/produto/erp-connector,AST-0020,1,1,0,0.014142,1776.17
TP-0002318,OPP-00508,LEAD-002809,2,5,2023-06-16,38,email_marketing,campanha_email_06-2023,click,/blog/funil-vendas-complexas,AST-0006,9,0,0,0.040433,5078.4
TP-0002319,OPP-00508,LEAD-002809,3,5,2023-06-23,31,email_marketing,email_nurture_leads_2023,content_view,/blog/leads-qualificados-b2b,AST-0007,45,0,0,0.088884,11163.82
TP-0002320,OPP-00508,LEAD-002809,4,5,2023-06-29,25,email_marketing,campanha_email_06-2023,form_fill,/ebook/roi-tecnologia-empresas,AST-0010,69,0,0,0.375217,47127.2
TP-0002321,OPP-00508,LEAD-002809,5,5,2023-07-15,9,email_marketing,email_reengajamento_q3_2023,click,/ebook/integracao-sistemas-guia,AST-0011,21,0,1,0.481325,60454.41
TP-0002322,OPP-00509,LEAD-002815,1,3,2023-06-24,33,paid_search,google_brand_keywords_2023,click,/blog/churn-saas-brasil,AST-0005,10,1,0,0.133027,3405.48
TP-0002323,OPP-00509,LEAD-002815,2,3,2023-06-26,31,paid_search,google_brand_keywords_2023,click,/ebook/integracao-sistemas-guia,AST-0011,20,0,0,0.118042,3021.88
TP-0002324,OPP-00509,LEAD-002815,3,3,2023-06-28,29,paid_search,google_brand_keywords_2023,form_fill,/lp/trial-30-dias,AST-0016,53,0,1,0.748931,19172.64
TP-0002325,OPP-00510,LEAD-002819,1,2,2023-07-02,29,paid_search,crm-b2b-keywords-2023,click,/lp/demo-gratis,AST-0015,20,1,0,0.152577,10329.47
TP-0002326,OPP-00510,LEAD-002819,2,2,2023-07-24,7,paid_search,integracao_erp_pesquisa_2023,click,/lp/comparativo-erp,AST-0017,16,0,1,0.847423,57370.53
TP-0002327,OPP-00511,LEAD-002822,1,5,2023-06-20,41,webinar_evento,campanha-natal-2023,impression,/lp/roi-calculator,AST-0018,3,1,0,0.00471,578.36
TP-0002328,OPP-00511,LEAD-002822,2,5,2023-07-06,25,linkedin_ads,linkedin_prospeccao_q3_2023,click,/lp/roi-calculator,AST-0018,53,0,0,0.034081,4185.16
TP-0002329,OPP-00511,LEAD-002822,3,5,2023-07-06,25,linkedin_ads,linkedin_prospeccao_q3_2023,form_fill,/lp/demo-gratis,AST-0015,70,0,0,0.124964,15345.6
TP-0002330,OPP-00511,LEAD-002822,4,5,2023-07-08,23,linkedin_ads,linkedin_prospeccao_q3_2023,demo_request,/webinar/crm-para-gestores,AST-0013,95,0,0,0.209679,25748.57
TP-0002331,OPP-00511,LEAD-002822,5,5,2023-07-16,15,linkedin_ads,linkedin_decisores_ti_2023,sales_call,/lp/roi-calculator,AST-0018,100,0,1,0.626566,76942.31
TP-0002332,OPP-00512,LEAD-002834,1,5,2023-07-04,33,paid_search,google_brand_keywords_2023,click,/webinar/automacao-vendas-demo,AST-0014,26,1,0,0.014962,873.77
TP-0002333,OPP-00512,LEAD-002834,2,5,2023-07-07,30,meta_ads,facebook_retargeting_2023,click,/lp/demo-gratis,AST-0015,45,0,0,0.014259,832.75
TP-0002334,OPP-00512,LEAD-002834,3,5,2023-07-21,16,meta_ads,ig_gestores_b2b_q3,form_fill,/lp/roi-calculator,AST-0018,65,0,0,0.142124,8300.05
TP-0002335,OPP-00512,LEAD-002834,4,5,2023-07-30,7,meta_ads,ig_gestores_b2b_q3,demo_request,/produto/api-marketplace,AST-0021,78,0,0,0.393174,22961.34
TP-0002336,OPP-00512,LEAD-002834,5,5,2023-07-31,6,meta_ads,fb-leads-varejo-2023,form_fill,/lp/comparativo-erp,AST-0017,55,0,1,0.435481,25432.1
TP-0002337,OPP-00513,LEAD-002839,1,2,2023-07-02,31,organic_search,(none),impression,/blog/leads-qualificados-b2b,AST-0007,25,1,0,0.109208,6814.58
TP-0002338,OPP-00513,LEAD-002839,2,2,2023-07-14,19,organic_search,(none),click,/produto/crm-integracao,AST-0019,18,0,1,0.890792,55585.42
TP-0002339,OPP-00514,LEAD-002846,1,2,2023-06-26,34,paid_search,integracao_erp_pesquisa_2023,click,/ebook/crm-para-varejo,AST-0008,33,1,0,0.104978,12460.85
TP-0002340,OPP-00514,LEAD-002846,2,2,2023-07-24,6,paid_search,crm-b2b-keywords-2023,click,/produto/api-marketplace,AST-0021,30,0,1,0.895022,106239.15
TP-0002341,OPP-00515,LEAD-002848,1,3,2023-06-26,38,webinar_evento,bf-23,impression,/webinar/crm-para-gestores,AST-0013,5,1,0,0.011172,670.33
TP-0002342,OPP-00515,LEAD-002848,2,3,2023-07-20,14,webinar_evento,bf-23,click,/lp/trial-30-dias,AST-0016,21,0,0,0.143158,8589.51
TP-0002343,OPP-00515,LEAD-002848,3,3,2023-07-21,13,webinar_evento,campanha_natal_2023,form_fill,/lp/comparativo-erp,AST-0017,75,0,1,0.845669,50740.17
TP-0002344,OPP-00516,LEAD-002866,1,3,2023-06-17,37,meta_ads,ig_gestores_b2b_q2,impression,/ebook/roi-tecnologia-empresas,AST-0010,15,1,0,0.005556,321.68
TP-0002345,OPP-00516,LEAD-002866,2,3,2023-07-20,4,meta_ads,facebook_retargeting_2023,click,/ebook/gestao-pipeline-vendas,AST-0009,36,0,0,0.135398,7839.54
TP-0002346,OPP-00516,LEAD-002866,3,3,2023-07-22,2,meta_ads,meta_awareness_2023,form_fill,/lp/roi-calculator,AST-0018,66,0,1,0.859046,49738.79
TP-0002347,OPP-00517,LEAD-002881,1,2,2023-07-04,25,paid_search,pesquisa_concorrentes_q3_2023,click,/lp/demo-gratis,AST-0015,46,1,0,0.162044,4326.56
TP-0002348,OPP-00517,LEAD-002881,2,2,2023-07-25,4,paid_search,google_brand_keywords_2023,click,/produto/api-marketplace,AST-0021,23,0,1,0.837956,22373.44
TP-0002349,OPP-00518,LEAD-002882,1,5,2023-07-04,36,webinar_evento,black_friday_2023,impression,/lp/trial-30-dias,AST-0016,1,1,0,0.00459,224.91
TP-0002350,OPP-00518,LEAD-002882,2,5,2023-07-05,35,direct,(not set),click,/produto/erp-connector,AST-0020,25,0,0,0.011376,557.44
TP-0002351,OPP-00518,LEAD-002882,3,5,2023-07-11,29,direct,(direct),form_fill,/produto/erp-connector,AST-0020,70,0,0,0.064033,3137.59
TP-0002352,OPP-00518,LEAD-002882,4,5,2023-07-13,27,direct,(direct),demo_request,/produto/erp-connector,AST-0020,88,0,0,0.107441,5264.61
TP-0002353,OPP-00518,LEAD-002882,5,5,2023-08-03,6,direct,(not set),sales_call,/produto/erp-connector,AST-0020,97,0,1,0.81256,39815.45
TP-0002354,OPP-00519,LEAD-002888,1,6,2023-07-03,40,webinar_evento,black_friday_2023,impression,/webinar/crm-para-gestores,AST-0013,1,1,0,0.005416,1246.86
TP-0002355,OPP-00519,LEAD-002888,2,6,2023-07-12,31,email_marketing,campanha_email_07-2023,click,/blog/funil-vendas-complexas,AST-0006,22,0,0,0.023773,5472.49
TP-0002356,OPP-00519,LEAD-002888,3,6,2023-07-14,29,email_marketing,newsletter_mensal_07_2023,form_fill,/blog/crm-para-industria,AST-0002,59,0,0,0.100552,23147.18
TP-0002357,OPP-00519,LEAD-002888,4,6,2023-07-23,20,email_marketing,campanha_email_07-2023,demo_request,/webinar/crm-para-gestores,AST-0013,87,0,0,0.278169,64034.6
TP-0002358,OPP-00519,LEAD-002888,5,6,2023-07-30,13,email_marketing,email_nurture_leads_2023,sales_call,/ebook/gestao-pipeline-vendas,AST-0009,76,0,0,0.515952,118772.11
TP-0002359,OPP-00519,LEAD-002888,6,6,2023-08-07,5,email_marketing,email_nurture_leads_2023,impression,/webinar/integracao-erp-ao-vivo,AST-0012,12,0,1,0.076137,17526.76
TP-0002360,OPP-00520,LEAD-002890,1,7,2023-07-04,35,webinar_evento,evento_crm_gestores_q3,impression,/produto/crm-integracao,AST-0019,1,1,0,0.003659,350.52
TP-0002361,OPP-00520,LEAD-002890,2,7,2023-07-05,34,webinar_evento,evento_crm_gestores_q3,click,/lp/roi-calculator,AST-0018,1,0,0,0.009069,868.78
TP-0002362,OPP-00520,LEAD-002890,3,7,2023-07-23,16,webinar_evento,campanha-natal-2023,form_fill,/ebook/crm-para-varejo,AST-0008,63,0,0,0.12028,11522.81
TP-0002363,OPP-00520,LEAD-002890,4,7,2023-07-28,11,webinar_evento,campanha_natal_2023,demo_request,/webinar/integracao-erp-ao-vivo,AST-0012,70,0,0,0.250049,23954.71
TP-0002364,OPP-00520,LEAD-002890,5,7,2023-07-28,11,webinar_evento,black_friday_2023,sales_call,/webinar/automacao-vendas-demo,AST-0014,100,0,0,0.281305,26949.05
TP-0002365,OPP-00520,LEAD-002890,6,7,2023-07-29,10,webinar_evento,black_friday_2023,sales_call,/webinar/automacao-vendas-demo,AST-0014,90,0,0,0.302134,28944.4
TP-0002366,OPP-00520,LEAD-002890,7,7,2023-08-02,6,webinar_evento,evento_crm_gestores_q3,impression,/lp/trial-30-dias,AST-0016,8,0,1,0.033504,3209.72
TP-0002367,OPP-00521,LEAD-002896,1,6,2023-06-30,43,organic_search,(none),impression,/lp/trial-30-dias,AST-0016,1,1,0,0.003088,264.63
TP-0002368,OPP-00521,LEAD-002896,2,6,2023-07-10,33,organic_search,,click,/blog/funil-vendas-complexas,AST-0006,38,0,0,0.014556,1247.45
TP-0002369,OPP-00521,LEAD-002896,3,6,2023-07-20,23,organic_search,(not set),content_view,/produto/erp-connector,AST-0020,37,0,0,0.039645,3397.6
TP-0002370,OPP-00521,LEAD-002896,4,6,2023-07-24,19,organic_search,(none),form_fill,/blog/integracao-erp-sistemas,AST-0003,51,0,0,0.14508,12433.37
TP-0002371,OPP-00521,LEAD-002896,5,6,2023-07-28,15,organic_search,(not set),content_view,/produto/erp-connector,AST-0020,16,0,0,0.070204,6016.45
TP-0002372,OPP-00521,LEAD-002896,6,6,2023-08-03,9,organic_search,(none),sales_call,/produto/crm-integracao,AST-0019,85,0,1,0.727427,62340.5
TP-0002373,OPP-00522,LEAD-002900,1,6,2023-07-08,34,webinar_evento,campanha_natal_2023,impression,/ebook/crm-para-varejo,AST-0008,8,1,0,0.003778,465.05
TP-0002374,OPP-00522,LEAD-002900,2,6,2023-07-21,21,meta_ads,facebook_retargeting_2023,click,/ebook/roi-tecnologia-empresas,AST-0010,24,0,0,0.022064,2716.11
TP-0002375,OPP-00522,LEAD-002900,3,6,2023-07-22,20,meta_ads,fb-leads-varejo-2023,form_fill,/lp/comparativo-erp,AST-0017,64,0,0,0.086892,10696.45
TP-0002376,OPP-00522,LEAD-002900,4,6,2023-08-05,6,meta_ads,ig_gestores_b2b_q3,demo_request,/ebook/roi-tecnologia-empresas,AST-0010,83,0,0,0.343561,42292.31
TP-0002377,OPP-00522,LEAD-002900,5,6,2023-08-06,5,meta_ads,ig_gestores_b2b_q3,sales_call,/ebook/integracao-sistemas-guia,AST-0011,88,0,0,0.415123,51101.65
TP-0002378,OPP-00522,LEAD-002900,6,6,2023-08-09,2,meta_ads,meta_awareness_2023,click,/lp/roi-calculator,AST-0018,9,0,1,0.128582,15828.44
TP-0002379,OPP-00523,LEAD-002905,1,9,2023-06-28,35,linkedin_ads,linkedin_gestores_2023,impression,/webinar/automacao-vendas-demo,AST-0014,30,1,0,0.008151,899.04
TP-0002380,OPP-00523,LEAD-002905,2,9,2023-06-29,34,linkedin_ads,linkedin_prospecao_q2_2023,click,/webinar/automacao-vendas-demo,AST-0014,30,0,0,0.020202,2228.33
TP-0002381,OPP-00523,LEAD-002905,3,9,2023-07-03,30,linkedin_ads,linkedin_prospeccao_q3_2023,content_view,/webinar/integracao-erp-ao-vivo,AST-0012,34,0,0,0.035845,3953.69
TP-0002382,OPP-00523,LEAD-002905,4,9,2023-07-04,29,linkedin_ads,linkedin_prospecao_q3_2023,demo_request,/lp/roi-calculator,AST-0018,89,0,0,0.153995,16985.7
TP-0002383,OPP-00523,LEAD-002905,5,9,2023-07-10,23,linkedin_ads,linkedin_gestores_2023,sales_call,/ebook/crm-para-varejo,AST-0008,100,0,0,0.265942,29333.38
TP-0002384,OPP-00523,LEAD-002905,6,9,2023-07-14,19,linkedin_ads,linkedin_prospeccao_q3_2023,impression,/lp/roi-calculator,AST-0018,16,0,0,0.019661,2168.57
TP-0002385,OPP-00523,LEAD-002905,7,9,2023-07-20,13,linkedin_ads,lkd_awareness_2023,form_fill,/ebook/crm-para-varejo,AST-0008,69,0,0,0.331984,36617.83
TP-0002386,OPP-00523,LEAD-002905,8,9,2023-07-22,11,linkedin_ads,linkedin_gestores_2023,impression,/webinar/crm-para-gestores,AST-0013,1,0,0,0.034815,3840.1
TP-0002387,OPP-00523,LEAD-002905,9,9,2023-07-25,8,linkedin_ads,lkd_awareness_2023,email_open,/lp/roi-calculator,AST-0018,23,0,1,0.129405,14273.36
TP-0002388,OPP-00524,LEAD-002908,1,3,2023-07-01,41,paid_search,google_branded_2023,click,/lp/comparativo-erp,AST-0017,36,1,0,0.022695,596.87
TP-0002389,OPP-00524,LEAD-002908,2,3,2023-07-10,32,paid_search,integracao_erp_pesquisa_2023,click,/blog/gestao-vendas-b2b,AST-0001,31,0,0,0.033203,873.23
TP-0002390,OPP-00524,LEAD-002908,3,3,2023-08-02,9,paid_search,google_brand_keywords_2023,form_fill,/produto/crm-integracao,AST-0019,68,0,1,0.944103,24829.9
TP-0002391,OPP-00525,LEAD-002911,1,5,2023-07-11,36,paid_search,google_brand_keywords_2023,click,/produto/api-marketplace,AST-0021,19,1,0,0.02156,616.62
TP-0002392,OPP-00525,LEAD-002911,2,5,2023-07-27,20,paid_search,integracao_erp_pesquisa_2023,click,/lp/demo-gratis,AST-0015,26,0,0,0.052005,1487.33
TP-0002393,OPP-00525,LEAD-002911,3,5,2023-07-27,20,paid_search,integracao_erp_pesquisa_2023,form_fill,/lp/demo-gratis,AST-0015,70,0,0,0.190684,5453.55
TP-0002394,OPP-00525,LEAD-002911,4,5,2023-08-04,12,paid_search,google_brand_keywords_2023,demo_request,/lp/comparativo-erp,AST-0017,80,0,0,0.491144,14046.72
TP-0002395,OPP-00525,LEAD-002911,5,5,2023-08-12,4,paid_search,google_brand_keywords_2023,click,/produto/crm-integracao,AST-0019,13,0,1,0.244608,6995.78
TP-0002396,OPP-00526,LEAD-002919,1,4,2023-07-07,36,webinar_evento,bf-23,impression,/ebook/integracao-sistemas-guia,AST-0011,15,1,0,0.005115,229.65
TP-0002397,OPP-00526,LEAD-002919,2,4,2023-07-15,28,webinar_evento,campanha-natal-2023,click,/webinar/integracao-erp-ao-vivo,AST-0012,18,0,0,0.020901,938.45
TP-0002398,OPP-00526,LEAD-002919,3,4,2023-07-20,23,webinar_evento,black_friday_2023,form_fill,/lp/roi-calculator,AST-0018,53,0,0,0.109533,4918.02
TP-0002399,OPP-00526,LEAD-002919,4,4,2023-08-07,5,webinar_evento,evento_crm_gestores_q3,demo_request,/lp/roi-calculator,AST-0018,100,0,1,0.864452,38813.88
TP-0002400,OPP-00527,LEAD-002938,1,2,2023-07-11,40,paid_search,google_brand_keywords_2023,click,/lp/roi-calculator,AST-0018,18,1,0,0.313037,46047.78
TP-0002401,OPP-00527,LEAD-002938,2,2,2023-07-20,31,paid_search,google_brand_keywords_2023,click,/lp/trial-30-dias,AST-0016,14,0,1,0.686963,101052.22
TP-0002402,OPP-00528,LEAD-002940,1,2,2023-06-28,44,paid_search,pesquisa_concorrentes_q2_2023,click,/produto/api-marketplace,AST-0021,31,1,0,0.152577,21147.19
TP-0002403,OPP-00528,LEAD-002940,2,2,2023-07-20,22,paid_search,crm-b2b-keywords-2023,click,/produto/api-marketplace,AST-0021,36,0,1,0.847423,117452.81
TP-0002404,OPP-00529,LEAD-002941,1,3,2023-06-28,44,meta_ads,ig_gestores_b2b_q2,impression,/lp/trial-30-dias,AST-0016,3,1,0,0.015793,358.49
TP-0002405,OPP-00529,LEAD-002941,2,3,2023-07-10,32,meta_ads,ig_gestores_b2b_q3,click,/webinar/integracao-erp-ao-vivo,AST-0012,24,0,0,0.085878,1949.44
TP-0002406,OPP-00529,LEAD-002941,3,3,2023-07-19,23,meta_ads,fb-leads-varejo-2023,form_fill,/ebook/roi-tecnologia-empresas,AST-0010,64,0,1,0.898329,20392.07
TP-0002407,OPP-00530,LEAD-002942,1,4,2023-07-06,43,webinar_evento,campanha-natal-2023,impression,/webinar/integracao-erp-ao-vivo,AST-0012,15,1,0,0.00863,853.48
TP-0002408,OPP-00530,LEAD-002942,2,4,2023-07-22,27,paid_search,google_brand_keywords_2023,click,/produto/api-marketplace,AST-0021,31,0,0,0.062447,6175.99
TP-0002409,OPP-00530,LEAD-002942,3,4,2023-07-24,25,paid_search,google_branded_2023,form_fill,/lp/comparativo-erp,AST-0017,67,0,0,0.264134,26122.82
TP-0002410,OPP-00530,LEAD-002942,4,4,2023-07-26,23,paid_search,integracao_erp_pesquisa_2023,demo_request,/lp/demo-gratis,AST-0015,79,0,1,0.66479,65747.71
TP-0002411,OPP-00531,LEAD-002944,1,6,2023-06-25,44,linkedin_ads,linkedin_gestores_2023,impression,/lp/roi-calculator,AST-0018,1,1,0,0.007428,296.38
TP-0002412,OPP-00531,LEAD-002944,2,6,2023-07-02,37,webinar_evento,campanha_natal_2023,click,/lp/demo-gratis,AST-0015,40,0,0,0.028262,1127.65
TP-0002413,OPP-00531,LEAD-002944,3,6,2023-07-04,35,webinar_evento,campanha_natal_2023,content_view,/lp/demo-gratis,AST-0015,35,0,0,0.043469,1734.42
TP-0002414,OPP-00531,LEAD-002944,4,6,2023-07-05,34,webinar_evento,bf-23,demo_request,/webinar/crm-para-gestores,AST-0013,88,0,0,0.18675,7451.34
TP-0002415,OPP-00531,LEAD-002944,5,6,2023-07-13,26,webinar_evento,campanha-natal-2023,sales_call,/webinar/crm-para-gestores,AST-0013,73,0,0,0.372034,14844.15
TP-0002416,OPP-00531,LEAD-002944,6,6,2023-07-28,11,webinar_evento,campanha_natal_2023,content_view,/webinar/automacao-vendas-demo,AST-0014,38,0,1,0.362057,14446.07
TP-0002417,OPP-00532,LEAD-002946,1,3,2023-07-19,18,organic_search,(none),impression,/produto/crm-integracao,AST-0019,16,1,0,0.047041,2629.59
TP-0002418,OPP-00532,LEAD-002946,2,3,2023-07-29,8,organic_search,(none),click,/blog/churn-saas-brasil,AST-0005,15,0,0,0.22175,12395.84
TP-0002419,OPP-00532,LEAD-002946,3,3,2023-08-05,1,organic_search,(none),content_view,/blog/leads-qualificados-b2b,AST-0007,21,0,1,0.731209,40874.57
TP-0002420,OPP-00533,LEAD-002947,1,5,2023-07-23,26,paid_search,google_brand_keywords_2023,click,/lp/demo-gratis,AST-0015,29,1,0,0.019301,1254.53
TP-0002421,OPP-00533,LEAD-002947,2,5,2023-07-29,20,paid_search,google_brand_keywords_2023,click,/produto/crm-integracao,AST-0019,26,0,0,0.02279,1481.38
TP-0002422,OPP-00533,LEAD-002947,3,5,2023-08-07,11,paid_search,integracao_erp_pesquisa_2023,form_fill,/lp/demo-gratis,AST-0015,60,0,0,0.158933,10330.62
TP-0002423,OPP-00533,LEAD-002947,4,5,2023-08-09,9,paid_search,pesquisa_concorrentes_q3_2023,demo_request,/produto/crm-integracao,AST-0019,68,0,0,0.266675,17333.87
TP-0002424,OPP-00533,LEAD-002947,5,5,2023-08-13,5,paid_search,pesquisa_concorrentes_q3_2023,demo_request,/webinar/crm-para-gestores,AST-0013,73,0,1,0.532301,34599.6
TP-0002425,OPP-00534,LEAD-002961,1,4,2023-07-19,29,webinar_evento,bf-23,impression,/blog/leads-qualificados-b2b,AST-0007,1,1,0,0.01221,1346.78
TP-0002426,OPP-00534,LEAD-002961,2,4,2023-07-22,26,webinar_evento,evento_crm_gestores_q3,click,/lp/trial-30-dias,AST-0016,17,0,0,0.034911,3850.68
TP-0002427,OPP-00534,LEAD-002961,3,4,2023-07-23,25,webinar_evento,webinar_integracao_erp_2023,form_fill,/lp/demo-gratis,AST-0015,74,0,0,0.137485,15164.57
TP-0002428,OPP-00534,LEAD-002961,4,4,2023-08-06,11,webinar_evento,webinar_integracao_erp_2023,demo_request,/lp/demo-gratis,AST-0015,90,0,1,0.815394,89937.97
TP-0002429,OPP-00535,LEAD-002968,1,8,2023-07-10,39,linkedin_ads,linkedin_gestores_2023,impression,/webinar/automacao-vendas-demo,AST-0014,14,1,0,0.00376,189.49
TP-0002430,OPP-00535,LEAD-002968,2,8,2023-07-15,34,linkedin_ads,linkedin_prospecao_q3_2023,click,/lp/demo-gratis,AST-0015,36,0,0,0.012401,624.99
TP-0002431,OPP-00535,LEAD-002968,3,8,2023-07-17,32,linkedin_ads,lkd_awareness_2023,content_view,/lp/demo-gratis,AST-0015,40,0,0,0.019073,961.29
TP-0002432,OPP-00535,LEAD-002968,4,8,2023-07-19,30,linkedin_ads,linkedin_prospeccao_q3_2023,demo_request,/ebook/crm-para-varejo,AST-0008,89,0,0,0.088009,4435.65
TP-0002433,OPP-00535,LEAD-002968,5,8,2023-07-27,22,linkedin_ads,linkedin_prospeccao_q3_2023,sales_call,/webinar/automacao-vendas-demo,AST-0014,87,0,0,0.175326,8836.45
TP-0002434,OPP-00535,LEAD-002968,6,8,2023-07-28,21,linkedin_ads,linkedin_decisores_ti_2023,content_view,/ebook/crm-para-varejo,AST-0008,32,0,0,0.041846,2109.05
TP-0002435,OPP-00535,LEAD-002968,7,8,2023-07-30,19,linkedin_ads,lkd_awareness_2023,email_open,/webinar/crm-para-gestores,AST-0013,1,0,0,0.024136,1216.46
TP-0002436,OPP-00535,LEAD-002968,8,8,2023-08-10,8,linkedin_ads,linkedin_gestores_2023,demo_request,/blog/integracao-erp-sistemas,AST-0003,100,0,1,0.635449,32026.62
TP-0002437,OPP-00536,LEAD-002969,1,5,2023-07-03,33,linkedin_ads,linkedin_gestores_2023,impression,/produto/api-marketplace,AST-0021,9,1,0,0.004321,178.46
TP-0002438,OPP-00536,LEAD-002969,2,5,2023-07-12,24,linkedin_ads,linkedin_gestores_2023,click,/lp/trial-30-dias,AST-0016,10,0,0,0.018965,783.26
TP-0002439,OPP-00536,LEAD-002969,3,5,2023-07-25,11,linkedin_ads,lkd_awareness_2023,content_view,/ebook/roi-tecnologia-empresas,AST-0010,42,0,0,0.063998,2643.12
TP-0002440,OPP-00536,LEAD-002969,4,5,2023-07-27,9,linkedin_ads,linkedin_decisores_ti_2023,demo_request,/lp/demo-gratis,AST-0015,93,0,0,0.295303,12196.03
TP-0002441,OPP-00536,LEAD-002969,5,5,2023-07-30,6,linkedin_ads,lkd_awareness_2023,sales_call,/lp/trial-30-dias,AST-0016,78,0,1,0.617412,25499.13
TP-0002442,OPP-00537,LEAD-002979,1,7,2023-07-03,39,linkedin_ads,linkedin_prospecao_q3_2023,impression,/lp/trial-30-dias,AST-0016,5,1,0,0.002252,232.37
TP-0002443,OPP-00537,LEAD-002979,2,7,2023-07-09,33,email_marketing,campanha_email_07-2023,click,/produto/crm-integracao,AST-0019,21,0,0,0.007976,823.15
TP-0002444,OPP-00537,LEAD-002979,3,7,2023-07-12,30,email_marketing,email_reengajamento_q3_2023,content_view,/blog/leads-qualificados-b2b,AST-0007,20,0,0,0.013177,1359.82
TP-0002445,OPP-00537,LEAD-002979,4,7,2023-07-19,23,email_marketing,campanha_email_07-2023,demo_request,/blog/integracao-erp-sistemas,AST-0003,75,0,0,0.086898,8967.86
TP-0002446,OPP-00537,LEAD-002979,5,7,2023-07-23,19,email_marketing,email_nurture_leads_2023,sales_call,/webinar/automacao-vendas-demo,AST-0014,75,0,0,0.130091,13425.35
TP-0002447,OPP-00537,LEAD-002979,6,7,2023-08-02,9,email_marketing,campanha_email_08-2023,sales_call,/webinar/crm-para-gestores,AST-0013,76,0,0,0.26574,27424.32
TP-0002448,OPP-00537,LEAD-002979,7,7,2023-08-05,6,email_marketing,campanha_email_08-2023,sales_call,/webinar/integracao-erp-ao-vivo,AST-0012,75,0,1,0.493868,50967.13
TP-0002449,OPP-00538,LEAD-002984,1,3,2023-07-19,22,paid_search,crm-b2b-keywords-2023,click,/produto/api-marketplace,AST-0021,35,1,0,0.051335,2941.47
TP-0002450,OPP-00538,LEAD-002984,2,3,2023-07-20,21,paid_search,crm-b2b-keywords-2023,click,/produto/erp-connector,AST-0020,31,0,0,0.042412,2430.2
TP-0002451,OPP-00538,LEAD-002984,3,3,2023-08-08,2,paid_search,google_branded_2023,form_fill,/produto/crm-integracao,AST-0019,43,0,1,0.906254,51928.33
TP-0002452,OPP-00539,LEAD-002991,1,7,2023-06-27,42,webinar_evento,black_friday_2023,impression,/lp/roi-calculator,AST-0018,19,1,0,0.00171,76.6
TP-0002453,OPP-00539,LEAD-002991,2,7,2023-07-02,37,webinar_evento,campanha_natal_2023,click,/ebook/crm-para-varejo,AST-0008,19,0,0,0.005639,252.63
TP-0002454,OPP-00539,LEAD-002991,3,7,2023-07-05,34,webinar_evento,bf-23,form_fill,/ebook/roi-tecnologia-empresas,AST-0010,51,0,0,0.025618,1147.69
TP-0002455,OPP-00539,LEAD-002991,4,7,2023-07-10,29,webinar_evento,campanha-natal-2023,demo_request,/webinar/automacao-vendas-demo,AST-0014,100,0,0,0.053258,2385.94
TP-0002456,OPP-00539,LEAD-002991,5,7,2023-07-17,22,webinar_evento,campanha_natal_2023,sales_call,/lp/trial-30-dias,AST-0016,94,0,0,0.098783,4425.46
TP-0002457,OPP-00539,LEAD-002991,6,7,2023-08-05,3,webinar_evento,evento_crm_gestores_q3,proposal_sent,/webinar/automacao-vendas-demo,AST-0014,81,0,0,0.298494,13372.54
TP-0002458,OPP-00539,LEAD-002991,7,7,2023-08-07,1,webinar_evento,webinar_integracao_erp_2023,proposal_sent,/lp/trial-30-dias,AST-0016,76,0,1,0.516499,23139.14
TP-0002459,OPP-00540,LEAD-002993,1,2,2023-07-12,41,organic_search,(not set),impression,/blog/automacao-marketing-b2b,AST-0004,9,1,0,0.049454,1913.86
TP-0002460,OPP-00540,LEAD-002993,2,2,2023-08-05,17,organic_search,,click,/produto/api-marketplace,AST-0021,29,0,1,0.950546,36786.14
TP-0002461,OPP-00541,LEAD-002995,1,2,2023-08-08,4,meta_ads,ig_gestores_b2b_q3,impression,/blog/automacao-marketing-b2b,AST-0004,5,1,0,0.18908,10267.05
TP-0002462,OPP-00541,LEAD-002995,2,2,2023-08-11,1,meta_ads,facebook_retargeting_2023,click,/lp/roi-calculator,AST-0018,10,0,1,0.81092,44032.95
TP-0002463,OPP-00542,LEAD-002996,1,4,2023-07-10,41,webinar_evento,evento_crm_gestores_q3,impression,/webinar/automacao-vendas-demo,AST-0014,9,1,0,0.005807,584.8
TP-0002464,OPP-00542,LEAD-002996,2,4,2023-07-11,40,webinar_evento,black_friday_2023,click,/lp/comparativo-erp,AST-0017,26,0,0,0.014394,1449.46
TP-0002465,OPP-00542,LEAD-002996,3,4,2023-08-04,16,webinar_evento,campanha-natal-2023,form_fill,/lp/trial-30-dias,AST-0016,58,0,0,0.293058,29510.93
TP-0002466,OPP-00542,LEAD-002996,4,4,2023-08-05,15,webinar_evento,black_friday_2023,demo_request,/lp/demo-gratis,AST-0015,84,0,1,0.686741,69154.81
TP-0002467,OPP-00543,LEAD-003000,1,4,2023-06-29,41,paid_search,integracao_erp_pesquisa_2023,click,/produto/erp-connector,AST-0020,27,1,0,0.007231,179.33
TP-0002468,OPP-00543,LEAD-003000,2,4,2023-07-15,25,paid_search,integracao_erp_pesquisa_2023,click,/produto/api-marketplace,AST-0021,17,0,0,0.017442,432.55
TP-0002469,OPP-00543,LEAD-003000,3,4,2023-07-31,9,paid_search,google_branded_2023,form_fill,/lp/roi-calculator,AST-0018,48,0,0,0.200538,4973.34
TP-0002470,OPP-00543,LEAD-003000,4,4,2023-08-08,1,paid_search,google_brand_keywords_2023,demo_request,/lp/trial-30-dias,AST-0016,89,0,1,0.774789,19214.77
TP-0002471,OPP-00544,LEAD-003002,1,5,2023-07-10,35,direct,(not set),click,/produto/crm-integracao,AST-0019,41,1,0,0.015362,694.34
TP-0002472,OPP-00544,LEAD-003002,2,5,2023-07-11,34,direct,,form_fill,/lp/comparativo-erp,AST-0017,83,0,0,0.046535,2103.4
TP-0002473,OPP-00544,LEAD-003002,3,5,2023-07-23,22,direct,(direct),demo_request,/lp/demo-gratis,AST-0015,93,0,0,0.159501,7209.45
TP-0002474,OPP-00544,LEAD-003002,4,5,2023-08-08,6,direct,(not set),sales_call,/lp/comparativo-erp,AST-0017,100,0,0,0.562669,25432.63
TP-0002475,OPP-00544,LEAD-003002,5,5,2023-08-14,0,direct,(not set),click,/lp/trial-30-dias,AST-0016,18,0,1,0.215933,9760.17
TP-0002476,OPP-00545,LEAD-003012,1,7,2023-07-08,40,webinar_evento,campanha-natal-2023,impression,/produto/erp-connector,AST-0020,22,1,0,0.002386,131.48
TP-0002477,OPP-00545,LEAD-003012,2,7,2023-07-13,35,meta_ads,facebook_retargeting_2023,click,/lp/comparativo-erp,AST-0017,45,0,0,0.00787,433.66
TP-0002478,OPP-00545,LEAD-003012,3,7,2023-07-15,33,meta_ads,meta_awareness_2023,form_fill,/ebook/integracao-sistemas-guia,AST-0011,79,0,0,0.03329,1834.26
TP-0002479,OPP-00545,LEAD-003012,4,7,2023-07-16,32,meta_ads,ig_gestores_b2b_q3,demo_request,/ebook/gestao-pipeline-vendas,AST-0009,81,0,0,0.052007,2865.56
TP-0002480,OPP-00545,LEAD-003012,5,7,2023-07-28,20,meta_ads,facebook_retargeting_2023,sales_call,/ebook/crm-para-varejo,AST-0008,100,0,0,0.137868,7596.52
TP-0002481,OPP-00545,LEAD-003012,6,7,2023-08-06,11,meta_ads,meta_awareness_2023,sales_call,/lp/comparativo-erp,AST-0017,100,0,0,0.262212,14447.88
TP-0002482,OPP-00545,LEAD-003012,7,7,2023-08-13,4,meta_ads,ig_gestores_b2b_q3,proposal_sent,/produto/api-marketplace,AST-0021,85,0,1,0.504367,27790.62
TP-0002483,OPP-00546,LEAD-003013,1,3,2023-07-01,43,webinar_evento,campanha_natal_2023,impression,/webinar/automacao-vendas-demo,AST-0014,5,1,0,0.004381,225.17
TP-0002484,OPP-00546,LEAD-003013,2,3,2023-07-15,29,webinar_evento,evento_crm_gestores_q3,click,/lp/trial-30-dias,AST-0016,12,0,0,0.027481,1412.51
TP-0002485,OPP-00546,LEAD-003013,3,3,2023-08-10,3,webinar_evento,black_friday_2023,form_fill,/produto/erp-connector,AST-0020,57,0,1,0.968138,49762.32
TP-0002486,OPP-00547,LEAD-003015,1,3,2023-07-06,42,paid_search,pesquisa_concorrentes_q3_2023,click,/produto/api-marketplace,AST-0021,10,1,0,0.010694,542.17
TP-0002487,OPP-00547,LEAD-003015,2,3,2023-08-15,2,paid_search,pesquisa_concorrentes_q3_2023,click,/lp/trial-30-dias,AST-0016,35,0,0,0.143228,7261.64
TP-0002488,OPP-00547,LEAD-003015,3,3,2023-08-16,1,paid_search,google_brand_keywords_2023,form_fill,/lp/comparativo-erp,AST-0017,61,0,1,0.846079,42896.18
TP-0002489,OPP-00548,LEAD-003017,1,5,2023-07-09,41,paid_search,crm-b2b-keywords-2023,click,/produto/crm-integracao,AST-0019,16,1,0,0.005759,322.48
TP-0002490,OPP-00548,LEAD-003017,2,5,2023-07-27,23,paid_search,google_branded_2023,click,/lp/comparativo-erp,AST-0017,35,0,0,0.016023,897.3
TP-0002491,OPP-00548,LEAD-003017,3,5,2023-08-07,12,paid_search,google_branded_2023,form_fill,/produto/api-marketplace,AST-0021,61,0,0,0.1289,7218.37
TP-0002492,OPP-00548,LEAD-003017,4,5,2023-08-10,9,paid_search,integracao_erp_pesquisa_2023,demo_request,/ebook/crm-para-varejo,AST-0008,88,0,0,0.232296,13008.57
TP-0002493,OPP-00548,LEAD-003017,5,5,2023-08-18,1,paid_search,google_brand_keywords_2023,demo_request,/lp/roi-calculator,AST-0018,81,0,1,0.617023,34553.28
TP-0002494,OPP-00549,LEAD-003022,1,7,2023-07-28,24,webinar_evento,evento_crm_gestores_q3,impression,/webinar/crm-para-gestores,AST-0013,12,1,0,0.007967,395.98
TP-0002495,OPP-00549,LEAD-003022,2,7,2023-07-31,21,organic_search,(none),click,/produto/api-marketplace,AST-0021,24,0,0,0.02278,1132.18
TP-0002496,OPP-00549,LEAD-003022,3,7,2023-08-03,18,organic_search,(none),form_fill,/produto/erp-connector,AST-0020,60,0,0,0.103489,5143.41
TP-0002497,OPP-00549,LEAD-003022,4,7,2023-08-05,16,organic_search,,demo_request,/webinar/integracao-erp-ao-vivo,AST-0012,93,0,0,0.173646,8630.2
TP-0002498,OPP-00549,LEAD-003022,5,7,2023-08-19,2,organic_search,,sales_call,/produto/api-marketplace,AST-0021,87,0,0,0.531021,26391.72
TP-0002499,OPP-00549,LEAD-003022,6,7,2023-08-19,2,organic_search,,email_open,/blog/integracao-erp-sistemas,AST-0003,9,0,0,0.059002,2932.41
TP-0002500,OPP-00549,LEAD-003022,7,7,2023-08-21,0,organic_search,,email_open,/blog/churn-saas-brasil,AST-0005,25,0,1,0.102094,5074.09
TP-0002501,OPP-00550,LEAD-003032,1,5,2023-07-13,37,paid_search,pesquisa_concorrentes_q3_2023,click,/produto/erp-connector,AST-0020,25,1,0,0.014913,882.87
TP-0002502,OPP-00550,LEAD-003032,2,5,2023-07-17,33,webinar_evento,webinar_integracao_erp_2023,click,/lp/trial-30-dias,AST-0016,22,0,0,0.015266,903.73
TP-0002503,OPP-00550,LEAD-003032,3,5,2023-07-24,26,webinar_evento,webinar_integracao_erp_2023,form_fill,/webinar/integracao-erp-ao-vivo,AST-0012,65,0,0,0.092286,5463.31
TP-0002504,OPP-00550,LEAD-003032,4,5,2023-08-06,13,webinar_evento,black_friday_2023,demo_request,/webinar/automacao-vendas-demo,AST-0014,92,0,0,0.339731,20112.05
TP-0002505,OPP-00550,LEAD-003032,5,5,2023-08-12,7,webinar_evento,webinar_integracao_erp_2023,form_fill,/lp/trial-30-dias,AST-0016,73,0,1,0.537805,31838.05
TP-0002506,OPP-00551,LEAD-003034,1,5,2023-07-23,35,webinar_evento,webinar_integracao_erp_2023,impression,/webinar/integracao-erp-ao-vivo,AST-0012,10,1,0,0.00372,409.59
TP-0002507,OPP-00551,LEAD-003034,2,5,2023-08-09,18,webinar_evento,black_friday_2023,click,/lp/comparativo-erp,AST-0017,6,0,0,0.028913,3183.37
TP-0002508,OPP-00551,LEAD-003034,3,5,2023-08-15,12,webinar_evento,black_friday_2023,form_fill,/webinar/crm-para-gestores,AST-0013,60,0,0,0.162741,17917.79
TP-0002509,OPP-00551,LEAD-003034,4,5,2023-08-17,10,webinar_evento,webinar_integracao_erp_2023,demo_request,/webinar/automacao-vendas-demo,AST-0014,79,0,0,0.273065,30064.49
TP-0002510,OPP-00551,LEAD-003034,5,5,2023-08-19,8,webinar_evento,black_friday_2023,sales_call,/blog/gestao-vendas-b2b,AST-0001,93,0,1,0.53156,58524.76
TP-0002511,OPP-00552,LEAD-003040,1,3,2023-07-07,41,webinar_evento,webinar_integracao_erp_2023,impression,/webinar/crm-para-gestores,AST-0013,13,1,0,0.006338,801.76
TP-0002512,OPP-00552,LEAD-003040,2,3,2023-07-31,17,webinar_evento,bf-23,click,/lp/trial-30-dias,AST-0016,40,0,0,0.081215,10273.66
TP-0002513,OPP-00552,LEAD-003040,3,3,2023-08-10,7,webinar_evento,campanha_natal_2023,form_fill,/webinar/crm-para-gestores,AST-0013,68,0,1,0.912447,115424.58
TP-0002514,OPP-00553,LEAD-003045,1,3,2023-07-06,44,webinar_evento,black_friday_2023,impression,/lp/roi-calculator,AST-0018,5,1,0,0.004088,194.58
TP-0002515,OPP-00553,LEAD-003045,2,3,2023-07-20,30,webinar_evento,bf-23,click,/produto/api-marketplace,AST-0021,23,0,0,0.025643,1220.59
TP-0002516,OPP-00553,LEAD-003045,3,3,2023-08-16,3,webinar_evento,campanha_natal_2023,form_fill,/ebook/integracao-sistemas-guia,AST-0011,67,0,1,0.97027,46184.83
TP-0002517,OPP-00554,LEAD-003050,1,7,2023-07-12,43,webinar_evento,webinar_integracao_erp_2023,impression,/lp/roi-calculator,AST-0018,11,1,0,0.00897,407.24
TP-0002518,OPP-00554,LEAD-003050,2,7,2023-07-12,43,linkedin_ads,linkedin_prospeccao_q3_2023,click,/ebook/crm-para-varejo,AST-0008,12,0,0,0.0207,939.79
TP-0002519,OPP-00554,LEAD-003050,3,7,2023-07-13,42,linkedin_ads,linkedin_prospecao_q3_2023,form_fill,/lp/demo-gratis,AST-0015,53,0,0,0.081521,3701.03
TP-0002520,OPP-00554,LEAD-003050,4,7,2023-07-26,29,linkedin_ads,linkedin_decisores_ti_2023,demo_request,/ebook/integracao-sistemas-guia,AST-0011,85,0,0,0.300101,13624.59
TP-0002521,OPP-00554,LEAD-003050,5,7,2023-07-29,26,linkedin_ads,linkedin_prospecao_q3_2023,sales_call,/produto/crm-integracao,AST-0019,85,0,0,0.418296,18990.62
TP-0002522,OPP-00554,LEAD-003050,6,7,2023-07-30,25,linkedin_ads,linkedin_prospecao_q3_2023,impression,/ebook/integracao-sistemas-guia,AST-0011,8,0,0,0.024959,1133.15
TP-0002523,OPP-00554,LEAD-003050,7,7,2023-08-18,6,linkedin_ads,lkd_awareness_2023,impression,/ebook/integracao-sistemas-guia,AST-0011,11,0,1,0.145453,6603.57
TP-0002524,OPP-00555,LEAD-003056,1,8,2023-07-01,44,webinar_evento,campanha_natal_2023,impression,/produto/erp-connector,AST-0020,1,1,0,0.002625,107.1
TP-0002525,OPP-00555,LEAD-003056,2,8,2023-07-16,29,webinar_evento,webinar_integracao_erp_2023,click,/ebook/gestao-pipeline-vendas,AST-0009,28,0,0,0.017686,721.59
TP-0002526,OPP-00555,LEAD-003056,3,8,2023-07-19,26,webinar_evento,webinar_integracao_erp_2023,form_fill,/webinar/integracao-erp-ao-vivo,AST-0012,72,0,0,0.080346,3278.12
TP-0002527,OPP-00555,LEAD-003056,4,8,2023-07-20,25,webinar_evento,black_friday_2023,demo_request,/produto/erp-connector,AST-0020,74,0,0,0.12552,5121.22
TP-0002528,OPP-00555,LEAD-003056,5,8,2023-07-27,18,webinar_evento,evento_crm_gestores_q3,sales_call,/webinar/integracao-erp-ao-vivo,AST-0012,91,0,0,0.232816,9498.9
TP-0002529,OPP-00555,LEAD-003056,6,8,2023-07-30,15,webinar_evento,bf-23,impression,/ebook/crm-para-varejo,AST-0008,26,0,0,0.016025,653.83
TP-0002530,OPP-00555,LEAD-003056,7,8,2023-08-07,7,webinar_evento,webinar_integracao_erp_2023,proposal_sent,/lp/roi-calculator,AST-0018,62,0,0,0.397283,16209.15
TP-0002531,OPP-00555,LEAD-003056,8,8,2023-08-07,7,webinar_evento,campanha_natal_2023,click,/ebook/roi-tecnologia-empresas,AST-0010,8,0,1,0.127698,5210.08
TP-0002532,OPP-00556,LEAD-003060,1,4,2023-07-22,32,organic_search,,impression,/produto/crm-integracao,AST-0019,7,1,0,0.01371,1020.06
TP-0002533,OPP-00556,LEAD-003060,2,4,2023-07-23,31,linkedin_ads,linkedin_gestores_2023,click,/webinar/integracao-erp-ao-vivo,AST-0012,33,0,0,0.033982,2528.27
TP-0002534,OPP-00556,LEAD-003060,3,4,2023-08-05,18,linkedin_ads,linkedin_gestores_2023,content_view,/webinar/automacao-vendas-demo,AST-0014,30,0,0,0.114673,8531.69
TP-0002535,OPP-00556,LEAD-003060,4,4,2023-08-13,10,linkedin_ads,linkedin_prospecao_q3_2023,form_fill,/webinar/automacao-vendas-demo,AST-0014,66,0,1,0.837634,62319.99
TP-0002536,OPP-00557,LEAD-003061,1,3,2023-07-28,21,organic_search,(none),impression,/produto/api-marketplace,AST-0021,10,1,0,0.052676,4187.78
TP-0002537,OPP-00557,LEAD-003061,2,3,2023-08-09,9,organic_search,,click,/ebook/roi-tecnologia-empresas,AST-0010,8,0,0,0.286449,22772.68
TP-0002538,OPP-00557,LEAD-003061,3,3,2023-08-11,7,organic_search,,content_view,/blog/gestao-vendas-b2b,AST-0001,34,0,1,0.660875,52539.54
TP-0002539,OPP-00558,LEAD-003064,1,5,2023-07-17,39,paid_search,google_brand_keywords_2023,click,/produto/erp-connector,AST-0020,25,1,0,0.011851,1281.07
TP-0002540,OPP-00558,LEAD-003064,2,5,2023-07-24,32,direct,(not set),click,/lp/comparativo-erp,AST-0017,24,0,0,0.01503,1624.71
TP-0002541,OPP-00558,LEAD-003064,3,5,2023-07-26,30,direct,,form_fill,/produto/api-marketplace,AST-0021,77,0,0,0.063572,6872.11
TP-0002542,OPP-00558,LEAD-003064,4,5,2023-07-31,25,direct,,demo_request,/produto/erp-connector,AST-0020,82,0,0,0.132159,14286.4
TP-0002543,OPP-00558,LEAD-003064,5,5,2023-08-21,4,direct,,proposal_sent,/lp/roi-calculator,AST-0018,71,0,1,0.777389,84035.7
TP-0002544,OPP-00559,LEAD-003078,1,4,2023-07-28,21,paid_search,crm-b2b-keywords-2023,click,/webinar/automacao-vendas-demo,AST-0014,24,1,0,0.028397,1820.22
TP-0002545,OPP-00559,LEAD-003078,2,4,2023-08-06,12,paid_search,google_brand_keywords_2023,click,/produto/api-marketplace,AST-0021,29,0,0,0.041544,2662.99
TP-0002546,OPP-00559,LEAD-003078,3,4,2023-08-13,5,paid_search,google_branded_2023,form_fill,/produto/erp-connector,AST-0020,57,0,0,0.251149,16098.63
TP-0002547,OPP-00559,LEAD-003078,4,4,2023-08-16,2,paid_search,google_brand_keywords_2023,demo_request,/lp/demo-gratis,AST-0015,93,0,1,0.67891,43518.16
TP-0002548,OPP-00560,LEAD-003084,1,2,2023-08-06,17,meta_ads,facebook_retargeting_2023,impression,/ebook/crm-para-varejo,AST-0008,11,1,0,0.149095,3488.83
TP-0002549,OPP-00560,LEAD-003084,2,2,2023-08-13,10,meta_ads,meta_awareness_2023,click,/lp/roi-calculator,AST-0018,27,0,1,0.850905,19911.17
TP-0002550,OPP-00561,LEAD-003087,1,5,2023-07-20,40,webinar_evento,campanha_natal_2023,impression,/ebook/roi-tecnologia-empresas,AST-0010,1,1,0,0.002046,400.28
TP-0002551,OPP-00561,LEAD-003087,2,5,2023-07-20,40,email_marketing,newsletter_mensal_07_2023,click,/webinar/automacao-vendas-demo,AST-0014,18,0,0,0.004722,923.72
TP-0002552,OPP-00561,LEAD-003087,3,5,2023-08-12,17,email_marketing,email_reengajamento_q3_2023,form_fill,/produto/crm-integracao,AST-0019,70,0,0,0.089521,17510.4
TP-0002553,OPP-00561,LEAD-003087,4,5,2023-08-19,10,email_marketing,campanha_email_08-2023,demo_request,/produto/crm-integracao,AST-0019,77,0,0,0.214685,41992.38
TP-0002554,OPP-00561,LEAD-003087,5,5,2023-08-28,1,email_marketing,campanha_email_08-2023,sales_call,/produto/api-marketplace,AST-0021,97,0,1,0.689025,134773.22
TP-0002555,OPP-00562,LEAD-003088,1,2,2023-07-29,22,paid_search,integracao_erp_pesquisa_2023,click,/produto/api-marketplace,AST-0021,39,1,0,0.446572,27374.89
TP-0002556,OPP-00562,LEAD-003088,2,2,2023-07-30,21,paid_search,pesquisa_concorrentes_q3_2023,click,/produto/api-marketplace,AST-0021,26,0,1,0.553428,33925.11
TP-0002557,OPP-00563,LEAD-003097,1,4,2023-07-15,32,meta_ads,facebook_retargeting_2023,impression,/lp/roi-calculator,AST-0018,9,1,0,0.031855,850.53
TP-0002558,OPP-00563,LEAD-003097,2,4,2023-07-28,19,meta_ads,ig_gestores_b2b_q3,click,/blog/integracao-erp-sistemas,AST-0003,43,0,0,0.18605,4967.53
TP-0002559,OPP-00563,LEAD-003097,3,4,2023-07-28,19,meta_ads,fb-leads-varejo-2023,form_fill,/ebook/crm-para-varejo,AST-0008,51,0,0,0.682183,18214.28
TP-0002560,OPP-00563,LEAD-003097,4,4,2023-07-29,18,meta_ads,meta_awareness_2023,impression,/ebook/integracao-sistemas-guia,AST-0011,11,0,1,0.099913,2667.67
TP-0002561,OPP-00564,LEAD-003101,1,3,2023-07-03,42,meta_ads,facebook_retargeting_2023,impression,/lp/demo-gratis,AST-0015,1,1,0,0.007996,754.02
TP-0002562,OPP-00564,LEAD-003101,2,3,2023-07-30,15,meta_ads,facebook_retargeting_2023,click,/ebook/gestao-pipeline-vendas,AST-0009,38,0,0,0.126946,11971.02
TP-0002563,OPP-00564,LEAD-003101,3,3,2023-08-02,12,meta_ads,facebook_retargeting_2023,form_fill,/ebook/crm-para-varejo,AST-0008,69,0,1,0.865058,81574.96
TP-0002564,OPP-00565,LEAD-003107,1,4,2023-07-17,34,webinar_evento,campanha-natal-2023,impression,/webinar/crm-para-gestores,AST-0013,1,1,0,0.007402,764.61
TP-0002565,OPP-00565,LEAD-003107,2,4,2023-07-20,31,webinar_evento,webinar_integracao_erp_2023,click,/webinar/integracao-erp-ao-vivo,AST-0012,20,0,0,0.021163,2186.15
TP-0002566,OPP-00565,LEAD-003107,3,4,2023-07-23,28,webinar_evento,evento_crm_gestores_q3,form_fill,/webinar/automacao-vendas-demo,AST-0014,59,0,0,0.096142,9931.49
TP-0002567,OPP-00565,LEAD-003107,4,4,2023-08-12,8,webinar_evento,campanha_natal_2023,demo_request,/produto/crm-integracao,AST-0019,73,0,1,0.875293,90417.75
TP-0002568,OPP-00566,LEAD-003114,1,2,2023-07-17,32,paid_search,crm-b2b-keywords-2023,click,/lp/roi-calculator,AST-0018,30,1,0,0.171978,13689.46
TP-0002569,OPP-00566,LEAD-003114,2,2,2023-08-06,12,paid_search,google_brand_keywords_2023,click,/produto/api-marketplace,AST-0021,18,0,1,0.828022,65910.54
TP-0002570,OPP-00567,LEAD-003128,1,2,2023-08-04,26,paid_search,google_branded_2023,click,/produto/crm-integracao,AST-0019,21,1,0,0.152577,4211.13
TP-0002571,OPP-00567,LEAD-003128,2,2,2023-08-26,4,paid_search,pesquisa_concorrentes_q3_2023,click,/lp/roi-calculator,AST-0018,20,0,1,0.847423,23388.87
TP-0002572,OPP-00568,LEAD-003143,1,6,2023-07-19,44,organic_search,(none),impression,/blog/funil-vendas-complexas,AST-0006,18,1,0,0.002842,106.58
TP-0002573,OPP-00568,LEAD-003143,2,6,2023-07-24,39,email_marketing,campanha_email_07-2023,click,/webinar/integracao-erp-ao-vivo,AST-0012,43,0,0,0.009374,351.53
TP-0002574,OPP-00568,LEAD-003143,3,6,2023-08-16,16,email_marketing,email_nurture_leads_2023,content_view,/webinar/automacao-vendas-demo,AST-0014,23,0,0,0.064617,2423.14
TP-0002575,OPP-00568,LEAD-003143,4,6,2023-08-19,13,email_marketing,campanha_email_08-2023,form_fill,/ebook/gestao-pipeline-vendas,AST-0009,57,0,0,0.220163,8256.1
TP-0002576,OPP-00568,LEAD-003143,5,6,2023-08-24,8,email_marketing,email_nurture_leads_2023,demo_request,/blog/churn-saas-brasil,AST-0005,66,0,0,0.457695,17163.57
TP-0002577,OPP-00568,LEAD-003143,6,6,2023-08-29,3,email_marketing,email_reengajamento_q3_2023,content_view,/webinar/crm-para-gestores,AST-0013,29,0,1,0.245309,9199.07
TP-0002578,OPP-00569,LEAD-003144,1,8,2023-07-13,37,linkedin_ads,linkedin_prospecao_q3_2023,impression,/lp/comparativo-erp,AST-0017,15,1,0,0.002573,118.87
TP-0002579,OPP-00569,LEAD-003144,2,8,2023-07-21,29,linkedin_ads,linkedin_prospecao_q3_2023,click,/lp/trial-30-dias,AST-0016,25,0,0,0.010514,485.76
TP-0002580,OPP-00569,LEAD-003144,3,8,2023-07-21,29,linkedin_ads,linkedin_prospecao_q3_2023,content_view,/lp/demo-gratis,AST-0015,41,0,0,0.014019,647.68
TP-0002581,OPP-00569,LEAD-003144,4,8,2023-07-21,29,linkedin_ads,lkd_awareness_2023,demo_request,/lp/roi-calculator,AST-0018,82,0,0,0.056076,2590.73
TP-0002582,OPP-00569,LEAD-003144,5,8,2023-07-23,27,linkedin_ads,linkedin_prospeccao_q3_2023,sales_call,/lp/demo-gratis,AST-0015,100,0,0,0.072774,3362.15
TP-0002583,OPP-00569,LEAD-003144,6,8,2023-08-03,16,linkedin_ads,linkedin_decisores_ti_2023,impression,/webinar/automacao-vendas-demo,AST-0014,13,0,0,0.00887,409.8
TP-0002584,OPP-00569,LEAD-003144,7,8,2023-08-15,4,linkedin_ads,linkedin_decisores_ti_2023,sales_call,/ebook/integracao-sistemas-guia,AST-0011,82,0,0,0.376235,17382.04
TP-0002585,OPP-00569,LEAD-003144,8,8,2023-08-19,0,linkedin_ads,linkedin_prospecao_q3_2023,form_fill,/webinar/integracao-erp-ao-vivo,AST-0012,70,0,1,0.458938,21202.96
TP-0002586,OPP-00570,LEAD-003146,1,5,2023-08-04,27,organic_search,,impression,/produto/crm-integracao,AST-0019,1,1,0,0.016581,1440.88
TP-0002587,OPP-00570,LEAD-003146,2,5,2023-08-11,20,direct,(direct),click,/produto/api-marketplace,AST-0021,18,0,0,0.063086,5482.16
TP-0002588,OPP-00570,LEAD-003146,3,5,2023-08-17,14,direct,,content_view,/webinar/automacao-vendas-demo,AST-0014,39,0,0,0.129121,11220.62
TP-0002589,OPP-00570,LEAD-003146,4,5,2023-08-21,10,direct,(not set),form_fill,/lp/comparativo-erp,AST-0017,59,0,0,0.472513,41061.39
TP-0002590,OPP-00570,LEAD-003146,5,5,2023-08-28,3,direct,,click,/produto/erp-connector,AST-0020,24,0,1,0.318699,27694.96
TP-0002591,OPP-00571,LEAD-003147,1,4,2023-07-15,40,paid_search,integracao_erp_pesquisa_2023,click,/lp/comparativo-erp,AST-0017,27,1,0,0.009703,1023.69
TP-0002592,OPP-00571,LEAD-003147,2,4,2023-07-22,33,paid_search,google_brand_keywords_2023,click,/produto/crm-integracao,AST-0019,24,0,0,0.012306,1298.29
TP-0002593,OPP-00571,LEAD-003147,3,4,2023-08-15,9,paid_search,crm-b2b-keywords-2023,form_fill,/produto/erp-connector,AST-0020,67,0,0,0.25055,26433.05
TP-0002594,OPP-00571,LEAD-003147,4,4,2023-08-19,5,paid_search,pesquisa_concorrentes_q3_2023,demo_request,/lp/demo-gratis,AST-0015,75,0,1,0.727441,76744.98
TP-0002595,OPP-00572,LEAD-003157,1,4,2023-07-18,38,organic_search,(none),impression,/lp/roi-calculator,AST-0018,7,1,0,0.015423,1054.96
TP-0002596,OPP-00572,LEAD-003157,2,4,2023-07-21,35,organic_search,,click,/blog/gestao-vendas-b2b,AST-0001,35,0,0,0.044098,3016.31
TP-0002597,OPP-00572,LEAD-003157,3,4,2023-07-22,34,organic_search,(none),content_view,/blog/gestao-vendas-b2b,AST-0001,45,0,0,0.063151,4319.53
TP-0002598,OPP-00572,LEAD-003157,4,4,2023-08-08,17,organic_search,(not set),form_fill,/blog/crm-para-industria,AST-0002,53,0,1,0.877327,60009.2
TP-0002599,OPP-00573,LEAD-003166,1,8,2023-07-23,38,webinar_evento,black_friday_2023,impression,/ebook/crm-para-varejo,AST-0008,1,1,0,0.006067,293.67
TP-0002600,OPP-00573,LEAD-003166,2,8,2023-07-24,37,meta_ads,fb-leads-varejo-2023,click,/produto/api-marketplace,AST-0021,8,0,0,0.015039,727.87
TP-0002601,OPP-00573,LEAD-003166,3,8,2023-07-28,33,meta_ads,meta_awareness_2023,form_fill,/lp/comparativo-erp,AST-0017,71,0,0,0.073377,3551.46
TP-0002602,OPP-00573,LEAD-003166,4,8,2023-08-06,24,meta_ads,facebook_retargeting_2023,demo_request,/ebook/crm-para-varejo,AST-0008,79,0,0,0.202992,9824.81
TP-0002603,OPP-00573,LEAD-003166,5,8,2023-08-08,22,meta_ads,ig_gestores_b2b_q3,sales_call,/blog/gestao-vendas-b2b,AST-0001,80,0,0,0.263435,12750.25
TP-0002604,OPP-00573,LEAD-003166,6,8,2023-08-17,13,meta_ads,ig_gestores_b2b_q3,content_view,/blog/crm-para-industria,AST-0002,45,0,0,0.11134,5388.84
TP-0002605,OPP-00573,LEAD-003166,7,8,2023-08-26,4,meta_ads,facebook_retargeting_2023,impression,/blog/integracao-erp-sistemas,AST-0003,9,0,0,0.052939,2562.27
TP-0002606,OPP-00573,LEAD-003166,8,8,2023-08-28,2,meta_ads,facebook_retargeting_2023,click,/lp/roi-calculator,AST-0018,32,0,1,0.274811,13300.85
TP-0002607,OPP-00574,LEAD-003171,1,7,2023-07-20,43,webinar_evento,bf-23,impression,/lp/roi-calculator,AST-0018,1,1,0,0.005428,504.23
TP-0002608,OPP-00574,LEAD-003171,2,7,2023-07-25,38,webinar_evento,webinar_integracao_erp_2023,click,/ebook/gestao-pipeline-vendas,AST-0009,13,0,0,0.017902,1663.07
TP-0002609,OPP-00574,LEAD-003171,3,7,2023-07-26,37,webinar_evento,webinar_integracao_erp_2023,form_fill,/webinar/integracao-erp-ao-vivo,AST-0012,53,0,0,0.0705,6549.4
TP-0002610,OPP-00574,LEAD-003171,4,7,2023-08-03,29,webinar_evento,black_friday_2023,demo_request,/lp/trial-30-dias,AST-0016,100,0,0,0.181586,16869.31
TP-0002611,OPP-00574,LEAD-003171,5,7,2023-08-03,29,webinar_evento,campanha_natal_2023,sales_call,/webinar/integracao-erp-ao-vivo,AST-0012,82,0,0,0.204284,18977.98
TP-0002612,OPP-00574,LEAD-003171,6,7,2023-08-13,19,webinar_evento,evento_crm_gestores_q3,email_open,/webinar/crm-para-gestores,AST-0013,15,0,0,0.046366,4307.43
TP-0002613,OPP-00574,LEAD-003171,7,7,2023-08-16,16,webinar_evento,campanha-natal-2023,form_fill,/webinar/crm-para-gestores,AST-0013,47,0,1,0.473935,44028.59
TP-0002614,OPP-00575,LEAD-003178,1,2,2023-07-19,40,paid_search,crm-b2b-keywords-2023,click,/lp/trial-30-dias,AST-0016,16,1,0,0.411592,14529.21
TP-0002615,OPP-00575,LEAD-003178,2,2,2023-07-22,37,paid_search,google_branded_2023,click,/lp/roi-calculator,AST-0018,34,0,1,0.588408,20770.79
TP-0002616,OPP-00576,LEAD-003184,1,4,2023-08-01,35,paid_search,google_branded_2023,click,/lp/trial-30-dias,AST-0016,16,1,0,0.013468,404.03
TP-0002617,OPP-00576,LEAD-003184,2,4,2023-08-24,12,paid_search,integracao_erp_pesquisa_2023,click,/webinar/automacao-vendas-demo,AST-0014,29,0,0,0.053559,1606.77
TP-0002618,OPP-00576,LEAD-003184,3,4,2023-08-26,10,paid_search,integracao_erp_pesquisa_2023,form_fill,/webinar/automacao-vendas-demo,AST-0014,64,0,0,0.226541,6796.23
TP-0002619,OPP-00576,LEAD-003184,4,4,2023-08-31,5,paid_search,pesquisa_concorrentes_q3_2023,demo_request,/blog/automacao-marketing-b2b,AST-0004,93,0,1,0.706432,21192.97
TP-0002620,OPP-00577,LEAD-003200,1,2,2023-07-19,37,organic_search,,impression,/blog/automacao-marketing-b2b,AST-0004,12,1,0,0.200276,6569.05
TP-0002621,OPP-00577,LEAD-003200,2,2,2023-07-21,35,organic_search,(not set),click,/lp/demo-gratis,AST-0015,41,0,1,0.799724,26230.95
TP-0002622,OPP-00578,LEAD-003205,1,3,2023-07-17,38,direct,,click,/produto/crm-integracao,AST-0019,21,1,0,0.02202,927.06
TP-0002623,OPP-00578,LEAD-003205,2,3,2023-07-25,30,direct,(direct),form_fill,/lp/demo-gratis,AST-0015,79,0,0,0.109982,4630.24
TP-0002624,OPP-00578,LEAD-003205,3,3,2023-08-12,12,direct,(not set),demo_request,/produto/crm-integracao,AST-0019,83,0,1,0.867998,36542.7
TP-0002625,OPP-00579,LEAD-003208,1,2,2023-07-07,44,organic_search,(none),impression,/produto/api-marketplace,AST-0021,26,1,0,0.028542,1524.13
TP-0002626,OPP-00579,LEAD-003208,2,2,2023-08-08,12,organic_search,(none),click,/blog/integracao-erp-sistemas,AST-0003,34,0,1,0.971458,51875.87
TP-0002627,OPP-00580,LEAD-003211,1,3,2023-07-22,44,meta_ads,facebook_retargeting_2023,impression,/ebook/crm-para-varejo,AST-0008,7,1,0,0.003872,87.9
TP-0002628,OPP-00580,LEAD-003211,2,3,2023-07-22,44,meta_ads,ig_gestores_b2b_q3,click,/ebook/integracao-sistemas-guia,AST-0011,10,0,0,0.008936,202.85
TP-0002629,OPP-00580,LEAD-003211,3,3,2023-09-02,2,meta_ads,fb-leads-varejo-2023,form_fill,/lp/demo-gratis,AST-0015,59,0,1,0.987191,22409.24
TP-0002630,OPP-00581,LEAD-003213,1,3,2023-07-21,39,direct,(not set),click,/produto/crm-integracao,AST-0019,37,1,0,0.072325,7022.74
TP-0002631,OPP-00581,LEAD-003213,2,3,2023-07-26,34,direct,(direct),form_fill,/blog/crm-para-industria,AST-0002,62,0,0,0.291555,28310.0
TP-0002632,OPP-00581,LEAD-003213,3,3,2023-07-26,34,direct,(not set),demo_request,/produto/api-marketplace,AST-0021,69,0,1,0.63612,61767.26
TP-0002633,OPP-00582,LEAD-003219,1,6,2023-07-10,44,organic_search,,impression,/produto/erp-connector,AST-0020,6,1,0,0.007558,241.86
TP-0002634,OPP-00582,LEAD-003219,2,6,2023-07-15,39,meta_ads,fb-leads-varejo-2023,click,/ebook/integracao-sistemas-guia,AST-0011,39,0,0,0.024928,797.71
TP-0002635,OPP-00582,LEAD-003219,3,6,2023-07-18,36,meta_ads,facebook_retargeting_2023,content_view,/lp/comparativo-erp,AST-0017,53,0,0,0.041181,1317.78
TP-0002636,OPP-00582,LEAD-003219,4,6,2023-07-26,28,meta_ads,fb-leads-varejo-2023,form_fill,/blog/churn-saas-brasil,AST-0005,58,0,0,0.200537,6417.19
TP-0002637,OPP-00582,LEAD-003219,5,6,2023-08-08,15,meta_ads,facebook_retargeting_2023,proposal_sent,/lp/roi-calculator,AST-0018,70,0,0,0.645958,20670.64
TP-0002638,OPP-00582,LEAD-003219,6,6,2023-08-10,13,meta_ads,fb-leads-varejo-2023,impression,/lp/trial-30-dias,AST-0016,5,0,1,0.079838,2554.81
TP-0002639,OPP-00583,LEAD-003225,1,4,2023-07-25,43,organic_search,(not set),impression,/produto/api-marketplace,AST-0021,19,1,0,0.009441,1470.01
TP-0002640,OPP-00583,LEAD-003225,2,4,2023-08-10,27,organic_search,(none),click,/blog/churn-saas-brasil,AST-0005,20,0,0,0.06832,10637.35
TP-0002641,OPP-00583,LEAD-003225,3,4,2023-08-11,26,organic_search,(none),content_view,/blog/churn-saas-brasil,AST-0005,32,0,0,0.097837,15233.27
TP-0002642,OPP-00583,LEAD-003225,4,4,2023-08-21,16,organic_search,(not set),form_fill,/produto/erp-connector,AST-0020,62,0,1,0.824402,128359.37
TP-0002643,OPP-00584,LEAD-003227,1,5,2023-07-10,44,organic_search,(none),impression,/blog/funil-vendas-complexas,AST-0006,1,1,0,0.011504,957.12
TP-0002644,OPP-00584,LEAD-003227,2,5,2023-07-18,36,meta_ads,facebook_retargeting_2023,click,/ebook/roi-tecnologia-empresas,AST-0010,27,0,0,0.04701,3911.21
TP-0002645,OPP-00584,LEAD-003227,3,5,2023-07-19,35,meta_ads,fb-leads-varejo-2023,content_view,/ebook/gestao-pipeline-vendas,AST-0009,25,0,0,0.067321,5601.07
TP-0002646,OPP-00584,LEAD-003227,4,5,2023-07-28,26,meta_ads,fb-leads-varejo-2023,form_fill,/ebook/gestao-pipeline-vendas,AST-0009,67,0,0,0.352103,29294.97
TP-0002647,OPP-00584,LEAD-003227,5,5,2023-08-11,12,meta_ads,meta_awareness_2023,content_view,/webinar/integracao-erp-ao-vivo,AST-0012,16,0,1,0.522063,43435.63
TP-0002648,OPP-00585,LEAD-003232,1,4,2023-07-17,39,paid_search,crm-b2b-keywords-2023,click,/produto/erp-connector,AST-0020,12,1,0,0.010936,325.9
TP-0002649,OPP-00585,LEAD-003232,2,4,2023-07-19,37,email_marketing,campanha_email_07-2023,click,/blog/crm-para-industria,AST-0002,25,0,0,0.009704,289.19
TP-0002650,OPP-00585,LEAD-003232,3,4,2023-08-09,16,email_marketing,campanha_email_08-2023,form_fill,/ebook/integracao-sistemas-guia,AST-0011,77,0,0,0.159472,4752.25
TP-0002651,OPP-00585,LEAD-003232,4,4,2023-08-21,4,email_marketing,email_nurture_leads_2023,demo_request,/blog/crm-para-industria,AST-0002,99,0,1,0.819888,24432.65
TP-0002652,OPP-00586,LEAD-003241,1,5,2023-07-23,42,paid_search,google_brand_keywords_2023,click,/webinar/crm-para-gestores,AST-0013,25,1,0,0.014593,481.56
TP-0002653,OPP-00586,LEAD-003241,2,5,2023-07-27,38,paid_search,google_brand_keywords_2023,click,/produto/api-marketplace,AST-0021,31,0,0,0.014937,492.94
TP-0002654,OPP-00586,LEAD-003241,3,5,2023-08-02,32,paid_search,google_branded_2023,form_fill,/lp/trial-30-dias,AST-0016,68,0,0,0.084077,2774.53
TP-0002655,OPP-00586,LEAD-003241,4,5,2023-08-25,9,paid_search,google_brand_keywords_2023,demo_request,/lp/demo-gratis,AST-0015,83,0,0,0.632247,20864.14
TP-0002656,OPP-00586,LEAD-003241,5,5,2023-08-30,4,paid_search,google_brand_keywords_2023,click,/webinar/automacao-vendas-demo,AST-0014,12,0,1,0.254147,8386.84
TP-0002657,OPP-00587,LEAD-003242,1,7,2023-07-22,44,linkedin_ads,linkedin_gestores_2023,impression,/webinar/automacao-vendas-demo,AST-0014,6,1,0,0.003164,571.65
TP-0002658,OPP-00587,LEAD-003242,2,7,2023-07-28,38,linkedin_ads,linkedin_prospecao_q3_2023,click,/lp/demo-gratis,AST-0015,37,0,0,0.011207,2025.05
TP-0002659,OPP-00587,LEAD-003242,3,7,2023-07-31,35,linkedin_ads,linkedin_prospecao_q3_2023,content_view,/blog/churn-saas-brasil,AST-0005,29,0,0,0.018513,3345.33
TP-0002660,OPP-00587,LEAD-003242,4,7,2023-08-07,28,linkedin_ads,linkedin_prospecao_q3_2023,demo_request,/ebook/gestao-pipeline-vendas,AST-0009,99,0,0,0.122092,22062.04
TP-0002661,OPP-00587,LEAD-003242,5,7,2023-08-16,19,linkedin_ads,linkedin_decisores_ti_2023,sales_call,/webinar/automacao-vendas-demo,AST-0014,76,0,0,0.261234,47204.95
TP-0002662,OPP-00587,LEAD-003242,6,7,2023-08-17,18,linkedin_ads,linkedin_prospeccao_q3_2023,content_view,/lp/comparativo-erp,AST-0017,45,0,0,0.06235,11266.68
TP-0002663,OPP-00587,LEAD-003242,7,7,2023-08-20,15,linkedin_ads,lkd_awareness_2023,sales_call,/ebook/roi-tecnologia-empresas,AST-0010,84,0,1,0.52144,94224.3
TP-0002664,OPP-00588,LEAD-003244,1,7,2023-07-15,41,webinar_evento,campanha_natal_2023,impression,/lp/roi-calculator,AST-0018,17,1,0,0.002968,164.12
TP-0002665,OPP-00588,LEAD-003244,2,7,2023-07-15,41,webinar_evento,evento_crm_gestores_q3,click,/webinar/automacao-vendas-demo,AST-0014,48,0,0,0.006849,378.73
TP-0002666,OPP-00588,LEAD-003244,3,7,2023-07-19,37,webinar_evento,black_friday_2023,form_fill,/webinar/automacao-vendas-demo,AST-0014,62,0,0,0.033417,1847.94
TP-0002667,OPP-00588,LEAD-003244,4,7,2023-07-21,35,webinar_evento,campanha_natal_2023,demo_request,/lp/comparativo-erp,AST-0017,82,0,0,0.05607,3100.69
TP-0002668,OPP-00588,LEAD-003244,5,7,2023-07-29,27,webinar_evento,campanha_natal_2023,sales_call,/lp/comparativo-erp,AST-0017,88,0,0,0.1117,6177.02
TP-0002669,OPP-00588,LEAD-003244,6,7,2023-08-01,24,webinar_evento,campanha-natal-2023,form_fill,/webinar/crm-para-gestores,AST-0013,61,0,0,0.084574,4676.94
TP-0002670,OPP-00588,LEAD-003244,7,7,2023-08-25,0,webinar_evento,evento_crm_gestores_q3,form_fill,/webinar/automacao-vendas-demo,AST-0014,63,0,1,0.704422,38954.56
TP-0002671,OPP-00589,LEAD-003251,1,6,2023-07-31,27,organic_search,(none),impression,/ebook/roi-tecnologia-empresas,AST-0010,12,1,0,0.00681,232.89
TP-0002672,OPP-00589,LEAD-003251,2,6,2023-08-03,24,meta_ads,fb-leads-varejo-2023,click,/lp/trial-30-dias,AST-0016,28,0,0,0.01947,665.87
TP-0002673,OPP-00589,LEAD-003251,3,6,2023-08-03,24,meta_ads,ig_gestores_b2b_q3,content_view,/ebook/integracao-sistemas-guia,AST-0011,28,0,0,0.02596,887.82
TP-0002674,OPP-00589,LEAD-003251,4,6,2023-08-03,24,meta_ads,meta_awareness_2023,form_fill,/webinar/crm-para-gestores,AST-0013,57,0,0,0.071389,2441.51
TP-0002675,OPP-00589,LEAD-003251,5,6,2023-08-11,16,meta_ads,facebook_retargeting_2023,impression,/webinar/integracao-erp-ao-vivo,AST-0012,8,0,0,0.011492,393.04
TP-0002676,OPP-00589,LEAD-003251,6,6,2023-08-27,0,meta_ads,meta_awareness_2023,demo_request,/lp/trial-30-dias,AST-0016,82,0,1,0.864879,29578.88
TP-0002677,OPP-00590,LEAD-003252,1,6,2023-07-21,41,webinar_evento,bf-23,impression,/webinar/integracao-erp-ao-vivo,AST-0012,28,1,0,0.00334,159.0
TP-0002678,OPP-00590,LEAD-003252,2,6,2023-07-28,34,meta_ads,facebook_retargeting_2023,click,/ebook/integracao-sistemas-guia,AST-0011,29,0,0,0.012709,604.94
TP-0002679,OPP-00590,LEAD-003252,3,6,2023-08-01,30,meta_ads,fb-leads-varejo-2023,form_fill,/ebook/integracao-sistemas-guia,AST-0011,53,0,0,0.06201,2951.68
TP-0002680,OPP-00590,LEAD-003252,4,6,2023-08-11,20,meta_ads,facebook_retargeting_2023,demo_request,/ebook/integracao-sistemas-guia,AST-0011,95,0,0,0.184247,8770.16
TP-0002681,OPP-00590,LEAD-003252,5,6,2023-08-14,17,meta_ads,meta_awareness_2023,sales_call,/ebook/integracao-sistemas-guia,AST-0011,95,0,0,0.256812,12224.27
TP-0002682,OPP-00590,LEAD-003252,6,6,2023-08-24,7,meta_ads,meta_awareness_2023,form_fill,/ebook/roi-tecnologia-empresas,AST-0010,40,0,1,0.480881,22889.95
TP-0002683,OPP-00591,LEAD-003258,1,4,2023-07-25,33,paid_search,google_branded_2023,click,/produto/api-marketplace,AST-0021,27,1,0,0.016088,1097.21
TP-0002684,OPP-00591,LEAD-003258,2,4,2023-08-02,25,email_marketing,campanha_email_08-2023,click,/webinar/crm-para-gestores,AST-0013,22,0,0,0.021914,1494.56
TP-0002685,OPP-00591,LEAD-003258,3,4,2023-08-13,14,email_marketing,newsletter_mensal_08_2023,form_fill,/lp/roi-calculator,AST-0018,63,0,0,0.176291,12023.08
TP-0002686,OPP-00591,LEAD-003258,4,4,2023-08-23,4,email_marketing,campanha_email_08-2023,demo_request,/blog/crm-para-industria,AST-0002,91,0,1,0.785706,53585.16
TP-0002687,OPP-00592,LEAD-003261,1,4,2023-08-03,29,webinar_evento,campanha_natal_2023,impression,/lp/roi-calculator,AST-0018,12,1,0,0.009158,922.21
TP-0002688,OPP-00592,LEAD-003261,2,4,2023-08-05,27,linkedin_ads,linkedin_decisores_ti_2023,click,/webinar/crm-para-gestores,AST-0013,32,0,0,0.024379,2454.98
TP-0002689,OPP-00592,LEAD-003261,3,4,2023-08-20,12,linkedin_ads,lkd_awareness_2023,form_fill,/webinar/crm-para-gestores,AST-0013,65,0,0,0.260979,26280.58
TP-0002690,OPP-00592,LEAD-003261,4,4,2023-08-23,9,linkedin_ads,linkedin_gestores_2023,demo_request,/lp/trial-30-dias,AST-0016,89,0,1,0.705484,71042.23
TP-0002691,OPP-00593,LEAD-003262,1,4,2023-08-11,25,paid_search,google_branded_2023,click,/produto/erp-connector,AST-0020,32,1,0,0.024553,734.12
TP-0002692,OPP-00593,LEAD-003262,2,4,2023-08-24,12,email_marketing,campanha_email_08-2023,click,/ebook/crm-para-varejo,AST-0008,34,0,0,0.0478,1429.22
TP-0002693,OPP-00593,LEAD-003262,3,4,2023-08-29,7,email_marketing,campanha_email_08-2023,form_fill,/ebook/integracao-sistemas-guia,AST-0011,69,0,0,0.250497,7489.87
TP-0002694,OPP-00593,LEAD-003262,4,4,2023-09-01,4,email_marketing,email_nurture_leads_2023,demo_request,/ebook/roi-tecnologia-empresas,AST-0010,86,0,1,0.67715,20246.79
TP-0002695,OPP-00594,LEAD-003267,1,6,2023-07-21,40,organic_search,,impression,/blog/gestao-vendas-b2b,AST-0001,6,1,0,0.001581,64.03
TP-0002696,OPP-00594,LEAD-003267,2,6,2023-08-19,11,organic_search,(not set),click,/blog/automacao-marketing-b2b,AST-0004,24,0,0,0.028953,1172.58
TP-0002697,OPP-00594,LEAD-003267,3,6,2023-08-23,7,organic_search,(not set),content_view,/blog/automacao-marketing-b2b,AST-0004,27,0,0,0.05137,2080.49
TP-0002698,OPP-00594,LEAD-003267,4,6,2023-08-27,3,organic_search,(none),form_fill,/blog/automacao-marketing-b2b,AST-0004,62,0,0,0.187987,7613.47
TP-0002699,OPP-00594,LEAD-003267,5,6,2023-08-28,2,organic_search,(not set),proposal_sent,/produto/crm-integracao,AST-0019,83,0,0,0.256971,10407.32
TP-0002700,OPP-00594,LEAD-003267,6,6,2023-08-29,1,organic_search,(not set),demo_request,/produto/crm-integracao,AST-0019,77,0,1,0.473138,19162.11
TP-0002701,OPP-00595,LEAD-003277,1,5,2023-08-06,36,linkedin_ads,linkedin_prospecao_q3_2023,impression,/webinar/crm-para-gestores,AST-0013,6,1,0,0.002492,254.88
TP-0002702,OPP-00595,LEAD-003277,2,5,2023-08-08,34,meta_ads,meta_awareness_2023,click,/blog/automacao-marketing-b2b,AST-0004,34,0,0,0.006633,678.52
TP-0002703,OPP-00595,LEAD-003277,3,5,2023-08-13,29,meta_ads,ig_gestores_b2b_q3,content_view,/lp/roi-calculator,AST-0018,31,0,0,0.01264,1293.03
TP-0002704,OPP-00595,LEAD-003277,4,5,2023-09-09,2,meta_ads,fb-leads-varejo-2023,demo_request,/lp/trial-30-dias,AST-0016,84,0,0,0.347824,35582.41
TP-0002705,OPP-00595,LEAD-003277,5,5,2023-09-10,1,meta_ads,meta_awareness_2023,sales_call,/ebook/integracao-sistemas-guia,AST-0011,94,0,1,0.630412,64491.16
TP-0002706,OPP-00596,LEAD-003281,1,4,2023-07-29,35,organic_search,(none),impression,/blog/funil-vendas-complexas,AST-0006,22,1,0,0.015572,1309.65
TP-0002707,OPP-00596,LEAD-003281,2,4,2023-08-04,29,linkedin_ads,linkedin_decisores_ti_2023,click,/produto/crm-integracao,AST-0019,21,0,0,0.055165,4639.36
TP-0002708,OPP-00596,LEAD-003281,3,4,2023-08-15,18,linkedin_ads,linkedin_prospeccao_q3_2023,content_view,/lp/demo-gratis,AST-0015,32,0,0,0.161374,13571.52
TP-0002709,OPP-00596,LEAD-003281,4,4,2023-08-17,16,linkedin_ads,linkedin_gestores_2023,form_fill,/webinar/automacao-vendas-demo,AST-0014,52,0,1,0.767889,64579.47
TP-0002710,OPP-00597,LEAD-003286,1,4,2023-07-18,39,organic_search,(not set),impression,/produto/crm-integracao,AST-0019,14,1,0,0.009101,540.59
TP-0002711,OPP-00597,LEAD-003286,2,4,2023-08-04,22,organic_search,(not set),click,/produto/api-marketplace,AST-0021,21,0,0,0.070732,4201.46
TP-0002712,OPP-00597,LEAD-003286,3,4,2023-08-08,18,organic_search,(none),content_view,/lp/demo-gratis,AST-0015,50,0,0,0.125498,7454.58
TP-0002713,OPP-00597,LEAD-003286,4,4,2023-08-14,12,organic_search,,form_fill,/ebook/gestao-pipeline-vendas,AST-0009,80,0,1,0.79467,47203.38
TP-0002714,OPP-00598,LEAD-003295,1,9,2023-07-24,39,linkedin_ads,lkd_awareness_2023,impression,/lp/comparativo-erp,AST-0017,3,1,0,0.003722,148.13
TP-0002715,OPP-00598,LEAD-003295,2,9,2023-07-27,36,email_marketing,campanha_email_07-2023,click,/webinar/crm-para-gestores,AST-0013,30,0,0,0.010642,423.54
TP-0002716,OPP-00598,LEAD-003295,3,9,2023-07-29,34,email_marketing,newsletter_mensal_07_2023,content_view,/webinar/integracao-erp-ao-vivo,AST-0012,24,0,0,0.016368,651.44
TP-0002717,OPP-00598,LEAD-003295,4,9,2023-08-05,27,email_marketing,email_nurture_leads_2023,demo_request,/blog/funil-vendas-complexas,AST-0006,83,0,0,0.107945,4296.2
TP-0002718,OPP-00598,LEAD-003295,5,9,2023-08-20,12,email_marketing,email_nurture_leads_2023,sales_call,/ebook/roi-tecnologia-empresas,AST-0010,91,0,0,0.354544,14110.84
TP-0002719,OPP-00598,LEAD-003295,6,9,2023-08-20,12,email_marketing,campanha_email_08-2023,demo_request,/blog/crm-para-industria,AST-0002,69,0,0,0.31515,12542.97
TP-0002720,OPP-00598,LEAD-003295,7,9,2023-08-20,12,email_marketing,email_nurture_leads_2023,click,/blog/crm-para-industria,AST-0002,37,0,0,0.059091,2351.81
TP-0002721,OPP-00598,LEAD-003295,8,9,2023-08-22,10,email_marketing,email_reengajamento_q3_2023,impression,/webinar/crm-para-gestores,AST-0013,29,0,0,0.022722,904.32
TP-0002722,OPP-00598,LEAD-003295,9,9,2023-08-23,9,email_marketing,email_reengajamento_q3_2023,click,/webinar/crm-para-gestores,AST-0013,22,0,1,0.109818,4370.75
TP-0002723,OPP-00599,LEAD-003296,1,7,2023-07-23,43,webinar_evento,campanha-natal-2023,impression,/ebook/roi-tecnologia-empresas,AST-0010,1,1,0,0.002577,359.45
TP-0002724,OPP-00599,LEAD-003296,2,7,2023-07-26,40,paid_search,google_branded_2023,click,/blog/automacao-marketing-b2b,AST-0004,34,0,0,0.007367,1027.73
TP-0002725,OPP-00599,LEAD-003296,3,7,2023-07-27,39,paid_search,crm-b2b-keywords-2023,form_fill,/blog/integracao-erp-sistemas,AST-0003,45,0,0,0.029013,4047.35
TP-0002726,OPP-00599,LEAD-003296,4,7,2023-08-07,28,paid_search,pesquisa_concorrentes_q3_2023,demo_request,/produto/api-marketplace,AST-0021,75,0,0,0.092588,12916.03
TP-0002727,OPP-00599,LEAD-003296,5,7,2023-08-18,17,paid_search,crm-b2b-keywords-2023,sales_call,/produto/erp-connector,AST-0020,85,0,0,0.228528,31879.6
TP-0002728,OPP-00599,LEAD-003296,6,7,2023-08-19,16,paid_search,google_brand_keywords_2023,form_fill,/produto/crm-integracao,AST-0019,63,0,0,0.149996,20924.45
TP-0002729,OPP-00599,LEAD-003296,7,7,2023-08-23,12,paid_search,integracao_erp_pesquisa_2023,sales_call,/lp/demo-gratis,AST-0015,100,0,1,0.489931,68345.4
TP-0002730,OPP-00600,LEAD-003303,1,7,2023-07-21,40,webinar_evento,evento_crm_gestores_q3,impression,/webinar/automacao-vendas-demo,AST-0014,12,1,0,0.002529,330.77
TP-0002731,OPP-00600,LEAD-003303,2,7,2023-07-23,38,webinar_evento,black_friday_2023,click,/lp/roi-calculator,AST-0018,30,0,0,0.006732,880.53
TP-0002732,OPP-00600,LEAD-003303,3,7,2023-08-01,29,webinar_evento,evento_crm_gestores_q3,form_fill,/webinar/crm-para-gestores,AST-0013,60,0,0,0.046946,6140.5
TP-0002733,OPP-00600,LEAD-003303,4,7,2023-08-15,15,webinar_evento,evento_crm_gestores_q3,demo_request,/lp/trial-30-dias,AST-0016,87,0,0,0.185617,24278.71
TP-0002734,OPP-00600,LEAD-003303,5,7,2023-08-15,15,webinar_evento,black_friday_2023,sales_call,/webinar/crm-para-gestores,AST-0013,81,0,0,0.208819,27313.55
TP-0002735,OPP-00600,LEAD-003303,6,7,2023-08-22,8,webinar_evento,bf-23,form_fill,/webinar/automacao-vendas-demo,AST-0014,58,0,0,0.210396,27519.82
TP-0002736,OPP-00600,LEAD-003303,7,7,2023-08-23,7,webinar_evento,webinar_integracao_erp_2023,form_fill,/lp/demo-gratis,AST-0015,61,0,1,0.338961,44336.13
TP-0002737,OPP-00601,LEAD-003305,1,9,2023-07-16,42,linkedin_ads,linkedin_gestores_2023,impression,/webinar/integracao-erp-ao-vivo,AST-0012,7,1,0,0.009324,1799.58
TP-0002738,OPP-00601,LEAD-003305,2,9,2023-07-19,39,email_marketing,email_nurture_leads_2023,click,/webinar/automacao-vendas-demo,AST-0014,26,0,0,0.02666,5145.32
TP-0002739,OPP-00601,LEAD-003305,3,9,2023-07-24,34,email_marketing,campanha_email_07-2023,content_view,/ebook/roi-tecnologia-empresas,AST-0010,17,0,0,0.050804,9805.19
TP-0002740,OPP-00601,LEAD-003305,4,9,2023-07-24,34,email_marketing,campanha_email_07-2023,demo_request,/webinar/integracao-erp-ao-vivo,AST-0012,63,0,0,0.203216,39220.76
TP-0002741,OPP-00601,LEAD-003305,5,9,2023-07-27,31,email_marketing,campanha_email_07-2023,sales_call,/ebook/roi-tecnologia-empresas,AST-0010,86,0,0,0.283253,54667.8
TP-0002742,OPP-00601,LEAD-003305,6,9,2023-08-01,26,email_marketing,email_reengajamento_q3_2023,click,/webinar/integracao-erp-ao-vivo,AST-0012,24,0,0,0.067473,13022.24
TP-0002743,OPP-00601,LEAD-003305,7,9,2023-08-04,23,email_marketing,newsletter_mensal_08_2023,content_view,/ebook/roi-tecnologia-empresas,AST-0010,10,0,0,0.111463,21512.33
TP-0002744,OPP-00601,LEAD-003305,8,9,2023-08-09,18,email_marketing,email_reengajamento_q3_2023,click,/ebook/gestao-pipeline-vendas,AST-0009,38,0,0,0.11948,23059.71
TP-0002745,OPP-00601,LEAD-003305,9,9,2023-08-10,17,email_marketing,email_nurture_leads_2023,email_open,/ebook/integracao-sistemas-guia,AST-0011,16,0,1,0.128327,24767.08
TP-0002746,OPP-00602,LEAD-003307,1,8,2023-07-30,44,linkedin_ads,linkedin_prospecao_q3_2023,impression,/lp/roi-calculator,AST-0018,14,1,0,0.001727,56.29
TP-0002747,OPP-00602,LEAD-003307,2,8,2023-07-31,43,webinar_evento,campanha_natal_2023,click,/lp/trial-30-dias,AST-0016,12,0,0,0.00428,139.53
TP-0002748,OPP-00602,LEAD-003307,3,8,2023-08-12,31,webinar_evento,campanha_natal_2023,content_view,/blog/churn-saas-brasil,AST-0005,37,0,0,0.013447,438.39
TP-0002749,OPP-00602,LEAD-003307,4,8,2023-08-15,28,webinar_evento,webinar_integracao_erp_2023,demo_request,/lp/roi-calculator,AST-0018,93,0,0,0.066644,2172.6
TP-0002750,OPP-00602,LEAD-003307,5,8,2023-08-17,26,webinar_evento,black_friday_2023,sales_call,/lp/comparativo-erp,AST-0017,84,0,0,0.086488,2819.51
TP-0002751,OPP-00602,LEAD-003307,6,8,2023-08-21,22,webinar_evento,black_friday_2023,sales_call,/lp/roi-calculator,AST-0018,100,0,0,0.115091,3751.96
TP-0002752,OPP-00602,LEAD-003307,7,8,2023-09-03,9,webinar_evento,campanha_natal_2023,sales_call,/lp/trial-30-dias,AST-0016,93,0,0,0.291282,9495.8
TP-0002753,OPP-00602,LEAD-003307,8,8,2023-09-06,6,webinar_evento,bf-23,proposal_sent,/webinar/crm-para-gestores,AST-0013,60,0,1,0.42104,13725.92
TP-0002754,OPP-00603,LEAD-003315,1,4,2023-08-02,34,paid_search,google_branded_2023,click,/lp/trial-30-dias,AST-0016,20,1,0,0.013398,381.83
TP-0002755,OPP-00603,LEAD-003315,2,4,2023-08-10,26,webinar_evento,webinar_integracao_erp_2023,click,/webinar/automacao-vendas-demo,AST-0014,40,0,0,0.01825,520.11
TP-0002756,OPP-00603,LEAD-003315,3,4,2023-08-22,14,webinar_evento,campanha_natal_2023,form_fill,/blog/churn-saas-brasil,AST-0005,51,0,0,0.157679,4493.86
TP-0002757,OPP-00603,LEAD-003315,4,4,2023-09-03,2,webinar_evento,campanha-natal-2023,demo_request,/blog/leads-qualificados-b2b,AST-0007,74,0,1,0.810673,23104.19
TP-0002758,OPP-00604,LEAD-003316,1,2,2023-07-23,43,paid_search,google_brand_keywords_2023,click,/lp/demo-gratis,AST-0015,24,1,0,0.344546,22912.3
TP-0002759,OPP-00604,LEAD-003316,2,2,2023-07-30,36,paid_search,google_brand_keywords_2023,click,/lp/demo-gratis,AST-0015,27,0,1,0.655454,43587.7
TP-0002760,OPP-00605,LEAD-003326,1,5,2023-07-31,39,paid_search,pesquisa_concorrentes_q3_2023,click,/lp/trial-30-dias,AST-0016,39,1,0,0.008807,292.38
TP-0002761,OPP-00605,LEAD-003326,2,5,2023-08-01,38,paid_search,google_branded_2023,click,/lp/trial-30-dias,AST-0016,24,0,0,0.007276,241.56
TP-0002762,OPP-00605,LEAD-003326,3,5,2023-08-03,36,paid_search,integracao_erp_pesquisa_2023,form_fill,/produto/api-marketplace,AST-0021,61,0,0,0.030775,1021.74
TP-0002763,OPP-00605,LEAD-003326,4,5,2023-08-29,10,paid_search,google_branded_2023,demo_request,/ebook/roi-tecnologia-empresas,AST-0010,76,0,0,0.286731,9519.47
TP-0002764,OPP-00605,LEAD-003326,5,5,2023-09-06,2,paid_search,google_branded_2023,proposal_sent,/lp/comparativo-erp,AST-0017,68,0,1,0.666411,22124.85
TP-0002765,OPP-00606,LEAD-003328,1,4,2023-08-11,29,organic_search,(none),impression,/produto/api-marketplace,AST-0021,12,1,0,0.01222,854.16
TP-0002766,OPP-00606,LEAD-003328,2,4,2023-08-19,21,organic_search,(not set),click,/blog/churn-saas-brasil,AST-0005,15,0,0,0.049935,3490.49
TP-0002767,OPP-00606,LEAD-003328,3,4,2023-08-29,11,organic_search,(not set),content_view,/blog/gestao-vendas-b2b,AST-0001,33,0,0,0.136006,9506.82
TP-0002768,OPP-00606,LEAD-003328,4,4,2023-09-03,6,organic_search,(none),form_fill,/webinar/crm-para-gestores,AST-0013,70,0,1,0.801839,56048.53
TP-0002769,OPP-00607,LEAD-003329,1,6,2023-07-27,40,organic_search,,impression,/produto/crm-integracao,AST-0019,1,1,0,0.006345,572.97
TP-0002770,OPP-00607,LEAD-003329,2,6,2023-08-14,22,paid_search,pesquisa_concorrentes_q3_2023,click,/lp/trial-30-dias,AST-0016,20,0,0,0.052967,4782.9
TP-0002771,OPP-00607,LEAD-003329,3,6,2023-08-23,13,paid_search,pesquisa_concorrentes_q3_2023,content_view,/blog/crm-para-industria,AST-0002,33,0,0,0.134317,12128.85
TP-0002772,OPP-00607,LEAD-003329,4,6,2023-08-24,12,paid_search,integracao_erp_pesquisa_2023,form_fill,/lp/trial-30-dias,AST-0016,45,0,0,0.396721,35823.93
TP-0002773,OPP-00607,LEAD-003329,5,6,2023-08-25,11,paid_search,google_brand_keywords_2023,email_open,/lp/trial-30-dias,AST-0016,9,0,0,0.077472,6995.71
TP-0002774,OPP-00607,LEAD-003329,6,6,2023-08-30,6,paid_search,crm-b2b-keywords-2023,content_view,/produto/crm-integracao,AST-0019,20,0,1,0.332178,29995.63
TP-0002775,OPP-00608,LEAD-003332,1,5,2023-07-29,38,paid_search,pesquisa_concorrentes_q3_2023,click,/lp/comparativo-erp,AST-0017,28,1,0,0.014151,401.89
TP-0002776,OPP-00608,LEAD-003332,2,5,2023-08-14,22,email_marketing,newsletter_mensal_08_2023,click,/webinar/integracao-erp-ao-vivo,AST-0012,35,0,0,0.034133,969.39
TP-0002777,OPP-00608,LEAD-003332,3,5,2023-08-15,21,email_marketing,campanha_email_08-2023,form_fill,/webinar/integracao-erp-ao-vivo,AST-0012,71,0,0,0.134422,3817.6
TP-0002778,OPP-00608,LEAD-003332,4,5,2023-08-30,6,email_marketing,email_nurture_leads_2023,demo_request,/ebook/crm-para-varejo,AST-0008,92,0,0,0.57084,16211.87
TP-0002779,OPP-00608,LEAD-003332,5,5,2023-09-05,0,email_marketing,email_nurture_leads_2023,click,/webinar/automacao-vendas-demo,AST-0014,30,0,1,0.246453,6999.26
TP-0002780,OPP-00609,LEAD-003335,1,4,2023-07-21,43,organic_search,(not set),impression,/produto/api-marketplace,AST-0021,24,1,0,0.008854,326.72
TP-0002781,OPP-00609,LEAD-003335,2,4,2023-08-04,29,paid_search,google_brand_keywords_2023,click,/blog/gestao-vendas-b2b,AST-0001,30,0,0,0.055541,2049.47
TP-0002782,OPP-00609,LEAD-003335,3,4,2023-08-15,18,paid_search,google_brand_keywords_2023,content_view,/produto/crm-integracao,AST-0019,33,0,0,0.162475,5995.32
TP-0002783,OPP-00609,LEAD-003335,4,4,2023-08-17,16,paid_search,crm-b2b-keywords-2023,form_fill,/produto/api-marketplace,AST-0021,48,0,1,0.77313,28528.49
TP-0002784,OPP-00610,LEAD-003339,1,4,2023-07-21,43,paid_search,pesquisa_concorrentes_q3_2023,click,/produto/api-marketplace,AST-0021,2,1,0,0.005933,150.1
TP-0002785,OPP-00610,LEAD-003339,2,4,2023-08-21,12,direct,,click,/lp/demo-gratis,AST-0015,30,0,0,0.041781,1057.06
TP-0002786,OPP-00610,LEAD-003339,3,4,2023-08-26,7,direct,(direct),form_fill,/lp/roi-calculator,AST-0018,71,0,0,0.218955,5539.57
TP-0002787,OPP-00610,LEAD-003339,4,4,2023-09-01,1,direct,(not set),demo_request,/produto/api-marketplace,AST-0021,78,0,1,0.733331,18553.27
TP-0002788,OPP-00611,LEAD-003341,1,2,2023-07-26,33,paid_search,pesquisa_concorrentes_q3_2023,click,/lp/demo-gratis,AST-0015,24,1,0,0.204665,5403.17
TP-0002789,OPP-00611,LEAD-003341,2,2,2023-08-12,16,paid_search,google_branded_2023,click,/blog/crm-para-industria,AST-0002,12,0,1,0.795335,20996.83
TP-0002790,OPP-00612,LEAD-003347,1,8,2023-08-11,31,linkedin_ads,linkedin_gestores_2023,impression,/lp/demo-gratis,AST-0015,1,1,0,0.005409,580.41
TP-0002791,OPP-00612,LEAD-003347,2,8,2023-08-13,29,organic_search,,click,/blog/leads-qualificados-b2b,AST-0007,27,0,0,0.0144,1545.1
TP-0002792,OPP-00612,LEAD-003347,3,8,2023-08-23,19,organic_search,(not set),content_view,/blog/automacao-marketing-b2b,AST-0004,35,0,0,0.03922,4208.29
TP-0002793,OPP-00612,LEAD-003347,4,8,2023-08-25,17,organic_search,(not set),demo_request,/blog/crm-para-industria,AST-0002,75,0,0,0.180971,19418.17
TP-0002794,OPP-00612,LEAD-003347,5,8,2023-08-30,12,organic_search,(not set),sales_call,/produto/api-marketplace,AST-0021,100,0,0,0.290982,31222.37
TP-0002795,OPP-00612,LEAD-003347,6,8,2023-08-31,11,organic_search,(none),form_fill,/produto/api-marketplace,AST-0021,72,0,0,0.190989,20493.07
TP-0002796,OPP-00612,LEAD-003347,7,8,2023-09-06,5,organic_search,,content_view,/blog/churn-saas-brasil,AST-0005,28,0,0,0.106611,11439.33
TP-0002797,OPP-00612,LEAD-003347,8,8,2023-09-11,0,organic_search,(not set),click,/lp/demo-gratis,AST-0015,21,0,1,0.171419,18393.24
TP-0002798,OPP-00613,LEAD-003355,1,2,2023-07-25,39,paid_search,integracao_erp_pesquisa_2023,click,/ebook/roi-tecnologia-empresas,AST-0010,17,1,0,0.255085,18391.64
TP-0002799,OPP-00613,LEAD-003355,2,2,2023-08-07,26,paid_search,pesquisa_concorrentes_q3_2023,click,/blog/funil-vendas-complexas,AST-0006,21,0,1,0.744915,53708.36
TP-0002800,OPP-00614,LEAD-003356,1,2,2023-08-17,11,paid_search,crm-b2b-keywords-2023,click,/produto/erp-connector,AST-0020,20,1,0,0.313037,9704.15
TP-0002801,OPP-00614,LEAD-003356,2,2,2023-08-26,2,paid_search,google_branded_2023,click,/produto/api-marketplace,AST-0021,21,0,1,0.686963,21295.85
TP-0002802,OPP-00615,LEAD-003358,1,2,2023-08-16,25,direct,,click,/webinar/integracao-erp-ao-vivo,AST-0012,38,1,0,0.085414,3168.88
TP-0002803,OPP-00615,LEAD-003358,2,2,2023-08-29,12,direct,(not set),form_fill,/lp/trial-30-dias,AST-0016,72,0,1,0.914586,33931.12
TP-0002804,OPP-00616,LEAD-003365,1,2,2023-08-28,8,paid_search,google_brand_keywords_2023,click,/lp/comparativo-erp,AST-0017,24,1,0,0.344546,45445.61
TP-0002805,OPP-00616,LEAD-003365,2,2,2023-09-04,1,paid_search,crm-b2b-keywords-2023,click,/lp/trial-30-dias,AST-0016,29,0,1,0.655454,86454.39
TP-0002806,OPP-00617,LEAD-003373,1,4,2023-08-04,31,paid_search,crm-b2b-keywords-2023,click,/produto/erp-connector,AST-0020,27,1,0,0.023807,554.7
TP-0002807,OPP-00617,LEAD-003373,2,4,2023-08-10,25,meta_ads,meta_awareness_2023,click,/ebook/gestao-pipeline-vendas,AST-0009,29,0,0,0.028111,655.0
TP-0002808,OPP-00617,LEAD-003373,3,4,2023-08-22,13,meta_ads,fb-leads-varejo-2023,form_fill,/blog/automacao-marketing-b2b,AST-0004,60,0,0,0.242888,5659.29
TP-0002809,OPP-00617,LEAD-003373,4,4,2023-08-26,9,meta_ads,facebook_retargeting_2023,demo_request,/webinar/crm-para-gestores,AST-0013,86,0,1,0.705194,16431.02
TP-0002810,OPP-00618,LEAD-003375,1,4,2023-08-10,29,organic_search,,impression,/produto/erp-connector,AST-0020,16,1,0,0.009191,1509.08
TP-0002811,OPP-00618,LEAD-003375,2,4,2023-09-04,4,linkedin_ads,linkedin_prospecao_q3_2023,click,/lp/roi-calculator,AST-0018,21,0,0,0.126486,20769.05
TP-0002812,OPP-00618,LEAD-003375,3,4,2023-09-04,4,linkedin_ads,linkedin_prospeccao_q3_2023,content_view,/webinar/crm-para-gestores,AST-0013,20,0,0,0.168648,27692.07
TP-0002813,OPP-00618,LEAD-003375,4,4,2023-09-04,4,linkedin_ads,linkedin_decisores_ti_2023,form_fill,/lp/roi-calculator,AST-0018,51,0,1,0.695675,114229.79
TP-0002814,OPP-00619,LEAD-003378,1,4,2023-08-03,32,direct,(not set),click,/lp/comparativo-erp,AST-0017,27,1,0,0.037347,5542.27
TP-0002815,OPP-00619,LEAD-003378,2,4,2023-08-05,30,paid_search,pesquisa_concorrentes_q3_2023,form_fill,/produto/erp-connector,AST-0020,55,0,0,0.121513,18032.59
TP-0002816,OPP-00619,LEAD-003378,3,4,2023-08-13,22,paid_search,pesquisa_concorrentes_q3_2023,demo_request,/produto/erp-connector,AST-0020,93,0,0,0.312982,46446.56
TP-0002817,OPP-00619,LEAD-003378,4,4,2023-08-13,22,paid_search,crm-b2b-keywords-2023,sales_call,/produto/erp-connector,AST-0020,97,0,1,0.528158,78378.58
TP-0002818,OPP-00620,LEAD-003380,1,5,2023-07-28,39,paid_search,pesquisa_concorrentes_q3_2023,click,/produto/api-marketplace,AST-0021,24,1,0,0.018975,2261.88
TP-0002819,OPP-00620,LEAD-003380,2,5,2023-08-18,18,paid_search,pesquisa_concorrentes_q3_2023,click,/produto/crm-integracao,AST-0019,24,0,0,0.065417,7797.71
TP-0002820,OPP-00620,LEAD-003380,3,5,2023-08-21,15,paid_search,google_branded_2023,form_fill,/lp/demo-gratis,AST-0015,72,0,0,0.297184,35424.34
TP-0002821,OPP-00620,LEAD-003380,4,5,2023-08-22,14,paid_search,google_branded_2023,demo_request,/webinar/automacao-vendas-demo,AST-0014,87,0,0,0.464273,55341.4
TP-0002822,OPP-00620,LEAD-003380,5,5,2023-08-30,6,paid_search,google_brand_keywords_2023,email_open,/produto/crm-integracao,AST-0019,7,0,1,0.15415,18374.67
TP-0002823,OPP-00621,LEAD-003385,1,2,2023-08-05,37,organic_search,(not set),impression,/produto/crm-integracao,AST-0019,1,1,0,0.168142,5128.32
TP-0002824,OPP-00621,LEAD-003385,2,2,2023-08-10,32,organic_search,,click,/blog/leads-qualificados-b2b,AST-0007,23,0,1,0.831858,25371.68
TP-0002825,OPP-00622,LEAD-003391,1,3,2023-08-15,24,paid_search,pesquisa_concorrentes_q3_2023,click,/lp/roi-calculator,AST-0018,17,1,0,0.045927,3435.35
TP-0002826,OPP-00622,LEAD-003391,2,3,2023-08-27,12,paid_search,google_branded_2023,click,/lp/roi-calculator,AST-0018,22,0,0,0.083249,6227.02
TP-0002827,OPP-00622,LEAD-003391,3,3,2023-09-05,3,paid_search,integracao_erp_pesquisa_2023,form_fill,/webinar/automacao-vendas-demo,AST-0014,56,0,1,0.870824,65137.63
TP-0002828,OPP-00623,LEAD-003394,1,4,2023-07-26,36,paid_search,google_brand_keywords_2023,click,/lp/roi-calculator,AST-0018,1,1,0,0.018221,470.1
TP-0002829,OPP-00623,LEAD-003394,2,4,2023-07-28,34,meta_ads,ig_gestores_b2b_q3,click,/lp/roi-calculator,AST-0018,21,0,0,0.016169,417.15
TP-0002830,OPP-00623,LEAD-003394,3,4,2023-08-17,14,meta_ads,meta_awareness_2023,form_fill,/lp/demo-gratis,AST-0015,81,0,0,0.247379,6382.37
TP-0002831,OPP-00623,LEAD-003394,4,4,2023-08-21,10,meta_ads,meta_awareness_2023,demo_request,/ebook/gestao-pipeline-vendas,AST-0009,81,0,1,0.718232,18530.39
TP-0002832,OPP-00624,LEAD-003400,1,9,2023-07-25,42,linkedin_ads,linkedin_gestores_2023,impression,/ebook/roi-tecnologia-empresas,AST-0010,7,1,0,0.002647,243.29
TP-0002833,OPP-00624,LEAD-003400,2,9,2023-07-27,40,linkedin_ads,linkedin_decisores_ti_2023,click,/lp/roi-calculator,AST-0018,17,0,0,0.007047,647.65
TP-0002834,OPP-00624,LEAD-003400,3,9,2023-08-05,31,linkedin_ads,linkedin_decisores_ti_2023,content_view,/lp/roi-calculator,AST-0018,33,0,0,0.017871,1642.37
TP-0002835,OPP-00624,LEAD-003400,4,9,2023-08-09,27,linkedin_ads,linkedin_prospeccao_q3_2023,demo_request,/webinar/automacao-vendas-demo,AST-0014,80,0,0,0.095126,8742.08
TP-0002836,OPP-00624,LEAD-003400,5,9,2023-08-10,26,linkedin_ads,linkedin_gestores_2023,sales_call,/lp/comparativo-erp,AST-0017,85,0,0,0.11494,10563.03
TP-0002837,OPP-00624,LEAD-003400,6,9,2023-08-14,22,linkedin_ads,linkedin_prospeccao_q3_2023,content_view,/lp/roi-calculator,AST-0018,35,0,0,0.033989,3123.63
TP-0002838,OPP-00624,LEAD-003400,7,9,2023-08-14,22,linkedin_ads,linkedin_gestores_2023,content_view,/lp/comparativo-erp,AST-0017,22,0,0,0.033989,3123.63
TP-0002839,OPP-00624,LEAD-003400,8,9,2023-09-02,3,linkedin_ads,linkedin_gestores_2023,email_open,/webinar/automacao-vendas-demo,AST-0014,24,0,0,0.066026,6067.78
TP-0002840,OPP-00624,LEAD-003400,9,9,2023-09-04,1,linkedin_ads,linkedin_decisores_ti_2023,form_fill,/ebook/integracao-sistemas-guia,AST-0011,62,0,1,0.628363,57746.52
TP-0002841,OPP-00625,LEAD-003407,1,4,2023-08-10,39,meta_ads,meta_awareness_2023,impression,/lp/demo-gratis,AST-0015,17,1,0,0.002698,54.24
TP-0002842,OPP-00625,LEAD-003407,2,4,2023-08-27,22,meta_ads,ig_gestores_b2b_q3,click,/lp/roi-calculator,AST-0018,31,0,0,0.020973,421.55
TP-0002843,OPP-00625,LEAD-003407,3,4,2023-09-07,11,meta_ads,ig_gestores_b2b_q3,form_fill,/ebook/integracao-sistemas-guia,AST-0011,68,0,0,0.168715,3391.17
TP-0002844,OPP-00625,LEAD-003407,4,4,2023-09-18,0,meta_ads,meta_awareness_2023,demo_request,/lp/comparativo-erp,AST-0017,94,0,1,0.807614,16233.04
TP-0002845,OPP-00626,LEAD-003408,1,6,2023-08-10,27,linkedin_ads,linkedin_prospecao_q3_2023,impression,/lp/trial-30-dias,AST-0016,1,1,0,0.011314,461.62
TP-0002846,OPP-00626,LEAD-003408,2,6,2023-08-16,21,webinar_evento,black_friday_2023,click,/lp/comparativo-erp,AST-0017,11,0,0,0.04008,1635.27
TP-0002847,OPP-00626,LEAD-003408,3,6,2023-08-17,20,webinar_evento,black_friday_2023,content_view,/webinar/crm-para-gestores,AST-0013,37,0,0,0.057397,2341.79
TP-0002848,OPP-00626,LEAD-003408,4,6,2023-08-18,19,webinar_evento,evento_crm_gestores_q3,demo_request,/lp/demo-gratis,AST-0015,89,0,0,0.246586,10060.72
TP-0002849,OPP-00626,LEAD-003408,5,6,2023-08-27,10,webinar_evento,evento_crm_gestores_q3,sales_call,/produto/erp-connector,AST-0020,100,0,0,0.527607,21526.37
TP-0002850,OPP-00626,LEAD-003408,6,6,2023-08-31,6,webinar_evento,campanha_natal_2023,email_open,/produto/api-marketplace,AST-0021,24,0,1,0.117016,4774.23
TP-0002851,OPP-00627,LEAD-003409,1,2,2023-08-19,22,direct,,click,/produto/erp-connector,AST-0020,36,1,0,0.05735,9680.64
TP-0002852,OPP-00627,LEAD-003409,2,2,2023-09-07,3,direct,(direct),form_fill,/lp/demo-gratis,AST-0015,48,0,1,0.94265,159119.36
TP-0002853,OPP-00628,LEAD-003415,1,4,2023-07-28,44,webinar_evento,evento_crm_gestores_q3,impression,/webinar/automacao-vendas-demo,AST-0014,15,1,0,0.011608,487.55
TP-0002854,OPP-00628,LEAD-003415,2,4,2023-08-10,31,linkedin_ads,linkedin_prospeccao_q3_2023,click,/produto/crm-integracao,AST-0019,7,0,0,0.067798,2847.52
TP-0002855,OPP-00628,LEAD-003415,3,4,2023-08-10,31,linkedin_ads,linkedin_prospeccao_q3_2023,form_fill,/lp/roi-calculator,AST-0018,83,0,0,0.248593,10440.89
TP-0002856,OPP-00628,LEAD-003415,4,4,2023-08-13,28,linkedin_ads,lkd_awareness_2023,demo_request,/blog/churn-saas-brasil,AST-0005,80,0,1,0.672001,28224.05
TP-0002857,OPP-00629,LEAD-003421,1,5,2023-08-03,37,paid_search,crm-b2b-keywords-2023,click,/produto/crm-integracao,AST-0019,14,1,0,0.007188,235.76
TP-0002858,OPP-00629,LEAD-003421,2,5,2023-08-13,27,paid_search,integracao_erp_pesquisa_2023,click,/ebook/crm-para-varejo,AST-0008,25,0,0,0.011294,370.46
TP-0002859,OPP-00629,LEAD-003421,3,5,2023-08-20,20,paid_search,google_brand_keywords_2023,form_fill,/ebook/integracao-sistemas-guia,AST-0011,65,0,0,0.068278,2239.52
TP-0002860,OPP-00629,LEAD-003421,4,5,2023-09-06,3,paid_search,pesquisa_concorrentes_q3_2023,demo_request,/lp/comparativo-erp,AST-0017,75,0,0,0.334477,10970.86
TP-0002861,OPP-00629,LEAD-003421,5,5,2023-09-08,1,paid_search,crm-b2b-keywords-2023,demo_request,/produto/erp-connector,AST-0020,89,0,1,0.578762,18983.4
TP-0002862,OPP-00630,LEAD-003425,1,3,2023-08-19,27,webinar_evento,bf-23,impression,/webinar/automacao-vendas-demo,AST-0014,19,1,0,0.022677,3136.22
TP-0002863,OPP-00630,LEAD-003425,2,3,2023-08-24,22,webinar_evento,campanha_natal_2023,click,/lp/trial-30-dias,AST-0016,26,0,0,0.074794,10344.02
TP-0002864,OPP-00630,LEAD-003425,3,3,2023-09-04,11,webinar_evento,bf-23,form_fill,/webinar/integracao-erp-ao-vivo,AST-0012,79,0,1,0.902529,124819.76
TP-0002865,OPP-00631,LEAD-003426,1,3,2023-08-01,44,organic_search,,impression,/blog/automacao-marketing-b2b,AST-0004,11,1,0,0.059036,1924.58
TP-0002866,OPP-00631,LEAD-003426,2,3,2023-08-12,33,organic_search,,click,/produto/erp-connector,AST-0020,27,0,0,0.298901,9744.16
TP-0002867,OPP-00631,LEAD-003426,3,3,2023-08-13,32,organic_search,(not set),content_view,/produto/api-marketplace,AST-0021,36,0,1,0.642063,20931.26
TP-0002868,OPP-00632,LEAD-003430,1,4,2023-07-23,44,linkedin_ads,linkedin_prospeccao_q3_2023,impression,/ebook/integracao-sistemas-guia,AST-0011,12,1,0,0.00442,202.43
TP-0002869,OPP-00632,LEAD-003430,2,4,2023-08-02,34,meta_ads,fb-leads-varejo-2023,click,/lp/trial-30-dias,AST-0016,31,0,0,0.020836,954.27
TP-0002870,OPP-00632,LEAD-003430,3,4,2023-08-10,26,meta_ads,fb-leads-varejo-2023,content_view,/ebook/crm-para-varejo,AST-0008,29,0,0,0.049194,2253.09
TP-0002871,OPP-00632,LEAD-003430,4,4,2023-08-26,10,meta_ads,facebook_retargeting_2023,demo_request,/ebook/integracao-sistemas-guia,AST-0011,77,0,1,0.92555,42390.21
TP-0002872,OPP-00633,LEAD-003433,1,4,2023-08-01,35,meta_ads,facebook_retargeting_2023,impression,/ebook/gestao-pipeline-vendas,AST-0009,2,1,0,0.007471,157.63
TP-0002873,OPP-00633,LEAD-003433,2,4,2023-08-10,26,meta_ads,fb-leads-varejo-2023,click,/ebook/crm-para-varejo,AST-0008,34,0,0,0.032788,691.83
TP-0002874,OPP-00633,LEAD-003433,3,4,2023-08-18,18,meta_ads,meta_awareness_2023,form_fill,/lp/demo-gratis,AST-0015,70,0,0,0.212891,4492.0
TP-0002875,OPP-00633,LEAD-003433,4,4,2023-08-23,13,meta_ads,ig_gestores_b2b_q3,sales_call,/ebook/integracao-sistemas-guia,AST-0011,85,0,1,0.74685,15758.54
TP-0002876,OPP-00634,LEAD-003440,1,2,2023-08-24,25,paid_search,crm-b2b-keywords-2023,click,/ebook/gestao-pipeline-vendas,AST-0009,41,1,0,0.360851,30167.15
TP-0002877,OPP-00634,LEAD-003440,2,2,2023-08-30,19,paid_search,crm-b2b-keywords-2023,click,/ebook/gestao-pipeline-vendas,AST-0009,14,0,1,0.639149,53432.85
TP-0002878,OPP-00635,LEAD-003441,1,8,2023-07-29,37,linkedin_ads,linkedin_prospecao_q3_2023,impression,/ebook/roi-tecnologia-empresas,AST-0010,4,1,0,0.001443,113.44
TP-0002879,OPP-00635,LEAD-003441,2,8,2023-08-14,21,linkedin_ads,linkedin_prospeccao_q3_2023,click,/lp/comparativo-erp,AST-0017,24,0,0,0.010444,820.89
TP-0002880,OPP-00635,LEAD-003441,3,8,2023-08-24,11,linkedin_ads,lkd_awareness_2023,content_view,/webinar/integracao-erp-ao-vivo,AST-0012,51,0,0,0.028445,2235.79
TP-0002881,OPP-00635,LEAD-003441,4,8,2023-08-26,9,linkedin_ads,linkedin_decisores_ti_2023,demo_request,/lp/trial-30-dias,AST-0016,91,0,0,0.131254,10316.53
TP-0002882,OPP-00635,LEAD-003441,5,8,2023-08-27,8,linkedin_ads,linkedin_prospeccao_q3_2023,sales_call,/lp/comparativo-erp,AST-0017,89,0,0,0.158593,12465.43
TP-0002883,OPP-00635,LEAD-003441,6,8,2023-08-30,5,linkedin_ads,linkedin_prospecao_q3_2023,proposal_sent,/ebook/crm-para-varejo,AST-0008,92,0,0,0.152828,12012.29
TP-0002884,OPP-00635,LEAD-003441,7,8,2023-09-02,2,linkedin_ads,lkd_awareness_2023,proposal_sent,/lp/roi-calculator,AST-0018,72,0,0,0.189351,14882.95
TP-0002885,OPP-00635,LEAD-003441,8,8,2023-09-04,0,linkedin_ads,linkedin_prospecao_q3_2023,proposal_sent,/lp/roi-calculator,AST-0018,86,0,1,0.327642,25752.68
TP-0002886,OPP-00636,LEAD-003451,1,7,2023-07-26,43,linkedin_ads,lkd_awareness_2023,impression,/blog/leads-qualificados-b2b,AST-0007,7,1,0,0.00145,177.68
TP-0002887,OPP-00636,LEAD-003451,2,7,2023-07-27,42,direct,(direct),click,/lp/roi-calculator,AST-0018,23,0,0,0.003595,440.4
TP-0002888,OPP-00636,LEAD-003451,3,7,2023-08-07,31,direct,,content_view,/blog/integracao-erp-sistemas,AST-0003,44,0,0,0.010517,1288.29
TP-0002889,OPP-00636,LEAD-003451,4,7,2023-08-24,14,direct,,demo_request,/produto/crm-integracao,AST-0019,92,0,0,0.141676,17355.3
TP-0002890,OPP-00636,LEAD-003451,5,7,2023-09-02,5,direct,,sales_call,/ebook/crm-para-varejo,AST-0008,87,0,0,0.303136,37134.18
TP-0002891,OPP-00636,LEAD-003451,6,7,2023-09-04,3,direct,(direct),email_open,/produto/crm-integracao,AST-0019,17,0,0,0.038854,4759.63
TP-0002892,OPP-00636,LEAD-003451,7,7,2023-09-05,2,direct,(direct),demo_request,/produto/erp-connector,AST-0020,87,0,1,0.500772,61344.51
TP-0002893,OPP-00637,LEAD-003455,1,6,2023-08-07,44,organic_search,(not set),impression,/lp/demo-gratis,AST-0015,16,1,0,0.003375,97.88
TP-0002894,OPP-00637,LEAD-003455,2,6,2023-08-07,44,paid_search,google_branded_2023,click,/produto/api-marketplace,AST-0021,18,0,0,0.007789,225.87
TP-0002895,OPP-00637,LEAD-003455,3,6,2023-08-21,30,paid_search,crm-b2b-keywords-2023,content_view,/lp/roi-calculator,AST-0018,35,0,0,0.028229,818.65
TP-0002896,OPP-00637,LEAD-003455,4,6,2023-08-22,29,paid_search,google_brand_keywords_2023,form_fill,/produto/api-marketplace,AST-0021,52,0,0,0.083378,2417.98
TP-0002897,OPP-00637,LEAD-003455,5,6,2023-09-01,19,paid_search,integracao_erp_pesquisa_2023,content_view,/produto/api-marketplace,AST-0021,36,0,0,0.061934,1796.1
TP-0002898,OPP-00637,LEAD-003455,6,6,2023-09-12,8,paid_search,google_branded_2023,demo_request,/lp/comparativo-erp,AST-0017,78,0,1,0.815294,23643.53
TP-0002899,OPP-00638,LEAD-003457,1,4,2023-07-31,44,organic_search,,impression,/blog/integracao-erp-sistemas,AST-0003,4,1,0,0.003897,582.92
TP-0002900,OPP-00638,LEAD-003457,2,4,2023-08-09,35,meta_ads,facebook_retargeting_2023,click,/blog/funil-vendas-complexas,AST-0006,44,0,0,0.017102,2558.45
TP-0002901,OPP-00638,LEAD-003457,3,4,2023-09-01,12,meta_ads,meta_awareness_2023,content_view,/produto/crm-integracao,AST-0019,49,0,0,0.117888,17635.99
TP-0002902,OPP-00638,LEAD-003457,4,4,2023-09-09,4,meta_ads,fb-leads-varejo-2023,form_fill,/ebook/crm-para-varejo,AST-0008,50,0,1,0.861114,128822.63
TP-0002903,OPP-00639,LEAD-003466,1,2,2023-08-09,38,meta_ads,fb-leads-varejo-2023,impression,/ebook/roi-tecnologia-empresas,AST-0010,11,1,0,0.200276,4345.99
TP-0002904,OPP-00639,LEAD-003466,2,2,2023-08-11,36,meta_ads,ig_gestores_b2b_q3,click,/lp/trial-30-dias,AST-0016,34,0,1,0.799724,17354.01
TP-0002905,OPP-00640,LEAD-003467,1,7,2023-07-29,44,webinar_evento,black_friday_2023,impression,/webinar/automacao-vendas-demo,AST-0014,1,1,0,0.003054,162.79
TP-0002906,OPP-00640,LEAD-003467,2,7,2023-07-31,42,webinar_evento,webinar_integracao_erp_2023,click,/lp/trial-30-dias,AST-0016,6,0,0,0.00813,433.36
TP-0002907,OPP-00640,LEAD-003467,3,7,2023-08-03,39,webinar_evento,campanha-natal-2023,form_fill,/webinar/automacao-vendas-demo,AST-0014,73,0,0,0.036936,1968.69
TP-0002908,OPP-00640,LEAD-003467,4,7,2023-08-10,32,webinar_evento,black_friday_2023,demo_request,/lp/comparativo-erp,AST-0017,77,0,0,0.088578,4721.21
TP-0002909,OPP-00640,LEAD-003467,5,7,2023-08-29,13,webinar_evento,evento_crm_gestores_q3,sales_call,/webinar/crm-para-gestores,AST-0013,95,0,0,0.387149,20635.03
TP-0002910,OPP-00640,LEAD-003467,6,7,2023-08-31,11,webinar_evento,bf-23,proposal_sent,/lp/roi-calculator,AST-0018,53,0,0,0.347357,18514.1
TP-0002911,OPP-00640,LEAD-003467,7,7,2023-09-02,9,webinar_evento,campanha-natal-2023,click,/webinar/crm-para-gestores,AST-0013,34,0,1,0.128796,6864.82
TP-0002912,OPP-00641,LEAD-003469,1,8,2023-08-04,39,webinar_evento,campanha-natal-2023,impression,/webinar/crm-para-gestores,AST-0013,11,1,0,0.00337,395.69
TP-0002913,OPP-00641,LEAD-003469,2,8,2023-08-13,30,webinar_evento,campanha_natal_2023,click,/lp/trial-30-dias,AST-0016,13,0,0,0.014793,1736.67
TP-0002914,OPP-00641,LEAD-003469,3,8,2023-08-14,29,webinar_evento,campanha_natal_2023,form_fill,/lp/comparativo-erp,AST-0017,56,0,0,0.058256,6839.26
TP-0002915,OPP-00641,LEAD-003469,4,8,2023-08-16,27,webinar_evento,campanha_natal_2023,demo_request,/ebook/crm-para-varejo,AST-0008,81,0,0,0.097749,11475.69
TP-0002916,OPP-00641,LEAD-003469,5,8,2023-08-29,14,webinar_evento,bf-23,sales_call,/produto/crm-integracao,AST-0019,78,0,0,0.278315,32674.18
TP-0002917,OPP-00641,LEAD-003469,6,8,2023-09-03,9,webinar_evento,black_friday_2023,demo_request,/lp/trial-30-dias,AST-0016,80,0,0,0.353581,41510.44
TP-0002918,OPP-00641,LEAD-003469,7,8,2023-09-09,3,webinar_evento,black_friday_2023,email_open,/lp/comparativo-erp,AST-0017,25,0,0,0.067846,7965.14
TP-0002919,OPP-00641,LEAD-003469,8,8,2023-09-12,0,webinar_evento,webinar_integracao_erp_2023,email_open,/lp/roi-calculator,AST-0018,34,0,1,0.12609,14802.94
TP-0002920,OPP-00642,LEAD-003482,1,8,2023-08-07,41,linkedin_ads,linkedin_gestores_2023,impression,/webinar/crm-para-gestores,AST-0013,1,1,0,0.002549,507.75
TP-0002921,OPP-00642,LEAD-003482,2,8,2023-08-11,37,linkedin_ads,linkedin_decisores_ti_2023,click,/lp/roi-calculator,AST-0018,14,0,0,0.007827,1559.24
TP-0002922,OPP-00642,LEAD-003482,3,8,2023-08-18,30,linkedin_ads,linkedin_decisores_ti_2023,content_view,/ebook/gestao-pipeline-vendas,AST-0009,38,0,0,0.017207,3427.66
TP-0002923,OPP-00642,LEAD-003482,4,8,2023-08-27,21,linkedin_ads,linkedin_prospecao_q3_2023,demo_request,/ebook/roi-tecnologia-empresas,AST-0010,74,0,0,0.130906,26076.4
TP-0002924,OPP-00642,LEAD-003482,5,8,2023-09-03,14,linkedin_ads,linkedin_prospecao_q3_2023,sales_call,/lp/roi-calculator,AST-0018,88,0,0,0.242805,48366.8
TP-0002925,OPP-00642,LEAD-003482,6,8,2023-09-05,12,linkedin_ads,linkedin_gestores_2023,sales_call,/webinar/crm-para-gestores,AST-0013,87,0,0,0.280092,55794.25
TP-0002926,OPP-00642,LEAD-003482,7,8,2023-09-06,11,linkedin_ads,linkedin_decisores_ti_2023,demo_request,/ebook/crm-para-varejo,AST-0008,65,0,0,0.267404,53266.97
TP-0002927,OPP-00642,LEAD-003482,8,8,2023-09-16,1,linkedin_ads,linkedin_gestores_2023,impression,/ebook/crm-para-varejo,AST-0008,1,0,1,0.051209,10200.93
TP-0002928,OPP-00643,LEAD-003489,1,8,2023-08-06,44,linkedin_ads,linkedin_gestores_2023,impression,/lp/trial-30-dias,AST-0016,3,1,0,0.005042,635.82
TP-0002929,OPP-00643,LEAD-003489,2,8,2023-08-07,43,paid_search,google_branded_2023,click,/produto/erp-connector,AST-0020,31,0,0,0.012497,1575.92
TP-0002930,OPP-00643,LEAD-003489,3,8,2023-08-10,40,paid_search,google_branded_2023,content_view,/blog/funil-vendas-complexas,AST-0006,46,0,0,0.020645,2603.37
TP-0002931,OPP-00643,LEAD-003489,4,8,2023-08-25,25,paid_search,integracao_erp_pesquisa_2023,demo_request,/produto/api-marketplace,AST-0021,93,0,0,0.241099,30402.6
TP-0002932,OPP-00643,LEAD-003489,5,8,2023-08-25,25,paid_search,google_branded_2023,sales_call,/produto/api-marketplace,AST-0021,93,0,0,0.271237,34202.92
TP-0002933,OPP-00643,LEAD-003489,6,8,2023-08-31,19,paid_search,pesquisa_concorrentes_q3_2023,email_open,/produto/erp-connector,AST-0020,5,0,0,0.046263,5833.74
TP-0002934,OPP-00643,LEAD-003489,7,8,2023-08-31,19,paid_search,pesquisa_concorrentes_q3_2023,form_fill,/lp/roi-calculator,AST-0018,79,0,0,0.254445,32085.56
TP-0002935,OPP-00643,LEAD-003489,8,8,2023-09-05,14,paid_search,integracao_erp_pesquisa_2023,click,/lp/roi-calculator,AST-0018,28,0,1,0.148771,18760.08
TP-0002936,OPP-00644,LEAD-003494,1,4,2023-08-08,41,paid_search,integracao_erp_pesquisa_2023,click,/lp/roi-calculator,AST-0018,42,1,0,0.024602,2049.36
TP-0002937,OPP-00644,LEAD-003494,2,4,2023-08-14,35,paid_search,pesquisa_concorrentes_q3_2023,click,/produto/api-marketplace,AST-0021,19,0,0,0.029051,2419.92
TP-0002938,OPP-00644,LEAD-003494,3,4,2023-08-24,25,paid_search,pesquisa_concorrentes_q3_2023,form_fill,/lp/trial-30-dias,AST-0016,59,0,0,0.21759,18125.22
TP-0002939,OPP-00644,LEAD-003494,4,4,2023-08-30,19,paid_search,integracao_erp_pesquisa_2023,demo_request,/produto/crm-integracao,AST-0019,100,0,1,0.728757,60705.5
TP-0002940,OPP-00645,LEAD-003499,1,6,2023-08-03,43,webinar_evento,webinar_integracao_erp_2023,impression,/webinar/crm-para-gestores,AST-0013,1,1,0,0.004877,270.67
TP-0002941,OPP-00645,LEAD-003499,2,6,2023-08-07,39,webinar_evento,bf-23,click,/lp/demo-gratis,AST-0015,25,0,0,0.014976,831.19
TP-0002942,OPP-00645,LEAD-003499,3,6,2023-08-15,31,webinar_evento,campanha_natal_2023,form_fill,/webinar/integracao-erp-ao-vivo,AST-0012,68,0,0,0.09724,5396.84
TP-0002943,OPP-00645,LEAD-003499,4,6,2023-08-26,20,webinar_evento,evento_crm_gestores_q3,demo_request,/lp/trial-30-dias,AST-0016,91,0,0,0.310317,17222.59
TP-0002944,OPP-00645,LEAD-003499,5,6,2023-08-28,18,webinar_evento,evento_crm_gestores_q3,sales_call,/webinar/crm-para-gestores,AST-0013,77,0,0,0.402717,22350.8
TP-0002945,OPP-00645,LEAD-003499,6,6,2023-09-10,5,webinar_evento,bf-23,email_open,/webinar/automacao-vendas-demo,AST-0014,30,0,1,0.169872,9427.91
TP-0002946,OPP-00646,LEAD-003503,1,6,2023-08-08,43,linkedin_ads,linkedin_gestores_2023,impression,/ebook/roi-tecnologia-empresas,AST-0010,1,1,0,0.001269,58.64
TP-0002947,OPP-00646,LEAD-003503,2,6,2023-08-21,30,linkedin_ads,linkedin_prospecao_q3_2023,click,/lp/roi-calculator,AST-0018,5,0,0,0.007414,342.51
TP-0002948,OPP-00646,LEAD-003503,3,6,2023-08-22,29,linkedin_ads,linkedin_prospecao_q3_2023,content_view,/lp/comparativo-erp,AST-0017,28,0,0,0.010617,490.49
TP-0002949,OPP-00646,LEAD-003503,4,6,2023-09-10,10,linkedin_ads,linkedin_prospecao_q3_2023,demo_request,/lp/trial-30-dias,AST-0016,72,0,0,0.164986,7622.34
TP-0002950,OPP-00646,LEAD-003503,5,6,2023-09-14,6,linkedin_ads,linkedin_prospecao_q3_2023,sales_call,/webinar/integracao-erp-ao-vivo,AST-0012,98,0,0,0.246992,11411.03
TP-0002951,OPP-00646,LEAD-003503,6,6,2023-09-20,0,linkedin_ads,linkedin_prospeccao_q3_2023,sales_call,/ebook/gestao-pipeline-vendas,AST-0009,92,0,1,0.568723,26274.99
TP-0002952,OPP-00647,LEAD-003507,1,2,2023-08-11,29,organic_search,(none),impression,/blog/churn-saas-brasil,AST-0005,1,1,0,0.168142,5195.57
TP-0002953,OPP-00647,LEAD-003507,2,2,2023-08-16,24,organic_search,,click,/blog/integracao-erp-sistemas,AST-0003,22,0,1,0.831858,25704.43
TP-0002954,OPP-00648,LEAD-003512,1,7,2023-08-08,41,webinar_evento,campanha_natal_2023,impression,/lp/trial-30-dias,AST-0016,17,1,0,0.006271,516.13
TP-0002955,OPP-00648,LEAD-003512,2,7,2023-08-09,40,webinar_evento,evento_crm_gestores_q3,click,/lp/trial-30-dias,AST-0016,29,0,0,0.015544,1279.27
TP-0002956,OPP-00648,LEAD-003512,3,7,2023-08-18,31,webinar_evento,campanha_natal_2023,form_fill,/lp/trial-30-dias,AST-0016,58,0,0,0.108398,8921.18
TP-0002957,OPP-00648,LEAD-003512,4,7,2023-08-20,29,webinar_evento,evento_crm_gestores_q3,demo_request,/lp/demo-gratis,AST-0015,87,0,0,0.181883,14968.96
TP-0002958,OPP-00648,LEAD-003512,5,7,2023-08-27,22,webinar_evento,campanha-natal-2023,sales_call,/produto/api-marketplace,AST-0021,87,0,0,0.337358,27764.6
TP-0002959,OPP-00648,LEAD-003512,6,7,2023-08-27,22,webinar_evento,bf-23,proposal_sent,/webinar/crm-para-gestores,AST-0013,55,0,0,0.26239,21594.69
TP-0002960,OPP-00648,LEAD-003512,7,7,2023-09-12,6,webinar_evento,campanha-natal-2023,impression,/lp/comparativo-erp,AST-0017,23,0,1,0.088155,7255.16
TP-0002961,OPP-00649,LEAD-003516,1,8,2023-08-13,33,linkedin_ads,linkedin_gestores_2023,impression,/ebook/gestao-pipeline-vendas,AST-0009,34,1,0,0.002535,531.0
TP-0002962,OPP-00649,LEAD-003516,2,8,2023-08-18,28,linkedin_ads,linkedin_decisores_ti_2023,click,/ebook/roi-tecnologia-empresas,AST-0010,12,0,0,0.00836,1751.37
TP-0002963,OPP-00649,LEAD-003516,3,8,2023-08-30,16,linkedin_ads,linkedin_prospeccao_q3_2023,content_view,/ebook/gestao-pipeline-vendas,AST-0009,28,0,0,0.026266,5502.62
TP-0002964,OPP-00649,LEAD-003516,4,8,2023-09-01,14,linkedin_ads,linkedin_prospeccao_q3_2023,demo_request,/ebook/crm-para-varejo,AST-0008,85,0,0,0.121196,25390.54
TP-0002965,OPP-00649,LEAD-003516,5,8,2023-09-01,14,linkedin_ads,linkedin_gestores_2023,sales_call,/lp/demo-gratis,AST-0015,79,0,0,0.136345,28564.35
TP-0002966,OPP-00649,LEAD-003516,6,8,2023-09-09,6,linkedin_ads,lkd_awareness_2023,click,/lp/trial-30-dias,AST-0016,26,0,0,0.04024,8430.27
TP-0002967,OPP-00649,LEAD-003516,7,8,2023-09-12,3,linkedin_ads,lkd_awareness_2023,proposal_sent,/ebook/integracao-sistemas-guia,AST-0011,59,0,0,0.232663,48742.89
TP-0002968,OPP-00649,LEAD-003516,8,8,2023-09-15,0,linkedin_ads,linkedin_prospeccao_q3_2023,proposal_sent,/lp/trial-30-dias,AST-0016,81,0,1,0.432396,90586.95
TP-0002969,OPP-00650,LEAD-003521,1,5,2023-08-07,42,paid_search,google_brand_keywords_2023,click,/lp/comparativo-erp,AST-0017,17,1,0,0.016676,1274.03
TP-0002970,OPP-00650,LEAD-003521,2,5,2023-08-12,37,paid_search,integracao_erp_pesquisa_2023,click,/produto/crm-integracao,AST-0019,38,0,0,0.018334,1400.69
TP-0002971,OPP-00650,LEAD-003521,3,5,2023-08-24,25,paid_search,crm-b2b-keywords-2023,form_fill,/lp/comparativo-erp,AST-0017,69,0,0,0.158406,12102.22
TP-0002972,OPP-00650,LEAD-003521,4,5,2023-09-07,11,paid_search,google_branded_2023,demo_request,/webinar/crm-para-gestores,AST-0013,81,0,0,0.626316,47850.52
TP-0002973,OPP-00650,LEAD-003521,5,5,2023-09-13,5,paid_search,pesquisa_concorrentes_q3_2023,email_open,/lp/trial-30-dias,AST-0016,26,0,1,0.180269,13772.54
TP-0002974,OPP-00651,LEAD-003527,1,4,2023-08-21,33,organic_search,(not set),impression,/produto/api-marketplace,AST-0021,3,1,0,0.0136,420.24
TP-0002975,OPP-00651,LEAD-003527,2,4,2023-08-25,29,organic_search,,click,/blog/churn-saas-brasil,AST-0005,13,0,0,0.041764,1290.5
TP-0002976,OPP-00651,LEAD-003527,3,4,2023-09-04,19,organic_search,,content_view,/blog/funil-vendas-complexas,AST-0006,56,0,0,0.11375,3514.86
TP-0002977,OPP-00651,LEAD-003527,4,4,2023-09-12,11,organic_search,,form_fill,/blog/churn-saas-brasil,AST-0005,77,0,1,0.830887,25674.4
TP-0002978,OPP-00652,LEAD-003536,1,3,2023-08-09,44,direct,(direct),click,/produto/erp-connector,AST-0020,11,1,0,0.020916,1909.6
TP-0002979,OPP-00652,LEAD-003536,2,3,2023-08-30,23,direct,,form_fill,/produto/erp-connector,AST-0020,51,0,0,0.264387,24138.55
TP-0002980,OPP-00652,LEAD-003536,3,3,2023-09-02,20,direct,(direct),demo_request,/produto/crm-integracao,AST-0019,81,0,1,0.714697,65251.85
TP-0002981,OPP-00653,LEAD-003548,1,4,2023-08-18,36,paid_search,google_brand_keywords_2023,click,/lp/demo-gratis,AST-0015,34,1,0,0.012155,876.36
TP-0002982,OPP-00653,LEAD-003548,2,4,2023-08-25,29,webinar_evento,black_friday_2023,click,/lp/comparativo-erp,AST-0017,34,0,0,0.015415,1111.45
TP-0002983,OPP-00653,LEAD-003548,3,4,2023-09-05,18,webinar_evento,evento_crm_gestores_q3,form_fill,/webinar/automacao-vendas-demo,AST-0014,67,0,0,0.12401,8941.1
TP-0002984,OPP-00653,LEAD-003548,4,4,2023-09-21,2,webinar_evento,campanha-natal-2023,demo_request,/ebook/integracao-sistemas-guia,AST-0011,87,0,1,0.84842,61171.09
TP-0002985,OPP-00654,LEAD-003550,1,7,2023-08-07,39,webinar_evento,campanha-natal-2023,impression,/webinar/crm-para-gestores,AST-0013,26,1,0,0.004286,181.32
TP-0002986,OPP-00654,LEAD-003550,2,7,2023-08-20,26,webinar_evento,webinar_integracao_erp_2023,click,/lp/demo-gratis,AST-0015,9,0,0,0.025035,1058.99
TP-0002987,OPP-00654,LEAD-003550,3,7,2023-08-20,26,webinar_evento,campanha-natal-2023,form_fill,/lp/demo-gratis,AST-0015,73,0,0,0.091796,3882.96
TP-0002988,OPP-00654,LEAD-003550,4,7,2023-08-21,25,webinar_evento,black_friday_2023,demo_request,/lp/trial-30-dias,AST-0016,87,0,0,0.143407,6066.12
TP-0002989,OPP-00654,LEAD-003550,5,7,2023-08-27,19,webinar_evento,evento_crm_gestores_q3,sales_call,/lp/demo-gratis,AST-0015,92,0,0,0.247656,10475.87
TP-0002990,OPP-00654,LEAD-003550,6,7,2023-08-29,17,webinar_evento,evento_crm_gestores_q3,impression,/webinar/integracao-erp-ao-vivo,AST-0012,17,0,0,0.015872,671.37
TP-0002991,OPP-00654,LEAD-003550,7,7,2023-09-01,14,webinar_evento,evento_crm_gestores_q3,demo_request,/lp/comparativo-erp,AST-0017,91,0,1,0.471947,19963.37
TP-0002992,OPP-00655,LEAD-003554,1,4,2023-08-03,38,direct,,click,/produto/erp-connector,AST-0020,25,1,0,0.010286,913.4
TP-0002993,OPP-00655,LEAD-003554,2,4,2023-08-10,31,direct,(direct),form_fill,/produto/erp-connector,AST-0020,76,0,0,0.047832,4247.52
TP-0002994,OPP-00655,LEAD-003554,3,4,2023-09-01,9,direct,,demo_request,/lp/demo-gratis,AST-0015,85,0,0,0.334898,29738.92
TP-0002995,OPP-00655,LEAD-003554,4,4,2023-09-02,8,direct,(direct),sales_call,/produto/api-marketplace,AST-0021,85,0,1,0.606984,53900.16
TP-0002996,OPP-00656,LEAD-003570,1,7,2023-08-02,40,webinar_evento,bf-23,impression,/ebook/roi-tecnologia-empresas,AST-0010,1,1,0,0.00261,289.72
TP-0002997,OPP-00656,LEAD-003570,2,7,2023-08-11,31,linkedin_ads,linkedin_gestores_2023,click,/blog/leads-qualificados-b2b,AST-0007,25,0,0,0.011456,1271.58
TP-0002998,OPP-00656,LEAD-003570,3,7,2023-08-18,24,linkedin_ads,linkedin_prospeccao_q3_2023,form_fill,/webinar/integracao-erp-ao-vivo,AST-0012,60,0,0,0.069253,7687.11
TP-0002999,OPP-00656,LEAD-003570,4,7,2023-08-19,23,linkedin_ads,linkedin_decisores_ti_2023,demo_request,/lp/demo-gratis,AST-0015,91,0,0,0.10819,12009.13
TP-0003000,OPP-00656,LEAD-003570,5,7,2023-08-20,22,linkedin_ads,linkedin_decisores_ti_2023,sales_call,/webinar/automacao-vendas-demo,AST-0014,84,0,0,0.130726,14510.59
TP-0003001,OPP-00656,LEAD-003570,6,7,2023-08-30,12,linkedin_ads,linkedin_prospecao_q3_2023,sales_call,/ebook/roi-tecnologia-empresas,AST-0010,91,0,0,0.267038,29641.17
TP-0003002,OPP-00656,LEAD-003570,7,7,2023-09-01,10,linkedin_ads,linkedin_decisores_ti_2023,demo_request,/webinar/integracao-erp-ao-vivo,AST-0012,94,0,1,0.410727,45590.69
TP-0003003,OPP-00657,LEAD-003577,1,6,2023-09-02,18,linkedin_ads,linkedin_gestores_2023,impression,/webinar/integracao-erp-ao-vivo,AST-0012,17,1,0,0.008371,747.54
TP-0003004,OPP-00657,LEAD-003577,2,6,2023-09-02,18,linkedin_ads,linkedin_gestores_2023,click,/webinar/crm-para-gestores,AST-0013,27,0,0,0.019318,1725.1
TP-0003005,OPP-00657,LEAD-003577,3,6,2023-09-07,13,linkedin_ads,linkedin_prospeccao_q3_2023,content_view,/ebook/crm-para-varejo,AST-0008,35,0,0,0.036814,3287.45
TP-0003006,OPP-00657,LEAD-003577,4,6,2023-09-09,11,linkedin_ads,linkedin_prospecao_q3_2023,demo_request,/ebook/roi-tecnologia-empresas,AST-0010,90,0,0,0.169867,15169.14
TP-0003007,OPP-00657,LEAD-003577,5,6,2023-09-11,9,linkedin_ads,linkedin_decisores_ti_2023,sales_call,/webinar/integracao-erp-ao-vivo,AST-0012,95,0,0,0.220447,19685.91
TP-0003008,OPP-00657,LEAD-003577,6,6,2023-09-18,2,linkedin_ads,linkedin_decisores_ti_2023,sales_call,/webinar/integracao-erp-ao-vivo,AST-0012,94,0,1,0.545183,48684.86
TP-0003009,OPP-00658,LEAD-003578,1,2,2023-08-31,17,organic_search,,impression,/blog/crm-para-industria,AST-0002,1,1,0,0.084357,2851.26
TP-0003010,OPP-00658,LEAD-003578,2,2,2023-09-16,1,organic_search,(not set),click,/produto/erp-connector,AST-0020,27,0,1,0.915643,30948.74
TP-0003011,OPP-00659,LEAD-003581,1,2,2023-09-07,13,direct,(direct),click,/produto/crm-integracao,AST-0019,34,1,0,0.091162,17375.51
TP-0003012,OPP-00659,LEAD-003581,2,2,2023-09-19,1,direct,(not set),form_fill,/produto/api-marketplace,AST-0021,49,0,1,0.908838,173224.49
TP-0003013,OPP-00660,LEAD-003607,1,3,2023-08-28,17,paid_search,google_branded_2023,click,/lp/roi-calculator,AST-0018,21,1,0,0.105877,9031.34
TP-0003014,OPP-00660,LEAD-003607,2,3,2023-08-31,14,paid_search,google_brand_keywords_2023,click,/lp/roi-calculator,AST-0018,33,0,0,0.100907,8607.4
TP-0003015,OPP-00660,LEAD-003607,3,3,2023-09-05,9,paid_search,google_brand_keywords_2023,form_fill,/lp/demo-gratis,AST-0015,54,0,1,0.793215,67661.25
TP-0003016,OPP-00661,LEAD-003609,1,4,2023-08-19,41,webinar_evento,evento_crm_gestores_q3,impression,/webinar/integracao-erp-ao-vivo,AST-0012,14,1,0,0.003119,131.92
TP-0003017,OPP-00661,LEAD-003609,2,4,2023-08-23,37,webinar_evento,bf-23,click,/webinar/crm-para-gestores,AST-0013,35,0,0,0.009577,405.11
TP-0003018,OPP-00661,LEAD-003609,3,4,2023-09-09,20,webinar_evento,black_friday_2023,form_fill,/lp/trial-30-dias,AST-0016,71,0,0,0.118267,5002.68
TP-0003019,OPP-00661,LEAD-003609,4,4,2023-09-26,3,webinar_evento,campanha-natal-2023,demo_request,/webinar/crm-para-gestores,AST-0013,86,0,1,0.869038,36760.29
TP-0003020,OPP-00662,LEAD-003614,1,5,2023-08-04,44,organic_search,(none),impression,/blog/automacao-marketing-b2b,AST-0004,1,1,0,0.007979,224.22
TP-0003021,OPP-00662,LEAD-003614,2,5,2023-08-12,36,organic_search,(not set),click,/webinar/integracao-erp-ao-vivo,AST-0012,25,0,0,0.032607,916.26
TP-0003022,OPP-00662,LEAD-003614,3,5,2023-08-25,23,organic_search,,content_view,/blog/integracao-erp-sistemas,AST-0003,28,0,0,0.110034,3091.94
TP-0003023,OPP-00662,LEAD-003614,4,5,2023-08-30,18,organic_search,,form_fill,/produto/crm-integracao,AST-0019,76,0,0,0.432477,12152.6
TP-0003024,OPP-00662,LEAD-003614,5,5,2023-09-11,6,organic_search,(not set),click,/produto/crm-integracao,AST-0019,33,0,1,0.416903,11714.98
TP-0003025,OPP-00663,LEAD-003620,1,3,2023-08-13,43,webinar_evento,evento_crm_gestores_q3,impression,/webinar/crm-para-gestores,AST-0013,12,1,0,0.024181,889.88
TP-0003026,OPP-00663,LEAD-003620,2,3,2023-08-18,38,webinar_evento,black_friday_2023,click,/webinar/automacao-vendas-demo,AST-0014,13,0,0,0.079756,2935.03
TP-0003027,OPP-00663,LEAD-003620,3,3,2023-08-28,28,webinar_evento,campanha_natal_2023,form_fill,/webinar/integracao-erp-ao-vivo,AST-0012,70,0,1,0.896062,32975.09
TP-0003028,OPP-00664,LEAD-003621,1,3,2023-08-31,19,paid_search,google_brand_keywords_2023,click,/lp/demo-gratis,AST-0015,27,1,0,0.069563,2142.53
TP-0003029,OPP-00664,LEAD-003621,2,3,2023-09-04,15,paid_search,crm-b2b-keywords-2023,click,/produto/erp-connector,AST-0020,12,0,0,0.071206,2193.14
TP-0003030,OPP-00664,LEAD-003621,3,3,2023-09-15,4,paid_search,google_branded_2023,form_fill,/produto/api-marketplace,AST-0021,80,0,1,0.859232,26464.33
TP-0003031,OPP-00665,LEAD-003625,1,5,2023-08-10,44,paid_search,pesquisa_concorrentes_q3_2023,click,/produto/api-marketplace,AST-0021,30,1,0,0.008362,964.09
TP-0003032,OPP-00665,LEAD-003625,2,5,2023-08-14,40,organic_search,,click,/produto/erp-connector,AST-0020,20,0,0,0.008559,986.86
TP-0003033,OPP-00665,LEAD-003625,3,5,2023-09-06,17,organic_search,,form_fill,/blog/churn-saas-brasil,AST-0005,59,0,0,0.162249,18707.34
TP-0003034,OPP-00665,LEAD-003625,4,5,2023-09-19,4,organic_search,(not set),demo_request,/blog/gestao-vendas-b2b,AST-0001,71,0,0,0.597288,68867.26
TP-0003035,OPP-00665,LEAD-003625,5,5,2023-09-23,0,organic_search,(none),click,/produto/crm-integracao,AST-0019,14,0,1,0.223543,25774.45
TP-0003036,OPP-00666,LEAD-003628,1,6,2023-08-10,43,organic_search,,impression,/produto/api-marketplace,AST-0021,1,1,0,0.007579,300.15
TP-0003037,OPP-00666,LEAD-003628,2,6,2023-08-10,43,organic_search,,click,/produto/erp-connector,AST-0020,8,0,0,0.017491,692.64
TP-0003038,OPP-00666,LEAD-003628,3,6,2023-08-15,38,organic_search,(not set),content_view,/produto/api-marketplace,AST-0021,33,0,0,0.033332,1319.94
TP-0003039,OPP-00666,LEAD-003628,4,6,2023-08-15,38,organic_search,(not set),form_fill,/blog/churn-saas-brasil,AST-0005,72,0,0,0.091662,3629.83
TP-0003040,OPP-00666,LEAD-003628,5,6,2023-09-05,17,organic_search,,proposal_sent,/produto/api-marketplace,AST-0021,86,0,0,0.522839,20704.41
TP-0003041,OPP-00666,LEAD-003628,6,6,2023-09-20,2,organic_search,(not set),email_open,/blog/leads-qualificados-b2b,AST-0007,25,0,1,0.327097,12953.04
TP-0003042,OPP-00667,LEAD-003630,1,7,2023-08-16,41,webinar_evento,campanha_natal_2023,impression,/blog/automacao-marketing-b2b,AST-0004,1,1,0,0.005403,510.01
TP-0003043,OPP-00667,LEAD-003630,2,7,2023-08-22,35,webinar_evento,black_friday_2023,click,/lp/demo-gratis,AST-0015,28,0,0,0.019139,1806.7
TP-0003044,OPP-00667,LEAD-003630,3,7,2023-08-31,26,webinar_evento,webinar_integracao_erp_2023,form_fill,/ebook/integracao-sistemas-guia,AST-0011,84,0,0,0.133467,12599.32
TP-0003045,OPP-00667,LEAD-003630,4,7,2023-09-03,23,webinar_evento,bf-23,demo_request,/lp/demo-gratis,AST-0015,76,0,0,0.240528,22705.84
TP-0003046,OPP-00667,LEAD-003630,5,7,2023-09-06,20,webinar_evento,black_friday_2023,sales_call,/lp/trial-30-dias,AST-0016,100,0,0,0.33526,31648.51
TP-0003047,OPP-00667,LEAD-003630,6,7,2023-09-11,15,webinar_evento,webinar_integracao_erp_2023,content_view,/webinar/integracao-erp-ao-vivo,AST-0012,43,0,0,0.106481,10051.85
TP-0003048,OPP-00667,LEAD-003630,7,7,2023-09-11,15,webinar_evento,campanha-natal-2023,content_view,/webinar/crm-para-gestores,AST-0013,27,0,1,0.159722,15077.77
TP-0003049,OPP-00668,LEAD-003631,1,5,2023-08-13,41,organic_search,(none),impression,/blog/gestao-vendas-b2b,AST-0001,12,1,0,0.009357,982.48
TP-0003050,OPP-00668,LEAD-003631,2,5,2023-08-19,35,organic_search,(none),click,/blog/integracao-erp-sistemas,AST-0003,35,0,0,0.033147,3480.4
TP-0003051,OPP-00668,LEAD-003631,3,5,2023-08-24,30,organic_search,,content_view,/produto/api-marketplace,AST-0021,35,0,0,0.063166,6632.43
TP-0003052,OPP-00668,LEAD-003631,4,5,2023-09-02,21,organic_search,,form_fill,/produto/erp-connector,AST-0020,58,0,0,0.330374,34689.23
TP-0003053,OPP-00668,LEAD-003631,5,5,2023-09-22,1,organic_search,(not set),click,/blog/leads-qualificados-b2b,AST-0007,27,0,1,0.563957,59215.46
TP-0003054,OPP-00669,LEAD-003637,1,3,2023-08-13,35,direct,(direct),click,/produto/crm-integracao,AST-0019,29,1,0,0.081844,14208.14
TP-0003055,OPP-00669,LEAD-003637,2,3,2023-08-14,34,direct,(direct),form_fill,/produto/erp-connector,AST-0020,47,0,0,0.247934,43041.4
TP-0003056,OPP-00669,LEAD-003637,3,3,2023-08-17,31,direct,(not set),demo_request,/produto/erp-connector,AST-0020,94,0,1,0.670222,116350.45
TP-0003057,OPP-00670,LEAD-003644,1,8,2023-08-13,43,linkedin_ads,linkedin_decisores_ti_2023,impression,/webinar/automacao-vendas-demo,AST-0014,1,1,0,0.002436,122.53
TP-0003058,OPP-00670,LEAD-003644,2,8,2023-08-16,40,linkedin_ads,linkedin_prospeccao_q3_2023,click,/webinar/automacao-vendas-demo,AST-0014,22,0,0,0.006965,350.33
TP-0003059,OPP-00670,LEAD-003644,3,8,2023-08-27,29,linkedin_ads,linkedin_prospeccao_q3_2023,content_view,/webinar/integracao-erp-ao-vivo,AST-0012,29,0,0,0.020374,1024.81
TP-0003060,OPP-00670,LEAD-003644,4,8,2023-08-29,27,linkedin_ads,lkd_awareness_2023,demo_request,/ebook/crm-para-varejo,AST-0008,90,0,0,0.094011,4728.75
TP-0003061,OPP-00670,LEAD-003644,5,8,2023-09-11,14,linkedin_ads,linkedin_gestores_2023,sales_call,/webinar/integracao-erp-ao-vivo,AST-0012,79,0,0,0.267673,13463.94
TP-0003062,OPP-00670,LEAD-003644,6,8,2023-09-12,13,linkedin_ads,linkedin_prospecao_q3_2023,impression,/lp/roi-calculator,AST-0018,17,0,0,0.015972,803.38
TP-0003063,OPP-00670,LEAD-003644,7,8,2023-09-15,10,linkedin_ads,linkedin_prospeccao_q3_2023,email_open,/blog/leads-qualificados-b2b,AST-0007,9,0,0,0.039577,1990.74
TP-0003064,OPP-00670,LEAD-003644,8,8,2023-09-19,6,linkedin_ads,lkd_awareness_2023,proposal_sent,/webinar/integracao-erp-ao-vivo,AST-0012,88,0,1,0.552993,27815.53
TP-0003065,OPP-00671,LEAD-003645,1,3,2023-08-22,41,organic_search,,impression,/produto/crm-integracao,AST-0019,7,1,0,0.051582,8505.95
TP-0003066,OPP-00671,LEAD-003645,2,3,2023-09-04,28,organic_search,(not set),click,/produto/erp-connector,AST-0020,25,0,0,0.301268,49679.14
TP-0003067,OPP-00671,LEAD-003645,3,3,2023-09-05,27,organic_search,,content_view,/lp/demo-gratis,AST-0015,21,0,1,0.647149,106714.91
TP-0003068,OPP-00672,LEAD-003647,1,5,2023-08-17,40,paid_search,pesquisa_concorrentes_q3_2023,click,/lp/roi-calculator,AST-0018,16,1,0,0.015265,925.08
TP-0003069,OPP-00672,LEAD-003647,2,5,2023-08-20,37,organic_search,(not set),click,/blog/leads-qualificados-b2b,AST-0007,4,0,0,0.014549,881.65
TP-0003070,OPP-00672,LEAD-003647,3,5,2023-08-26,31,organic_search,,form_fill,/produto/erp-connector,AST-0020,70,0,0,0.081889,4962.45
TP-0003071,OPP-00672,LEAD-003647,4,5,2023-09-16,10,organic_search,,demo_request,/produto/crm-integracao,AST-0019,100,0,0,0.533817,32349.32
TP-0003072,OPP-00672,LEAD-003647,5,5,2023-09-24,2,organic_search,,content_view,/blog/leads-qualificados-b2b,AST-0007,40,0,1,0.35448,21481.5
TP-0003073,OPP-00673,LEAD-003650,1,7,2023-08-10,39,linkedin_ads,linkedin_gestores_2023,impression,/webinar/crm-para-gestores,AST-0013,17,1,0,0.005951,698.02
TP-0003074,OPP-00673,LEAD-003650,2,7,2023-08-25,24,organic_search,(not set),click,/produto/erp-connector,AST-0020,21,0,0,0.040092,4702.85
TP-0003075,OPP-00673,LEAD-003650,3,7,2023-08-26,23,organic_search,,content_view,/blog/gestao-vendas-b2b,AST-0001,18,0,0,0.057415,6734.73
TP-0003076,OPP-00673,LEAD-003650,4,7,2023-08-29,20,organic_search,(none),demo_request,/blog/churn-saas-brasil,AST-0005,100,0,0,0.284541,33376.71
TP-0003077,OPP-00673,LEAD-003650,5,7,2023-09-02,16,organic_search,(none),sales_call,/blog/leads-qualificados-b2b,AST-0007,85,0,0,0.425973,49966.65
TP-0003078,OPP-00673,LEAD-003650,6,7,2023-09-07,11,organic_search,,impression,/ebook/integracao-sistemas-guia,AST-0011,12,0,0,0.033823,3967.46
TP-0003079,OPP-00673,LEAD-003650,7,7,2023-09-07,11,organic_search,(none),click,/ebook/crm-para-varejo,AST-0008,38,0,1,0.152204,17853.58
TP-0003080,OPP-00674,LEAD-003651,1,2,2023-08-28,29,organic_search,,impression,/lp/demo-gratis,AST-0015,12,1,0,0.158386,4434.81
TP-0003081,OPP-00674,LEAD-003651,2,2,2023-09-03,23,organic_search,,click,/webinar/automacao-vendas-demo,AST-0014,34,0,1,0.841614,23565.19
TP-0003082,OPP-00675,LEAD-003662,1,5,2023-08-28,21,direct,,click,/produto/erp-connector,AST-0020,22,1,0,0.029222,2828.7
TP-0003083,OPP-00675,LEAD-003662,2,5,2023-08-29,20,direct,,form_fill,/produto/crm-integracao,AST-0019,61,0,0,0.088524,8569.11
TP-0003084,OPP-00675,LEAD-003662,3,5,2023-09-06,12,direct,(direct),demo_request,/blog/funil-vendas-complexas,AST-0006,80,0,0,0.228011,22071.47
TP-0003085,OPP-00675,LEAD-003662,4,5,2023-09-10,8,direct,(direct),sales_call,/produto/erp-connector,AST-0020,99,0,0,0.341344,33042.12
TP-0003086,OPP-00675,LEAD-003662,5,5,2023-09-10,8,direct,,form_fill,/webinar/crm-para-gestores,AST-0013,80,0,1,0.312899,30288.61
TP-0003087,OPP-00676,LEAD-003663,1,3,2023-08-19,41,paid_search,google_branded_2023,click,/lp/comparativo-erp,AST-0017,18,1,0,0.01552,451.63
TP-0003088,OPP-00676,LEAD-003663,2,3,2023-09-11,18,paid_search,google_branded_2023,click,/produto/erp-connector,AST-0020,33,0,0,0.061721,1796.07
TP-0003089,OPP-00676,LEAD-003663,3,3,2023-09-25,4,paid_search,integracao_erp_pesquisa_2023,form_fill,/blog/leads-qualificados-b2b,AST-0007,60,0,1,0.922759,26852.29
TP-0003090,OPP-00677,LEAD-003670,1,5,2023-08-13,42,paid_search,crm-b2b-keywords-2023,click,/lp/comparativo-erp,AST-0017,23,1,0,0.014445,1846.1
TP-0003091,OPP-00677,LEAD-003670,2,5,2023-08-16,39,paid_search,pesquisa_concorrentes_q3_2023,click,/lp/trial-30-dias,AST-0016,29,0,0,0.013767,1759.44
TP-0003092,OPP-00677,LEAD-003670,3,5,2023-08-25,30,paid_search,google_branded_2023,form_fill,/produto/api-marketplace,AST-0021,79,0,0,0.096007,12269.72
TP-0003093,OPP-00677,LEAD-003670,4,5,2023-09-05,19,paid_search,integracao_erp_pesquisa_2023,demo_request,/produto/api-marketplace,AST-0021,84,0,0,0.306381,39155.54
TP-0003094,OPP-00677,LEAD-003670,5,5,2023-09-08,16,paid_search,google_branded_2023,demo_request,/ebook/crm-para-varejo,AST-0008,83,0,1,0.569399,72769.2
TP-0003095,OPP-00678,LEAD-003673,1,4,2023-08-29,20,direct,(not set),click,/lp/demo-gratis,AST-0015,28,1,0,0.022884,2107.61
TP-0003096,OPP-00678,LEAD-003673,2,4,2023-09-05,13,direct,(direct),form_fill,/produto/erp-connector,AST-0020,81,0,0,0.106416,9800.88
TP-0003097,OPP-00678,LEAD-003673,3,4,2023-09-12,6,direct,(direct),demo_request,/lp/roi-calculator,AST-0018,61,0,0,0.255199,23503.87
TP-0003098,OPP-00678,LEAD-003673,4,4,2023-09-17,1,direct,(not set),sales_call,/lp/comparativo-erp,AST-0017,96,0,1,0.615501,56687.64
TP-0003099,OPP-00679,LEAD-003691,1,4,2023-08-26,29,direct,(not set),click,/produto/crm-integracao,AST-0019,28,1,0,0.014389,2276.36
TP-0003100,OPP-00679,LEAD-003691,2,4,2023-09-04,20,direct,,form_fill,/webinar/integracao-erp-ao-vivo,AST-0012,49,0,0,0.077188,12211.19
TP-0003101,OPP-00679,LEAD-003691,3,4,2023-09-10,14,direct,(not set),demo_request,/lp/demo-gratis,AST-0015,78,0,0,0.172347,27265.37
TP-0003102,OPP-00679,LEAD-003691,4,4,2023-09-23,1,direct,,sales_call,/produto/crm-integracao,AST-0019,72,0,1,0.736075,116447.09
TP-0003103,OPP-00680,LEAD-003696,1,2,2023-08-13,36,organic_search,(none),impression,/produto/api-marketplace,AST-0021,11,1,0,0.224138,15936.21
TP-0003104,OPP-00680,LEAD-003696,2,2,2023-08-13,36,organic_search,(none),click,/blog/churn-saas-brasil,AST-0005,28,0,1,0.775862,55163.79
TP-0003105,OPP-00681,LEAD-003698,1,4,2023-08-26,37,paid_search,google_brand_keywords_2023,click,/lp/comparativo-erp,AST-0017,19,1,0,0.017836,1410.79
TP-0003106,OPP-00681,LEAD-003698,2,4,2023-09-03,29,meta_ads,fb-leads-varejo-2023,click,/lp/trial-30-dias,AST-0016,16,0,0,0.024295,1921.71
TP-0003107,OPP-00681,LEAD-003698,3,4,2023-09-10,22,meta_ads,facebook_retargeting_2023,form_fill,/ebook/roi-tecnologia-empresas,AST-0010,85,0,0,0.146869,11617.32
TP-0003108,OPP-00681,LEAD-003698,4,4,2023-09-23,9,meta_ads,meta_awareness_2023,demo_request,/lp/roi-calculator,AST-0018,94,0,1,0.811001,64150.18
TP-0003109,OPP-00682,LEAD-003713,1,4,2023-08-20,35,direct,,click,/lp/trial-30-dias,AST-0016,20,1,0,0.00842,720.79
TP-0003110,OPP-00682,LEAD-003713,2,4,2023-09-14,10,direct,(direct),form_fill,/ebook/crm-para-varejo,AST-0008,52,0,0,0.14164,12124.39
TP-0003111,OPP-00682,LEAD-003713,3,4,2023-09-20,4,direct,,demo_request,/ebook/integracao-sistemas-guia,AST-0011,75,0,0,0.316257,27071.56
TP-0003112,OPP-00682,LEAD-003713,4,4,2023-09-20,4,direct,(not set),sales_call,/lp/roi-calculator,AST-0018,89,0,1,0.533683,45683.26
TP-0003113,OPP-00683,LEAD-003716,1,3,2023-08-12,43,paid_search,integracao_erp_pesquisa_2023,click,/webinar/integracao-erp-ao-vivo,AST-0012,15,1,0,0.022879,636.02
TP-0003114,OPP-00683,LEAD-003716,2,3,2023-09-04,20,paid_search,google_branded_2023,click,/produto/erp-connector,AST-0020,36,0,0,0.090985,2529.38
TP-0003115,OPP-00683,LEAD-003716,3,3,2023-09-12,12,paid_search,google_branded_2023,form_fill,/produto/erp-connector,AST-0020,57,0,1,0.886136,24634.59
TP-0003116,OPP-00684,LEAD-003720,1,2,2023-08-19,44,paid_search,google_branded_2023,click,/produto/crm-integracao,AST-0019,32,1,0,0.193283,4870.74
TP-0003117,OPP-00684,LEAD-003720,2,2,2023-09-06,26,paid_search,pesquisa_concorrentes_q3_2023,click,/lp/trial-30-dias,AST-0016,13,0,1,0.806717,20329.26
TP-0003118,OPP-00685,LEAD-003727,1,4,2023-09-02,35,paid_search,pesquisa_concorrentes_q3_2023,click,/lp/comparativo-erp,AST-0017,20,1,0,0.020642,1657.58
TP-0003119,OPP-00685,LEAD-003727,2,4,2023-09-21,16,organic_search,(none),click,/blog/crm-para-industria,AST-0002,28,0,0,0.06169,4953.72
TP-0003120,OPP-00685,LEAD-003727,3,4,2023-09-23,14,organic_search,(none),form_fill,/ebook/crm-para-varejo,AST-0008,65,0,0,0.260933,20952.93
TP-0003121,OPP-00685,LEAD-003727,4,4,2023-09-25,12,organic_search,,demo_request,/blog/integracao-erp-sistemas,AST-0003,77,0,1,0.656734,52735.77
TP-0003122,OPP-00686,LEAD-003740,1,5,2023-09-01,35,organic_search,(not set),impression,/produto/crm-integracao,AST-0019,1,1,0,0.005593,235.47
TP-0003123,OPP-00686,LEAD-003740,2,5,2023-09-09,27,email_marketing,email_reengajamento_q3_2023,click,/webinar/automacao-vendas-demo,AST-0014,16,0,0,0.022856,962.25
TP-0003124,OPP-00686,LEAD-003740,3,5,2023-09-13,23,email_marketing,email_nurture_leads_2023,content_view,/ebook/roi-tecnologia-empresas,AST-0010,50,0,0,0.040553,1707.3
TP-0003125,OPP-00686,LEAD-003740,4,5,2023-09-13,23,email_marketing,email_reengajamento_q3_2023,form_fill,/webinar/crm-para-gestores,AST-0013,83,0,0,0.111522,4695.07
TP-0003126,OPP-00686,LEAD-003740,5,5,2023-09-30,6,email_marketing,email_reengajamento_q3_2023,demo_request,/webinar/integracao-erp-ao-vivo,AST-0012,84,0,1,0.819475,34499.92
TP-0003127,OPP-00687,LEAD-003742,1,4,2023-09-02,31,direct,,click,/produto/crm-integracao,AST-0019,34,1,0,0.016116,1829.19
TP-0003128,OPP-00687,LEAD-003742,2,4,2023-09-06,27,direct,,form_fill,/produto/api-marketplace,AST-0021,59,0,0,0.060489,6865.5
TP-0003129,OPP-00687,LEAD-003742,3,4,2023-09-14,19,direct,(not set),demo_request,/produto/crm-integracao,AST-0019,88,0,0,0.155802,17683.48
TP-0003130,OPP-00687,LEAD-003742,4,4,2023-09-29,4,direct,(not set),sales_call,/ebook/gestao-pipeline-vendas,AST-0009,80,0,1,0.767593,87121.83
TP-0003131,OPP-00688,LEAD-003752,1,5,2023-08-14,40,organic_search,(not set),impression,/produto/erp-connector,AST-0020,35,1,0,0.008203,1148.39
TP-0003132,OPP-00688,LEAD-003752,2,5,2023-08-29,25,webinar_evento,campanha_natal_2023,click,/webinar/automacao-vendas-demo,AST-0014,28,0,0,0.055265,7737.17
TP-0003133,OPP-00688,LEAD-003752,3,5,2023-09-04,19,webinar_evento,black_friday_2023,content_view,/produto/erp-connector,AST-0020,34,0,0,0.113115,15836.05
TP-0003134,OPP-00688,LEAD-003752,4,5,2023-09-10,13,webinar_evento,evento_crm_gestores_q3,form_fill,/lp/demo-gratis,AST-0015,49,0,0,0.477505,66850.68
TP-0003135,OPP-00688,LEAD-003752,5,5,2023-09-18,5,webinar_evento,campanha_natal_2023,click,/webinar/automacao-vendas-demo,AST-0014,17,0,1,0.345912,48427.71
TP-0003136,OPP-00689,LEAD-003755,1,4,2023-09-14,25,linkedin_ads,linkedin_prospeccao_q3_2023,impression,/produto/erp-connector,AST-0020,3,1,0,0.008115,913.75
TP-0003137,OPP-00689,LEAD-003755,2,4,2023-09-15,24,linkedin_ads,linkedin_decisores_ti_2023,click,/blog/automacao-marketing-b2b,AST-0004,27,0,0,0.020113,2264.78
TP-0003138,OPP-00689,LEAD-003755,3,4,2023-09-30,9,linkedin_ads,linkedin_prospeccao_q3_2023,content_view,/webinar/automacao-vendas-demo,AST-0014,44,0,0,0.078296,8816.18
TP-0003139,OPP-00689,LEAD-003755,4,4,2023-10-09,0,linkedin_ads,linkedin_prospecao_q4_2023,demo_request,/blog/funil-vendas-complexas,AST-0006,89,0,1,0.893475,100605.29
TP-0003140,OPP-00690,LEAD-003757,1,2,2023-08-30,23,paid_search,crm-b2b-keywords-2023,click,/ebook/gestao-pipeline-vendas,AST-0009,25,1,0,0.328599,21983.26
TP-0003141,OPP-00690,LEAD-003757,2,2,2023-09-07,15,paid_search,pesquisa_concorrentes_q3_2023,click,/produto/api-marketplace,AST-0021,22,0,1,0.671401,44916.74
TP-0003142,OPP-00691,LEAD-003759,1,6,2023-08-21,40,organic_search,,impression,/blog/automacao-marketing-b2b,AST-0004,22,1,0,0.004945,648.34
TP-0003143,OPP-00691,LEAD-003759,2,6,2023-09-02,28,organic_search,(not set),click,/lp/comparativo-erp,AST-0017,19,0,0,0.026893,3525.61
TP-0003144,OPP-00691,LEAD-003759,3,6,2023-09-05,25,organic_search,(none),content_view,/blog/churn-saas-brasil,AST-0005,32,0,0,0.044426,5824.19
TP-0003145,OPP-00691,LEAD-003759,4,6,2023-09-15,15,organic_search,,form_fill,/blog/churn-saas-brasil,AST-0005,54,0,0,0.249561,32717.41
TP-0003146,OPP-00691,LEAD-003759,5,6,2023-09-18,12,organic_search,,demo_request,/blog/crm-para-industria,AST-0002,77,0,0,0.449745,58961.6
TP-0003147,OPP-00691,LEAD-003759,6,6,2023-09-22,8,organic_search,(not set),content_view,/webinar/crm-para-gestores,AST-0013,31,0,1,0.224431,29422.85
TP-0003148,OPP-00692,LEAD-003762,1,3,2023-08-25,31,meta_ads,meta_awareness_2023,impression,/ebook/crm-para-varejo,AST-0008,20,1,0,0.014968,1315.7
TP-0003149,OPP-00692,LEAD-003762,2,3,2023-09-04,21,meta_ads,fb-leads-varejo-2023,click,/lp/comparativo-erp,AST-0017,21,0,0,0.070559,6202.18
TP-0003150,OPP-00692,LEAD-003762,3,3,2023-09-16,9,meta_ads,ig_gestores_b2b_q3,form_fill,/ebook/gestao-pipeline-vendas,AST-0009,64,0,1,0.914472,80382.12
TP-0003151,OPP-00693,LEAD-003765,1,3,2023-08-13,41,paid_search,google_brand_keywords_2023,click,/lp/trial-30-dias,AST-0016,19,1,0,0.030223,1888.93
TP-0003152,OPP-00693,LEAD-003765,2,3,2023-08-14,40,paid_search,crm-b2b-keywords-2023,click,/produto/crm-integracao,AST-0019,37,0,0,0.02497,1560.6
TP-0003153,OPP-00693,LEAD-003765,3,3,2023-09-10,13,paid_search,pesquisa_concorrentes_q3_2023,form_fill,/webinar/crm-para-gestores,AST-0013,59,0,1,0.944808,59050.47
TP-0003154,OPP-00694,LEAD-003766,1,5,2023-08-28,30,webinar_evento,black_friday_2023,impression,/produto/crm-integracao,AST-0019,13,1,0,0.004301,520.01
TP-0003155,OPP-00694,LEAD-003766,2,5,2023-08-28,30,webinar_evento,black_friday_2023,click,/webinar/crm-para-gestores,AST-0013,28,0,0,0.009926,1200.02
TP-0003156,OPP-00694,LEAD-003766,3,5,2023-09-02,25,webinar_evento,webinar_integracao_erp_2023,form_fill,/webinar/automacao-vendas-demo,AST-0014,72,0,0,0.052016,6288.76
TP-0003157,OPP-00694,LEAD-003766,4,5,2023-09-20,7,webinar_evento,bf-23,demo_request,/lp/comparativo-erp,AST-0017,80,0,0,0.273681,33088.05
TP-0003158,OPP-00694,LEAD-003766,5,5,2023-09-25,2,webinar_evento,campanha_natal_2023,sales_call,/blog/automacao-marketing-b2b,AST-0004,90,0,1,0.660076,79803.16
TP-0003159,OPP-00695,LEAD-003772,1,4,2023-09-01,35,webinar_evento,evento_crm_gestores_q3,impression,/lp/roi-calculator,AST-0018,2,1,0,0.00486,1079.88
TP-0003160,OPP-00695,LEAD-003772,2,4,2023-09-06,30,meta_ads,facebook_retargeting_2023,click,/produto/erp-connector,AST-0020,32,0,0,0.016029,3561.7
TP-0003161,OPP-00695,LEAD-003772,3,4,2023-09-13,23,meta_ads,fb-leads-varejo-2023,form_fill,/ebook/crm-para-varejo,AST-0008,70,0,0,0.096902,21531.6
TP-0003162,OPP-00695,LEAD-003772,4,4,2023-10-03,3,meta_ads,fb-leads-varejo-2023,demo_request,/ebook/gestao-pipeline-vendas,AST-0009,68,0,1,0.882209,196026.82
TP-0003163,OPP-00696,LEAD-003774,1,2,2023-08-27,28,organic_search,(none),impression,/produto/crm-integracao,AST-0019,6,1,0,0.037626,1106.2
TP-0003164,OPP-00696,LEAD-003774,2,2,2023-09-24,0,organic_search,,click,/produto/erp-connector,AST-0020,9,0,1,0.962374,28293.8
TP-0003165,OPP-00697,LEAD-003785,1,4,2023-09-05,32,paid_search,google_brand_keywords_2023,click,/produto/erp-connector,AST-0020,31,1,0,0.011458,673.72
TP-0003166,OPP-00697,LEAD-003785,2,4,2023-10-01,6,organic_search,(none),click,/produto/erp-connector,AST-0020,25,0,0,0.056455,3319.56
TP-0003167,OPP-00697,LEAD-003785,3,4,2023-10-03,4,organic_search,(not set),form_fill,/blog/integracao-erp-sistemas,AST-0003,64,0,0,0.23879,14040.87
TP-0003168,OPP-00697,LEAD-003785,4,4,2023-10-07,0,organic_search,,demo_request,/ebook/crm-para-varejo,AST-0008,81,0,1,0.693297,40765.86
TP-0003169,OPP-00698,LEAD-003806,1,4,2023-08-15,44,paid_search,google_branded_2023,click,/lp/demo-gratis,AST-0015,13,1,0,0.007998,1050.92
TP-0003170,OPP-00698,LEAD-003806,2,4,2023-08-27,32,organic_search,(not set),click,/blog/crm-para-industria,AST-0002,52,0,0,0.014497,1904.93
TP-0003171,OPP-00698,LEAD-003806,3,4,2023-08-28,31,organic_search,(none),form_fill,/blog/funil-vendas-complexas,AST-0006,73,0,0,0.057092,7501.89
TP-0003172,OPP-00698,LEAD-003806,4,4,2023-09-25,3,organic_search,(none),demo_request,/blog/gestao-vendas-b2b,AST-0001,73,0,1,0.920413,120942.27
TP-0003173,OPP-00699,LEAD-003808,1,4,2023-09-07,30,paid_search,google_brand_keywords_2023,click,/ebook/integracao-sistemas-guia,AST-0011,25,1,0,0.054086,1692.88
TP-0003174,OPP-00699,LEAD-003808,2,4,2023-09-09,28,organic_search,,click,/produto/crm-integracao,AST-0019,25,0,0,0.047993,1502.19
TP-0003175,OPP-00699,LEAD-003808,3,4,2023-09-12,25,organic_search,,form_fill,/blog/funil-vendas-complexas,AST-0006,69,0,0,0.21803,6824.33
TP-0003176,OPP-00699,LEAD-003808,4,4,2023-09-17,20,organic_search,,demo_request,/produto/api-marketplace,AST-0021,79,0,1,0.679891,21280.6
TP-0003177,OPP-00700,LEAD-003811,1,2,2023-09-01,27,direct,,click,/webinar/automacao-vendas-demo,AST-0014,30,1,0,0.070094,11551.55
TP-0003178,OPP-00700,LEAD-003811,2,2,2023-09-17,11,direct,(direct),form_fill,/ebook/integracao-sistemas-guia,AST-0011,45,0,1,0.929906,153248.45
TP-0003179,OPP-00701,LEAD-003817,1,7,2023-09-01,33,linkedin_ads,linkedin_prospeccao_q3_2023,impression,/ebook/integracao-sistemas-guia,AST-0011,5,1,0,0.004975,232.81
TP-0003180,OPP-00701,LEAD-003817,2,7,2023-09-06,28,linkedin_ads,lkd_awareness_2023,click,/webinar/crm-para-gestores,AST-0013,32,0,0,0.016408,767.88
TP-0003181,OPP-00701,LEAD-003817,3,7,2023-09-06,28,linkedin_ads,linkedin_gestores_2023,content_view,/lp/roi-calculator,AST-0018,28,0,0,0.021877,1023.84
TP-0003182,OPP-00701,LEAD-003817,4,7,2023-09-11,23,linkedin_ads,lkd_awareness_2023,demo_request,/ebook/roi-tecnologia-empresas,AST-0010,81,0,0,0.125069,5853.24
TP-0003183,OPP-00701,LEAD-003817,5,7,2023-09-21,13,linkedin_ads,linkedin_decisores_ti_2023,sales_call,/webinar/crm-para-gestores,AST-0013,96,0,0,0.287418,13451.14
TP-0003184,OPP-00701,LEAD-003817,6,7,2023-09-30,4,linkedin_ads,lkd_awareness_2023,form_fill,/ebook/integracao-sistemas-guia,AST-0011,77,0,0,0.334059,15633.94
TP-0003185,OPP-00701,LEAD-003817,7,7,2023-10-02,2,linkedin_ads,linkedin_prospeccao_q4_2023,content_view,/ebook/gestao-pipeline-vendas,AST-0009,37,0,1,0.210195,9837.15
TP-0003186,OPP-00702,LEAD-003822,1,6,2023-08-27,40,webinar_evento,campanha_natal_2023,impression,/webinar/crm-para-gestores,AST-0013,20,1,0,0.005611,670.55
TP-0003187,OPP-00702,LEAD-003822,2,6,2023-09-02,34,webinar_evento,black_friday_2023,click,/lp/roi-calculator,AST-0018,40,0,0,0.019878,2375.38
TP-0003188,OPP-00702,LEAD-003822,3,6,2023-09-06,30,webinar_evento,campanha_natal_2023,form_fill,/lp/roi-calculator,AST-0018,77,0,0,0.096989,11590.15
TP-0003189,OPP-00702,LEAD-003822,4,6,2023-09-11,25,webinar_evento,campanha_natal_2023,demo_request,/produto/api-marketplace,AST-0021,81,0,0,0.201629,24094.7
TP-0003190,OPP-00702,LEAD-003822,5,6,2023-09-12,24,webinar_evento,evento_crm_gestores_q3,sales_call,/webinar/automacao-vendas-demo,AST-0014,80,0,0,0.243628,29113.55
TP-0003191,OPP-00702,LEAD-003822,6,6,2023-09-16,20,webinar_evento,campanha_natal_2023,demo_request,/ebook/integracao-sistemas-guia,AST-0011,73,0,1,0.432265,51655.67
TP-0003192,OPP-00703,LEAD-003833,1,5,2023-09-16,20,paid_search,google_brand_keywords_2023,click,/lp/trial-30-dias,AST-0016,31,1,0,0.043059,5554.6
TP-0003193,OPP-00703,LEAD-003833,2,5,2023-09-28,8,organic_search,,click,/produto/erp-connector,AST-0020,12,0,0,0.07805,10068.42
TP-0003194,OPP-00703,LEAD-003833,3,5,2023-09-29,7,organic_search,(none),form_fill,/ebook/integracao-sistemas-guia,AST-0011,68,0,0,0.307372,39650.99
TP-0003195,OPP-00703,LEAD-003833,4,5,2023-10-01,5,organic_search,,demo_request,/blog/crm-para-industria,AST-0002,96,0,0,0.515743,66530.89
TP-0003196,OPP-00703,LEAD-003833,5,5,2023-10-03,3,organic_search,(not set),impression,/blog/funil-vendas-complexas,AST-0006,1,0,1,0.055776,7195.1
TP-0003197,OPP-00704,LEAD-003850,1,4,2023-08-20,40,organic_search,(none),impression,/blog/gestao-vendas-b2b,AST-0001,30,1,0,0.005983,443.33
TP-0003198,OPP-00704,LEAD-003850,2,4,2023-09-03,26,direct,(not set),click,/produto/erp-connector,AST-0020,26,0,0,0.03753,2780.98
TP-0003199,OPP-00704,LEAD-003850,3,4,2023-09-12,17,direct,(not set),content_view,/lp/roi-calculator,AST-0018,60,0,0,0.095172,7052.21
TP-0003200,OPP-00704,LEAD-003850,4,4,2023-09-23,6,direct,(direct),form_fill,/blog/funil-vendas-complexas,AST-0006,66,0,1,0.861316,63823.49
TP-0003201,OPP-00705,LEAD-003862,1,6,2023-09-06,39,webinar_evento,campanha-natal-2023,impression,/lp/demo-gratis,AST-0015,10,1,0,0.006508,345.59
TP-0003202,OPP-00705,LEAD-003862,2,6,2023-09-10,35,direct,,click,/produto/crm-integracao,AST-0019,17,0,0,0.019986,1061.26
TP-0003203,OPP-00705,LEAD-003862,3,6,2023-09-13,32,direct,(not set),form_fill,/produto/api-marketplace,AST-0021,70,0,0,0.090795,4821.19
TP-0003204,OPP-00705,LEAD-003862,4,6,2023-09-21,24,direct,(not set),demo_request,/lp/roi-calculator,AST-0018,87,0,0,0.23386,12417.95
TP-0003205,OPP-00705,LEAD-003862,5,6,2023-09-29,16,direct,(direct),sales_call,/webinar/crm-para-gestores,AST-0013,90,0,0,0.465882,24738.36
TP-0003206,OPP-00705,LEAD-003862,6,6,2023-10-11,4,direct,(direct),email_open,/produto/erp-connector,AST-0020,18,0,1,0.182969,9715.65
TP-0003207,OPP-00706,LEAD-003866,1,2,2023-09-05,31,paid_search,integracao_erp_pesquisa_2023,click,/produto/api-marketplace,AST-0021,32,1,0,0.092293,6792.74
TP-0003208,OPP-00706,LEAD-003866,2,2,2023-10-05,1,paid_search,google_branded_2023,click,/produto/api-marketplace,AST-0021,26,0,1,0.907707,66807.26
TP-0003209,OPP-00707,LEAD-003879,1,5,2023-08-22,38,paid_search,google_branded_2023,click,/lp/demo-gratis,AST-0015,25,1,0,0.032811,2414.92
TP-0003210,OPP-00707,LEAD-003879,2,5,2023-08-25,35,paid_search,integracao_erp_pesquisa_2023,click,/produto/api-marketplace,AST-0021,16,0,0,0.031271,2301.56
TP-0003211,OPP-00707,LEAD-003879,3,5,2023-08-30,30,paid_search,pesquisa_concorrentes_q3_2023,form_fill,/blog/churn-saas-brasil,AST-0005,68,0,0,0.163878,12061.44
TP-0003212,OPP-00707,LEAD-003879,4,5,2023-09-13,16,paid_search,pesquisa_concorrentes_q3_2023,demo_request,/produto/api-marketplace,AST-0021,88,0,0,0.647953,47689.3
TP-0003213,OPP-00707,LEAD-003879,5,5,2023-09-23,6,paid_search,crm-b2b-keywords-2023,impression,/webinar/integracao-erp-ao-vivo,AST-0012,22,0,1,0.124087,9132.77
TP-0003214,OPP-00708,LEAD-003890,1,3,2023-09-13,24,organic_search,(none),impression,/blog/gestao-vendas-b2b,AST-0001,1,1,0,0.051538,3597.33
TP-0003215,OPP-00708,LEAD-003890,2,3,2023-09-16,21,organic_search,(none),click,/webinar/crm-para-gestores,AST-0013,1,0,0,0.147355,10285.41
TP-0003216,OPP-00708,LEAD-003890,3,3,2023-09-30,7,organic_search,(not set),content_view,/produto/api-marketplace,AST-0021,30,0,1,0.801107,55917.26
TP-0003217,OPP-00709,LEAD-003895,1,4,2023-09-07,39,direct,(not set),click,/produto/erp-connector,AST-0020,28,1,0,0.009963,413.45
TP-0003218,OPP-00709,LEAD-003895,2,4,2023-09-14,32,direct,(direct),form_fill,/lp/demo-gratis,AST-0015,67,0,0,0.046329,1922.66
TP-0003219,OPP-00709,LEAD-003895,3,4,2023-09-20,26,direct,(direct),demo_request,/produto/erp-connector,AST-0020,84,0,0,0.103445,4292.96
TP-0003220,OPP-00709,LEAD-003895,4,4,2023-10-12,4,direct,,sales_call,/produto/api-marketplace,AST-0021,74,0,1,0.840263,34870.92
TP-0003221,OPP-00710,LEAD-003898,1,4,2023-08-20,43,organic_search,(none),impression,/produto/api-marketplace,AST-0021,13,1,0,0.013704,509.8
TP-0003222,OPP-00710,LEAD-003898,2,4,2023-09-01,31,meta_ads,fb-leads-varejo-2023,click,/ebook/integracao-sistemas-guia,AST-0011,30,0,0,0.074523,2772.26
TP-0003223,OPP-00710,LEAD-003898,3,4,2023-09-05,27,meta_ads,facebook_retargeting_2023,content_view,/lp/roi-calculator,AST-0018,33,0,0,0.132225,4918.77
TP-0003224,OPP-00710,LEAD-003898,4,4,2023-09-10,22,meta_ads,meta_awareness_2023,form_fill,/ebook/crm-para-varejo,AST-0008,62,0,1,0.779548,28999.17
TP-0003225,OPP-00711,LEAD-003901,1,6,2023-08-31,32,organic_search,(not set),impression,/produto/api-marketplace,AST-0021,24,1,0,0.010924,303.68
TP-0003226,OPP-00711,LEAD-003901,2,6,2023-08-31,32,email_marketing,newsletter_mensal_08_2023,click,/ebook/roi-tecnologia-empresas,AST-0010,35,0,0,0.025209,700.81
TP-0003227,OPP-00711,LEAD-003901,3,6,2023-09-08,24,email_marketing,newsletter_mensal_09_2023,content_view,/webinar/automacao-vendas-demo,AST-0014,29,0,0,0.05952,1654.65
TP-0003228,OPP-00711,LEAD-003901,4,6,2023-09-10,22,email_marketing,email_nurture_leads_2023,form_fill,/ebook/integracao-sistemas-guia,AST-0011,72,0,0,0.188815,5249.06
TP-0003229,OPP-00711,LEAD-003901,5,6,2023-09-21,11,email_marketing,email_nurture_leads_2023,demo_request,/webinar/crm-para-gestores,AST-0013,63,0,0,0.602553,16750.98
TP-0003230,OPP-00711,LEAD-003901,6,6,2023-09-21,11,email_marketing,newsletter_mensal_09_2023,email_open,/webinar/crm-para-gestores,AST-0013,1,0,1,0.112979,3140.81
TP-0003231,OPP-00712,LEAD-003913,1,3,2023-08-29,34,webinar_evento,bf-23,impression,/produto/crm-integracao,AST-0019,35,1,0,0.021147,2110.44
TP-0003232,OPP-00712,LEAD-003913,2,3,2023-09-04,28,webinar_evento,webinar_integracao_erp_2023,click,/lp/trial-30-dias,AST-0016,20,0,0,0.074911,7476.13
TP-0003233,OPP-00712,LEAD-003913,3,3,2023-09-15,17,webinar_evento,black_friday_2023,form_fill,/webinar/crm-para-gestores,AST-0013,56,0,1,0.903942,90213.43
TP-0003234,OPP-00713,LEAD-003921,1,2,2023-09-20,24,organic_search,(not set),impression,/produto/api-marketplace,AST-0021,13,1,0,0.200276,13618.77
TP-0003235,OPP-00713,LEAD-003921,2,2,2023-09-22,22,organic_search,(not set),click,/produto/crm-integracao,AST-0019,16,0,1,0.799724,54381.23
TP-0003236,OPP-00714,LEAD-003925,1,3,2023-08-21,42,meta_ads,facebook_retargeting_2023,impression,/ebook/integracao-sistemas-guia,AST-0011,18,1,0,0.018957,523.21
TP-0003237,OPP-00714,LEAD-003925,2,3,2023-09-03,29,meta_ads,facebook_retargeting_2023,click,/produto/erp-connector,AST-0020,34,0,0,0.110717,3055.79
TP-0003238,OPP-00714,LEAD-003925,3,3,2023-09-08,24,meta_ads,facebook_retargeting_2023,form_fill,/ebook/integracao-sistemas-guia,AST-0011,75,0,1,0.870326,24021.01
TP-0003239,OPP-00715,LEAD-003929,1,8,2023-09-02,44,webinar_evento,evento_crm_gestores_q3,impression,/produto/crm-integracao,AST-0019,10,1,0,0.002149,498.09
TP-0003240,OPP-00715,LEAD-003929,2,8,2023-09-04,42,webinar_evento,bf-23,click,/lp/demo-gratis,AST-0015,26,0,0,0.00572,1325.96
TP-0003241,OPP-00715,LEAD-003929,3,8,2023-09-13,33,webinar_evento,black_friday_2023,form_fill,/produto/crm-integracao,AST-0019,64,0,0,0.039891,9246.82
TP-0003242,OPP-00715,LEAD-003929,4,8,2023-09-23,23,webinar_evento,bf-23,demo_request,/webinar/crm-para-gestores,AST-0013,73,0,0,0.118527,27474.51
TP-0003243,OPP-00715,LEAD-003929,5,8,2023-09-24,22,webinar_evento,black_friday_2023,sales_call,/lp/trial-30-dias,AST-0016,100,0,0,0.143216,33197.36
TP-0003244,OPP-00715,LEAD-003929,6,8,2023-09-27,19,webinar_evento,campanha_natal_2023,form_fill,/webinar/crm-para-gestores,AST-0013,73,0,0,0.108436,25135.46
TP-0003245,OPP-00715,LEAD-003929,7,8,2023-10-11,5,webinar_evento,bf-23,content_view,/webinar/crm-para-gestores,AST-0013,29,0,0,0.107185,24845.55
TP-0003246,OPP-00715,LEAD-003929,8,8,2023-10-12,4,webinar_evento,black_friday_2023,form_fill,/produto/api-marketplace,AST-0021,79,0,1,0.474876,110076.24
TP-0003247,OPP-00716,LEAD-003944,1,3,2023-09-10,26,webinar_evento,campanha-natal-2023,impression,/lp/comparativo-erp,AST-0017,25,1,0,0.011649,520.72
TP-0003248,OPP-00716,LEAD-003944,2,3,2023-09-16,20,webinar_evento,campanha_natal_2023,click,/lp/roi-calculator,AST-0018,14,0,0,0.041267,1844.64
TP-0003249,OPP-00716,LEAD-003944,3,3,2023-10-06,0,webinar_evento,evento_crm_gestores_q4,form_fill,/lp/trial-30-dias,AST-0016,67,0,1,0.947083,42334.63
TP-0003250,OPP-00717,LEAD-003949,1,4,2023-09-12,31,paid_search,integracao_erp_pesquisa_2023,click,/produto/erp-connector,AST-0020,29,1,0,0.05107,3559.6
TP-0003251,OPP-00717,LEAD-003949,2,4,2023-09-13,30,paid_search,pesquisa_concorrentes_q3_2023,click,/produto/erp-connector,AST-0020,19,0,0,0.042194,2940.89
TP-0003252,OPP-00717,LEAD-003949,3,4,2023-09-14,29,paid_search,pesquisa_concorrentes_q3_2023,form_fill,/produto/api-marketplace,AST-0021,75,0,0,0.166164,11581.67
TP-0003253,OPP-00717,LEAD-003949,4,4,2023-09-24,19,paid_search,pesquisa_concorrentes_q3_2023,demo_request,/lp/trial-30-dias,AST-0016,92,0,1,0.740572,51617.85
TP-0003254,OPP-00718,LEAD-003966,1,5,2023-09-07,35,paid_search,google_brand_keywords_2023,click,/webinar/crm-para-gestores,AST-0013,21,1,0,0.01266,413.98
TP-0003255,OPP-00718,LEAD-003966,2,5,2023-09-13,29,meta_ads,facebook_retargeting_2023,click,/lp/trial-30-dias,AST-0016,30,0,0,0.014949,488.83
TP-0003256,OPP-00718,LEAD-003966,3,5,2023-09-19,23,meta_ads,ig_gestores_b2b_q3,form_fill,/produto/api-marketplace,AST-0021,89,0,0,0.084141,2751.43
TP-0003257,OPP-00718,LEAD-003966,4,5,2023-09-21,21,meta_ads,fb-leads-varejo-2023,demo_request,/lp/demo-gratis,AST-0015,78,0,0,0.141182,4616.65
TP-0003258,OPP-00718,LEAD-003966,5,5,2023-10-07,5,meta_ads,ig_gestores_b2b_q4,sales_call,/lp/comparativo-erp,AST-0017,97,0,1,0.747068,24429.11
TP-0003259,OPP-00719,LEAD-003971,1,6,2023-08-27,38,linkedin_ads,linkedin_prospeccao_q3_2023,impression,/lp/demo-gratis,AST-0015,11,1,0,0.004358,371.77
TP-0003260,OPP-00719,LEAD-003971,2,6,2023-08-30,35,webinar_evento,campanha_natal_2023,click,/produto/api-marketplace,AST-0021,14,0,0,0.012461,1062.95
TP-0003261,OPP-00719,LEAD-003971,3,6,2023-09-18,16,webinar_evento,evento_crm_gestores_q3,content_view,/lp/roi-calculator,AST-0018,38,0,0,0.064551,5506.21
TP-0003262,OPP-00719,LEAD-003971,4,6,2023-09-23,11,webinar_evento,black_friday_2023,demo_request,/lp/roi-calculator,AST-0018,90,0,0,0.369036,31478.78
TP-0003263,OPP-00719,LEAD-003971,5,6,2023-09-25,9,webinar_evento,campanha_natal_2023,sales_call,/webinar/integracao-erp-ao-vivo,AST-0012,77,0,0,0.478921,40851.92
TP-0003264,OPP-00719,LEAD-003971,6,6,2023-10-03,1,webinar_evento,campanha-natal-2023,impression,/lp/trial-30-dias,AST-0016,6,0,1,0.070673,6028.36
TP-0003265,OPP-00720,LEAD-003974,1,4,2023-09-06,32,paid_search,integracao_erp_pesquisa_2023,click,/ebook/integracao-sistemas-guia,AST-0011,34,1,0,0.0644,4269.74
TP-0003266,OPP-00720,LEAD-003974,2,4,2023-09-08,30,direct,(direct),click,/produto/crm-integracao,AST-0019,34,0,0,0.057146,3788.79
TP-0003267,OPP-00720,LEAD-003974,3,4,2023-09-09,29,direct,,form_fill,/produto/erp-connector,AST-0020,69,0,0,0.22505,14920.81
TP-0003268,OPP-00720,LEAD-003974,4,4,2023-09-13,25,direct,,demo_request,/lp/demo-gratis,AST-0015,73,0,1,0.653404,43320.67
TP-0003269,OPP-00721,LEAD-003979,1,9,2023-09-02,40,linkedin_ads,linkedin_prospeccao_q3_2023,impression,/produto/erp-connector,AST-0020,31,1,0,0.00261,116.16
TP-0003270,OPP-00721,LEAD-003979,2,9,2023-09-13,29,linkedin_ads,linkedin_gestores_2023,click,/ebook/integracao-sistemas-guia,AST-0011,16,0,0,0.013216,588.1
TP-0003271,OPP-00721,LEAD-003979,3,9,2023-09-23,19,linkedin_ads,linkedin_decisores_ti_2023,content_view,/ebook/gestao-pipeline-vendas,AST-0009,31,0,0,0.035995,1601.76
TP-0003272,OPP-00721,LEAD-003979,4,9,2023-09-23,19,linkedin_ads,lkd_awareness_2023,demo_request,/webinar/integracao-erp-ao-vivo,AST-0012,84,0,0,0.143978,6407.04
TP-0003273,OPP-00721,LEAD-003979,5,9,2023-10-03,9,linkedin_ads,linkedin_prospecao_q4_2023,sales_call,/lp/roi-calculator,AST-0018,90,0,0,0.330872,14723.8
TP-0003274,OPP-00721,LEAD-003979,6,9,2023-10-06,6,linkedin_ads,linkedin_gestores_2023,impression,/ebook/integracao-sistemas-guia,AST-0011,9,0,0,0.022775,1013.47
TP-0003275,OPP-00721,LEAD-003979,7,9,2023-10-08,4,linkedin_ads,linkedin_prospeccao_q4_2023,proposal_sent,/webinar/crm-para-gestores,AST-0013,54,0,0,0.367808,16367.44
TP-0003276,OPP-00721,LEAD-003979,8,9,2023-10-10,2,linkedin_ads,linkedin_gestores_2023,impression,/webinar/integracao-erp-ao-vivo,AST-0012,9,0,0,0.030306,1348.64
TP-0003277,OPP-00721,LEAD-003979,9,9,2023-10-12,0,linkedin_ads,linkedin_prospecao_q4_2023,impression,/ebook/integracao-sistemas-guia,AST-0011,5,0,1,0.052441,2333.61
TP-0003278,OPP-00722,LEAD-003981,1,2,2023-10-17,3,paid_search,pesquisa_concorrentes_q4_2023,click,/lp/demo-gratis,AST-0015,34,1,0,0.411592,26959.3
TP-0003279,OPP-00722,LEAD-003981,2,2,2023-10-20,0,paid_search,google_branded_2023,click,/lp/demo-gratis,AST-0015,17,0,1,0.588408,38540.7
TP-0003280,OPP-00723,LEAD-003990,1,4,2023-09-03,39,paid_search,google_brand_keywords_2023,click,/produto/erp-connector,AST-0020,37,1,0,0.019861,524.32
TP-0003281,OPP-00723,LEAD-003990,2,4,2023-09-04,38,webinar_evento,campanha-natal-2023,click,/webinar/automacao-vendas-demo,AST-0014,42,0,0,0.016409,433.19
TP-0003282,OPP-00723,LEAD-003990,3,4,2023-09-14,28,webinar_evento,webinar_integracao_erp_2023,form_fill,/lp/trial-30-dias,AST-0016,77,0,0,0.1229,3244.57
TP-0003283,OPP-00723,LEAD-003990,4,4,2023-09-30,12,webinar_evento,evento_crm_gestores_q3,demo_request,/lp/trial-30-dias,AST-0016,100,0,1,0.84083,22197.92
TP-0003284,OPP-00724,LEAD-003996,1,7,2023-09-09,44,linkedin_ads,linkedin_prospeccao_q3_2023,impression,/lp/roi-calculator,AST-0018,35,1,0,0.001121,223.17
TP-0003285,OPP-00724,LEAD-003996,2,7,2023-09-27,26,linkedin_ads,linkedin_decisores_ti_2023,click,/ebook/crm-para-varejo,AST-0008,48,0,0,0.009361,1862.89
TP-0003286,OPP-00724,LEAD-003996,3,7,2023-10-03,20,linkedin_ads,linkedin_decisores_ti_2023,content_view,/lp/comparativo-erp,AST-0017,37,0,0,0.01916,3812.86
TP-0003287,OPP-00724,LEAD-003996,4,7,2023-10-15,8,linkedin_ads,linkedin_decisores_ti_2023,demo_request,/lp/demo-gratis,AST-0015,99,0,0,0.180597,35938.81
TP-0003288,OPP-00724,LEAD-003996,5,7,2023-10-15,8,linkedin_ads,lkd_awareness_2023,sales_call,/lp/roi-calculator,AST-0018,100,0,0,0.203172,40431.16
TP-0003289,OPP-00724,LEAD-003996,6,7,2023-10-18,5,linkedin_ads,linkedin_prospecao_q4_2023,proposal_sent,/webinar/crm-para-gestores,AST-0013,67,0,0,0.195786,38961.43
TP-0003290,OPP-00724,LEAD-003996,7,7,2023-10-22,1,linkedin_ads,lkd_awareness_2023,proposal_sent,/produto/crm-integracao,AST-0019,72,0,1,0.390802,77769.67
TP-0003291,OPP-00725,LEAD-004003,1,2,2023-09-10,28,direct,,click,/ebook/roi-tecnologia-empresas,AST-0010,23,1,0,0.065579,2439.54
TP-0003292,OPP-00725,LEAD-004003,2,2,2023-09-27,11,direct,,form_fill,/lp/roi-calculator,AST-0018,71,0,1,0.934421,34760.46
TP-0003293,OPP-00726,LEAD-004006,1,5,2023-09-08,39,paid_search,google_branded_2023,click,/lp/demo-gratis,AST-0015,24,1,0,0.051521,1473.5
TP-0003294,OPP-00726,LEAD-004006,2,5,2023-09-10,37,paid_search,pesquisa_concorrentes_q3_2023,click,/produto/crm-integracao,AST-0019,1,0,0,0.045717,1307.52
TP-0003295,OPP-00726,LEAD-004006,3,5,2023-09-15,32,paid_search,integracao_erp_pesquisa_2023,form_fill,/lp/demo-gratis,AST-0015,63,0,0,0.239584,6852.11
TP-0003296,OPP-00726,LEAD-004006,4,5,2023-09-18,29,paid_search,google_brand_keywords_2023,demo_request,/lp/comparativo-erp,AST-0017,71,0,0,0.431766,12348.51
TP-0003297,OPP-00726,LEAD-004006,5,5,2023-09-23,24,paid_search,google_branded_2023,content_view,/ebook/roi-tecnologia-empresas,AST-0010,17,0,1,0.231412,6618.37
TP-0003298,OPP-00727,LEAD-004010,1,4,2023-09-13,37,organic_search,,impression,/produto/erp-connector,AST-0020,2,1,0,0.006608,220.04
TP-0003299,OPP-00727,LEAD-004010,2,4,2023-10-03,17,meta_ads,meta_awareness_2023,click,/webinar/integracao-erp-ao-vivo,AST-0012,4,0,0,0.063629,2118.84
TP-0003300,OPP-00727,LEAD-004010,3,4,2023-10-06,14,meta_ads,ig_gestores_b2b_q4,content_view,/ebook/gestao-pipeline-vendas,AST-0009,34,0,0,0.105113,3500.26
TP-0003301,OPP-00727,LEAD-004010,4,4,2023-10-15,5,meta_ads,fb-leads-varejo-2023,form_fill,/lp/comparativo-erp,AST-0017,52,0,1,0.82465,27460.85
TP-0003302,OPP-00728,LEAD-004012,1,2,2023-09-13,36,paid_search,google_branded_2023,click,/produto/erp-connector,AST-0020,20,1,0,0.377483,23705.96
TP-0003303,OPP-00728,LEAD-004012,2,2,2023-09-18,31,paid_search,pesquisa_concorrentes_q3_2023,click,/lp/roi-calculator,AST-0018,11,0,1,0.622517,39094.04
TP-0003304,OPP-00729,LEAD-004013,1,8,2023-08-27,43,webinar_evento,bf-23,impression,/produto/api-marketplace,AST-0021,1,1,0,0.00113,213.64
TP-0003305,OPP-00729,LEAD-004013,2,8,2023-09-01,38,paid_search,integracao_erp_pesquisa_2023,click,/produto/api-marketplace,AST-0021,24,0,0,0.003726,704.65
TP-0003306,OPP-00729,LEAD-004013,3,8,2023-09-12,27,paid_search,crm-b2b-keywords-2023,form_fill,/produto/api-marketplace,AST-0021,73,0,0,0.029977,5668.63
TP-0003307,OPP-00729,LEAD-004013,4,8,2023-09-17,22,paid_search,google_branded_2023,demo_request,/lp/comparativo-erp,AST-0017,88,0,0,0.062319,11784.48
TP-0003308,OPP-00729,LEAD-004013,5,8,2023-10-01,8,paid_search,google_branded_2023,sales_call,/lp/comparativo-erp,AST-0017,100,0,0,0.190575,36037.74
TP-0003309,OPP-00729,LEAD-004013,6,8,2023-10-01,8,paid_search,google_brand_keywords_2023,proposal_sent,/lp/roi-calculator,AST-0018,60,0,0,0.148225,28029.35
TP-0003310,OPP-00729,LEAD-004013,7,8,2023-10-04,5,paid_search,google_brand_keywords_2023,proposal_sent,/lp/roi-calculator,AST-0018,61,0,0,0.183647,34727.71
TP-0003311,OPP-00729,LEAD-004013,8,8,2023-10-05,4,paid_search,integracao_erp_pesquisa_2023,sales_call,/lp/roi-calculator,AST-0018,91,0,1,0.380401,71933.79
TP-0003312,OPP-00730,LEAD-004019,1,8,2023-08-25,44,linkedin_ads,linkedin_gestores_2023,impression,/lp/comparativo-erp,AST-0017,19,1,0,0.001799,115.5
TP-0003313,OPP-00730,LEAD-004019,2,8,2023-09-16,22,paid_search,pesquisa_concorrentes_q3_2023,click,/produto/erp-connector,AST-0020,17,0,0,0.019984,1282.97
TP-0003314,OPP-00730,LEAD-004019,3,8,2023-09-22,16,paid_search,crm-b2b-keywords-2023,content_view,/produto/crm-integracao,AST-0019,45,0,0,0.040902,2625.92
TP-0003315,OPP-00730,LEAD-004019,4,8,2023-09-25,13,paid_search,crm-b2b-keywords-2023,demo_request,/lp/roi-calculator,AST-0018,99,0,0,0.202708,13013.84
TP-0003316,OPP-00730,LEAD-004019,5,8,2023-09-27,11,paid_search,pesquisa_concorrentes_q3_2023,sales_call,/produto/erp-connector,AST-0020,86,0,0,0.263066,16888.85
TP-0003317,OPP-00730,LEAD-004019,6,8,2023-09-28,10,paid_search,crm-b2b-keywords-2023,sales_call,/produto/crm-integracao,AST-0019,80,0,0,0.282544,18139.32
TP-0003318,OPP-00730,LEAD-004019,7,8,2023-09-29,9,paid_search,pesquisa_concorrentes_q3_2023,email_open,/lp/trial-30-dias,AST-0016,11,0,0,0.033718,2164.71
TP-0003319,OPP-00730,LEAD-004019,8,8,2023-10-05,3,paid_search,google_branded_2023,content_view,/produto/erp-connector,AST-0020,29,0,1,0.155279,9968.89
TP-0003320,OPP-00731,LEAD-004020,1,2,2023-09-06,34,direct,,click,/lp/roi-calculator,AST-0018,19,1,0,0.023474,908.45
TP-0003321,OPP-00731,LEAD-004020,2,2,2023-10-08,2,direct,,form_fill,/lp/demo-gratis,AST-0015,67,0,1,0.976526,37791.55
TP-0003322,OPP-00732,LEAD-004036,1,7,2023-09-04,43,email_marketing,campanha_email_09-2023,email_open,/ebook/crm-para-varejo,AST-0008,10,1,0,0.004447,643.05
TP-0003323,OPP-00732,LEAD-004036,2,7,2023-09-20,27,meta_ads,meta_awareness_2023,click,/lp/roi-calculator,AST-0018,24,0,0,0.01609,2326.65
TP-0003324,OPP-00732,LEAD-004036,3,7,2023-09-22,25,meta_ads,facebook_retargeting_2023,content_view,/lp/roi-calculator,AST-0018,44,0,0,0.024748,3578.59
TP-0003325,OPP-00732,LEAD-004036,4,7,2023-09-23,24,meta_ads,ig_gestores_b2b_q3,form_fill,/ebook/roi-tecnologia-empresas,AST-0010,64,0,0,0.073097,10569.78
TP-0003326,OPP-00732,LEAD-004036,5,7,2023-09-23,24,meta_ads,fb-leads-varejo-2023,impression,/ebook/integracao-sistemas-guia,AST-0011,6,0,0,0.006645,960.89
TP-0003327,OPP-00732,LEAD-004036,6,7,2023-10-06,11,meta_ads,ig_gestores_b2b_q4,click,/lp/comparativo-erp,AST-0017,22,0,0,0.050454,7295.72
TP-0003328,OPP-00732,LEAD-004036,7,7,2023-10-16,1,meta_ads,meta_awareness_2023,demo_request,/lp/demo-gratis,AST-0015,82,0,1,0.824518,119225.31
TP-0003329,OPP-00733,LEAD-004053,1,3,2023-09-13,32,paid_search,google_branded_2023,click,/ebook/crm-para-varejo,AST-0008,17,1,0,0.046677,4737.68
TP-0003330,OPP-00733,LEAD-004053,2,3,2023-09-22,23,paid_search,crm-b2b-keywords-2023,click,/lp/trial-30-dias,AST-0016,19,0,0,0.068288,6931.25
TP-0003331,OPP-00733,LEAD-004053,3,3,2023-10-04,11,paid_search,google_brand_keywords_2023,form_fill,/lp/roi-calculator,AST-0018,70,0,1,0.885035,89831.07
TP-0003332,OPP-00734,LEAD-004062,1,9,2023-08-31,44,linkedin_ads,lkd_awareness_2023,impression,/webinar/automacao-vendas-demo,AST-0014,4,1,0,0.009319,537.68
TP-0003333,OPP-00734,LEAD-004062,2,9,2023-08-31,44,linkedin_ads,linkedin_prospecao_q3_2023,click,/blog/funil-vendas-complexas,AST-0006,24,0,0,0.021504,1240.8
TP-0003334,OPP-00734,LEAD-004062,3,9,2023-09-03,41,linkedin_ads,linkedin_prospecao_q3_2023,content_view,/ebook/integracao-sistemas-guia,AST-0011,37,0,0,0.035524,2049.76
TP-0003335,OPP-00734,LEAD-004062,4,9,2023-09-06,38,linkedin_ads,linkedin_gestores_2023,demo_request,/ebook/roi-tecnologia-empresas,AST-0010,84,0,0,0.176056,10158.41
TP-0003336,OPP-00734,LEAD-004062,5,9,2023-09-07,37,linkedin_ads,linkedin_gestores_2023,sales_call,/lp/trial-30-dias,AST-0016,100,0,0,0.212727,12274.37
TP-0003337,OPP-00734,LEAD-004062,6,9,2023-09-12,32,linkedin_ads,linkedin_prospeccao_q3_2023,demo_request,/webinar/integracao-erp-ao-vivo,AST-0012,89,0,0,0.270256,15593.8
TP-0003338,OPP-00734,LEAD-004062,7,9,2023-09-14,30,linkedin_ads,lkd_awareness_2023,content_view,/ebook/integracao-sistemas-guia,AST-0011,21,0,0,0.07794,4497.12
TP-0003339,OPP-00734,LEAD-004062,8,9,2023-09-20,24,linkedin_ads,linkedin_decisores_ti_2023,impression,/ebook/gestao-pipeline-vendas,AST-0009,13,0,0,0.029911,1725.84
TP-0003340,OPP-00734,LEAD-004062,9,9,2023-09-23,21,linkedin_ads,linkedin_gestores_2023,click,/lp/comparativo-erp,AST-0017,35,0,1,0.166763,9622.23
TP-0003341,OPP-00735,LEAD-004069,1,3,2023-09-10,43,paid_search,integracao_erp_pesquisa_2023,click,/lp/roi-calculator,AST-0018,14,1,0,0.043158,1126.42
TP-0003342,OPP-00735,LEAD-004069,2,3,2023-09-30,23,paid_search,crm-b2b-keywords-2023,click,/lp/roi-calculator,AST-0018,16,0,0,0.138528,3615.57
TP-0003343,OPP-00735,LEAD-004069,3,3,2023-10-01,22,paid_search,google_branded_2023,form_fill,/lp/demo-gratis,AST-0015,54,0,1,0.818315,21358.01
TP-0003344,OPP-00736,LEAD-004076,1,5,2023-09-01,40,paid_search,pesquisa_concorrentes_q3_2023,click,/lp/comparativo-erp,AST-0017,21,1,0,0.006859,458.84
TP-0003345,OPP-00736,LEAD-004076,2,5,2023-09-17,24,paid_search,google_brand_keywords_2023,click,/lp/demo-gratis,AST-0015,17,0,0,0.016544,1106.76
TP-0003346,OPP-00736,LEAD-004076,3,5,2023-09-24,17,paid_search,crm-b2b-keywords-2023,form_fill,/lp/demo-gratis,AST-0015,45,0,0,0.100011,6690.73
TP-0003347,OPP-00736,LEAD-004076,4,5,2023-10-05,6,paid_search,crm-b2b-keywords-2023,demo_request,/produto/crm-integracao,AST-0019,98,0,0,0.319158,21351.68
TP-0003348,OPP-00736,LEAD-004076,5,5,2023-10-09,2,paid_search,google_branded_2023,proposal_sent,/produto/erp-connector,AST-0020,71,0,1,0.557429,37291.99
TP-0003349,OPP-00737,LEAD-004080,1,6,2023-09-07,32,linkedin_ads,linkedin_prospeccao_q3_2023,impression,/blog/gestao-vendas-b2b,AST-0001,12,1,0,0.00709,283.62
TP-0003350,OPP-00737,LEAD-004080,2,6,2023-09-15,24,linkedin_ads,linkedin_prospeccao_q3_2023,click,/produto/erp-connector,AST-0020,35,0,0,0.028975,1158.99
TP-0003351,OPP-00737,LEAD-004080,3,6,2023-09-20,19,linkedin_ads,linkedin_gestores_2023,content_view,/webinar/automacao-vendas-demo,AST-0014,31,0,0,0.055216,2208.64
TP-0003352,OPP-00737,LEAD-004080,4,6,2023-09-22,17,linkedin_ads,linkedin_gestores_2023,demo_request,/blog/funil-vendas-complexas,AST-0006,94,0,0,0.254781,10191.25
TP-0003353,OPP-00737,LEAD-004080,5,6,2023-09-30,9,linkedin_ads,linkedin_gestores_2023,sales_call,/lp/roi-calculator,AST-0018,74,0,0,0.507561,20302.44
TP-0003354,OPP-00737,LEAD-004080,6,6,2023-10-02,7,linkedin_ads,linkedin_decisores_ti_2023,click,/webinar/automacao-vendas-demo,AST-0014,21,0,1,0.146376,5855.05
TP-0003355,OPP-00738,LEAD-004083,1,3,2023-09-04,41,email_marketing,email_nurture_leads_2023,email_open,/ebook/integracao-sistemas-guia,AST-0011,19,1,0,0.026989,3932.36
TP-0003356,OPP-00738,LEAD-004083,2,3,2023-10-01,14,email_marketing,newsletter_mensal_10_2023,click,/blog/integracao-erp-sistemas,AST-0003,21,0,0,0.214244,31215.42
TP-0003357,OPP-00738,LEAD-004083,3,3,2023-10-09,6,email_marketing,email_nurture_leads_2023,content_view,/ebook/integracao-sistemas-guia,AST-0011,58,0,1,0.758766,110552.22
TP-0003358,OPP-00739,LEAD-004091,1,3,2023-09-13,41,webinar_evento,bf-23,impression,/lp/roi-calculator,AST-0018,8,1,0,0.008659,888.38
TP-0003359,OPP-00739,LEAD-004091,2,3,2023-10-08,16,webinar_evento,black_friday_2023,click,/lp/demo-gratis,AST-0015,19,0,0,0.119167,12226.55
TP-0003360,OPP-00739,LEAD-004091,3,3,2023-10-12,12,webinar_evento,webinar_integracao_erp_2023,form_fill,/webinar/crm-para-gestores,AST-0013,71,0,1,0.872174,89485.07
TP-0003361,OPP-00740,LEAD-004092,1,4,2023-09-26,28,direct,(direct),click,/lp/trial-30-dias,AST-0016,21,1,0,0.021723,818.95
TP-0003362,OPP-00740,LEAD-004092,2,4,2023-10-04,20,organic_search,(not set),form_fill,/webinar/crm-para-gestores,AST-0013,88,0,0,0.108495,4090.28
TP-0003363,OPP-00740,LEAD-004092,3,4,2023-10-10,14,organic_search,(none),demo_request,/blog/gestao-vendas-b2b,AST-0001,76,0,0,0.242251,9132.85
TP-0003364,OPP-00740,LEAD-004092,4,4,2023-10-16,8,organic_search,(not set),sales_call,/blog/automacao-marketing-b2b,AST-0004,94,0,1,0.627531,23657.92
TP-0003365,OPP-00741,LEAD-004103,1,6,2023-09-16,40,organic_search,,impression,/blog/churn-saas-brasil,AST-0005,17,1,0,0.002331,314.02
TP-0003366,OPP-00741,LEAD-004103,2,6,2023-09-18,38,webinar_evento,bf-23,click,/webinar/automacao-vendas-demo,AST-0014,21,0,0,0.006206,835.95
TP-0003367,OPP-00741,LEAD-004103,3,6,2023-09-28,28,webinar_evento,black_friday_2023,content_view,/produto/crm-integracao,AST-0019,44,0,0,0.016903,2276.81
TP-0003368,OPP-00741,LEAD-004103,4,6,2023-10-18,8,webinar_evento,campanha-natal-2023,form_fill,/produto/api-marketplace,AST-0021,54,0,0,0.19396,26126.45
TP-0003369,OPP-00741,LEAD-004103,5,6,2023-10-26,0,webinar_evento,campanha-natal-2023,impression,/produto/crm-integracao,AST-0019,12,0,0,0.031224,4205.87
TP-0003370,OPP-00741,LEAD-004103,6,6,2023-10-26,0,webinar_evento,evento_crm_gestores_q4,demo_request,/blog/automacao-marketing-b2b,AST-0004,78,0,1,0.749376,100940.9
TP-0003371,OPP-00742,LEAD-004106,1,5,2023-09-12,43,organic_search,(not set),impression,/blog/integracao-erp-sistemas,AST-0003,18,1,0,0.007035,246.94
TP-0003372,OPP-00742,LEAD-004106,2,5,2023-09-19,36,organic_search,(not set),click,/blog/funil-vendas-complexas,AST-0006,32,0,0,0.026768,939.55
TP-0003373,OPP-00742,LEAD-004106,3,5,2023-09-20,35,organic_search,(none),content_view,/blog/leads-qualificados-b2b,AST-0007,33,0,0,0.038333,1345.48
TP-0003374,OPP-00742,LEAD-004106,4,5,2023-10-11,14,organic_search,(not set),form_fill,/blog/leads-qualificados-b2b,AST-0007,73,0,0,0.472438,16582.59
TP-0003375,OPP-00742,LEAD-004106,5,5,2023-10-23,2,organic_search,(not set),click,/produto/erp-connector,AST-0020,18,0,1,0.455426,15985.44
TP-0003376,OPP-00743,LEAD-004107,1,9,2023-09-11,38,linkedin_ads,linkedin_gestores_2023,impression,/ebook/crm-para-varejo,AST-0008,18,1,0,0.005096,866.27
TP-0003377,OPP-00743,LEAD-004107,2,9,2023-09-14,35,paid_search,google_branded_2023,click,/lp/trial-30-dias,AST-0016,31,0,0,0.01457,2476.82
TP-0003378,OPP-00743,LEAD-004107,3,9,2023-09-15,34,paid_search,google_brand_keywords_2023,content_view,/produto/erp-connector,AST-0020,44,0,0,0.020864,3546.95
TP-0003379,OPP-00743,LEAD-004107,4,9,2023-09-17,32,paid_search,pesquisa_concorrentes_q3_2023,demo_request,/produto/crm-integracao,AST-0019,85,0,0,0.096274,16366.53
TP-0003380,OPP-00743,LEAD-004107,5,9,2023-10-01,18,paid_search,google_branded_2023,sales_call,/lp/trial-30-dias,AST-0016,85,0,0,0.294412,50049.96
TP-0003381,OPP-00743,LEAD-004107,6,9,2023-10-02,17,paid_search,integracao_erp_pesquisa_2023,form_fill,/lp/comparativo-erp,AST-0017,88,0,0,0.19324,32850.72
TP-0003382,OPP-00743,LEAD-004107,7,9,2023-10-02,17,paid_search,crm-b2b-keywords-2023,click,/produto/crm-integracao,AST-0019,29,0,0,0.052702,8959.29
TP-0003383,OPP-00743,LEAD-004107,8,9,2023-10-03,16,paid_search,crm-b2b-keywords-2023,click,/lp/trial-30-dias,AST-0016,15,0,0,0.056604,9622.65
TP-0003384,OPP-00743,LEAD-004107,9,9,2023-10-19,0,paid_search,crm-b2b-keywords-2023,click,/lp/trial-30-dias,AST-0016,23,0,1,0.26624,45260.81
TP-0003385,OPP-00744,LEAD-004113,1,3,2023-09-19,36,paid_search,pesquisa_concorrentes_q3_2023,click,/produto/crm-integracao,AST-0019,32,1,0,0.042057,2233.25
TP-0003386,OPP-00744,LEAD-004113,2,3,2023-10-05,20,paid_search,integracao_erp_pesquisa_2023,click,/produto/erp-connector,AST-0020,35,0,0,0.101446,5386.8
TP-0003387,OPP-00744,LEAD-004113,3,3,2023-10-11,14,paid_search,google_branded_2023,form_fill,/produto/crm-integracao,AST-0019,67,0,1,0.856496,45479.95
TP-0003388,OPP-00745,LEAD-004120,1,3,2023-09-04,40,paid_search,integracao_erp_pesquisa_2023,click,/ebook/integracao-sistemas-guia,AST-0011,30,1,0,0.012555,809.78
TP-0003389,OPP-00745,LEAD-004120,2,3,2023-10-10,4,paid_search,pesquisa_concorrentes_q4_2023,click,/lp/comparativo-erp,AST-0017,23,0,0,0.126363,8150.4
TP-0003390,OPP-00745,LEAD-004120,3,3,2023-10-13,1,paid_search,pesquisa_concorrentes_q4_2023,form_fill,/produto/erp-connector,AST-0020,58,0,1,0.861083,55539.83
TP-0003391,OPP-00746,LEAD-004124,1,3,2023-09-27,18,webinar_evento,campanha-natal-2023,impression,/lp/roi-calculator,AST-0018,1,1,0,0.040347,3740.13
TP-0003392,OPP-00746,LEAD-004124,2,3,2023-09-30,15,webinar_evento,black_friday_2023,click,/lp/comparativo-erp,AST-0017,31,0,0,0.115358,10693.68
TP-0003393,OPP-00746,LEAD-004124,3,3,2023-10-04,11,webinar_evento,bf-23,form_fill,/lp/comparativo-erp,AST-0017,73,0,1,0.844295,78266.19
TP-0003394,OPP-00747,LEAD-004132,1,5,2023-09-21,34,linkedin_ads,linkedin_prospeccao_q3_2023,impression,/ebook/roi-tecnologia-empresas,AST-0010,15,1,0,0.002829,663.32
TP-0003395,OPP-00747,LEAD-004132,2,5,2023-09-28,27,linkedin_ads,linkedin_decisores_ti_2023,click,/ebook/roi-tecnologia-empresas,AST-0010,35,0,0,0.010762,2523.76
TP-0003396,OPP-00747,LEAD-004132,3,5,2023-10-05,20,linkedin_ads,linkedin_decisores_ti_2023,content_view,/webinar/integracao-erp-ao-vivo,AST-0012,21,0,0,0.023659,5547.97
TP-0003397,OPP-00747,LEAD-004132,4,5,2023-10-23,2,linkedin_ads,linkedin_prospecao_q4_2023,demo_request,/produto/api-marketplace,AST-0021,82,0,0,0.342318,80273.56
TP-0003398,OPP-00747,LEAD-004132,5,5,2023-10-24,1,linkedin_ads,linkedin_gestores_2023,sales_call,/ebook/crm-para-varejo,AST-0008,94,0,1,0.620432,145491.4
TP-0003399,OPP-00748,LEAD-004133,1,4,2023-09-22,38,direct,(direct),click,/lp/roi-calculator,AST-0018,23,1,0,0.01576,2709.12
TP-0003400,OPP-00748,LEAD-004133,2,4,2023-09-25,35,direct,,form_fill,/produto/api-marketplace,AST-0021,72,0,0,0.055074,9467.17
TP-0003401,OPP-00748,LEAD-004133,3,4,2023-10-01,29,direct,(direct),demo_request,/lp/roi-calculator,AST-0018,83,0,0,0.12297,21138.47
TP-0003402,OPP-00748,LEAD-004133,4,4,2023-10-20,10,direct,(direct),sales_call,/blog/crm-para-industria,AST-0002,98,0,1,0.806197,138585.24
TP-0003403,OPP-00749,LEAD-004144,1,5,2023-09-10,36,paid_search,crm-b2b-keywords-2023,click,/lp/demo-gratis,AST-0015,42,1,0,0.022543,1541.93
TP-0003404,OPP-00749,LEAD-004144,2,5,2023-09-11,35,paid_search,crm-b2b-keywords-2023,click,/lp/roi-calculator,AST-0018,12,0,0,0.018625,1273.92
TP-0003405,OPP-00749,LEAD-004144,3,5,2023-09-13,33,paid_search,pesquisa_concorrentes_q3_2023,form_fill,/produto/api-marketplace,AST-0021,62,0,0,0.078777,5388.36
TP-0003406,OPP-00749,LEAD-004144,4,5,2023-10-08,8,paid_search,google_branded_2023,demo_request,/produto/api-marketplace,AST-0021,95,0,0,0.683366,46742.24
TP-0003407,OPP-00749,LEAD-004144,5,5,2023-10-14,2,paid_search,crm-b2b-keywords-2023,email_open,/ebook/crm-para-varejo,AST-0008,33,0,1,0.196689,13453.55
TP-0003408,OPP-00750,LEAD-004149,1,3,2023-09-20,41,webinar_evento,evento_crm_gestores_q3,impression,/lp/roi-calculator,AST-0018,7,1,0,0.004275,188.52
TP-0003409,OPP-00750,LEAD-004149,2,3,2023-10-13,18,webinar_evento,evento_crm_gestores_q4,click,/webinar/integracao-erp-ao-vivo,AST-0012,22,0,0,0.051002,2249.17
TP-0003410,OPP-00750,LEAD-004149,3,3,2023-10-30,1,webinar_evento,webinar_integracao_erp_2023,form_fill,/webinar/crm-para-gestores,AST-0013,43,0,1,0.944723,41662.3
TP-0003411,OPP-00751,LEAD-004150,1,4,2023-09-19,32,direct,(not set),click,/lp/trial-30-dias,AST-0016,32,1,0,0.012259,1076.32
TP-0003412,OPP-00751,LEAD-004150,2,4,2023-09-25,26,webinar_evento,webinar_integracao_erp_2023,form_fill,/webinar/crm-para-gestores,AST-0013,64,0,0,0.053077,4660.12
TP-0003413,OPP-00751,LEAD-004150,3,4,2023-10-05,16,webinar_evento,campanha-natal-2023,demo_request,/lp/demo-gratis,AST-0015,79,0,0,0.157703,13846.33
TP-0003414,OPP-00751,LEAD-004150,4,4,2023-10-20,1,webinar_evento,black_friday_2023,sales_call,/lp/roi-calculator,AST-0018,97,0,1,0.776962,68217.22
TP-0003415,OPP-00752,LEAD-004153,1,2,2023-09-24,20,paid_search,google_brand_keywords_2023,click,/lp/demo-gratis,AST-0015,23,1,0,0.171978,13551.88
TP-0003416,OPP-00752,LEAD-004153,2,2,2023-10-14,0,paid_search,google_branded_2023,click,/lp/trial-30-dias,AST-0016,20,0,1,0.828022,65248.12
TP-0003417,OPP-00753,LEAD-004173,1,5,2023-09-24,36,paid_search,integracao_erp_pesquisa_2023,click,/lp/comparativo-erp,AST-0017,11,1,0,0.029579,2156.32
TP-0003418,OPP-00753,LEAD-004173,2,5,2023-09-25,35,paid_search,google_brand_keywords_2023,click,/produto/crm-integracao,AST-0019,17,0,0,0.024438,1781.52
TP-0003419,OPP-00753,LEAD-004173,3,5,2023-10-05,25,paid_search,google_branded_2023,form_fill,/produto/crm-integracao,AST-0019,68,0,0,0.18304,13343.6
TP-0003420,OPP-00753,LEAD-004173,4,5,2023-10-13,17,paid_search,crm-b2b-keywords-2023,demo_request,/lp/comparativo-erp,AST-0017,74,0,0,0.471456,34369.13
TP-0003421,OPP-00753,LEAD-004173,5,5,2023-10-20,10,paid_search,pesquisa_concorrentes_q4_2023,content_view,/blog/gestao-vendas-b2b,AST-0001,42,0,1,0.291487,21249.42
TP-0003422,OPP-00754,LEAD-004182,1,3,2023-09-12,40,organic_search,(none),impression,/blog/churn-saas-brasil,AST-0005,11,1,0,0.015986,1897.51
TP-0003423,OPP-00754,LEAD-004182,2,3,2023-10-06,16,organic_search,,click,/produto/crm-integracao,AST-0019,23,0,0,0.20484,24314.53
TP-0003424,OPP-00754,LEAD-004182,3,3,2023-10-15,7,organic_search,,content_view,/blog/funil-vendas-complexas,AST-0006,26,0,1,0.779174,92487.96
TP-0003425,OPP-00755,LEAD-004189,1,7,2023-09-14,33,linkedin_ads,linkedin_decisores_ti_2023,impression,/ebook/roi-tecnologia-empresas,AST-0010,9,1,0,0.008374,1607.02
TP-0003426,OPP-00755,LEAD-004189,2,7,2023-09-15,32,linkedin_ads,lkd_awareness_2023,click,/webinar/automacao-vendas-demo,AST-0014,32,0,0,0.020756,3983.09
TP-0003427,OPP-00755,LEAD-004189,3,7,2023-09-17,30,linkedin_ads,linkedin_decisores_ti_2023,content_view,/ebook/gestao-pipeline-vendas,AST-0009,40,0,0,0.031925,6126.34
TP-0003428,OPP-00755,LEAD-004189,4,7,2023-09-19,28,linkedin_ads,linkedin_prospecao_q3_2023,demo_request,/lp/demo-gratis,AST-0015,80,0,0,0.147309,28268.53
TP-0003429,OPP-00755,LEAD-004189,5,7,2023-10-07,10,linkedin_ads,linkedin_prospecao_q4_2023,sales_call,/webinar/crm-para-gestores,AST-0013,78,0,0,0.599459,115036.17
TP-0003430,OPP-00755,LEAD-004189,6,7,2023-10-14,3,linkedin_ads,linkedin_gestores_2023,email_open,/ebook/integracao-sistemas-guia,AST-0011,10,0,0,0.109816,21073.62
TP-0003431,OPP-00755,LEAD-004189,7,7,2023-10-14,3,linkedin_ads,linkedin_prospecao_q4_2023,impression,/ebook/crm-para-varejo,AST-0008,11,0,1,0.082362,15805.22
TP-0003432,OPP-00756,LEAD-004193,1,5,2023-09-21,42,direct,(direct),click,/blog/integracao-erp-sistemas,AST-0003,24,1,0,0.022137,1883.87
TP-0003433,OPP-00756,LEAD-004193,2,5,2023-10-03,30,meta_ads,ig_gestores_b2b_q4,form_fill,/lp/comparativo-erp,AST-0017,52,0,0,0.14713,12520.79
TP-0003434,OPP-00756,LEAD-004193,3,5,2023-10-04,29,meta_ads,meta_awareness_2023,demo_request,/produto/erp-connector,AST-0020,86,0,0,0.229853,19560.51
TP-0003435,OPP-00756,LEAD-004193,4,5,2023-10-13,20,meta_ads,fb-leads-varejo-2023,sales_call,/ebook/roi-tecnologia-empresas,AST-0010,89,0,0,0.491804,41852.55
TP-0003436,OPP-00756,LEAD-004193,5,5,2023-10-17,16,meta_ads,fb-leads-varejo-2023,email_open,/lp/roi-calculator,AST-0018,1,0,1,0.109075,9282.28
TP-0003437,OPP-00757,LEAD-004197,1,3,2023-09-16,42,direct,(not set),click,/lp/roi-calculator,AST-0018,15,1,0,0.015709,491.7
TP-0003438,OPP-00757,LEAD-004197,2,3,2023-10-04,24,direct,(direct),form_fill,/lp/roi-calculator,AST-0018,59,0,0,0.160275,5016.6
TP-0003439,OPP-00757,LEAD-004197,3,3,2023-10-16,12,direct,(direct),demo_request,/blog/churn-saas-brasil,AST-0005,79,0,1,0.824016,25791.7
TP-0003440,OPP-00758,LEAD-004206,1,6,2023-09-05,44,webinar_evento,campanha_natal_2023,impression,/webinar/crm-para-gestores,AST-0013,19,1,0,0.004872,411.7
TP-0003441,OPP-00758,LEAD-004206,2,6,2023-09-14,35,organic_search,(none),click,/blog/gestao-vendas-b2b,AST-0001,4,0,0,0.021384,1806.97
TP-0003442,OPP-00758,LEAD-004206,3,6,2023-09-23,26,organic_search,(none),form_fill,/blog/churn-saas-brasil,AST-0005,64,0,0,0.149126,12601.19
TP-0003443,OPP-00758,LEAD-004206,4,6,2023-09-24,25,organic_search,,demo_request,/produto/crm-integracao,AST-0019,73,0,0,0.232972,19686.11
TP-0003444,OPP-00758,LEAD-004206,5,6,2023-10-02,17,organic_search,,sales_call,/produto/crm-integracao,AST-0019,100,0,0,0.464113,39217.56
TP-0003445,OPP-00758,LEAD-004206,6,6,2023-10-09,10,organic_search,,email_open,/blog/leads-qualificados-b2b,AST-0007,27,0,1,0.127532,10776.47
TP-0003446,OPP-00759,LEAD-004211,1,3,2023-09-20,44,paid_search,google_branded_2023,click,/webinar/crm-para-gestores,AST-0013,1,1,0,0.01521,1038.81
TP-0003447,OPP-00759,LEAD-004211,2,3,2023-10-17,17,paid_search,pesquisa_concorrentes_q4_2023,click,/produto/crm-integracao,AST-0019,15,0,0,0.08049,5497.44
TP-0003448,OPP-00759,LEAD-004211,3,3,2023-10-27,7,paid_search,google_branded_2023,form_fill,/produto/erp-connector,AST-0020,84,0,1,0.904301,61763.75
TP-0003449,OPP-00760,LEAD-004214,1,2,2023-10-03,31,direct,(direct),click,/webinar/crm-para-gestores,AST-0013,7,1,0,0.125386,5567.15
TP-0003450,OPP-00760,LEAD-004214,2,2,2023-10-10,24,direct,,form_fill,/lp/demo-gratis,AST-0015,75,0,1,0.874614,38832.85
TP-0003451,OPP-00761,LEAD-004224,1,7,2023-09-21,36,linkedin_ads,lkd_awareness_2023,impression,/webinar/crm-para-gestores,AST-0013,12,1,0,0.005034,581.41
TP-0003452,OPP-00761,LEAD-004224,2,7,2023-09-27,30,webinar_evento,evento_crm_gestores_q3,click,/lp/roi-calculator,AST-0018,22,0,0,0.017832,2059.63
TP-0003453,OPP-00761,LEAD-004224,3,7,2023-09-30,27,webinar_evento,campanha_natal_2023,content_view,/produto/crm-integracao,AST-0019,45,0,0,0.029458,3402.45
TP-0003454,OPP-00761,LEAD-004224,4,7,2023-10-09,18,webinar_evento,campanha_natal_2023,demo_request,/lp/roi-calculator,AST-0018,86,0,0,0.224109,25884.56
TP-0003455,OPP-00761,LEAD-004224,5,7,2023-10-14,13,webinar_evento,campanha_natal_2023,sales_call,/lp/comparativo-erp,AST-0017,88,0,0,0.360343,41619.66
TP-0003456,OPP-00761,LEAD-004224,6,7,2023-10-14,13,webinar_evento,evento_crm_gestores_q4,demo_request,/ebook/roi-tecnologia-empresas,AST-0010,86,0,0,0.320305,36995.25
TP-0003457,OPP-00761,LEAD-004224,7,7,2023-10-19,8,webinar_evento,webinar_integracao_erp_2023,impression,/webinar/crm-para-gestores,AST-0013,9,0,1,0.042918,4957.04
TP-0003458,OPP-00762,LEAD-004231,1,5,2023-09-25,32,paid_search,crm-b2b-keywords-2023,click,/produto/api-marketplace,AST-0021,19,1,0,0.029907,2347.68
TP-0003459,OPP-00762,LEAD-004231,2,5,2023-09-28,29,paid_search,pesquisa_concorrentes_q3_2023,click,/produto/crm-integracao,AST-0019,17,0,0,0.028503,2237.47
TP-0003460,OPP-00762,LEAD-004231,3,5,2023-10-14,13,paid_search,integracao_erp_pesquisa_2023,form_fill,/blog/churn-saas-brasil,AST-0005,73,0,0,0.327715,25725.63
TP-0003461,OPP-00762,LEAD-004231,4,5,2023-10-14,13,paid_search,integracao_erp_pesquisa_2023,demo_request,/blog/integracao-erp-sistemas,AST-0003,84,0,0,0.476676,37419.1
TP-0003462,OPP-00762,LEAD-004231,5,5,2023-10-20,7,paid_search,google_brand_keywords_2023,email_open,/produto/api-marketplace,AST-0021,8,0,1,0.137199,10770.13
TP-0003463,OPP-00763,LEAD-004236,1,3,2023-09-13,41,paid_search,crm-b2b-keywords-2023,click,/ebook/crm-para-varejo,AST-0008,23,1,0,0.013808,927.89
TP-0003464,OPP-00763,LEAD-004236,2,3,2023-10-15,9,paid_search,pesquisa_concorrentes_q4_2023,click,/lp/comparativo-erp,AST-0017,16,0,0,0.104438,7018.23
TP-0003465,OPP-00763,LEAD-004236,3,3,2023-10-21,3,paid_search,google_brand_keywords_2023,form_fill,/lp/demo-gratis,AST-0015,70,0,1,0.881754,59253.87
TP-0003466,OPP-00764,LEAD-004254,1,2,2023-09-10,43,paid_search,crm-b2b-keywords-2023,click,/lp/comparativo-erp,AST-0017,25,1,0,0.204665,24518.91
TP-0003467,OPP-00764,LEAD-004254,2,2,2023-09-27,26,paid_search,crm-b2b-keywords-2023,click,/produto/crm-integracao,AST-0019,17,0,1,0.795335,95281.09
TP-0003468,OPP-00765,LEAD-004255,1,6,2023-09-13,43,linkedin_ads,linkedin_gestores_2023,impression,/lp/trial-30-dias,AST-0016,9,1,0,0.006341,627.78
TP-0003469,OPP-00765,LEAD-004255,2,6,2023-09-14,42,organic_search,(not set),click,/webinar/automacao-vendas-demo,AST-0014,29,0,0,0.015717,1555.99
TP-0003470,OPP-00765,LEAD-004255,3,6,2023-10-01,25,organic_search,(none),content_view,/produto/erp-connector,AST-0020,21,0,0,0.070578,6987.19
TP-0003471,OPP-00765,LEAD-004255,4,6,2023-10-03,23,organic_search,,demo_request,/ebook/crm-para-varejo,AST-0008,80,0,0,0.325664,32240.71
TP-0003472,OPP-00765,LEAD-004255,5,6,2023-10-08,18,organic_search,(none),sales_call,/produto/api-marketplace,AST-0021,69,0,0,0.523633,51839.68
TP-0003473,OPP-00765,LEAD-004255,6,6,2023-10-12,14,organic_search,(none),impression,/blog/leads-qualificados-b2b,AST-0007,1,0,1,0.058067,5748.64
TP-0003474,OPP-00766,LEAD-004260,1,5,2023-10-06,28,paid_search,google_branded_2023,click,/produto/crm-integracao,AST-0019,24,1,0,0.060592,1902.6
TP-0003475,OPP-00766,LEAD-004260,2,5,2023-10-09,25,organic_search,(none),click,/webinar/integracao-erp-ao-vivo,AST-0012,29,0,0,0.057748,1813.29
TP-0003476,OPP-00766,LEAD-004260,3,5,2023-10-13,21,organic_search,(none),form_fill,/produto/crm-integracao,AST-0019,50,0,0,0.281768,8847.53
TP-0003477,OPP-00766,LEAD-004260,4,5,2023-10-13,21,organic_search,(none),demo_request,/blog/automacao-marketing-b2b,AST-0004,100,0,0,0.409845,12869.13
TP-0003478,OPP-00766,LEAD-004260,5,5,2023-10-20,14,organic_search,,click,/lp/demo-gratis,AST-0015,29,0,1,0.190046,5967.45
TP-0003479,OPP-00767,LEAD-004266,1,5,2023-09-21,39,organic_search,(not set),impression,/blog/churn-saas-brasil,AST-0005,15,1,0,0.008312,784.7
TP-0003480,OPP-00767,LEAD-004266,2,5,2023-10-13,17,organic_search,(none),click,/ebook/gestao-pipeline-vendas,AST-0009,23,0,0,0.092336,8716.5
TP-0003481,OPP-00767,LEAD-004266,3,5,2023-10-16,14,organic_search,(none),content_view,/produto/crm-integracao,AST-0019,44,0,0,0.152536,14399.39
TP-0003482,OPP-00767,LEAD-004266,4,5,2023-10-20,10,organic_search,(not set),form_fill,/blog/churn-saas-brasil,AST-0005,48,0,0,0.558199,52693.97
TP-0003483,OPP-00767,LEAD-004266,5,5,2023-10-23,7,organic_search,,email_open,/blog/leads-qualificados-b2b,AST-0007,41,0,1,0.188617,17805.44
TP-0003484,OPP-00768,LEAD-004267,1,6,2023-09-10,42,email_marketing,newsletter_mensal_09_2023,email_open,/ebook/integracao-sistemas-guia,AST-0011,19,1,0,0.032365,1071.29
TP-0003485,OPP-00768,LEAD-004267,2,6,2023-09-11,41,direct,(not set),click,/lp/roi-calculator,AST-0018,24,0,0,0.04011,1327.63
TP-0003486,OPP-00768,LEAD-004267,3,6,2023-09-14,38,direct,(not set),content_view,/produto/erp-connector,AST-0020,19,0,0,0.06626,2193.2
TP-0003487,OPP-00768,LEAD-004267,4,6,2023-09-14,38,direct,,form_fill,/lp/trial-30-dias,AST-0016,59,0,0,0.182215,6031.31
TP-0003488,OPP-00768,LEAD-004267,5,6,2023-09-15,37,direct,(not set),demo_request,/produto/crm-integracao,AST-0019,89,0,0,0.284664,9422.37
TP-0003489,OPP-00768,LEAD-004267,6,6,2023-10-13,9,direct,(not set),email_open,/produto/erp-connector,AST-0020,24,0,1,0.394387,13054.2
TP-0003490,OPP-00769,LEAD-004273,1,8,2023-09-20,43,linkedin_ads,linkedin_decisores_ti_2023,impression,/webinar/automacao-vendas-demo,AST-0014,12,1,0,0.000944,79.44
TP-0003491,OPP-00769,LEAD-004273,2,8,2023-09-25,38,linkedin_ads,linkedin_gestores_2023,click,/lp/comparativo-erp,AST-0017,20,0,0,0.003112,262.02
TP-0003492,OPP-00769,LEAD-004273,3,8,2023-10-21,12,linkedin_ads,lkd_awareness_2023,content_view,/lp/roi-calculator,AST-0018,43,0,0,0.026577,2237.81
TP-0003493,OPP-00769,LEAD-004273,4,8,2023-10-26,7,linkedin_ads,linkedin_decisores_ti_2023,demo_request,/webinar/integracao-erp-ao-vivo,AST-0012,71,0,0,0.151942,12793.48
TP-0003494,OPP-00769,LEAD-004273,5,8,2023-10-30,3,linkedin_ads,linkedin_prospeccao_q4_2023,sales_call,/lp/roi-calculator,AST-0018,95,0,0,0.227464,19152.5
TP-0003495,OPP-00769,LEAD-004273,6,8,2023-10-30,3,linkedin_ads,linkedin_gestores_2023,click,/webinar/integracao-erp-ao-vivo,AST-0012,14,0,0,0.037911,3192.08
TP-0003496,OPP-00769,LEAD-004273,7,8,2023-10-30,3,linkedin_ads,linkedin_decisores_ti_2023,demo_request,/ebook/integracao-sistemas-guia,AST-0011,73,0,0,0.202191,17024.45
TP-0003497,OPP-00769,LEAD-004273,8,8,2023-11-01,1,linkedin_ads,linkedin_gestores_2023,demo_request,/ebook/integracao-sistemas-guia,AST-0011,72,0,1,0.34986,29458.21
TP-0003498,OPP-00770,LEAD-004274,1,5,2023-09-27,38,webinar_evento,campanha_natal_2023,impression,/produto/erp-connector,AST-0020,6,1,0,0.004526,453.1
TP-0003499,OPP-00770,LEAD-004274,2,5,2023-10-01,34,webinar_evento,bf-23,click,/webinar/crm-para-gestores,AST-0013,29,0,0,0.0139,1391.4
TP-0003500,OPP-00770,LEAD-004274,3,5,2023-10-06,29,webinar_evento,black_friday_2023,form_fill,/lp/trial-30-dias,AST-0016,74,0,0,0.072844,7291.7
TP-0003501,OPP-00770,LEAD-004274,4,5,2023-10-12,23,webinar_evento,black_friday_2023,demo_request,/lp/comparativo-erp,AST-0017,87,0,0,0.162648,16281.04
TP-0003502,OPP-00770,LEAD-004274,5,5,2023-10-26,9,webinar_evento,webinar_integracao_erp_2023,sales_call,/lp/trial-30-dias,AST-0016,73,0,1,0.746082,74682.77
TP-0003503,OPP-00771,LEAD-004280,1,5,2023-09-22,43,linkedin_ads,linkedin_gestores_2023,impression,/webinar/automacao-vendas-demo,AST-0014,14,1,0,0.002909,141.4
TP-0003504,OPP-00771,LEAD-004280,2,5,2023-10-04,31,linkedin_ads,linkedin_gestores_2023,click,/webinar/crm-para-gestores,AST-0013,19,0,0,0.015821,768.9
TP-0003505,OPP-00771,LEAD-004280,3,5,2023-10-09,26,linkedin_ads,lkd_awareness_2023,content_view,/lp/roi-calculator,AST-0018,34,0,0,0.030149,1465.25
TP-0003506,OPP-00771,LEAD-004280,4,5,2023-10-13,22,linkedin_ads,linkedin_decisores_ti_2023,demo_request,/lp/comparativo-erp,AST-0017,82,0,0,0.16048,7799.31
TP-0003507,OPP-00771,LEAD-004280,5,5,2023-10-28,7,linkedin_ads,linkedin_decisores_ti_2023,sales_call,/webinar/automacao-vendas-demo,AST-0014,80,0,1,0.790641,38425.14
TP-0003508,OPP-00772,LEAD-004283,1,2,2023-09-19,43,paid_search,google_branded_2023,click,/produto/erp-connector,AST-0020,32,1,0,0.044291,4504.39
TP-0003509,OPP-00772,LEAD-004283,2,2,2023-10-30,2,paid_search,google_branded_2023,click,/produto/crm-integracao,AST-0019,22,0,1,0.955709,97195.61
TP-0003510,OPP-00773,LEAD-004284,1,5,2023-09-14,41,paid_search,google_brand_keywords_2023,click,/lp/roi-calculator,AST-0018,35,1,0,0.074477,9250.04
TP-0003511,OPP-00773,LEAD-004284,2,5,2023-09-15,40,direct,(direct),click,/lp/comparativo-erp,AST-0017,51,0,0,0.061532,7642.25
TP-0003512,OPP-00773,LEAD-004284,3,5,2023-09-20,35,direct,(not set),form_fill,/produto/api-marketplace,AST-0021,61,0,0,0.32246,40049.59
TP-0003513,OPP-00773,LEAD-004284,4,5,2023-09-20,35,direct,(not set),demo_request,/webinar/integracao-erp-ao-vivo,AST-0012,93,0,0,0.469033,58253.94
TP-0003514,OPP-00773,LEAD-004284,5,5,2023-09-27,28,direct,(not set),impression,/lp/roi-calculator,AST-0018,7,0,1,0.072497,9004.17
TP-0003515,OPP-00774,LEAD-004288,1,5,2023-10-06,25,organic_search,,impression,/blog/automacao-marketing-b2b,AST-0004,7,1,0,0.025305,728.78
TP-0003516,OPP-00774,LEAD-004288,2,5,2023-10-09,22,paid_search,pesquisa_concorrentes_q4_2023,click,/lp/comparativo-erp,AST-0017,44,0,0,0.072351,2083.72
TP-0003517,OPP-00774,LEAD-004288,3,5,2023-10-09,22,paid_search,crm-b2b-keywords-2023,content_view,/webinar/integracao-erp-ao-vivo,AST-0012,44,0,0,0.096468,2778.29
TP-0003518,OPP-00774,LEAD-004288,4,5,2023-10-13,18,paid_search,integracao_erp_pesquisa_2023,form_fill,/blog/crm-para-industria,AST-0002,63,0,0,0.353022,10167.03
TP-0003519,OPP-00774,LEAD-004288,5,5,2023-10-29,2,paid_search,google_brand_keywords_2023,click,/lp/demo-gratis,AST-0015,18,0,1,0.452854,13042.19
TP-0003520,OPP-00775,LEAD-004289,1,5,2023-09-25,29,webinar_evento,campanha_natal_2023,impression,/lp/trial-30-dias,AST-0016,17,1,0,0.008242,479.67
TP-0003521,OPP-00775,LEAD-004289,2,5,2023-09-27,27,paid_search,pesquisa_concorrentes_q3_2023,click,/blog/funil-vendas-complexas,AST-0006,16,0,0,0.02194,1276.93
TP-0003522,OPP-00775,LEAD-004289,3,5,2023-10-02,22,paid_search,google_brand_keywords_2023,form_fill,/produto/erp-connector,AST-0020,59,0,0,0.114979,6691.79
TP-0003523,OPP-00775,LEAD-004289,4,5,2023-10-11,13,paid_search,google_brand_keywords_2023,demo_request,/lp/roi-calculator,AST-0018,88,0,0,0.31808,18512.23
TP-0003524,OPP-00775,LEAD-004289,5,5,2023-10-11,13,paid_search,google_brand_keywords_2023,sales_call,/lp/comparativo-erp,AST-0017,95,0,1,0.536759,31239.39
TP-0003525,OPP-00776,LEAD-004295,1,4,2023-10-06,22,organic_search,,impression,/blog/integracao-erp-sistemas,AST-0003,3,1,0,0.039322,2882.29
TP-0003526,OPP-00776,LEAD-004295,2,4,2023-10-07,21,organic_search,(not set),click,/blog/churn-saas-brasil,AST-0005,17,0,0,0.097461,7143.93
TP-0003527,OPP-00776,LEAD-004295,3,4,2023-10-09,19,organic_search,(none),content_view,/produto/api-marketplace,AST-0021,35,0,0,0.149904,10987.98
TP-0003528,OPP-00776,LEAD-004295,4,4,2023-10-11,17,organic_search,,form_fill,/blog/crm-para-industria,AST-0002,63,0,1,0.713312,52285.8
TP-0003529,OPP-00777,LEAD-004296,1,6,2023-10-09,31,organic_search,(not set),impression,/produto/erp-connector,AST-0020,14,1,0,0.009883,755.07
TP-0003530,OPP-00777,LEAD-004296,2,6,2023-10-17,23,email_marketing,email_nurture_leads_2023,click,/webinar/automacao-vendas-demo,AST-0014,12,0,0,0.040387,3085.56
TP-0003531,OPP-00777,LEAD-004296,3,6,2023-10-21,19,email_marketing,campanha_email_10-2023,content_view,/ebook/integracao-sistemas-guia,AST-0011,31,0,0,0.071658,5474.66
TP-0003532,OPP-00777,LEAD-004296,4,6,2023-10-27,13,email_marketing,newsletter_mensal_10_2023,form_fill,/blog/churn-saas-brasil,AST-0005,53,0,0,0.302498,23110.84
TP-0003533,OPP-00777,LEAD-004296,5,6,2023-10-29,11,email_marketing,campanha_email_10-2023,demo_request,/blog/churn-saas-brasil,AST-0005,100,0,0,0.507565,38777.97
TP-0003534,OPP-00777,LEAD-004296,6,6,2023-11-03,6,email_marketing,newsletter_mensal_11_2023,impression,/webinar/crm-para-gestores,AST-0013,12,0,1,0.068009,5195.91
TP-0003535,OPP-00778,LEAD-004301,1,8,2023-09-29,42,webinar_evento,campanha_natal_2023,impression,/lp/comparativo-erp,AST-0017,5,1,0,0.002429,125.12
TP-0003536,OPP-00778,LEAD-004301,2,8,2023-10-03,38,webinar_evento,webinar_integracao_erp_2023,click,/webinar/automacao-vendas-demo,AST-0014,47,0,0,0.007461,384.22
TP-0003537,OPP-00778,LEAD-004301,3,8,2023-10-05,36,webinar_evento,campanha_natal_2023,form_fill,/webinar/crm-para-gestores,AST-0013,66,0,0,0.031557,1625.16
TP-0003538,OPP-00778,LEAD-004301,4,8,2023-10-09,32,webinar_evento,evento_crm_gestores_q4,demo_request,/webinar/crm-para-gestores,AST-0013,85,0,0,0.06108,3145.64
TP-0003539,OPP-00778,LEAD-004301,5,8,2023-10-10,31,webinar_evento,evento_crm_gestores_q4,sales_call,/blog/gestao-vendas-b2b,AST-0001,80,0,0,0.073803,3800.86
TP-0003540,OPP-00778,LEAD-004301,6,8,2023-10-27,14,webinar_evento,webinar_integracao_erp_2023,content_view,/lp/roi-calculator,AST-0018,27,0,0,0.055236,2844.64
TP-0003541,OPP-00778,LEAD-004301,7,8,2023-10-28,13,webinar_evento,campanha-natal-2023,content_view,/webinar/automacao-vendas-demo,AST-0014,30,0,0,0.059325,3055.26
TP-0003542,OPP-00778,LEAD-004301,8,8,2023-11-05,5,webinar_evento,evento_crm_gestores_q4,sales_call,/webinar/automacao-vendas-demo,AST-0014,100,0,1,0.709109,36519.1
TP-0003543,OPP-00779,LEAD-004304,1,3,2023-10-14,19,paid_search,pesquisa_concorrentes_q4_2023,click,/lp/roi-calculator,AST-0018,34,1,0,0.101482,7570.55
TP-0003544,OPP-00779,LEAD-004304,2,3,2023-10-22,11,paid_search,pesquisa_concorrentes_q4_2023,click,/ebook/integracao-sistemas-guia,AST-0011,35,0,0,0.138234,10312.22
TP-0003545,OPP-00779,LEAD-004304,3,3,2023-10-22,11,paid_search,integracao_erp_pesquisa_2023,form_fill,/lp/trial-30-dias,AST-0016,62,0,1,0.760285,56717.23
TP-0003546,OPP-00780,LEAD-004305,1,4,2023-10-16,12,webinar_evento,campanha-natal-2023,impression,/lp/roi-calculator,AST-0018,14,1,0,0.02022,1904.76
TP-0003547,OPP-00780,LEAD-004305,2,4,2023-10-19,9,webinar_evento,webinar_integracao_erp_2023,click,/lp/demo-gratis,AST-0015,19,0,0,0.057814,5446.06
TP-0003548,OPP-00780,LEAD-004305,3,4,2023-10-19,9,webinar_evento,black_friday_2023,form_fill,/webinar/integracao-erp-ao-vivo,AST-0012,55,0,0,0.211984,19968.87
TP-0003549,OPP-00780,LEAD-004305,4,4,2023-10-25,3,webinar_evento,bf-23,demo_request,/webinar/crm-para-gestores,AST-0013,77,0,1,0.709982,66880.31
TP-0003550,OPP-00781,LEAD-004309,1,2,2023-10-04,26,paid_search,google_brand_keywords_2023,click,/produto/crm-integracao,AST-0019,15,1,0,0.204665,25358.04
TP-0003551,OPP-00781,LEAD-004309,2,2,2023-10-21,9,paid_search,pesquisa_concorrentes_q4_2023,click,/lp/demo-gratis,AST-0015,6,0,1,0.795335,98541.96
TP-0003552,OPP-00782,LEAD-004314,1,2,2023-09-30,35,paid_search,crm-b2b-keywords-2023,click,/produto/erp-connector,AST-0020,31,1,0,0.075841,3792.05
TP-0003553,OPP-00782,LEAD-004314,2,2,2023-11-02,2,paid_search,google_branded_2023,click,/lp/comparativo-erp,AST-0017,24,0,1,0.924159,46207.95
TP-0003554,OPP-00783,LEAD-004319,1,3,2023-09-25,41,webinar_evento,evento_crm_gestores_q3,impression,/webinar/integracao-erp-ao-vivo,AST-0012,9,1,0,0.017217,898.72
TP-0003555,OPP-00783,LEAD-004319,2,3,2023-10-12,24,webinar_evento,evento_crm_gestores_q4,click,/webinar/integracao-erp-ao-vivo,AST-0012,21,0,0,0.13381,6984.89
TP-0003556,OPP-00783,LEAD-004319,3,3,2023-10-14,22,webinar_evento,campanha_natal_2023,form_fill,/lp/demo-gratis,AST-0015,68,0,1,0.848973,44316.39
TP-0003557,OPP-00784,LEAD-004325,1,3,2023-10-01,26,paid_search,google_branded_2023,click,/lp/comparativo-erp,AST-0017,13,1,0,0.102458,7141.34
TP-0003558,OPP-00784,LEAD-004325,2,3,2023-10-08,19,paid_search,google_brand_keywords_2023,click,/produto/erp-connector,AST-0020,31,0,0,0.129942,9056.98
TP-0003559,OPP-00784,LEAD-004325,3,3,2023-10-09,18,paid_search,pesquisa_concorrentes_q4_2023,form_fill,/ebook/roi-tecnologia-empresas,AST-0010,46,0,1,0.767599,53501.67
TP-0003560,OPP-00785,LEAD-004329,1,2,2023-10-22,12,direct,(not set),click,/lp/demo-gratis,AST-0015,31,1,0,0.191176,7704.41
TP-0003561,OPP-00785,LEAD-004329,2,2,2023-10-22,12,direct,(not set),form_fill,/produto/api-marketplace,AST-0021,69,0,1,0.808824,32595.59
TP-0003562,OPP-00786,LEAD-004331,1,4,2023-10-09,34,organic_search,,impression,/blog/gestao-vendas-b2b,AST-0001,18,1,0,0.00646,498.04
TP-0003563,OPP-00786,LEAD-004331,2,4,2023-10-23,20,paid_search,crm-b2b-keywords-2023,click,/lp/demo-gratis,AST-0015,38,0,0,0.040521,3124.16
TP-0003564,OPP-00786,LEAD-004331,3,4,2023-11-06,6,paid_search,integracao_erp_pesquisa_2023,content_view,/produto/crm-integracao,AST-0019,41,0,0,0.146863,11323.11
TP-0003565,OPP-00786,LEAD-004331,4,4,2023-11-10,2,paid_search,pesquisa_concorrentes_q4_2023,form_fill,/lp/demo-gratis,AST-0015,75,0,1,0.806157,62154.7
TP-0003566,OPP-00787,LEAD-004334,1,5,2023-09-20,44,organic_search,(none),impression,/blog/automacao-marketing-b2b,AST-0004,7,1,0,0.00281,248.12
TP-0003567,OPP-00787,LEAD-004334,2,5,2023-09-25,39,organic_search,(not set),click,/blog/leads-qualificados-b2b,AST-0007,17,0,0,0.009268,818.36
TP-0003568,OPP-00787,LEAD-004334,3,5,2023-10-03,31,organic_search,,content_view,/produto/api-marketplace,AST-0021,46,0,0,0.021882,1932.21
TP-0003569,OPP-00787,LEAD-004334,4,5,2023-10-18,16,organic_search,(not set),form_fill,/produto/api-marketplace,AST-0021,69,0,0,0.175688,15513.23
TP-0003570,OPP-00787,LEAD-004334,5,5,2023-10-30,4,organic_search,(none),proposal_sent,/blog/leads-qualificados-b2b,AST-0007,64,0,1,0.790352,69788.08
TP-0003571,OPP-00788,LEAD-004350,1,5,2023-09-30,35,direct,(not set),click,/lp/comparativo-erp,AST-0017,28,1,0,0.016138,611.62
TP-0003572,OPP-00788,LEAD-004350,2,5,2023-10-01,34,direct,,form_fill,/lp/comparativo-erp,AST-0017,86,0,0,0.048887,1852.81
TP-0003573,OPP-00788,LEAD-004350,3,5,2023-10-07,28,direct,,demo_request,/produto/erp-connector,AST-0020,86,0,0,0.109156,4137.0
TP-0003574,OPP-00788,LEAD-004350,4,5,2023-10-16,19,direct,(not set),sales_call,/produto/erp-connector,AST-0020,89,0,0,0.233554,8851.71
TP-0003575,OPP-00788,LEAD-004350,5,5,2023-10-25,10,direct,(direct),demo_request,/lp/demo-gratis,AST-0015,93,0,1,0.592265,22446.85
TP-0003576,OPP-00789,LEAD-004356,1,3,2023-10-10,32,organic_search,(not set),impression,/produto/erp-connector,AST-0020,7,1,0,0.038958,3151.72
TP-0003577,OPP-00789,LEAD-004356,2,3,2023-10-25,17,organic_search,,click,/produto/api-marketplace,AST-0021,23,0,0,0.262478,21234.44
TP-0003578,OPP-00789,LEAD-004356,3,3,2023-10-29,13,organic_search,,content_view,/produto/erp-connector,AST-0020,28,0,1,0.698564,56513.85
TP-0003579,OPP-00790,LEAD-004367,1,7,2023-09-27,40,linkedin_ads,linkedin_prospecao_q3_2023,impression,/webinar/automacao-vendas-demo,AST-0014,11,1,0,0.002616,525.34
TP-0003580,OPP-00790,LEAD-004367,2,7,2023-09-29,38,linkedin_ads,linkedin_decisores_ti_2023,click,/lp/roi-calculator,AST-0018,36,0,0,0.006965,1398.49
TP-0003581,OPP-00790,LEAD-004367,3,7,2023-10-12,25,linkedin_ads,lkd_awareness_2023,content_view,/ebook/crm-para-varejo,AST-0008,39,0,0,0.023502,4719.24
TP-0003582,OPP-00790,LEAD-004367,4,7,2023-10-14,23,linkedin_ads,linkedin_prospecao_q4_2023,demo_request,/webinar/automacao-vendas-demo,AST-0014,81,0,0,0.108445,21775.8
TP-0003583,OPP-00790,LEAD-004367,5,7,2023-10-21,16,linkedin_ads,linkedin_decisores_ti_2023,sales_call,/lp/trial-30-dias,AST-0016,89,0,0,0.201145,40390.01
TP-0003584,OPP-00790,LEAD-004367,6,7,2023-10-29,8,linkedin_ads,linkedin_prospeccao_q4_2023,content_view,/ebook/roi-tecnologia-empresas,AST-0010,30,0,0,0.079153,15893.87
TP-0003585,OPP-00790,LEAD-004367,7,7,2023-11-06,0,linkedin_ads,linkedin_decisores_ti_2023,form_fill,/lp/trial-30-dias,AST-0016,66,0,1,0.578174,116097.25
TP-0003586,OPP-00791,LEAD-004373,1,3,2023-09-25,42,organic_search,,impression,/lp/trial-30-dias,AST-0016,9,1,0,0.023005,1803.59
TP-0003587,OPP-00791,LEAD-004373,2,3,2023-10-08,29,organic_search,,click,/lp/demo-gratis,AST-0015,25,0,0,0.134361,10533.89
TP-0003588,OPP-00791,LEAD-004373,3,3,2023-10-24,13,organic_search,(not set),content_view,/ebook/roi-tecnologia-empresas,AST-0010,31,0,1,0.842634,66062.53
TP-0003589,OPP-00792,LEAD-004374,1,3,2023-09-29,39,organic_search,(not set),impression,/ebook/gestao-pipeline-vendas,AST-0009,7,1,0,0.015657,1172.72
TP-0003590,OPP-00792,LEAD-004374,2,3,2023-09-30,38,organic_search,,click,/blog/integracao-erp-sistemas,AST-0003,18,0,0,0.038807,2906.66
TP-0003591,OPP-00792,LEAD-004374,3,3,2023-11-04,3,organic_search,,content_view,/webinar/integracao-erp-ao-vivo,AST-0012,30,0,1,0.945536,70820.62
TP-0003592,OPP-00793,LEAD-004376,1,4,2023-10-13,30,organic_search,,impression,/blog/funil-vendas-complexas,AST-0006,1,1,0,0.010347,659.08
TP-0003593,OPP-00793,LEAD-004376,2,4,2023-10-14,29,meta_ads,facebook_retargeting_2023,click,/lp/roi-calculator,AST-0018,20,0,0,0.025645,1633.57
TP-0003594,OPP-00793,LEAD-004376,3,4,2023-10-22,21,meta_ads,facebook_retargeting_2023,content_view,/ebook/integracao-sistemas-guia,AST-0011,46,0,0,0.060549,3856.96
TP-0003595,OPP-00793,LEAD-004376,4,4,2023-11-09,3,meta_ads,facebook_retargeting_2023,form_fill,/lp/trial-30-dias,AST-0016,74,0,1,0.90346,57550.38
TP-0003596,OPP-00794,LEAD-004393,1,9,2023-09-21,41,linkedin_ads,lkd_awareness_2023,impression,/lp/trial-30-dias,AST-0016,7,1,0,0.001633,271.95
TP-0003597,OPP-00794,LEAD-004393,2,9,2023-09-23,39,linkedin_ads,lkd_awareness_2023,click,/ebook/roi-tecnologia-empresas,AST-0010,4,0,0,0.004348,723.95
TP-0003598,OPP-00794,LEAD-004393,3,9,2023-10-05,27,linkedin_ads,lkd_awareness_2023,content_view,/webinar/crm-para-gestores,AST-0013,44,0,0,0.013661,2274.57
TP-0003599,OPP-00794,LEAD-004393,4,9,2023-10-11,21,linkedin_ads,linkedin_prospecao_q4_2023,demo_request,/produto/api-marketplace,AST-0021,75,0,0,0.083883,13966.45
TP-0003600,OPP-00794,LEAD-004393,5,9,2023-10-18,14,linkedin_ads,linkedin_decisores_ti_2023,sales_call,/lp/trial-30-dias,AST-0016,94,0,0,0.155586,25905.14
TP-0003601,OPP-00794,LEAD-004393,6,9,2023-10-25,7,linkedin_ads,lkd_awareness_2023,demo_request,/webinar/crm-para-gestores,AST-0013,88,0,0,0.228017,37964.76
TP-0003602,OPP-00794,LEAD-004393,7,9,2023-10-31,1,linkedin_ads,lkd_awareness_2023,impression,/ebook/integracao-sistemas-guia,AST-0011,12,0,0,0.021876,3642.39
TP-0003603,OPP-00794,LEAD-004393,8,9,2023-10-31,1,linkedin_ads,lkd_awareness_2023,demo_request,/ebook/crm-para-varejo,AST-0008,69,0,0,0.35002,58278.29
TP-0003604,OPP-00794,LEAD-004393,9,9,2023-11-01,0,linkedin_ads,linkedin_decisores_ti_2023,content_view,/lp/comparativo-erp,AST-0017,48,0,1,0.140976,23472.49
TP-0003605,OPP-00795,LEAD-004394,1,4,2023-10-11,35,paid_search,google_brand_keywords_2023,click,/produto/crm-integracao,AST-0019,22,1,0,0.017785,426.85
TP-0003606,OPP-00795,LEAD-004394,2,4,2023-10-15,31,paid_search,crm-b2b-keywords-2023,click,/lp/roi-calculator,AST-0018,24,0,0,0.018206,436.93
TP-0003607,OPP-00795,LEAD-004394,3,4,2023-10-20,26,paid_search,pesquisa_concorrentes_q4_2023,form_fill,/lp/trial-30-dias,AST-0016,66,0,0,0.095407,2289.77
TP-0003608,OPP-00795,LEAD-004394,4,4,2023-11-09,6,paid_search,crm-b2b-keywords-2023,demo_request,/produto/crm-integracao,AST-0019,99,0,1,0.868602,20846.44
TP-0003609,OPP-00796,LEAD-004397,1,4,2023-10-11,27,paid_search,google_branded_2023,click,/lp/trial-30-dias,AST-0016,36,1,0,0.016806,487.36
TP-0003610,OPP-00796,LEAD-004397,2,4,2023-10-28,10,meta_ads,meta_awareness_2023,click,/webinar/integracao-erp-ao-vivo,AST-0012,17,0,0,0.043538,1262.61
TP-0003611,OPP-00796,LEAD-004397,3,4,2023-11-02,5,meta_ads,meta_awareness_2023,form_fill,/lp/comparativo-erp,AST-0017,68,0,0,0.228164,6616.75
TP-0003612,OPP-00796,LEAD-004397,4,4,2023-11-07,0,meta_ads,facebook_retargeting_2023,demo_request,/lp/roi-calculator,AST-0018,81,0,1,0.711492,20633.28
TP-0003613,OPP-00797,LEAD-004398,1,4,2023-09-27,38,organic_search,(none),impression,/blog/crm-para-industria,AST-0002,9,1,0,0.011374,352.6
TP-0003614,OPP-00797,LEAD-004398,2,4,2023-09-30,35,organic_search,(none),click,/blog/funil-vendas-complexas,AST-0006,29,0,0,0.032521,1008.15
TP-0003615,OPP-00797,LEAD-004398,3,4,2023-10-11,24,organic_search,(none),content_view,/produto/erp-connector,AST-0020,38,0,0,0.095133,2949.14
TP-0003616,OPP-00797,LEAD-004398,4,4,2023-10-22,13,organic_search,(none),form_fill,/blog/churn-saas-brasil,AST-0005,64,0,1,0.860971,26690.11
TP-0003617,OPP-00798,LEAD-004403,1,3,2023-10-03,33,webinar_evento,black_friday_2023,impression,/lp/comparativo-erp,AST-0017,1,1,0,0.028072,2860.56
TP-0003618,OPP-00798,LEAD-004403,2,3,2023-10-13,23,webinar_evento,bf-23,click,/webinar/automacao-vendas-demo,AST-0014,41,0,0,0.132332,13484.65
TP-0003619,OPP-00798,LEAD-004403,3,3,2023-10-15,21,webinar_evento,bf-23,form_fill,/lp/roi-calculator,AST-0018,57,0,1,0.839596,85554.79
TP-0003620,OPP-00799,LEAD-004406,1,5,2023-09-29,35,paid_search,google_brand_keywords_2023,click,/lp/demo-gratis,AST-0015,13,1,0,0.028033,894.24
TP-0003621,OPP-00799,LEAD-004406,2,5,2023-10-01,33,direct,,click,/lp/roi-calculator,AST-0018,26,0,0,0.024875,793.51
TP-0003622,OPP-00799,LEAD-004406,3,5,2023-10-04,30,direct,(direct),form_fill,/produto/erp-connector,AST-0020,62,0,0,0.113005,3604.85
TP-0003623,OPP-00799,LEAD-004406,4,5,2023-10-20,14,direct,(not set),demo_request,/lp/roi-calculator,AST-0018,89,0,0,0.515419,16441.87
TP-0003624,OPP-00799,LEAD-004406,5,5,2023-10-27,7,direct,(not set),content_view,/lp/demo-gratis,AST-0015,36,0,1,0.318668,10165.52
TP-0003625,OPP-00800,LEAD-004411,1,5,2023-09-28,44,paid_search,google_brand_keywords_2023,click,/produto/crm-integracao,AST-0019,35,1,0,0.038559,2772.37
TP-0003626,OPP-00800,LEAD-004411,2,5,2023-10-02,40,paid_search,crm-b2b-keywords-2023,click,/produto/api-marketplace,AST-0021,48,0,0,0.03947,2837.86
TP-0003627,OPP-00800,LEAD-004411,3,5,2023-10-02,40,paid_search,google_brand_keywords_2023,form_fill,/lp/comparativo-erp,AST-0017,66,0,0,0.144722,10405.5
TP-0003628,OPP-00800,LEAD-004411,4,5,2023-10-05,37,paid_search,google_branded_2023,demo_request,/lp/trial-30-dias,AST-0016,100,0,0,0.26081,18752.24
TP-0003629,OPP-00800,LEAD-004411,5,5,2023-11-07,4,paid_search,google_brand_keywords_2023,email_open,/lp/trial-30-dias,AST-0016,9,0,1,0.51644,37132.03
TP-0003630,OPP-00801,LEAD-004412,1,4,2023-09-26,37,webinar_evento,bf-23,impression,/lp/trial-30-dias,AST-0016,1,1,0,0.004039,184.99
TP-0003631,OPP-00801,LEAD-004412,2,4,2023-10-08,25,organic_search,(not set),click,/produto/erp-connector,AST-0020,12,0,0,0.021965,1005.98
TP-0003632,OPP-00801,LEAD-004412,3,4,2023-10-26,7,organic_search,(none),form_fill,/produto/crm-integracao,AST-0019,91,0,0,0.291322,13342.56
TP-0003633,OPP-00801,LEAD-004412,4,4,2023-10-27,6,organic_search,(none),demo_request,/blog/gestao-vendas-b2b,AST-0001,100,0,1,0.682674,31266.47
TP-0003634,OPP-00802,LEAD-004415,1,6,2023-10-08,28,webinar_evento,campanha-natal-2023,impression,/webinar/crm-para-gestores,AST-0013,9,1,0,0.01709,1189.47
TP-0003635,OPP-00802,LEAD-004415,2,6,2023-10-10,26,webinar_evento,webinar_integracao_erp_2023,click,/blog/integracao-erp-sistemas,AST-0003,45,0,0,0.045495,3166.47
TP-0003636,OPP-00802,LEAD-004415,3,6,2023-10-10,26,webinar_evento,campanha_natal_2023,form_fill,/webinar/crm-para-gestores,AST-0013,78,0,0,0.166816,11610.38
TP-0003637,OPP-00802,LEAD-004415,4,6,2023-10-14,22,webinar_evento,evento_crm_gestores_q4,demo_request,/lp/comparativo-erp,AST-0017,76,0,0,0.322886,22472.84
TP-0003638,OPP-00802,LEAD-004415,5,6,2023-10-15,21,webinar_evento,campanha_natal_2023,sales_call,/webinar/crm-para-gestores,AST-0013,89,0,0,0.390142,27153.85
TP-0003639,OPP-00802,LEAD-004415,6,6,2023-10-23,13,webinar_evento,bf-23,impression,/webinar/crm-para-gestores,AST-0013,14,0,1,0.057572,4006.99
TP-0003640,OPP-00803,LEAD-004416,1,3,2023-11-02,6,direct,,click,/lp/demo-gratis,AST-0015,29,1,0,0.088086,8341.77
TP-0003641,OPP-00803,LEAD-004416,2,3,2023-11-04,4,direct,(direct),form_fill,/webinar/integracao-erp-ao-vivo,AST-0012,64,0,0,0.286601,27141.16
TP-0003642,OPP-00803,LEAD-004416,3,3,2023-11-04,4,direct,(direct),demo_request,/produto/erp-connector,AST-0020,89,0,1,0.625312,59217.07
TP-0003643,OPP-00804,LEAD-004418,1,4,2023-10-08,38,paid_search,pesquisa_concorrentes_q4_2023,click,/lp/trial-30-dias,AST-0016,22,1,0,0.013262,318.28
TP-0003644,OPP-00804,LEAD-004418,2,4,2023-10-14,32,paid_search,pesquisa_concorrentes_q4_2023,click,/lp/comparativo-erp,AST-0017,21,0,0,0.01566,375.83
TP-0003645,OPP-00804,LEAD-004418,3,4,2023-10-23,23,paid_search,integracao_erp_pesquisa_2023,form_fill,/lp/roi-calculator,AST-0018,75,0,0,0.109206,2620.94
TP-0003646,OPP-00804,LEAD-004418,4,4,2023-11-10,5,paid_search,crm-b2b-keywords-2023,demo_request,/produto/erp-connector,AST-0020,81,0,1,0.861873,20684.94
TP-0003647,OPP-00805,LEAD-004419,1,7,2023-10-11,36,email_marketing,campanha_email_10-2023,email_open,/produto/api-marketplace,AST-0021,7,1,0,0.016262,578.93
TP-0003648,OPP-00805,LEAD-004419,2,7,2023-10-14,33,direct,(not set),click,/lp/demo-gratis,AST-0015,34,0,0,0.023248,827.64
TP-0003649,OPP-00805,LEAD-004419,3,7,2023-10-28,19,direct,(not set),content_view,/lp/trial-30-dias,AST-0016,8,0,0,0.08426,2999.66
TP-0003650,OPP-00805,LEAD-004419,4,7,2023-10-28,19,direct,(direct),form_fill,/produto/erp-connector,AST-0020,69,0,0,0.231716,8249.07
TP-0003651,OPP-00805,LEAD-004419,5,7,2023-10-31,16,direct,,form_fill,/blog/automacao-marketing-b2b,AST-0004,64,0,0,0.28709,10220.41
TP-0003652,OPP-00805,LEAD-004419,6,7,2023-11-05,11,direct,(not set),click,/lp/roi-calculator,AST-0018,25,0,0,0.111906,3983.84
TP-0003653,OPP-00805,LEAD-004419,7,7,2023-11-16,0,direct,(not set),email_open,/produto/api-marketplace,AST-0021,5,0,1,0.245518,8740.44
TP-0003654,OPP-00806,LEAD-004424,1,3,2023-10-15,22,direct,,click,/produto/erp-connector,AST-0020,22,1,0,0.066003,2626.92
TP-0003655,OPP-00806,LEAD-004424,2,3,2023-10-17,20,direct,(direct),form_fill,/produto/crm-integracao,AST-0019,66,0,0,0.21475,8547.05
TP-0003656,OPP-00806,LEAD-004424,3,3,2023-10-23,14,direct,,demo_request,/produto/api-marketplace,AST-0021,88,0,1,0.719247,28626.03
TP-0003657,OPP-00807,LEAD-004425,1,2,2023-10-02,38,direct,(direct),click,/produto/crm-integracao,AST-0019,8,1,0,0.040829,1767.91
TP-0003658,OPP-00807,LEAD-004425,2,2,2023-10-26,14,direct,(not set),form_fill,/produto/api-marketplace,AST-0021,69,0,1,0.959171,41532.09
TP-0003659,OPP-00808,LEAD-004427,1,5,2023-10-01,42,paid_search,pesquisa_concorrentes_q4_2023,click,/produto/api-marketplace,AST-0021,47,1,0,0.011785,245.13
TP-0003660,OPP-00808,LEAD-004427,2,5,2023-10-17,26,meta_ads,facebook_retargeting_2023,click,/lp/trial-30-dias,AST-0016,12,0,0,0.028427,591.28
TP-0003661,OPP-00808,LEAD-004427,3,5,2023-10-27,16,meta_ads,ig_gestores_b2b_q4,form_fill,/ebook/integracao-sistemas-guia,AST-0011,60,0,0,0.212919,4428.71
TP-0003662,OPP-00808,LEAD-004427,4,5,2023-11-05,7,meta_ads,meta_awareness_2023,demo_request,/ebook/crm-para-varejo,AST-0008,84,0,0,0.589021,12251.64
TP-0003663,OPP-00808,LEAD-004427,5,5,2023-11-10,2,meta_ads,meta_awareness_2023,email_open,/ebook/gestao-pipeline-vendas,AST-0009,10,0,1,0.157847,3283.23
TP-0003664,OPP-00809,LEAD-004430,1,8,2023-09-27,41,linkedin_ads,linkedin_decisores_ti_2023,impression,/lp/roi-calculator,AST-0018,9,1,0,0.003085,256.68
TP-0003665,OPP-00809,LEAD-004430,2,8,2023-09-28,40,webinar_evento,webinar_integracao_erp_2023,click,/webinar/crm-para-gestores,AST-0013,21,0,0,0.007646,636.19
TP-0003666,OPP-00809,LEAD-004430,3,8,2023-10-16,22,webinar_evento,campanha-natal-2023,content_view,/lp/trial-30-dias,AST-0016,36,0,0,0.036879,3068.33
TP-0003667,OPP-00809,LEAD-004430,4,8,2023-10-22,16,webinar_evento,evento_crm_gestores_q4,demo_request,/webinar/crm-para-gestores,AST-0013,78,0,0,0.226446,18840.31
TP-0003668,OPP-00809,LEAD-004430,5,8,2023-10-29,9,webinar_evento,black_friday_2023,sales_call,/webinar/crm-para-gestores,AST-0013,100,0,0,0.420015,34945.22
TP-0003669,OPP-00809,LEAD-004430,6,8,2023-11-01,6,webinar_evento,campanha-natal-2023,impression,/webinar/crm-para-gestores,AST-0013,2,0,0,0.02891,2405.35
TP-0003670,OPP-00809,LEAD-004430,7,8,2023-11-02,5,webinar_evento,campanha_natal_2023,email_open,/lp/comparativo-erp,AST-0017,16,0,0,0.062102,5166.89
TP-0003671,OPP-00809,LEAD-004430,8,8,2023-11-04,3,webinar_evento,black_friday_2023,content_view,/webinar/integracao-erp-ao-vivo,AST-0012,40,0,1,0.214916,17881.04
TP-0003672,OPP-00810,LEAD-004433,1,5,2023-10-01,35,direct,,click,/lp/comparativo-erp,AST-0017,27,1,0,0.023672,1967.11
TP-0003673,OPP-00810,LEAD-004433,2,5,2023-10-05,31,direct,(not set),form_fill,/produto/erp-connector,AST-0020,65,0,0,0.088847,7383.15
TP-0003674,OPP-00810,LEAD-004433,3,5,2023-10-20,16,direct,(not set),demo_request,/lp/comparativo-erp,AST-0017,85,0,0,0.377297,31353.4
TP-0003675,OPP-00810,LEAD-004433,4,5,2023-10-21,15,direct,,sales_call,/lp/comparativo-erp,AST-0017,71,0,0,0.455887,37884.2
TP-0003676,OPP-00810,LEAD-004433,5,5,2023-10-26,10,direct,,impression,/lp/comparativo-erp,AST-0017,11,0,1,0.054298,4512.13
TP-0003677,OPP-00811,LEAD-004437,1,3,2023-10-10,39,meta_ads,meta_awareness_2023,impression,/lp/demo-gratis,AST-0015,10,1,0,0.004823,294.66
TP-0003678,OPP-00811,LEAD-004437,2,3,2023-11-05,13,meta_ads,ig_gestores_b2b_q4,click,/lp/roi-calculator,AST-0018,31,0,0,0.071286,4355.59
TP-0003679,OPP-00811,LEAD-004437,3,3,2023-11-17,1,meta_ads,facebook_retargeting_2023,form_fill,/lp/roi-calculator,AST-0018,58,0,1,0.923891,56449.75
TP-0003680,OPP-00812,LEAD-004443,1,4,2023-10-15,30,linkedin_ads,linkedin_gestores_2023,impression,/lp/roi-calculator,AST-0018,11,1,0,0.01513,1844.4
TP-0003681,OPP-00812,LEAD-004443,2,4,2023-10-16,29,meta_ads,facebook_retargeting_2023,click,/lp/trial-30-dias,AST-0016,32,0,0,0.037502,4571.45
TP-0003682,OPP-00812,LEAD-004443,3,4,2023-10-21,24,meta_ads,ig_gestores_b2b_q4,content_view,/lp/trial-30-dias,AST-0016,29,0,0,0.071465,8711.6
TP-0003683,OPP-00812,LEAD-004443,4,4,2023-10-31,14,meta_ads,ig_gestores_b2b_q4,demo_request,/ebook/roi-tecnologia-empresas,AST-0010,89,0,1,0.875903,106772.55
TP-0003684,OPP-00813,LEAD-004444,1,3,2023-09-26,38,paid_search,pesquisa_concorrentes_q3_2023,click,/produto/erp-connector,AST-0020,9,1,0,0.034247,2321.98
TP-0003685,OPP-00813,LEAD-004444,2,3,2023-10-01,33,paid_search,pesquisa_concorrentes_q4_2023,click,/produto/crm-integracao,AST-0019,22,0,0,0.037652,2552.82
TP-0003686,OPP-00813,LEAD-004444,3,3,2023-10-22,12,paid_search,crm-b2b-keywords-2023,form_fill,/lp/demo-gratis,AST-0015,54,0,1,0.9281,62925.2
TP-0003687,OPP-00814,LEAD-004448,1,2,2023-10-24,19,organic_search,,impression,/produto/api-marketplace,AST-0021,6,1,0,0.224138,20486.21
TP-0003688,OPP-00814,LEAD-004448,2,2,2023-10-24,19,organic_search,,click,/webinar/automacao-vendas-demo,AST-0014,32,0,1,0.775862,70913.79
TP-0003689,OPP-00815,LEAD-004451,1,6,2023-09-30,42,organic_search,(not set),impression,/blog/funil-vendas-complexas,AST-0006,9,1,0,0.002807,244.45
TP-0003690,OPP-00815,LEAD-004451,2,6,2023-10-11,31,paid_search,crm-b2b-keywords-2023,click,/produto/api-marketplace,AST-0021,26,0,0,0.01421,1237.66
TP-0003691,OPP-00815,LEAD-004451,3,6,2023-10-14,28,paid_search,crm-b2b-keywords-2023,content_view,/lp/comparativo-erp,AST-0017,29,0,0,0.023474,2044.58
TP-0003692,OPP-00815,LEAD-004451,4,6,2023-11-03,8,paid_search,pesquisa_concorrentes_q4_2023,form_fill,/lp/roi-calculator,AST-0018,65,0,0,0.269364,23461.62
TP-0003693,OPP-00815,LEAD-004451,5,6,2023-11-05,6,paid_search,pesquisa_concorrentes_q4_2023,sales_call,/lp/comparativo-erp,AST-0017,77,0,0,0.508466,44287.37
TP-0003694,OPP-00815,LEAD-004451,6,6,2023-11-10,1,paid_search,google_branded_2023,click,/produto/api-marketplace,AST-0021,16,0,1,0.18168,15824.32
TP-0003695,OPP-00816,LEAD-004453,1,4,2023-10-12,22,organic_search,(none),impression,/blog/integracao-erp-sistemas,AST-0003,16,1,0,0.015314,424.21
TP-0003696,OPP-00816,LEAD-004453,2,4,2023-10-20,14,meta_ads,facebook_retargeting_2023,click,/ebook/integracao-sistemas-guia,AST-0011,23,0,0,0.062581,1733.49
TP-0003697,OPP-00816,LEAD-004453,3,4,2023-10-24,10,meta_ads,fb-leads-varejo-2023,content_view,/lp/trial-30-dias,AST-0016,45,0,0,0.111036,3075.71
TP-0003698,OPP-00816,LEAD-004453,4,4,2023-11-01,2,meta_ads,ig_gestores_b2b_q4,form_fill,/webinar/integracao-erp-ao-vivo,AST-0012,74,0,1,0.811068,22466.59
TP-0003699,OPP-00817,LEAD-004464,1,6,2023-10-13,36,webinar_evento,bf-23,impression,/lp/roi-calculator,AST-0018,23,1,0,0.001896,433.11
TP-0003700,OPP-00817,LEAD-004464,2,6,2023-10-25,24,webinar_evento,evento_crm_gestores_q4,click,/webinar/integracao-erp-ao-vivo,AST-0012,29,0,0,0.010312,2355.19
TP-0003701,OPP-00817,LEAD-004464,3,6,2023-10-31,18,webinar_evento,webinar_integracao_erp_2023,form_fill,/webinar/integracao-erp-ao-vivo,AST-0012,59,0,0,0.05804,13256.34
TP-0003702,OPP-00817,LEAD-004464,4,6,2023-11-11,7,webinar_evento,black_friday_2023,demo_request,/webinar/crm-para-gestores,AST-0013,84,0,0,0.185219,42304.08
TP-0003703,OPP-00817,LEAD-004464,5,6,2023-11-16,2,webinar_evento,webinar_integracao_erp_2023,sales_call,/lp/roi-calculator,AST-0018,90,0,0,0.297813,68020.52
TP-0003704,OPP-00817,LEAD-004464,6,6,2023-11-16,2,webinar_evento,evento_crm_gestores_q4,sales_call,/lp/comparativo-erp,AST-0017,92,0,1,0.44672,102030.77
TP-0003705,OPP-00818,LEAD-004479,1,5,2023-10-11,39,webinar_evento,webinar_integracao_erp_2023,impression,/blog/gestao-vendas-b2b,AST-0001,26,1,0,0.002547,108.52
TP-0003706,OPP-00818,LEAD-004479,2,5,2023-10-19,31,organic_search,(not set),click,/blog/crm-para-industria,AST-0002,11,0,0,0.01041,443.46
TP-0003707,OPP-00818,LEAD-004479,3,5,2023-11-04,15,organic_search,(none),form_fill,/produto/erp-connector,AST-0020,80,0,0,0.119688,5098.72
TP-0003708,OPP-00818,LEAD-004479,4,5,2023-11-10,9,organic_search,(not set),demo_request,/lp/roi-calculator,AST-0018,79,0,0,0.267242,11384.51
TP-0003709,OPP-00818,LEAD-004479,5,5,2023-11-14,5,organic_search,,sales_call,/blog/funil-vendas-complexas,AST-0006,95,0,1,0.600113,25564.79
TP-0003710,OPP-00819,LEAD-004480,1,5,2023-10-05,32,direct,,click,/produto/api-marketplace,AST-0021,27,1,0,0.018598,708.59
TP-0003711,OPP-00819,LEAD-004480,2,5,2023-10-18,19,paid_search,google_brand_keywords_2023,form_fill,/produto/erp-connector,AST-0020,53,0,0,0.132761,5058.2
TP-0003712,OPP-00819,LEAD-004480,3,5,2023-10-18,19,paid_search,pesquisa_concorrentes_q4_2023,demo_request,/produto/crm-integracao,AST-0019,100,0,0,0.193107,7357.37
TP-0003713,OPP-00819,LEAD-004480,4,5,2023-10-31,6,paid_search,integracao_erp_pesquisa_2023,sales_call,/produto/erp-connector,AST-0020,77,0,0,0.549824,20948.3
TP-0003714,OPP-00819,LEAD-004480,5,5,2023-11-02,4,paid_search,google_brand_keywords_2023,email_open,/webinar/crm-para-gestores,AST-0013,13,0,1,0.10571,4027.54
TP-0003715,OPP-00820,LEAD-004482,1,5,2023-10-06,36,paid_search,crm-b2b-keywords-2023,click,/lp/trial-30-dias,AST-0016,35,1,0,0.026152,2782.58
TP-0003716,OPP-00820,LEAD-004482,2,5,2023-10-19,23,paid_search,pesquisa_concorrentes_q4_2023,click,/lp/demo-gratis,AST-0015,11,0,0,0.050914,5417.24
TP-0003717,OPP-00820,LEAD-004482,3,5,2023-10-23,19,paid_search,pesquisa_concorrentes_q4_2023,form_fill,/ebook/integracao-sistemas-guia,AST-0011,64,0,0,0.248423,26432.24
TP-0003718,OPP-00820,LEAD-004482,4,5,2023-10-27,15,paid_search,pesquisa_concorrentes_q4_2023,demo_request,/lp/demo-gratis,AST-0015,77,0,0,0.480843,51161.75
TP-0003719,OPP-00820,LEAD-004482,5,5,2023-10-28,14,paid_search,crm-b2b-keywords-2023,content_view,/lp/demo-gratis,AST-0015,29,0,1,0.193667,20606.19
TP-0003720,OPP-00821,LEAD-004491,1,2,2023-10-12,28,meta_ads,facebook_retargeting_2023,impression,/lp/demo-gratis,AST-0015,1,1,0,0.084357,9287.69
TP-0003721,OPP-00821,LEAD-004491,2,2,2023-10-28,12,meta_ads,meta_awareness_2023,click,/webinar/automacao-vendas-demo,AST-0014,29,0,1,0.915643,100812.31
TP-0003722,OPP-00822,LEAD-004494,1,8,2023-09-25,43,webinar_evento,webinar_integracao_erp_2023,impression,/webinar/automacao-vendas-demo,AST-0014,13,1,0,0.001895,450.98
TP-0003723,OPP-00822,LEAD-004494,2,8,2023-10-03,35,linkedin_ads,lkd_awareness_2023,click,/blog/automacao-marketing-b2b,AST-0004,23,0,0,0.007743,1842.92
TP-0003724,OPP-00822,LEAD-004494,3,8,2023-10-06,32,linkedin_ads,linkedin_decisores_ti_2023,form_fill,/ebook/crm-para-varejo,AST-0008,58,0,0,0.035177,8372.21
TP-0003725,OPP-00822,LEAD-004494,4,8,2023-10-18,20,linkedin_ads,linkedin_decisores_ti_2023,demo_request,/ebook/gestao-pipeline-vendas,AST-0009,87,0,0,0.120571,28695.91
TP-0003726,OPP-00822,LEAD-004494,5,8,2023-10-23,15,linkedin_ads,linkedin_decisores_ti_2023,sales_call,/webinar/integracao-erp-ao-vivo,AST-0012,90,0,0,0.193866,46140.01
TP-0003727,OPP-00822,LEAD-004494,6,8,2023-10-24,14,linkedin_ads,linkedin_gestores_2023,content_view,/ebook/gestao-pipeline-vendas,AST-0009,55,0,0,0.046271,11012.51
TP-0003728,OPP-00822,LEAD-004494,7,8,2023-10-29,9,linkedin_ads,linkedin_prospecao_q4_2023,proposal_sent,/ebook/roi-tecnologia-empresas,AST-0010,82,0,0,0.231463,55088.31
TP-0003729,OPP-00822,LEAD-004494,8,8,2023-11-02,5,linkedin_ads,linkedin_gestores_2023,form_fill,/lp/demo-gratis,AST-0015,45,0,1,0.363013,86397.16
TP-0003730,OPP-00823,LEAD-004495,1,3,2023-10-12,39,paid_search,crm-b2b-keywords-2023,click,/lp/roi-calculator,AST-0018,38,1,0,0.025314,2058.06
TP-0003731,OPP-00823,LEAD-004495,2,3,2023-11-07,13,paid_search,pesquisa_concorrentes_q4_2023,click,/lp/roi-calculator,AST-0018,22,0,0,0.12473,10140.54
TP-0003732,OPP-00823,LEAD-004495,3,3,2023-11-10,10,paid_search,integracao_erp_pesquisa_2023,form_fill,/produto/erp-connector,AST-0020,61,0,1,0.849956,69101.4
TP-0003733,OPP-00824,LEAD-004505,1,4,2023-10-02,39,paid_search,crm-b2b-keywords-2023,click,/lp/demo-gratis,AST-0015,20,1,0,0.029946,781.6
TP-0003734,OPP-00824,LEAD-004505,2,4,2023-10-05,36,webinar_evento,bf-23,click,/webinar/integracao-erp-ao-vivo,AST-0012,22,0,0,0.028541,744.91
TP-0003735,OPP-00824,LEAD-004505,3,4,2023-10-12,29,webinar_evento,evento_crm_gestores_q4,form_fill,/webinar/automacao-vendas-demo,AST-0014,51,0,0,0.172538,4503.23
TP-0003736,OPP-00824,LEAD-004505,4,4,2023-10-22,19,webinar_evento,black_friday_2023,demo_request,/lp/demo-gratis,AST-0015,73,0,1,0.768975,20070.26
TP-0003737,OPP-00825,LEAD-004507,1,6,2023-10-08,42,webinar_evento,campanha_natal_2023,impression,/lp/trial-30-dias,AST-0016,12,1,0,0.005559,627.6
TP-0003738,OPP-00825,LEAD-004507,2,6,2023-10-10,40,webinar_evento,evento_crm_gestores_q4,click,/lp/trial-30-dias,AST-0016,22,0,0,0.014798,1670.73
TP-0003739,OPP-00825,LEAD-004507,3,6,2023-10-12,38,webinar_evento,evento_crm_gestores_q4,form_fill,/webinar/crm-para-gestores,AST-0013,54,0,0,0.062593,7066.74
TP-0003740,OPP-00825,LEAD-004507,4,6,2023-10-26,24,webinar_evento,evento_crm_gestores_q4,demo_request,/lp/comparativo-erp,AST-0017,74,0,0,0.247484,27940.94
TP-0003741,OPP-00825,LEAD-004507,5,6,2023-11-06,13,webinar_evento,campanha-natal-2023,sales_call,/lp/comparativo-erp,AST-0017,98,0,0,0.610845,68964.4
TP-0003742,OPP-00825,LEAD-004507,6,6,2023-11-08,11,webinar_evento,webinar_integracao_erp_2023,impression,/webinar/automacao-vendas-demo,AST-0014,13,0,1,0.058721,6629.58
TP-0003743,OPP-00826,LEAD-004511,1,2,2023-11-07,11,meta_ads,ig_gestores_b2b_q4,impression,/lp/trial-30-dias,AST-0016,5,1,0,0.123901,2725.82
TP-0003744,OPP-00826,LEAD-004511,2,2,2023-11-17,1,meta_ads,fb-leads-varejo-2023,click,/ebook/integracao-sistemas-guia,AST-0011,23,0,1,0.876099,19274.18
TP-0003745,OPP-00827,LEAD-004522,1,4,2023-10-02,44,organic_search,(not set),impression,/blog/leads-qualificados-b2b,AST-0007,6,1,0,0.003076,183.0
TP-0003746,OPP-00827,LEAD-004522,2,4,2023-10-23,23,organic_search,,click,/produto/api-marketplace,AST-0021,40,0,0,0.03181,1892.68
TP-0003747,OPP-00827,LEAD-004522,3,4,2023-10-28,18,organic_search,,content_view,/blog/leads-qualificados-b2b,AST-0007,48,0,0,0.060618,3606.79
TP-0003748,OPP-00827,LEAD-004522,4,4,2023-11-15,0,organic_search,(not set),form_fill,/blog/gestao-vendas-b2b,AST-0001,75,0,1,0.904496,53817.52
TP-0003749,OPP-00828,LEAD-004525,1,6,2023-10-07,42,organic_search,(not set),impression,/blog/automacao-marketing-b2b,AST-0004,14,1,0,0.003367,319.2
TP-0003750,OPP-00828,LEAD-004525,2,6,2023-10-11,38,meta_ads,facebook_retargeting_2023,click,/ebook/gestao-pipeline-vendas,AST-0009,24,0,0,0.01034,980.21
TP-0003751,OPP-00828,LEAD-004525,3,6,2023-10-19,30,meta_ads,ig_gestores_b2b_q4,content_view,/blog/crm-para-industria,AST-0002,45,0,0,0.024413,2314.34
TP-0003752,OPP-00828,LEAD-004525,4,6,2023-10-20,29,meta_ads,meta_awareness_2023,form_fill,/ebook/integracao-sistemas-guia,AST-0011,65,0,0,0.072106,6835.68
TP-0003753,OPP-00828,LEAD-004525,5,6,2023-11-15,3,meta_ads,meta_awareness_2023,demo_request,/lp/demo-gratis,AST-0015,77,0,0,0.671811,63687.72
TP-0003754,OPP-00828,LEAD-004525,6,6,2023-11-17,1,meta_ads,facebook_retargeting_2023,click,/ebook/crm-para-varejo,AST-0008,22,0,1,0.217963,20662.85
TP-0003755,OPP-00829,LEAD-004527,1,8,2023-10-27,23,webinar_evento,black_friday_2023,impression,/webinar/automacao-vendas-demo,AST-0014,1,1,0,0.005397,499.26
TP-0003756,OPP-00829,LEAD-004527,2,8,2023-10-30,20,webinar_evento,black_friday_2023,click,/produto/crm-integracao,AST-0019,15,0,0,0.015432,1427.48
TP-0003757,OPP-00829,LEAD-004527,3,8,2023-11-01,18,webinar_evento,webinar_integracao_erp_2023,form_fill,/webinar/crm-para-gestores,AST-0013,63,0,0,0.065274,6037.85
TP-0003758,OPP-00829,LEAD-004527,4,8,2023-11-03,16,webinar_evento,campanha_natal_2023,demo_request,/lp/comparativo-erp,AST-0017,78,0,0,0.109524,10130.98
TP-0003759,OPP-00829,LEAD-004527,5,8,2023-11-03,16,webinar_evento,bf-23,sales_call,/ebook/crm-para-varejo,AST-0008,76,0,0,0.123215,11397.35
TP-0003760,OPP-00829,LEAD-004527,6,8,2023-11-12,7,webinar_evento,campanha_natal_2023,content_view,/blog/automacao-marketing-b2b,AST-0004,27,0,0,0.052076,4817.05
TP-0003761,OPP-00829,LEAD-004527,7,8,2023-11-15,4,webinar_evento,campanha_natal_2023,sales_call,/webinar/integracao-erp-ao-vivo,AST-0012,92,0,0,0.290345,26856.94
TP-0003762,OPP-00829,LEAD-004527,8,8,2023-11-15,4,webinar_evento,campanha-natal-2023,proposal_sent,/blog/funil-vendas-complexas,AST-0006,70,0,1,0.338736,31333.09
TP-0003763,OPP-00830,LEAD-004530,1,5,2023-10-14,40,email_marketing,email_nurture_leads_2023,email_open,/blog/gestao-vendas-b2b,AST-0001,11,1,0,0.012512,419.16
TP-0003764,OPP-00830,LEAD-004530,2,5,2023-10-30,24,organic_search,,click,/produto/api-marketplace,AST-0021,21,0,0,0.045271,1516.59
TP-0003765,OPP-00830,LEAD-004530,3,5,2023-11-04,19,organic_search,(none),content_view,/produto/erp-connector,AST-0020,43,0,0,0.086272,2890.1
TP-0003766,OPP-00830,LEAD-004530,4,5,2023-11-12,11,organic_search,(not set),form_fill,/blog/churn-saas-brasil,AST-0005,66,0,0,0.420115,14073.87
TP-0003767,OPP-00830,LEAD-004530,5,5,2023-11-21,2,organic_search,(none),content_view,/produto/api-marketplace,AST-0021,53,0,1,0.435829,14600.28
TP-0003768,OPP-00831,LEAD-004532,1,2,2023-10-02,40,organic_search,,impression,/blog/crm-para-industria,AST-0002,24,1,0,0.060556,2143.7
TP-0003769,OPP-00831,LEAD-004532,2,2,2023-10-23,19,organic_search,(not set),click,/blog/crm-para-industria,AST-0002,17,0,1,0.939444,33256.3
TP-0003770,OPP-00832,LEAD-004541,1,3,2023-10-15,38,paid_search,google_brand_keywords_2023,click,/produto/api-marketplace,AST-0021,28,1,0,0.125002,10987.71
TP-0003771,OPP-00832,LEAD-004541,2,3,2023-10-18,35,paid_search,google_branded_2023,click,/produto/erp-connector,AST-0020,21,0,0,0.119135,10471.94
TP-0003772,OPP-00832,LEAD-004541,3,3,2023-10-20,33,paid_search,crm-b2b-keywords-2023,form_fill,/webinar/crm-para-gestores,AST-0013,64,0,1,0.755863,66440.35
TP-0003773,OPP-00833,LEAD-004542,1,2,2023-11-06,19,organic_search,(not set),impression,/webinar/integracao-erp-ao-vivo,AST-0012,1,1,0,0.096067,3131.77
TP-0003774,OPP-00833,LEAD-004542,2,2,2023-11-20,5,organic_search,(none),click,/webinar/automacao-vendas-demo,AST-0014,14,0,1,0.903933,29468.23
TP-0003775,OPP-00834,LEAD-004548,1,5,2023-10-09,40,organic_search,,impression,/produto/crm-integracao,AST-0019,1,1,0,0.011532,329.82
TP-0003776,OPP-00834,LEAD-004548,2,5,2023-10-19,30,organic_search,(not set),click,/blog/automacao-marketing-b2b,AST-0004,22,0,0,0.054363,1554.77
TP-0003777,OPP-00834,LEAD-004548,3,5,2023-10-23,26,organic_search,(not set),content_view,/blog/crm-para-industria,AST-0002,26,0,0,0.096455,2758.6
TP-0003778,OPP-00834,LEAD-004548,4,5,2023-11-03,15,organic_search,(none),form_fill,/webinar/integracao-erp-ao-vivo,AST-0012,71,0,0,0.581952,16643.83
TP-0003779,OPP-00834,LEAD-004548,5,5,2023-11-04,14,organic_search,(not set),click,/blog/leads-qualificados-b2b,AST-0007,29,0,1,0.255698,7312.98
TP-0003780,OPP-00835,LEAD-004557,1,6,2023-10-11,38,organic_search,(not set),impression,/blog/automacao-marketing-b2b,AST-0004,9,1,0,0.003739,301.38
TP-0003781,OPP-00835,LEAD-004557,2,6,2023-10-17,32,organic_search,(none),click,/blog/churn-saas-brasil,AST-0005,30,0,0,0.013246,1067.62
TP-0003782,OPP-00835,LEAD-004557,3,6,2023-10-29,20,organic_search,,content_view,/ebook/roi-tecnologia-empresas,AST-0010,51,0,0,0.041617,3354.36
TP-0003783,OPP-00835,LEAD-004557,4,6,2023-11-08,10,organic_search,,form_fill,/blog/funil-vendas-complexas,AST-0006,74,0,0,0.233785,18843.11
TP-0003784,OPP-00835,LEAD-004557,5,6,2023-11-09,9,organic_search,(none),email_open,/produto/erp-connector,AST-0020,5,0,0,0.045654,3679.69
TP-0003785,OPP-00835,LEAD-004557,6,6,2023-11-10,8,organic_search,(none),sales_call,/produto/api-marketplace,AST-0021,81,0,1,0.661958,53353.84
TP-0003786,OPP-00836,LEAD-004561,1,6,2023-10-18,38,webinar_evento,webinar_integracao_erp_2023,impression,/blog/churn-saas-brasil,AST-0005,1,1,0,0.003535,155.55
TP-0003787,OPP-00836,LEAD-004561,2,6,2023-10-20,36,linkedin_ads,linkedin_prospeccao_q4_2023,click,/ebook/integracao-sistemas-guia,AST-0011,37,0,0,0.009411,414.08
TP-0003788,OPP-00836,LEAD-004561,3,6,2023-10-30,26,linkedin_ads,linkedin_prospeccao_q4_2023,form_fill,/lp/demo-gratis,AST-0015,54,0,0,0.070488,3101.46
TP-0003789,OPP-00836,LEAD-004561,4,6,2023-11-06,19,linkedin_ads,linkedin_decisores_ti_2023,demo_request,/webinar/crm-para-gestores,AST-0013,89,0,0,0.16904,7437.74
TP-0003790,OPP-00836,LEAD-004561,5,6,2023-11-14,11,linkedin_ads,linkedin_gestores_2023,sales_call,/lp/roi-calculator,AST-0018,100,0,0,0.336751,14817.05
TP-0003791,OPP-00836,LEAD-004561,6,6,2023-11-18,7,linkedin_ads,linkedin_prospecao_q4_2023,form_fill,/lp/trial-30-dias,AST-0016,62,0,1,0.410776,18074.12
TP-0003792,OPP-00837,LEAD-004569,1,5,2023-10-19,39,organic_search,,impression,/blog/automacao-marketing-b2b,AST-0004,14,1,0,0.005806,197.41
TP-0003793,OPP-00837,LEAD-004569,2,5,2023-11-03,24,meta_ads,fb-leads-varejo-2023,click,/lp/comparativo-erp,AST-0017,32,0,0,0.039118,1330.0
TP-0003794,OPP-00837,LEAD-004569,3,5,2023-11-19,8,meta_ads,fb-leads-varejo-2023,content_view,/lp/demo-gratis,AST-0015,37,0,0,0.163549,5560.67
TP-0003795,OPP-00837,LEAD-004569,4,5,2023-11-25,2,meta_ads,facebook_retargeting_2023,form_fill,/lp/comparativo-erp,AST-0017,68,0,0,0.69041,23473.93
TP-0003796,OPP-00837,LEAD-004569,5,5,2023-11-26,1,meta_ads,ig_gestores_b2b_q4,impression,/lp/demo-gratis,AST-0015,4,0,1,0.101118,3438.0
TP-0003797,OPP-00838,LEAD-004571,1,2,2023-10-11,40,organic_search,(not set),impression,/webinar/integracao-erp-ao-vivo,AST-0012,11,1,0,0.102451,14742.68
TP-0003798,OPP-00838,LEAD-004571,2,2,2023-10-24,27,organic_search,(not set),click,/produto/erp-connector,AST-0020,35,0,1,0.897549,129157.32
TP-0003799,OPP-00839,LEAD-004575,1,5,2023-10-14,38,webinar_evento,webinar_integracao_erp_2023,impression,/webinar/automacao-vendas-demo,AST-0014,17,1,0,0.002005,233.74
TP-0003800,OPP-00839,LEAD-004575,2,5,2023-10-14,38,webinar_evento,webinar_integracao_erp_2023,click,/lp/roi-calculator,AST-0018,29,0,0,0.004626,539.4
TP-0003801,OPP-00839,LEAD-004575,3,5,2023-10-15,37,webinar_evento,campanha_natal_2023,form_fill,/webinar/crm-para-gestores,AST-0013,67,0,0,0.018218,2124.23
TP-0003802,OPP-00839,LEAD-004575,4,5,2023-11-20,1,webinar_evento,campanha_natal_2023,demo_request,/webinar/automacao-vendas-demo,AST-0014,84,0,0,0.346727,40428.39
TP-0003803,OPP-00839,LEAD-004575,5,5,2023-11-21,0,webinar_evento,black_friday_2023,sales_call,/produto/erp-connector,AST-0020,81,0,1,0.628424,73274.24
TP-0003804,OPP-00840,LEAD-004578,1,5,2023-10-18,35,paid_search,google_brand_keywords_2023,click,/blog/funil-vendas-complexas,AST-0006,24,1,0,0.025282,1613.02
TP-0003805,OPP-00840,LEAD-004578,2,5,2023-10-25,28,paid_search,google_branded_2023,click,/ebook/integracao-sistemas-guia,AST-0011,33,0,0,0.032064,2045.71
TP-0003806,OPP-00840,LEAD-004578,3,5,2023-10-26,27,paid_search,integracao_erp_pesquisa_2023,form_fill,/webinar/integracao-erp-ao-vivo,AST-0012,79,0,0,0.126275,8056.33
TP-0003807,OPP-00840,LEAD-004578,4,5,2023-11-05,17,paid_search,integracao_erp_pesquisa_2023,demo_request,/lp/roi-calculator,AST-0018,96,0,0,0.375192,23937.27
TP-0003808,OPP-00840,LEAD-004578,5,5,2023-11-21,1,paid_search,crm-b2b-keywords-2023,content_view,/lp/trial-30-dias,AST-0016,56,0,1,0.441186,28147.67
TP-0003809,OPP-00841,LEAD-004592,1,3,2023-10-04,42,organic_search,,impression,/blog/leads-qualificados-b2b,AST-0007,1,1,0,0.014572,475.04
TP-0003810,OPP-00841,LEAD-004592,2,3,2023-10-20,26,organic_search,,click,/produto/api-marketplace,AST-0021,18,0,0,0.105445,3437.49
TP-0003811,OPP-00841,LEAD-004592,3,3,2023-11-09,6,organic_search,(not set),content_view,/produto/erp-connector,AST-0020,39,0,1,0.879984,28687.47
TP-0003812,OPP-00842,LEAD-004593,1,3,2023-10-27,22,direct,(direct),click,/produto/api-marketplace,AST-0021,18,1,0,0.029116,4836.18
TP-0003813,OPP-00842,LEAD-004593,2,3,2023-11-10,8,direct,(not set),form_fill,/webinar/crm-para-gestores,AST-0013,62,0,0,0.223231,37078.72
TP-0003814,OPP-00842,LEAD-004593,3,3,2023-11-16,2,direct,,demo_request,/lp/comparativo-erp,AST-0017,86,0,1,0.747653,124185.1
TP-0003815,OPP-00843,LEAD-004594,1,5,2023-10-03,40,linkedin_ads,linkedin_prospecao_q4_2023,impression,/lp/demo-gratis,AST-0015,1,1,0,0.001907,147.04
TP-0003816,OPP-00843,LEAD-004594,2,5,2023-10-12,31,webinar_evento,webinar_integracao_erp_2023,click,/ebook/roi-tecnologia-empresas,AST-0010,17,0,0,0.00837,645.35
TP-0003817,OPP-00843,LEAD-004594,3,5,2023-10-29,14,webinar_evento,campanha-natal-2023,content_view,/webinar/automacao-vendas-demo,AST-0014,50,0,0,0.037587,2897.96
TP-0003818,OPP-00843,LEAD-004594,4,5,2023-11-10,2,webinar_evento,campanha_natal_2023,demo_request,/blog/gestao-vendas-b2b,AST-0001,94,0,0,0.354283,27315.22
TP-0003819,OPP-00843,LEAD-004594,5,5,2023-11-10,2,webinar_evento,black_friday_2023,sales_call,/blog/integracao-erp-sistemas,AST-0003,69,0,1,0.597853,46094.43
TP-0003820,OPP-00844,LEAD-004596,1,4,2023-10-22,34,webinar_evento,campanha_natal_2023,impression,/webinar/crm-para-gestores,AST-0013,11,1,0,0.004101,520.86
TP-0003821,OPP-00844,LEAD-004596,2,4,2023-11-20,5,webinar_evento,campanha-natal-2023,click,/webinar/integracao-erp-ao-vivo,AST-0012,30,0,0,0.075111,9539.12
TP-0003822,OPP-00844,LEAD-004596,3,4,2023-11-20,5,webinar_evento,campanha-natal-2023,form_fill,/lp/demo-gratis,AST-0015,69,0,0,0.275408,34976.76
TP-0003823,OPP-00844,LEAD-004596,4,4,2023-11-21,4,webinar_evento,black_friday_2023,demo_request,/lp/roi-calculator,AST-0018,75,0,1,0.64538,81963.26
TP-0003824,OPP-00845,LEAD-004598,1,8,2023-10-12,37,webinar_evento,evento_crm_gestores_q4,impression,/produto/api-marketplace,AST-0021,8,1,0,0.005104,634.46
TP-0003825,OPP-00845,LEAD-004598,2,8,2023-10-14,35,webinar_evento,evento_crm_gestores_q4,click,/lp/trial-30-dias,AST-0016,26,0,0,0.013588,1688.98
TP-0003826,OPP-00845,LEAD-004598,3,8,2023-10-14,35,webinar_evento,campanha-natal-2023,form_fill,/lp/trial-30-dias,AST-0016,71,0,0,0.049822,6192.92
TP-0003827,OPP-00845,LEAD-004598,4,8,2023-10-17,32,webinar_evento,campanha_natal_2023,demo_request,/webinar/crm-para-gestores,AST-0013,84,0,0,0.089787,11160.55
TP-0003828,OPP-00845,LEAD-004598,5,8,2023-10-22,27,webinar_evento,campanha-natal-2023,sales_call,/blog/gestao-vendas-b2b,AST-0001,100,0,0,0.144368,17944.99
TP-0003829,OPP-00845,LEAD-004598,6,8,2023-10-25,24,webinar_evento,evento_crm_gestores_q4,click,/lp/comparativo-erp,AST-0017,53,0,0,0.029812,3705.57
TP-0003830,OPP-00845,LEAD-004598,7,8,2023-10-31,18,webinar_evento,campanha_natal_2023,email_open,/webinar/automacao-vendas-demo,AST-0014,33,0,0,0.030508,3792.19
TP-0003831,OPP-00845,LEAD-004598,8,8,2023-11-13,5,webinar_evento,bf-23,form_fill,/lp/trial-30-dias,AST-0016,45,0,1,0.63701,79180.35
TP-0003832,OPP-00846,LEAD-004599,1,4,2023-10-23,28,paid_search,google_brand_keywords_2023,click,/lp/trial-30-dias,AST-0016,14,1,0,0.0407,1025.65
TP-0003833,OPP-00846,LEAD-004599,2,4,2023-10-26,25,paid_search,crm-b2b-keywords-2023,click,/produto/api-marketplace,AST-0021,35,0,0,0.03879,977.51
TP-0003834,OPP-00846,LEAD-004599,3,4,2023-10-30,21,paid_search,google_branded_2023,form_fill,/lp/comparativo-erp,AST-0017,82,0,0,0.189267,4769.53
TP-0003835,OPP-00846,LEAD-004599,4,4,2023-11-07,13,paid_search,google_branded_2023,demo_request,/lp/roi-calculator,AST-0018,100,0,1,0.731243,18427.32
TP-0003836,OPP-00847,LEAD-004604,1,3,2023-10-28,25,webinar_evento,campanha_natal_2023,impression,/webinar/crm-para-gestores,AST-0013,17,1,0,0.013801,1718.22
TP-0003837,OPP-00847,LEAD-004604,2,3,2023-11-10,12,webinar_evento,campanha-natal-2023,click,/webinar/integracao-erp-ao-vivo,AST-0012,25,0,0,0.080605,10035.29
TP-0003838,OPP-00847,LEAD-004604,3,3,2023-11-20,2,webinar_evento,campanha-natal-2023,form_fill,/webinar/crm-para-gestores,AST-0013,71,0,1,0.905594,112746.49
TP-0003839,OPP-00848,LEAD-004609,1,3,2023-10-19,41,organic_search,(not set),impression,/blog/funil-vendas-complexas,AST-0006,8,1,0,0.01741,1624.38
TP-0003840,OPP-00848,LEAD-004609,2,3,2023-10-27,33,organic_search,(not set),click,/produto/erp-connector,AST-0020,25,0,0,0.071146,6637.96
TP-0003841,OPP-00848,LEAD-004609,3,3,2023-11-22,7,organic_search,(not set),content_view,/blog/churn-saas-brasil,AST-0005,27,0,1,0.911443,85037.66
TP-0003842,OPP-00849,LEAD-004612,1,3,2023-11-05,22,paid_search,google_branded_2023,click,/lp/demo-gratis,AST-0015,42,1,0,0.130658,8100.8
TP-0003843,OPP-00849,LEAD-004612,2,3,2023-11-09,18,paid_search,pesquisa_concorrentes_q4_2023,click,/produto/api-marketplace,AST-0021,38,0,0,0.133745,8292.18
TP-0003844,OPP-00849,LEAD-004612,3,3,2023-11-09,18,paid_search,google_branded_2023,form_fill,/webinar/integracao-erp-ao-vivo,AST-0012,66,0,1,0.735597,45607.01
TP-0003845,OPP-00850,LEAD-004635,1,2,2023-10-17,39,direct,(not set),click,/lp/comparativo-erp,AST-0017,12,1,0,0.074896,4995.53
TP-0003846,OPP-00850,LEAD-004635,2,2,2023-11-01,24,direct,(not set),form_fill,/ebook/integracao-sistemas-guia,AST-0011,58,0,1,0.925104,61704.47
TP-0003847,OPP-00851,LEAD-004638,1,8,2023-10-29,30,linkedin_ads,linkedin_gestores_2023,impression,/lp/roi-calculator,AST-0018,8,1,0,0.003814,405.41
TP-0003848,OPP-00851,LEAD-004638,2,8,2023-11-03,25,linkedin_ads,linkedin_decisores_ti_2023,click,/produto/api-marketplace,AST-0021,7,0,0,0.012579,1337.14
TP-0003849,OPP-00851,LEAD-004638,3,8,2023-11-15,13,linkedin_ads,linkedin_decisores_ti_2023,content_view,/webinar/crm-para-gestores,AST-0013,20,0,0,0.039521,4201.13
TP-0003850,OPP-00851,LEAD-004638,4,8,2023-11-20,8,linkedin_ads,lkd_awareness_2023,demo_request,/produto/crm-integracao,AST-0019,84,0,0,0.225943,24017.72
TP-0003851,OPP-00851,LEAD-004638,5,8,2023-11-21,7,linkedin_ads,lkd_awareness_2023,sales_call,/lp/roi-calculator,AST-0018,92,0,0,0.273006,29020.53
TP-0003852,OPP-00851,LEAD-004638,6,8,2023-11-26,2,linkedin_ads,linkedin_prospeccao_q4_2023,demo_request,/ebook/gestao-pipeline-vendas,AST-0009,77,0,0,0.346836,36868.71
TP-0003853,OPP-00851,LEAD-004638,7,8,2023-11-27,1,linkedin_ads,lkd_awareness_2023,impression,/lp/demo-gratis,AST-0015,3,0,0,0.023282,2474.91
TP-0003854,OPP-00851,LEAD-004638,8,8,2023-11-28,0,linkedin_ads,linkedin_prospeccao_q4_2023,email_open,/webinar/integracao-erp-ao-vivo,AST-0012,1,0,1,0.075018,7974.46
TP-0003855,OPP-00852,LEAD-004642,1,4,2023-10-28,29,organic_search,(not set),impression,/blog/crm-para-industria,AST-0002,31,1,0,0.014918,446.06
TP-0003856,OPP-00852,LEAD-004642,2,4,2023-11-05,21,organic_search,(none),click,/ebook/crm-para-varejo,AST-0008,35,0,0,0.060963,1822.8
TP-0003857,OPP-00852,LEAD-004642,3,4,2023-11-12,14,organic_search,,content_view,/blog/funil-vendas-complexas,AST-0006,30,0,0,0.134015,4007.06
TP-0003858,OPP-00852,LEAD-004642,4,4,2023-11-17,9,organic_search,(not set),form_fill,/lp/trial-30-dias,AST-0016,72,0,1,0.790103,23624.08
TP-0003859,OPP-00853,LEAD-004643,1,4,2023-10-11,40,paid_search,google_brand_keywords_2023,click,/produto/api-marketplace,AST-0021,30,1,0,0.012964,865.98
TP-0003860,OPP-00853,LEAD-004643,2,4,2023-10-30,21,webinar_evento,black_friday_2023,click,/webinar/integracao-erp-ao-vivo,AST-0012,14,0,0,0.038742,2588.0
TP-0003861,OPP-00853,LEAD-004643,3,4,2023-11-01,19,webinar_evento,black_friday_2023,form_fill,/lp/demo-gratis,AST-0015,66,0,0,0.16387,10946.54
TP-0003862,OPP-00853,LEAD-004643,4,4,2023-11-12,8,webinar_evento,webinar_integracao_erp_2023,demo_request,/lp/trial-30-dias,AST-0016,77,0,1,0.784423,52399.48
TP-0003863,OPP-00854,LEAD-004644,1,2,2023-11-29,2,direct,(not set),click,/lp/demo-gratis,AST-0015,18,1,0,0.180374,33062.64
TP-0003864,OPP-00854,LEAD-004644,2,2,2023-11-30,1,direct,(not set),form_fill,/produto/api-marketplace,AST-0021,49,0,1,0.819626,150237.36
TP-0003865,OPP-00855,LEAD-004650,1,2,2023-10-20,33,organic_search,,impression,/lp/demo-gratis,AST-0015,1,1,0,0.079001,11518.34
TP-0003866,OPP-00855,LEAD-004650,2,2,2023-11-06,16,organic_search,,click,/lp/demo-gratis,AST-0015,24,0,1,0.920999,134281.66
TP-0003867,OPP-00856,LEAD-004651,1,6,2023-10-19,30,webinar_evento,webinar_integracao_erp_2023,impression,/webinar/integracao-erp-ao-vivo,AST-0012,14,1,0,0.009699,419.0
TP-0003868,OPP-00856,LEAD-004651,2,6,2023-10-22,27,webinar_evento,evento_crm_gestores_q4,click,/webinar/integracao-erp-ao-vivo,AST-0012,30,0,0,0.027732,1198.01
TP-0003869,OPP-00856,LEAD-004651,3,6,2023-10-29,20,webinar_evento,campanha_natal_2023,form_fill,/webinar/integracao-erp-ao-vivo,AST-0012,54,0,0,0.167646,7242.32
TP-0003870,OPP-00856,LEAD-004651,4,6,2023-11-01,17,webinar_evento,webinar_integracao_erp_2023,demo_request,/lp/comparativo-erp,AST-0017,92,0,0,0.302123,13051.73
TP-0003871,OPP-00856,LEAD-004651,5,6,2023-11-04,14,webinar_evento,campanha-natal-2023,sales_call,/webinar/crm-para-gestores,AST-0013,100,0,0,0.421114,18192.14
TP-0003872,OPP-00856,LEAD-004651,6,6,2023-11-14,4,webinar_evento,black_friday_2023,impression,/webinar/automacao-vendas-demo,AST-0014,1,0,1,0.071685,3096.8
TP-0003873,OPP-00857,LEAD-004654,1,4,2023-10-25,35,organic_search,,impression,/blog/leads-qualificados-b2b,AST-0007,5,1,0,0.008003,602.63
TP-0003874,OPP-00857,LEAD-004654,2,4,2023-10-25,35,paid_search,google_branded_2023,click,/produto/crm-integracao,AST-0019,40,0,0,0.018469,1390.68
TP-0003875,OPP-00857,LEAD-004654,3,4,2023-11-02,27,paid_search,google_brand_keywords_2023,content_view,/produto/crm-integracao,AST-0019,55,0,0,0.043605,3283.48
TP-0003876,OPP-00857,LEAD-004654,4,4,2023-11-25,4,paid_search,google_brand_keywords_2023,form_fill,/lp/trial-30-dias,AST-0016,62,0,1,0.929923,70023.21
TP-0003877,OPP-00858,LEAD-004656,1,7,2023-10-07,40,linkedin_ads,linkedin_gestores_2023,impression,/webinar/integracao-erp-ao-vivo,AST-0012,23,1,0,0.002599,291.37
TP-0003878,OPP-00858,LEAD-004656,2,7,2023-10-19,28,linkedin_ads,linkedin_prospeccao_q4_2023,click,/ebook/crm-para-varejo,AST-0008,42,0,0,0.014134,1584.42
TP-0003879,OPP-00858,LEAD-004656,3,7,2023-10-22,25,linkedin_ads,linkedin_prospecao_q4_2023,content_view,/lp/roi-calculator,AST-0018,38,0,0,0.023349,2617.41
TP-0003880,OPP-00858,LEAD-004656,4,7,2023-10-23,24,linkedin_ads,linkedin_prospeccao_q4_2023,demo_request,/blog/automacao-marketing-b2b,AST-0004,65,0,0,0.100311,11244.81
TP-0003881,OPP-00858,LEAD-004656,5,7,2023-11-02,14,linkedin_ads,linkedin_prospecao_q4_2023,sales_call,/webinar/automacao-vendas-demo,AST-0014,93,0,0,0.23052,25841.34
TP-0003882,OPP-00858,LEAD-004656,6,7,2023-11-03,13,linkedin_ads,linkedin_gestores_2023,demo_request,/lp/trial-30-dias,AST-0016,83,0,0,0.220079,24670.82
TP-0003883,OPP-00858,LEAD-004656,7,7,2023-11-06,10,linkedin_ads,linkedin_prospeccao_q4_2023,demo_request,/lp/trial-30-dias,AST-0016,89,0,1,0.409008,45849.85
TP-0003884,OPP-00859,LEAD-004665,1,4,2023-11-08,22,organic_search,(none),impression,/produto/api-marketplace,AST-0021,14,1,0,0.031533,1305.47
TP-0003885,OPP-00859,LEAD-004665,2,4,2023-11-09,21,email_marketing,email_reengajamento_q4_2023,click,/produto/crm-integracao,AST-0019,21,0,0,0.078157,3235.69
TP-0003886,OPP-00859,LEAD-004665,3,4,2023-11-12,18,email_marketing,email_nurture_leads_2023,content_view,/webinar/automacao-vendas-demo,AST-0014,42,0,0,0.129112,5345.26
TP-0003887,OPP-00859,LEAD-004665,4,4,2023-11-17,13,email_marketing,newsletter_mensal_11_2023,form_fill,/webinar/automacao-vendas-demo,AST-0014,53,0,1,0.761198,31513.58
TP-0003888,OPP-00860,LEAD-004667,1,3,2023-11-13,20,paid_search,pesquisa_concorrentes_q4_2023,click,/lp/demo-gratis,AST-0015,11,1,0,0.085141,2196.64
TP-0003889,OPP-00860,LEAD-004667,2,3,2023-11-22,11,paid_search,integracao_erp_pesquisa_2023,click,/blog/crm-para-industria,AST-0002,39,0,0,0.124562,3213.7
TP-0003890,OPP-00860,LEAD-004667,3,3,2023-11-24,9,paid_search,pesquisa_concorrentes_q4_2023,form_fill,/produto/crm-integracao,AST-0019,74,0,1,0.790297,20389.66
TP-0003891,OPP-00861,LEAD-004668,1,3,2023-10-24,40,direct,,click,/produto/crm-integracao,AST-0019,33,1,0,0.01717,3277.8
TP-0003892,OPP-00861,LEAD-004668,2,3,2023-11-13,20,direct,,form_fill,/produto/crm-integracao,AST-0019,79,0,0,0.202081,38577.19
TP-0003893,OPP-00861,LEAD-004668,3,3,2023-11-21,12,direct,(direct),demo_request,/produto/erp-connector,AST-0020,86,0,1,0.780749,149045.01
TP-0003894,OPP-00862,LEAD-004670,1,4,2023-10-19,38,organic_search,(none),impression,/produto/api-marketplace,AST-0021,1,1,0,0.005325,437.7
TP-0003895,OPP-00862,LEAD-004670,2,4,2023-11-09,17,paid_search,google_brand_keywords_2023,click,/lp/demo-gratis,AST-0015,10,0,0,0.055071,4526.81
TP-0003896,OPP-00862,LEAD-004670,3,4,2023-11-21,5,paid_search,integracao_erp_pesquisa_2023,content_view,/blog/churn-saas-brasil,AST-0005,23,0,0,0.173026,14222.75
TP-0003897,OPP-00862,LEAD-004670,4,4,2023-11-22,4,paid_search,crm-b2b-keywords-2023,form_fill,/lp/trial-30-dias,AST-0016,76,0,1,0.766578,63012.75
TP-0003898,OPP-00863,LEAD-004673,1,5,2023-10-29,36,email_marketing,campanha_email_10-2023,email_open,/blog/integracao-erp-sistemas,AST-0003,28,1,0,0.035033,2732.61
TP-0003899,OPP-00863,LEAD-004673,2,5,2023-11-01,33,email_marketing,email_reengajamento_q4_2023,click,/blog/integracao-erp-sistemas,AST-0003,28,0,0,0.050083,3906.51
TP-0003900,OPP-00863,LEAD-004673,3,5,2023-11-13,21,email_marketing,campanha_email_11-2023,content_view,/webinar/crm-para-gestores,AST-0013,43,0,0,0.157357,12273.83
TP-0003901,OPP-00863,LEAD-004673,4,5,2023-11-18,16,email_marketing,newsletter_mensal_11_2023,form_fill,/blog/funil-vendas-complexas,AST-0006,46,0,0,0.618477,48241.19
TP-0003902,OPP-00863,LEAD-004673,5,5,2023-11-25,9,email_marketing,email_reengajamento_q4_2023,impression,/lp/roi-calculator,AST-0018,14,0,1,0.139049,10845.86
TP-0003903,OPP-00864,LEAD-004685,1,6,2023-10-09,39,organic_search,,impression,/blog/integracao-erp-sistemas,AST-0003,1,1,0,0.011121,350.3
TP-0003904,OPP-00864,LEAD-004685,2,6,2023-10-13,35,email_marketing,email_nurture_leads_2023,click,/ebook/roi-tecnologia-empresas,AST-0010,41,0,0,0.03415,1075.74
TP-0003905,OPP-00864,LEAD-004685,3,6,2023-10-24,24,email_marketing,email_nurture_leads_2023,content_view,/blog/gestao-vendas-b2b,AST-0001,48,0,0,0.0999,3146.86
TP-0003906,OPP-00864,LEAD-004685,4,6,2023-10-26,22,email_marketing,campanha_email_10-2023,form_fill,/ebook/gestao-pipeline-vendas,AST-0009,59,0,0,0.316914,9982.8
TP-0003907,OPP-00864,LEAD-004685,5,6,2023-10-28,20,email_marketing,email_nurture_leads_2023,impression,/ebook/crm-para-varejo,AST-0008,3,0,0,0.033235,1046.89
TP-0003908,OPP-00864,LEAD-004685,6,6,2023-11-10,7,email_marketing,campanha_email_11-2023,content_view,/ebook/integracao-sistemas-guia,AST-0011,31,0,1,0.50468,15897.41
TP-0003909,OPP-00865,LEAD-004689,1,4,2023-10-22,39,organic_search,(not set),impression,/webinar/integracao-erp-ao-vivo,AST-0012,21,1,0,0.009338,268.92
TP-0003910,OPP-00865,LEAD-004689,2,4,2023-10-24,37,email_marketing,newsletter_mensal_10_2023,click,/ebook/roi-tecnologia-empresas,AST-0010,22,0,0,0.024857,715.89
TP-0003911,OPP-00865,LEAD-004689,3,4,2023-11-07,23,email_marketing,campanha_email_11-2023,content_view,/ebook/integracao-sistemas-guia,AST-0011,34,0,0,0.090092,2594.65
TP-0003912,OPP-00865,LEAD-004689,4,4,2023-11-19,11,email_marketing,campanha_email_11-2023,form_fill,/ebook/crm-para-varejo,AST-0008,58,0,1,0.875713,25220.55
TP-0003913,OPP-00866,LEAD-004714,1,3,2023-10-27,35,direct,,click,/produto/crm-integracao,AST-0019,45,1,0,0.036245,1272.22
TP-0003914,OPP-00866,LEAD-004714,2,3,2023-11-02,29,direct,(direct),form_fill,/produto/erp-connector,AST-0020,47,0,0,0.156931,5508.27
TP-0003915,OPP-00866,LEAD-004714,3,3,2023-11-14,17,direct,,demo_request,/lp/roi-calculator,AST-0018,76,0,1,0.806824,28319.52
TP-0003916,OPP-00867,LEAD-004720,1,4,2023-10-23,41,paid_search,google_brand_keywords_2023,click,/produto/crm-integracao,AST-0019,13,1,0,0.008164,215.53
TP-0003917,OPP-00867,LEAD-004720,2,4,2023-10-25,39,paid_search,google_brand_keywords_2023,click,/produto/crm-integracao,AST-0019,11,0,0,0.007244,191.25
TP-0003918,OPP-00867,LEAD-004720,3,4,2023-11-20,13,paid_search,integracao_erp_pesquisa_2023,form_fill,/produto/api-marketplace,AST-0021,67,0,0,0.170143,4491.77
TP-0003919,OPP-00867,LEAD-004720,4,4,2023-12-01,2,paid_search,google_branded_2023,demo_request,/lp/roi-calculator,AST-0018,87,0,1,0.814449,21501.45
TP-0003920,OPP-00868,LEAD-004726,1,5,2023-10-18,43,direct,(direct),click,/ebook/integracao-sistemas-guia,AST-0011,35,1,0,0.007817,354.1
TP-0003921,OPP-00868,LEAD-004726,2,5,2023-10-20,41,direct,,form_fill,/produto/crm-integracao,AST-0019,59,0,0,0.025433,1152.13
TP-0003922,OPP-00868,LEAD-004726,3,5,2023-10-30,31,direct,(not set),demo_request,/lp/demo-gratis,AST-0015,78,0,0,0.075569,3423.26
TP-0003923,OPP-00868,LEAD-004726,4,5,2023-11-12,18,direct,(direct),sales_call,/produto/crm-integracao,AST-0019,86,0,0,0.215163,9746.88
TP-0003924,OPP-00868,LEAD-004726,5,5,2023-11-24,6,direct,,demo_request,/produto/erp-connector,AST-0020,78,0,1,0.676018,30623.63
TP-0003925,OPP-00869,LEAD-004727,1,6,2023-10-17,38,organic_search,(not set),impression,/blog/funil-vendas-complexas,AST-0006,1,1,0,0.003834,575.83
TP-0003926,OPP-00869,LEAD-004727,2,6,2023-10-28,27,email_marketing,email_reengajamento_q4_2023,click,/blog/churn-saas-brasil,AST-0005,30,0,0,0.01941,2915.44
TP-0003927,OPP-00869,LEAD-004727,3,6,2023-11-03,21,email_marketing,email_nurture_leads_2023,content_view,/webinar/automacao-vendas-demo,AST-0014,52,0,0,0.039728,5967.17
TP-0003928,OPP-00869,LEAD-004727,4,6,2023-11-13,11,email_marketing,campanha_email_11-2023,form_fill,/webinar/automacao-vendas-demo,AST-0014,60,0,0,0.223173,33520.57
TP-0003929,OPP-00869,LEAD-004727,5,6,2023-11-22,2,email_marketing,email_nurture_leads_2023,email_open,/ebook/roi-tecnologia-empresas,AST-0010,24,0,0,0.077173,11591.46
TP-0003930,OPP-00869,LEAD-004727,6,6,2023-11-22,2,email_marketing,campanha_email_11-2023,form_fill,/blog/funil-vendas-complexas,AST-0006,65,0,1,0.636681,95629.53
TP-0003931,OPP-00870,LEAD-004730,1,2,2023-11-28,7,paid_search,google_brand_keywords_2023,click,/produto/api-marketplace,AST-0021,33,1,0,0.360851,25945.19
TP-0003932,OPP-00870,LEAD-004730,2,2,2023-12-04,1,paid_search,google_brand_keywords_2023,click,/lp/demo-gratis,AST-0015,33,0,1,0.639149,45954.81
TP-0003933,OPP-00871,LEAD-004733,1,7,2023-10-29,34,webinar_evento,campanha-natal-2023,impression,/webinar/automacao-vendas-demo,AST-0014,15,1,0,0.004244,200.75
TP-0003934,OPP-00871,LEAD-004733,2,7,2023-10-31,32,webinar_evento,webinar_integracao_erp_2023,click,/blog/funil-vendas-complexas,AST-0006,25,0,0,0.011298,534.41
TP-0003935,OPP-00871,LEAD-004733,3,7,2023-11-02,30,webinar_evento,campanha_natal_2023,form_fill,/webinar/crm-para-gestores,AST-0013,65,0,0,0.047789,2260.42
TP-0003936,OPP-00871,LEAD-004733,4,7,2023-11-14,18,webinar_evento,webinar_integracao_erp_2023,demo_request,/blog/churn-saas-brasil,AST-0005,79,0,0,0.163797,7747.62
TP-0003937,OPP-00871,LEAD-004733,5,7,2023-11-16,16,webinar_evento,black_friday_2023,sales_call,/lp/trial-30-dias,AST-0016,100,0,0,0.21257,10054.55
TP-0003938,OPP-00871,LEAD-004733,6,7,2023-11-23,9,webinar_evento,campanha_natal_2023,click,/lp/demo-gratis,AST-0015,28,0,0,0.058411,2762.86
TP-0003939,OPP-00871,LEAD-004733,7,7,2023-11-24,8,webinar_evento,black_friday_2023,demo_request,/produto/crm-integracao,AST-0019,100,0,1,0.50189,23739.4
TP-0003940,OPP-00872,LEAD-004737,1,4,2023-10-26,31,direct,,click,/produto/api-marketplace,AST-0021,25,1,0,0.01046,879.72
TP-0003941,OPP-00872,LEAD-004737,2,4,2023-10-27,30,paid_search,google_brand_keywords_2023,form_fill,/produto/erp-connector,AST-0020,63,0,0,0.031688,2664.98
TP-0003942,OPP-00872,LEAD-004737,3,4,2023-11-24,2,paid_search,pesquisa_concorrentes_q4_2023,demo_request,/produto/erp-connector,AST-0020,79,0,0,0.340576,28642.45
TP-0003943,OPP-00872,LEAD-004737,4,4,2023-11-25,1,paid_search,crm-b2b-keywords-2023,sales_call,/blog/leads-qualificados-b2b,AST-0007,75,0,1,0.617275,51912.85
TP-0003944,OPP-00873,LEAD-004745,1,5,2023-10-23,41,email_marketing,email_nurture_leads_2023,email_open,/lp/comparativo-erp,AST-0017,21,1,0,0.011002,330.07
TP-0003945,OPP-00873,LEAD-004745,2,5,2023-10-28,36,email_marketing,campanha_email_10-2023,click,/webinar/automacao-vendas-demo,AST-0014,2,0,0,0.018144,544.32
TP-0003946,OPP-00873,LEAD-004745,3,5,2023-11-09,24,email_marketing,campanha_email_11-2023,content_view,/webinar/integracao-erp-ao-vivo,AST-0012,42,0,0,0.057006,1710.19
TP-0003947,OPP-00873,LEAD-004745,4,5,2023-11-13,20,email_marketing,campanha_email_11-2023,form_fill,/ebook/gestao-pipeline-vendas,AST-0009,62,0,0,0.208612,6258.36
TP-0003948,OPP-00873,LEAD-004745,5,5,2023-11-21,12,email_marketing,newsletter_mensal_11_2023,proposal_sent,/blog/churn-saas-brasil,AST-0005,75,0,1,0.705236,21157.07
TP-0003949,OPP-00874,LEAD-004749,1,6,2023-10-11,43,organic_search,(not set),impression,/blog/funil-vendas-complexas,AST-0006,16,1,0,0.003922,104.33
TP-0003950,OPP-00874,LEAD-004749,2,6,2023-10-17,37,organic_search,(not set),click,/produto/erp-connector,AST-0020,16,0,0,0.013894,369.57
TP-0003951,OPP-00874,LEAD-004749,3,6,2023-10-23,31,organic_search,(none),content_view,/blog/gestao-vendas-b2b,AST-0001,45,0,0,0.028437,756.43
TP-0003952,OPP-00874,LEAD-004749,4,6,2023-10-30,24,organic_search,(not set),form_fill,/blog/automacao-marketing-b2b,AST-0004,45,0,0,0.128933,3429.63
TP-0003953,OPP-00874,LEAD-004749,5,6,2023-11-03,20,organic_search,,proposal_sent,/blog/gestao-vendas-b2b,AST-0001,83,0,0,0.218366,5808.54
TP-0003954,OPP-00874,LEAD-004749,6,6,2023-11-15,8,organic_search,(none),form_fill,/blog/leads-qualificados-b2b,AST-0007,46,0,1,0.606448,16131.51
TP-0003955,OPP-00875,LEAD-004753,1,3,2023-10-21,40,direct,(direct),click,/lp/roi-calculator,AST-0018,21,1,0,0.04477,4177.07
TP-0003956,OPP-00875,LEAD-004753,2,3,2023-10-31,30,direct,(direct),form_fill,/lp/roi-calculator,AST-0018,77,0,0,0.257946,24066.32
TP-0003957,OPP-00875,LEAD-004753,3,3,2023-11-03,27,direct,(not set),demo_request,/blog/integracao-erp-sistemas,AST-0003,80,0,1,0.697284,65056.61
TP-0003958,OPP-00876,LEAD-004767,1,3,2023-10-21,34,direct,(direct),click,/lp/roi-calculator,AST-0018,26,1,0,0.01866,638.17
TP-0003959,OPP-00876,LEAD-004767,2,3,2023-10-25,30,direct,(direct),form_fill,/lp/trial-30-dias,AST-0016,55,0,0,0.070036,2395.22
TP-0003960,OPP-00876,LEAD-004767,3,3,2023-11-19,5,direct,(not set),demo_request,/lp/roi-calculator,AST-0018,86,0,1,0.911305,31166.62
TP-0003961,OPP-00877,LEAD-004770,1,5,2023-11-03,36,paid_search,google_brand_keywords_2023,click,/produto/crm-integracao,AST-0019,15,1,0,0.012501,775.09
TP-0003962,OPP-00877,LEAD-004770,2,5,2023-11-06,33,email_marketing,newsletter_mensal_11_2023,click,/webinar/crm-para-gestores,AST-0013,22,0,0,0.011915,738.7
TP-0003963,OPP-00877,LEAD-004770,3,5,2023-11-13,26,email_marketing,campanha_email_11-2023,form_fill,/ebook/crm-para-varejo,AST-0008,34,0,0,0.072027,4465.69
TP-0003964,OPP-00877,LEAD-004770,4,5,2023-11-22,17,email_marketing,campanha_email_11-2023,demo_request,/blog/gestao-vendas-b2b,AST-0001,93,0,0,0.199257,12353.94
TP-0003965,OPP-00877,LEAD-004770,5,5,2023-12-04,5,email_marketing,campanha_email_12-2023,demo_request,/webinar/crm-para-gestores,AST-0013,94,0,1,0.7043,43666.58
TP-0003966,OPP-00878,LEAD-004776,1,4,2023-10-30,40,webinar_evento,black_friday_2023,impression,/webinar/integracao-erp-ao-vivo,AST-0012,22,1,0,0.003363,480.95
TP-0003967,OPP-00878,LEAD-004776,2,4,2023-11-13,26,webinar_evento,campanha-natal-2023,click,/webinar/integracao-erp-ao-vivo,AST-0012,27,0,0,0.021098,3017.0
TP-0003968,OPP-00878,LEAD-004776,3,4,2023-11-17,22,webinar_evento,webinar_integracao_erp_2023,form_fill,/blog/leads-qualificados-b2b,AST-0007,73,0,0,0.102943,14720.79
TP-0003969,OPP-00878,LEAD-004776,4,4,2023-12-06,3,webinar_evento,bf-23,demo_request,/webinar/crm-para-gestores,AST-0013,90,0,1,0.872596,124781.25
TP-0003970,OPP-00879,LEAD-004779,1,8,2023-11-11,27,webinar_evento,campanha_natal_2023,impression,/produto/api-marketplace,AST-0021,1,1,0,0.012761,2561.21
TP-0003971,OPP-00879,LEAD-004779,2,8,2023-11-12,26,webinar_evento,webinar_integracao_erp_2023,click,/webinar/automacao-vendas-demo,AST-0014,30,0,0,0.03163,6348.1
TP-0003972,OPP-00879,LEAD-004779,3,8,2023-11-15,23,webinar_evento,black_friday_2023,form_fill,/produto/api-marketplace,AST-0021,62,0,0,0.143691,28838.86
TP-0003973,OPP-00879,LEAD-004779,4,8,2023-11-19,19,webinar_evento,bf-23,demo_request,/webinar/crm-para-gestores,AST-0013,74,0,0,0.278126,55819.95
TP-0003974,OPP-00879,LEAD-004779,5,8,2023-11-20,18,webinar_evento,campanha-natal-2023,sales_call,/lp/demo-gratis,AST-0015,90,0,0,0.336059,67447.06
TP-0003975,OPP-00879,LEAD-004779,6,8,2023-11-21,17,webinar_evento,black_friday_2023,email_open,/lp/roi-calculator,AST-0018,9,0,0,0.040105,8048.99
TP-0003976,OPP-00879,LEAD-004779,7,8,2023-11-26,12,webinar_evento,evento_crm_gestores_q4,content_view,/produto/erp-connector,AST-0020,24,0,0,0.114638,23007.89
TP-0003977,OPP-00879,LEAD-004779,8,8,2023-11-26,12,webinar_evento,bf-23,impression,/webinar/crm-para-gestores,AST-0013,1,0,1,0.042989,8627.96
TP-0003978,OPP-00880,LEAD-004792,1,4,2023-10-26,36,webinar_evento,campanha_natal_2023,impression,/blog/crm-para-industria,AST-0002,1,1,0,0.006254,700.39
TP-0003979,OPP-00880,LEAD-004792,2,4,2023-11-06,25,meta_ads,fb-leads-varejo-2023,click,/lp/demo-gratis,AST-0015,24,0,0,0.031662,3546.1
TP-0003980,OPP-00880,LEAD-004792,3,4,2023-11-18,13,meta_ads,ig_gestores_b2b_q4,form_fill,/lp/roi-calculator,AST-0018,73,0,0,0.273563,30639.04
TP-0003981,OPP-00880,LEAD-004792,4,4,2023-11-20,11,meta_ads,fb-leads-varejo-2023,demo_request,/ebook/gestao-pipeline-vendas,AST-0009,64,0,1,0.688522,77114.46
TP-0003982,OPP-00881,LEAD-004800,1,3,2023-11-01,37,organic_search,,impression,/blog/integracao-erp-sistemas,AST-0003,8,1,0,0.02039,646.36
TP-0003983,OPP-00881,LEAD-004800,2,3,2023-11-03,35,organic_search,(none),click,/blog/funil-vendas-complexas,AST-0006,12,0,0,0.05428,1720.66
TP-0003984,OPP-00881,LEAD-004800,3,3,2023-12-03,5,organic_search,(none),content_view,/produto/erp-connector,AST-0020,29,0,1,0.925331,29332.98
TP-0003985,OPP-00882,LEAD-004801,1,5,2023-10-20,36,direct,(direct),click,/lp/trial-30-dias,AST-0016,30,1,0,0.027429,4010.19
TP-0003986,OPP-00882,LEAD-004801,2,5,2023-10-24,32,direct,,form_fill,/produto/erp-connector,AST-0020,64,0,0,0.102951,15051.4
TP-0003987,OPP-00882,LEAD-004801,3,5,2023-10-25,31,direct,(direct),demo_request,/lp/roi-calculator,AST-0018,81,0,0,0.160834,23513.93
TP-0003988,OPP-00882,LEAD-004801,4,5,2023-11-05,20,direct,(not set),sales_call,/produto/crm-integracao,AST-0019,87,0,0,0.396974,58037.56
TP-0003989,OPP-00882,LEAD-004801,5,5,2023-11-17,8,direct,,content_view,/produto/erp-connector,AST-0020,62,0,1,0.311812,45586.92
TP-0003990,OPP-00883,LEAD-004802,1,6,2023-10-22,40,linkedin_ads,lkd_awareness_2023,impression,/ebook/crm-para-varejo,AST-0008,14,1,0,0.00572,1208.68
TP-0003991,OPP-00883,LEAD-004802,2,6,2023-10-24,38,linkedin_ads,linkedin_prospeccao_q4_2023,click,/webinar/integracao-erp-ao-vivo,AST-0012,18,0,0,0.015228,3217.59
TP-0003992,OPP-00883,LEAD-004802,3,6,2023-10-28,34,linkedin_ads,linkedin_gestores_2023,content_view,/produto/crm-integracao,AST-0019,23,0,0,0.027018,5708.92
TP-0003993,OPP-00883,LEAD-004802,4,6,2023-11-08,23,linkedin_ads,linkedin_gestores_2023,demo_request,/webinar/automacao-vendas-demo,AST-0014,98,0,0,0.237108,50100.86
TP-0003994,OPP-00883,LEAD-004802,5,6,2023-11-20,11,linkedin_ads,linkedin_gestores_2023,sales_call,/webinar/automacao-vendas-demo,AST-0014,92,0,0,0.628566,132815.92
TP-0003995,OPP-00883,LEAD-004802,6,6,2023-11-27,4,linkedin_ads,linkedin_gestores_2023,impression,/lp/demo-gratis,AST-0015,20,0,1,0.086361,18248.04
TP-0003996,OPP-00884,LEAD-004818,1,6,2023-10-15,43,linkedin_ads,linkedin_prospecao_q4_2023,impression,/ebook/gestao-pipeline-vendas,AST-0009,5,1,0,0.0025,106.24
TP-0003997,OPP-00884,LEAD-004818,2,6,2023-10-17,41,email_marketing,campanha_email_10-2023,click,/blog/churn-saas-brasil,AST-0005,13,0,0,0.006654,282.82
TP-0003998,OPP-00884,LEAD-004818,3,6,2023-10-18,40,email_marketing,campanha_email_10-2023,content_view,/lp/comparativo-erp,AST-0017,32,0,0,0.00953,405.01
TP-0003999,OPP-00884,LEAD-004818,4,6,2023-10-21,37,email_marketing,campanha_email_10-2023,demo_request,/webinar/crm-para-gestores,AST-0013,83,0,0,0.047228,2007.18
TP-0004000,OPP-00884,LEAD-004818,5,6,2023-11-07,20,email_marketing,email_reengajamento_q4_2023,sales_call,/webinar/integracao-erp-ao-vivo,AST-0012,93,0,0,0.17894,7604.94
TP-0004001,OPP-00884,LEAD-004818,6,6,2023-11-25,2,email_marketing,campanha_email_11-2023,proposal_sent,/ebook/integracao-sistemas-guia,AST-0011,77,0,1,0.755149,32093.82
TP-0004002,OPP-00885,LEAD-004822,1,3,2023-11-10,32,webinar_evento,bf-23,impression,/lp/roi-calculator,AST-0018,15,1,0,0.010957,1197.61
TP-0004003,OPP-00885,LEAD-004822,2,3,2023-11-29,13,webinar_evento,campanha-natal-2023,click,/produto/crm-integracao,AST-0019,30,0,0,0.098237,10737.26
TP-0004004,OPP-00885,LEAD-004822,3,3,2023-12-06,6,webinar_evento,evento_crm_gestores_q4,form_fill,/lp/roi-calculator,AST-0018,49,0,1,0.890806,97365.13
TP-0004005,OPP-00886,LEAD-004840,1,5,2023-10-23,43,organic_search,,impression,/lp/demo-gratis,AST-0015,1,1,0,0.002934,383.79
TP-0004006,OPP-00886,LEAD-004840,2,5,2023-11-16,19,linkedin_ads,linkedin_prospeccao_q4_2023,click,/ebook/integracao-sistemas-guia,AST-0011,25,0,0,0.037599,4917.91
TP-0004007,OPP-00886,LEAD-004840,3,5,2023-11-16,19,linkedin_ads,linkedin_prospeccao_q4_2023,content_view,/ebook/gestao-pipeline-vendas,AST-0009,4,0,0,0.050132,6557.22
TP-0004008,OPP-00886,LEAD-004840,4,5,2023-11-17,18,linkedin_ads,linkedin_prospeccao_q4_2023,form_fill,/lp/demo-gratis,AST-0015,55,0,0,0.148069,19367.48
TP-0004009,OPP-00886,LEAD-004840,5,5,2023-11-29,6,linkedin_ads,lkd_awareness_2023,demo_request,/ebook/roi-tecnologia-empresas,AST-0010,87,0,1,0.761266,99573.59
TP-0004010,OPP-00887,LEAD-004842,1,8,2023-11-02,32,webinar_evento,black_friday_2023,impression,/webinar/integracao-erp-ao-vivo,AST-0012,6,1,0,0.004113,540.45
TP-0004011,OPP-00887,LEAD-004842,2,8,2023-11-16,18,email_marketing,newsletter_mensal_11_2023,click,/ebook/gestao-pipeline-vendas,AST-0009,44,0,0,0.025801,3390.23
TP-0004012,OPP-00887,LEAD-004842,3,8,2023-11-18,16,email_marketing,newsletter_mensal_11_2023,form_fill,/produto/api-marketplace,AST-0021,42,0,0,0.109131,14339.78
TP-0004013,OPP-00887,LEAD-004842,4,8,2023-11-20,14,email_marketing,campanha_email_11-2023,demo_request,/webinar/automacao-vendas-demo,AST-0014,84,0,0,0.183112,24060.9
TP-0004014,OPP-00887,LEAD-004842,5,8,2023-11-24,10,email_marketing,campanha_email_11-2023,sales_call,/blog/gestao-vendas-b2b,AST-0001,92,0,0,0.274128,36020.41
TP-0004015,OPP-00887,LEAD-004842,6,8,2023-11-29,5,email_marketing,newsletter_mensal_11_2023,content_view,/blog/leads-qualificados-b2b,AST-0007,29,0,0,0.087065,11440.4
TP-0004016,OPP-00887,LEAD-004842,7,8,2023-12-01,3,email_marketing,newsletter_mensal_12_2023,form_fill,/produto/api-marketplace,AST-0021,61,0,0,0.276198,36292.43
TP-0004017,OPP-00887,LEAD-004842,8,8,2023-12-02,2,email_marketing,campanha_email_12-2023,impression,/ebook/crm-para-varejo,AST-0008,19,0,1,0.040452,5315.4
TP-0004018,OPP-00888,LEAD-004852,1,5,2023-11-18,18,webinar_evento,bf-23,impression,/ebook/crm-para-varejo,AST-0008,1,1,0,0.011577,401.71
TP-0004019,OPP-00888,LEAD-004852,2,5,2023-11-20,16,webinar_evento,black_friday_2023,click,/produto/erp-connector,AST-0020,26,0,0,0.030818,1069.39
TP-0004020,OPP-00888,LEAD-004852,3,5,2023-11-22,14,webinar_evento,evento_crm_gestores_q4,form_fill,/webinar/automacao-vendas-demo,AST-0014,55,0,0,0.130353,4523.26
TP-0004021,OPP-00888,LEAD-004852,4,5,2023-11-24,12,webinar_evento,bf-23,demo_request,/webinar/integracao-erp-ao-vivo,AST-0012,82,0,0,0.218721,7589.63
TP-0004022,OPP-00888,LEAD-004852,5,5,2023-12-01,5,webinar_evento,campanha_natal_2023,sales_call,/lp/roi-calculator,AST-0018,95,0,1,0.60853,21116.0
TP-0004023,OPP-00889,LEAD-004854,1,8,2023-10-22,44,webinar_evento,evento_crm_gestores_q4,impression,/lp/demo-gratis,AST-0015,10,1,0,0.002121,245.35
TP-0004024,OPP-00889,LEAD-004854,2,8,2023-10-24,42,webinar_evento,campanha_natal_2023,click,/produto/erp-connector,AST-0020,26,0,0,0.005645,653.15
TP-0004025,OPP-00889,LEAD-004854,3,8,2023-10-25,41,webinar_evento,bf-23,form_fill,/webinar/crm-para-gestores,AST-0013,79,0,0,0.022232,2572.2
TP-0004026,OPP-00889,LEAD-004854,4,8,2023-10-26,40,webinar_evento,evento_crm_gestores_q4,demo_request,/webinar/crm-para-gestores,AST-0013,75,0,0,0.034731,4018.39
TP-0004027,OPP-00889,LEAD-004854,5,8,2023-11-07,28,webinar_evento,black_friday_2023,sales_call,/lp/trial-30-dias,AST-0016,89,0,0,0.092071,10652.64
TP-0004028,OPP-00889,LEAD-004854,6,8,2023-11-07,28,webinar_evento,campanha-natal-2023,email_open,/webinar/integracao-erp-ao-vivo,AST-0012,5,0,0,0.01023,1183.63
TP-0004029,OPP-00889,LEAD-004854,7,8,2023-11-15,20,webinar_evento,campanha_natal_2023,demo_request,/webinar/automacao-vendas-demo,AST-0014,77,0,0,0.144924,16767.68
TP-0004030,OPP-00889,LEAD-004854,8,8,2023-12-03,2,webinar_evento,evento_crm_gestores_q4,proposal_sent,/webinar/automacao-vendas-demo,AST-0014,59,0,1,0.688046,79606.96
TP-0004031,OPP-00890,LEAD-004861,1,7,2023-10-19,38,linkedin_ads,linkedin_decisores_ti_2023,impression,/blog/gestao-vendas-b2b,AST-0001,1,1,0,0.004764,212.48
TP-0004032,OPP-00890,LEAD-004861,2,7,2023-10-20,37,direct,(not set),click,/produto/api-marketplace,AST-0021,31,0,0,0.011808,526.64
TP-0004033,OPP-00890,LEAD-004861,3,7,2023-10-23,34,direct,,content_view,/lp/trial-30-dias,AST-0016,48,0,0,0.019506,869.99
TP-0004034,OPP-00890,LEAD-004861,4,7,2023-10-31,26,direct,(not set),demo_request,/lp/comparativo-erp,AST-0017,78,0,0,0.138168,6162.28
TP-0004035,OPP-00890,LEAD-004861,5,7,2023-11-15,11,direct,(direct),sales_call,/produto/crm-integracao,AST-0019,75,0,0,0.45381,20239.94
TP-0004036,OPP-00890,LEAD-004861,6,7,2023-11-25,1,direct,,content_view,/blog/integracao-erp-sistemas,AST-0003,24,0,0,0.206002,9187.7
TP-0004037,OPP-00890,LEAD-004861,7,7,2023-11-26,0,direct,(not set),email_open,/produto/erp-connector,AST-0020,15,0,1,0.165941,7400.98
TP-0004038,OPP-00891,LEAD-004863,1,2,2023-11-25,11,organic_search,(none),impression,/produto/api-marketplace,AST-0021,1,1,0,0.200276,6128.45
TP-0004039,OPP-00891,LEAD-004863,2,2,2023-11-27,9,organic_search,(none),click,/produto/crm-integracao,AST-0019,43,0,1,0.799724,24471.55
TP-0004040,OPP-00892,LEAD-004865,1,5,2023-11-04,39,paid_search,integracao_erp_pesquisa_2023,click,/blog/funil-vendas-complexas,AST-0006,25,1,0,0.009668,251.38
TP-0004041,OPP-00892,LEAD-004865,2,5,2023-11-14,29,direct,(direct),click,/lp/trial-30-dias,AST-0016,30,0,0,0.015192,395.0
TP-0004042,OPP-00892,LEAD-004865,3,5,2023-11-20,23,direct,(not set),form_fill,/lp/trial-30-dias,AST-0016,63,0,0,0.08551,2223.26
TP-0004043,OPP-00892,LEAD-004865,4,5,2023-12-03,10,direct,,demo_request,/lp/comparativo-erp,AST-0017,99,0,0,0.314787,8184.46
TP-0004044,OPP-00892,LEAD-004865,5,5,2023-12-11,2,direct,,form_fill,/produto/api-marketplace,AST-0021,70,0,1,0.574843,14945.91
TP-0004045,OPP-00893,LEAD-004866,1,4,2023-11-07,31,webinar_evento,bf-23,impression,/webinar/automacao-vendas-demo,AST-0014,19,1,0,0.007359,882.36
TP-0004046,OPP-00893,LEAD-004866,2,4,2023-11-20,18,webinar_evento,campanha_natal_2023,click,/webinar/integracao-erp-ao-vivo,AST-0012,20,0,0,0.042981,5153.46
TP-0004047,OPP-00893,LEAD-004866,3,4,2023-11-23,15,webinar_evento,black_friday_2023,form_fill,/lp/demo-gratis,AST-0015,65,0,0,0.19526,23411.73
TP-0004048,OPP-00893,LEAD-004866,4,4,2023-12-01,7,webinar_evento,black_friday_2023,demo_request,/lp/trial-30-dias,AST-0016,75,0,1,0.754399,90452.45
TP-0004049,OPP-00894,LEAD-004871,1,3,2023-10-24,39,meta_ads,fb-leads-varejo-2023,impression,/lp/comparativo-erp,AST-0017,1,1,0,0.014143,765.15
TP-0004050,OPP-00894,LEAD-004871,2,3,2023-11-01,31,meta_ads,ig_gestores_b2b_q4,click,/ebook/integracao-sistemas-guia,AST-0011,30,0,0,0.057796,3126.77
TP-0004051,OPP-00894,LEAD-004871,3,3,2023-11-16,16,meta_ads,meta_awareness_2023,form_fill,/ebook/gestao-pipeline-vendas,AST-0009,63,0,1,0.928061,50208.08
TP-0004052,OPP-00895,LEAD-004881,1,7,2023-10-30,34,webinar_evento,campanha_natal_2023,impression,/webinar/integracao-erp-ao-vivo,AST-0012,1,1,0,0.001686,391.46
TP-0004053,OPP-00895,LEAD-004881,2,7,2023-10-31,33,webinar_evento,campanha_natal_2023,click,/produto/erp-connector,AST-0020,35,0,0,0.004179,970.26
TP-0004054,OPP-00895,LEAD-004881,3,7,2023-11-16,17,webinar_evento,bf-23,form_fill,/blog/crm-para-industria,AST-0002,76,0,0,0.048044,11155.72
TP-0004055,OPP-00895,LEAD-004881,4,7,2023-11-21,12,webinar_evento,campanha-natal-2023,demo_request,/webinar/automacao-vendas-demo,AST-0014,100,0,0,0.099878,23191.56
TP-0004056,OPP-00895,LEAD-004881,5,7,2023-11-30,3,webinar_evento,evento_crm_gestores_q4,sales_call,/webinar/integracao-erp-ao-vivo,AST-0012,90,0,0,0.213703,49621.73
TP-0004057,OPP-00895,LEAD-004881,6,7,2023-12-03,0,webinar_evento,black_friday_2023,demo_request,/lp/comparativo-erp,AST-0017,70,0,0,0.235353,54649.03
TP-0004058,OPP-00895,LEAD-004881,7,7,2023-12-03,0,webinar_evento,webinar_integracao_erp_2023,sales_call,/lp/demo-gratis,AST-0015,94,0,1,0.397159,92220.24
TP-0004059,OPP-00896,LEAD-004882,1,4,2023-10-25,39,organic_search,(not set),impression,/produto/crm-integracao,AST-0019,1,1,0,0.008821,321.08
TP-0004060,OPP-00896,LEAD-004882,2,4,2023-11-03,30,linkedin_ads,linkedin_prospecao_q4_2023,click,/lp/demo-gratis,AST-0015,20,0,0,0.038715,1409.22
TP-0004061,OPP-00896,LEAD-004882,3,4,2023-11-06,27,linkedin_ads,linkedin_prospeccao_q4_2023,content_view,/ebook/crm-para-varejo,AST-0008,37,0,0,0.063956,2327.99
TP-0004062,OPP-00896,LEAD-004882,4,4,2023-11-23,10,linkedin_ads,linkedin_gestores_2023,form_fill,/lp/comparativo-erp,AST-0017,55,0,1,0.888508,32341.71
TP-0004063,OPP-00897,LEAD-004883,1,7,2023-10-22,36,linkedin_ads,linkedin_gestores_2023,impression,/webinar/automacao-vendas-demo,AST-0014,19,1,0,0.002592,602.02
TP-0004064,OPP-00897,LEAD-004883,2,7,2023-11-08,19,linkedin_ads,linkedin_prospeccao_q4_2023,click,/blog/crm-para-industria,AST-0002,44,0,0,0.020142,4678.93
TP-0004065,OPP-00897,LEAD-004883,3,7,2023-11-10,17,linkedin_ads,linkedin_prospeccao_q4_2023,content_view,/produto/api-marketplace,AST-0021,49,0,0,0.03098,7196.6
TP-0004066,OPP-00897,LEAD-004883,4,7,2023-11-17,10,linkedin_ads,linkedin_decisores_ti_2023,demo_request,/webinar/automacao-vendas-demo,AST-0014,84,0,0,0.204308,47460.72
TP-0004067,OPP-00897,LEAD-004883,5,7,2023-11-20,7,linkedin_ads,linkedin_decisores_ti_2023,sales_call,/webinar/crm-para-gestores,AST-0013,100,0,0,0.284774,66153.06
TP-0004068,OPP-00897,LEAD-004883,6,7,2023-11-24,3,linkedin_ads,linkedin_prospeccao_q4_2023,sales_call,/produto/erp-connector,AST-0020,69,0,0,0.378953,88030.68
TP-0004069,OPP-00897,LEAD-004883,7,7,2023-11-27,0,linkedin_ads,linkedin_prospecao_q4_2023,email_open,/ebook/roi-tecnologia-empresas,AST-0010,21,0,1,0.078252,18177.99
TP-0004070,OPP-00898,LEAD-004886,1,6,2023-10-29,35,webinar_evento,bf-23,impression,/blog/churn-saas-brasil,AST-0005,25,1,0,0.004431,536.58
TP-0004071,OPP-00898,LEAD-004886,2,6,2023-10-30,34,webinar_evento,black_friday_2023,click,/lp/comparativo-erp,AST-0017,45,0,0,0.010982,1329.94
TP-0004072,OPP-00898,LEAD-004886,3,6,2023-10-31,33,webinar_evento,bf-23,form_fill,/lp/demo-gratis,AST-0015,68,0,0,0.04325,5237.52
TP-0004073,OPP-00898,LEAD-004886,4,6,2023-11-07,26,webinar_evento,webinar_integracao_erp_2023,demo_request,/lp/trial-30-dias,AST-0016,91,0,0,0.103718,12560.3
TP-0004074,OPP-00898,LEAD-004886,5,6,2023-11-25,8,webinar_evento,bf-23,sales_call,/lp/roi-calculator,AST-0018,92,0,0,0.422073,51112.98
TP-0004075,OPP-00898,LEAD-004886,6,6,2023-11-26,7,webinar_evento,campanha_natal_2023,form_fill,/lp/demo-gratis,AST-0015,44,0,1,0.415546,50322.67
TP-0004076,OPP-00899,LEAD-004891,1,6,2023-10-16,44,webinar_evento,evento_crm_gestores_q4,impression,/produto/crm-integracao,AST-0019,17,1,0,0.001714,78.0
TP-0004077,OPP-00899,LEAD-004891,2,6,2023-10-19,41,organic_search,,click,/ebook/crm-para-varejo,AST-0008,24,0,0,0.004901,223.01
TP-0004078,OPP-00899,LEAD-004891,3,6,2023-11-11,18,organic_search,(not set),form_fill,/produto/api-marketplace,AST-0021,70,0,0,0.092911,4227.47
TP-0004079,OPP-00899,LEAD-004891,4,6,2023-11-12,17,organic_search,(not set),demo_request,/lp/comparativo-erp,AST-0017,100,0,0,0.14515,6604.33
TP-0004080,OPP-00899,LEAD-004891,5,6,2023-11-21,8,organic_search,,sales_call,/blog/integracao-erp-sistemas,AST-0003,93,0,0,0.31057,14130.93
TP-0004081,OPP-00899,LEAD-004891,6,6,2023-11-22,7,organic_search,(not set),demo_request,/ebook/integracao-sistemas-guia,AST-0011,97,0,1,0.444753,20236.27
TP-0004082,OPP-00900,LEAD-004900,1,3,2023-11-13,20,direct,(not set),click,/lp/demo-gratis,AST-0015,17,1,0,0.0339,1488.19
TP-0004083,OPP-00900,LEAD-004900,2,3,2023-11-13,20,direct,(not set),form_fill,/produto/api-marketplace,AST-0021,70,0,0,0.095614,4197.47
TP-0004084,OPP-00900,LEAD-004900,3,3,2023-12-03,0,direct,(direct),demo_request,/produto/crm-integracao,AST-0019,72,0,1,0.870486,38214.34
TP-0004085,OPP-00901,LEAD-004902,1,5,2023-10-28,43,direct,(not set),click,/lp/trial-30-dias,AST-0016,19,1,0,0.006668,271.41
TP-0004086,OPP-00901,LEAD-004902,2,5,2023-11-01,39,direct,(direct),form_fill,/produto/crm-integracao,AST-0019,49,0,0,0.025029,1018.66
TP-0004087,OPP-00901,LEAD-004902,3,5,2023-11-11,29,direct,,demo_request,/produto/crm-integracao,AST-0019,74,0,0,0.074366,3026.69
TP-0004088,OPP-00901,LEAD-004902,4,5,2023-12-03,7,direct,,sales_call,/produto/api-marketplace,AST-0021,84,0,0,0.402707,16390.18
TP-0004089,OPP-00901,LEAD-004902,5,5,2023-12-07,3,direct,(not set),form_fill,/blog/integracao-erp-sistemas,AST-0003,67,0,1,0.49123,19993.06
TP-0004090,OPP-00902,LEAD-004910,1,2,2023-11-02,25,organic_search,,impression,/blog/automacao-marketing-b2b,AST-0004,10,1,0,0.131865,16601.78
TP-0004091,OPP-00902,LEAD-004910,2,2,2023-11-11,16,organic_search,,click,/lp/trial-30-dias,AST-0016,37,0,1,0.868135,109298.22
TP-0004092,OPP-00903,LEAD-004918,1,5,2023-11-06,36,paid_search,crm-b2b-keywords-2023,click,/lp/trial-30-dias,AST-0016,22,1,0,0.015089,822.35
TP-0004093,OPP-00903,LEAD-004918,2,5,2023-11-17,25,paid_search,google_branded_2023,click,/produto/crm-integracao,AST-0019,30,0,0,0.025465,1387.87
TP-0004094,OPP-00903,LEAD-004918,3,5,2023-11-28,14,paid_search,crm-b2b-keywords-2023,form_fill,/lp/roi-calculator,AST-0018,84,0,0,0.204858,11164.78
TP-0004095,OPP-00903,LEAD-004918,4,5,2023-12-05,7,paid_search,integracao_erp_pesquisa_2023,demo_request,/produto/erp-connector,AST-0020,76,0,0,0.491279,26774.7
TP-0004096,OPP-00903,LEAD-004918,5,5,2023-12-10,2,paid_search,google_brand_keywords_2023,content_view,/produto/api-marketplace,AST-0021,26,0,1,0.263308,14350.3
TP-0004097,OPP-00904,LEAD-004920,1,8,2023-10-30,44,webinar_evento,evento_crm_gestores_q4,impression,/lp/trial-30-dias,AST-0016,5,1,0,0.002689,369.73
TP-0004098,OPP-00904,LEAD-004920,2,8,2023-11-09,34,organic_search,(not set),click,/webinar/automacao-vendas-demo,AST-0014,21,0,0,0.012676,1742.91
TP-0004099,OPP-00904,LEAD-004920,3,8,2023-11-15,28,organic_search,,form_fill,/blog/automacao-marketing-b2b,AST-0004,58,0,0,0.071346,9810.11
TP-0004100,OPP-00904,LEAD-004920,4,8,2023-11-20,23,organic_search,(none),demo_request,/blog/funil-vendas-complexas,AST-0006,80,0,0,0.148321,20394.17
TP-0004101,OPP-00904,LEAD-004920,5,8,2023-11-26,17,organic_search,(none),sales_call,/blog/funil-vendas-complexas,AST-0006,97,0,0,0.256143,35219.64
TP-0004102,OPP-00904,LEAD-004920,6,8,2023-11-27,16,organic_search,(not set),form_fill,/lp/demo-gratis,AST-0015,68,0,0,0.168122,23116.71
TP-0004103,OPP-00904,LEAD-004920,7,8,2023-11-30,13,organic_search,(none),proposal_sent,/produto/erp-connector,AST-0020,87,0,0,0.265107,36452.27
TP-0004104,OPP-00904,LEAD-004920,8,8,2023-12-04,9,organic_search,,email_open,/blog/gestao-vendas-b2b,AST-0001,4,0,1,0.075596,10394.46
TP-0004105,OPP-00905,LEAD-004938,1,3,2023-10-26,44,direct,(direct),click,/lp/trial-30-dias,AST-0016,35,1,0,0.050427,4321.58
TP-0004106,OPP-00905,LEAD-004938,2,3,2023-11-01,38,direct,,form_fill,/produto/crm-integracao,AST-0019,69,0,0,0.218331,18711.0
TP-0004107,OPP-00905,LEAD-004938,3,3,2023-11-07,32,direct,(not set),demo_request,/lp/comparativo-erp,AST-0017,87,0,1,0.731242,62667.42
TP-0004108,OPP-00906,LEAD-004942,1,2,2023-11-11,28,paid_search,integracao_erp_pesquisa_2023,click,/ebook/roi-tecnologia-empresas,AST-0010,27,1,0,0.411592,58569.59
TP-0004109,OPP-00906,LEAD-004942,2,2,2023-11-14,25,paid_search,google_branded_2023,click,/lp/demo-gratis,AST-0015,1,0,1,0.588408,83730.41
TP-0004110,OPP-00907,LEAD-004944,1,4,2023-11-13,28,direct,(not set),click,/produto/crm-integracao,AST-0019,12,1,0,0.016971,2744.27
TP-0004111,OPP-00907,LEAD-004944,2,4,2023-11-14,27,direct,(not set),form_fill,/lp/demo-gratis,AST-0015,63,0,0,0.051412,8313.36
TP-0004112,OPP-00907,LEAD-004944,3,4,2023-11-21,20,direct,,demo_request,/produto/api-marketplace,AST-0021,86,0,0,0.123294,19936.61
TP-0004113,OPP-00907,LEAD-004944,4,4,2023-12-10,1,direct,(not set),sales_call,/lp/demo-gratis,AST-0015,93,0,1,0.808323,130705.75
TP-0004114,OPP-00908,LEAD-004953,1,5,2023-10-25,42,paid_search,pesquisa_concorrentes_q4_2023,click,/produto/erp-connector,AST-0020,39,1,0,0.016482,453.27
TP-0004115,OPP-00908,LEAD-004953,2,5,2023-10-30,37,linkedin_ads,lkd_awareness_2023,click,/webinar/automacao-vendas-demo,AST-0014,13,0,0,0.018121,498.33
TP-0004116,OPP-00908,LEAD-004953,3,5,2023-11-04,32,linkedin_ads,linkedin_prospecao_q4_2023,form_fill,/webinar/crm-para-gestores,AST-0013,59,0,0,0.094964,2611.52
TP-0004117,OPP-00908,LEAD-004953,4,5,2023-11-26,10,linkedin_ads,linkedin_gestores_2023,demo_request,/blog/automacao-marketing-b2b,AST-0004,63,0,0,0.664891,18284.5
TP-0004118,OPP-00908,LEAD-004953,5,5,2023-12-03,3,linkedin_ads,linkedin_prospecao_q4_2023,email_open,/lp/demo-gratis,AST-0015,21,0,1,0.205541,5652.38
TP-0004119,OPP-00909,LEAD-004962,1,6,2023-10-18,44,organic_search,(not set),impression,/blog/integracao-erp-sistemas,AST-0003,7,1,0,0.002335,316.16
TP-0004120,OPP-00909,LEAD-004962,2,6,2023-10-21,41,direct,,click,/lp/roi-calculator,AST-0018,28,0,0,0.006676,903.94
TP-0004121,OPP-00909,LEAD-004962,3,6,2023-10-29,33,direct,(direct),content_view,/produto/api-marketplace,AST-0021,44,0,0,0.015763,2134.27
TP-0004122,OPP-00909,LEAD-004962,4,6,2023-11-24,7,direct,(direct),form_fill,/produto/erp-connector,AST-0020,62,0,0,0.277658,37594.84
TP-0004123,OPP-00909,LEAD-004962,5,6,2023-11-26,5,direct,,email_open,/produto/api-marketplace,AST-0021,5,0,0,0.058236,7885.11
TP-0004124,OPP-00909,LEAD-004962,6,6,2023-11-30,1,direct,(direct),form_fill,/blog/crm-para-industria,AST-0002,57,0,1,0.639333,86565.68
TP-0004125,OPP-00910,LEAD-004968,1,8,2023-11-03,42,webinar_evento,bf-23,impression,/webinar/crm-para-gestores,AST-0013,1,1,0,0.002116,290.06
TP-0004126,OPP-00910,LEAD-004968,2,8,2023-11-04,41,webinar_evento,campanha-natal-2023,click,/lp/trial-30-dias,AST-0016,26,0,0,0.005244,718.92
TP-0004127,OPP-00910,LEAD-004968,3,8,2023-11-27,18,webinar_evento,black_friday_2023,form_fill,/webinar/automacao-vendas-demo,AST-0014,65,0,0,0.099403,13628.18
TP-0004128,OPP-00910,LEAD-004968,4,8,2023-11-30,15,webinar_evento,campanha_natal_2023,demo_request,/lp/roi-calculator,AST-0018,91,0,0,0.179139,24559.99
TP-0004129,OPP-00910,LEAD-004968,5,8,2023-12-05,10,webinar_evento,webinar_integracao_erp_2023,sales_call,/produto/crm-integracao,AST-0019,88,0,0,0.288037,39489.88
TP-0004130,OPP-00910,LEAD-004968,6,8,2023-12-09,6,webinar_evento,black_friday_2023,email_open,/produto/crm-integracao,AST-0019,27,0,0,0.042588,5838.85
TP-0004131,OPP-00910,LEAD-004968,7,8,2023-12-11,4,webinar_evento,campanha-natal-2023,proposal_sent,/lp/demo-gratis,AST-0015,98,0,0,0.343898,47148.47
TP-0004132,OPP-00910,LEAD-004968,8,8,2023-12-12,3,webinar_evento,bf-23,impression,/webinar/crm-para-gestores,AST-0013,21,0,1,0.039574,5425.65
TP-0004133,OPP-00911,LEAD-004978,1,4,2023-10-30,44,paid_search,crm-b2b-keywords-2023,click,/lp/demo-gratis,AST-0015,25,1,0,0.036629,4626.3
TP-0004134,OPP-00911,LEAD-004978,2,4,2023-11-10,33,direct,(direct),click,/lp/trial-30-dias,AST-0016,36,0,0,0.061819,7807.68
TP-0004135,OPP-00911,LEAD-004978,3,4,2023-11-11,32,direct,(direct),form_fill,/produto/erp-connector,AST-0020,49,0,0,0.243451,30747.83
TP-0004136,OPP-00911,LEAD-004978,4,4,2023-11-14,29,direct,,demo_request,/webinar/integracao-erp-ao-vivo,AST-0012,78,0,1,0.658101,83118.19
TP-0004137,OPP-00912,LEAD-004986,1,5,2023-10-31,33,linkedin_ads,lkd_awareness_2023,impression,/ebook/integracao-sistemas-guia,AST-0011,19,1,0,0.00349,639.75
TP-0004138,OPP-00912,LEAD-004986,2,5,2023-11-13,20,linkedin_ads,linkedin_prospecao_q4_2023,click,/lp/comparativo-erp,AST-0017,23,0,0,0.020384,3736.46
TP-0004139,OPP-00912,LEAD-004986,3,5,2023-11-15,18,linkedin_ads,linkedin_prospecao_q4_2023,content_view,/webinar/integracao-erp-ao-vivo,AST-0012,56,0,0,0.031353,5747.0
TP-0004140,OPP-00912,LEAD-004986,4,5,2023-11-20,13,linkedin_ads,linkedin_prospecao_q4_2023,demo_request,/blog/automacao-marketing-b2b,AST-0004,83,0,0,0.179244,32855.39
TP-0004141,OPP-00912,LEAD-004986,5,5,2023-12-03,0,linkedin_ads,linkedin_gestores_2023,sales_call,/ebook/roi-tecnologia-empresas,AST-0010,83,0,1,0.765529,140321.39
TP-0004142,OPP-00913,LEAD-004987,1,3,2023-10-23,42,paid_search,google_branded_2023,click,/lp/demo-gratis,AST-0015,18,1,0,0.011484,593.73
TP-0004143,OPP-00913,LEAD-004987,2,3,2023-10-28,37,paid_search,crm-b2b-keywords-2023,click,/lp/trial-30-dias,AST-0016,15,0,0,0.012626,652.76
TP-0004144,OPP-00913,LEAD-004987,3,3,2023-12-04,0,paid_search,pesquisa_concorrentes_q4_2023,form_fill,/webinar/crm-para-gestores,AST-0013,67,0,1,0.97589,50453.52
TP-0004145,OPP-00914,LEAD-004993,1,3,2023-11-09,28,paid_search,google_branded_2023,click,/ebook/crm-para-varejo,AST-0008,17,1,0,0.043145,1454.0
TP-0004146,OPP-00914,LEAD-004993,2,3,2023-11-21,16,paid_search,google_brand_keywords_2023,click,/webinar/automacao-vendas-demo,AST-0014,27,0,0,0.078206,2635.55
TP-0004147,OPP-00914,LEAD-004993,3,3,2023-12-01,6,paid_search,google_brand_keywords_2023,form_fill,/ebook/gestao-pipeline-vendas,AST-0009,64,0,1,0.878648,29610.45
TP-0004148,OPP-00915,LEAD-004999,1,4,2023-10-27,44,organic_search,,impression,/produto/crm-integracao,AST-0019,24,1,0,0.003152,231.06
TP-0004149,OPP-00915,LEAD-004999,2,4,2023-11-03,37,organic_search,,click,/blog/crm-para-industria,AST-0002,41,0,0,0.011993,879.12
TP-0004150,OPP-00915,LEAD-004999,3,4,2023-11-21,19,organic_search,(none),content_view,/ebook/crm-para-varejo,AST-0008,37,0,0,0.057844,4239.99
TP-0004151,OPP-00915,LEAD-004999,4,4,2023-12-10,0,organic_search,(none),form_fill,/blog/crm-para-industria,AST-0002,71,0,1,0.92701,67949.83
TP-0004152,OPP-00916,LEAD-005000,1,5,2023-11-09,37,organic_search,(not set),impression,/blog/integracao-erp-sistemas,AST-0003,10,1,0,0.002722,169.88
TP-0004153,OPP-00916,LEAD-005000,2,5,2023-11-24,22,meta_ads,fb-leads-varejo-2023,click,/produto/erp-connector,AST-0020,23,0,0,0.018342,1144.55
TP-0004154,OPP-00916,LEAD-005000,3,5,2023-11-26,20,meta_ads,ig_gestores_b2b_q4,content_view,/ebook/roi-tecnologia-empresas,AST-0010,16,0,0,0.028212,1760.41
TP-0004155,OPP-00916,LEAD-005000,4,5,2023-12-10,6,meta_ads,ig_gestores_b2b_q4,form_fill,/ebook/integracao-sistemas-guia,AST-0011,70,0,0,0.210891,13159.58
TP-0004156,OPP-00916,LEAD-005000,5,5,2023-12-15,1,meta_ads,fb-leads-varejo-2023,sales_call,/ebook/gestao-pipeline-vendas,AST-0009,88,0,1,0.739833,46165.58
TP-0004157,OPP-00917,LEAD-005001,1,2,2023-11-07,30,organic_search,(not set),impression,/webinar/integracao-erp-ao-vivo,AST-0012,1,1,0,0.079001,6715.08
TP-0004158,OPP-00917,LEAD-005001,2,2,2023-11-24,13,organic_search,(not set),click,/blog/churn-saas-brasil,AST-0005,24,0,1,0.920999,78284.92
TP-0004159,OPP-00918,LEAD-005003,1,9,2023-11-02,41,linkedin_ads,linkedin_prospeccao_q4_2023,impression,/ebook/roi-tecnologia-empresas,AST-0010,37,1,0,0.002256,430.22
TP-0004160,OPP-00918,LEAD-005003,2,9,2023-11-05,38,linkedin_ads,linkedin_prospecao_q4_2023,click,/lp/comparativo-erp,AST-0017,20,0,0,0.00645,1230.06
TP-0004161,OPP-00918,LEAD-005003,3,9,2023-11-09,34,linkedin_ads,linkedin_prospeccao_q4_2023,content_view,/lp/trial-30-dias,AST-0016,29,0,0,0.011445,2182.48
TP-0004162,OPP-00918,LEAD-005003,4,9,2023-11-22,21,linkedin_ads,linkedin_prospecao_q4_2023,demo_request,/lp/demo-gratis,AST-0015,64,0,0,0.11586,22094.51
TP-0004163,OPP-00918,LEAD-005003,5,9,2023-12-01,12,linkedin_ads,linkedin_prospeccao_q4_2023,sales_call,/lp/roi-calculator,AST-0018,86,0,0,0.247899,47274.41
TP-0004164,OPP-00918,LEAD-005003,6,9,2023-12-04,9,linkedin_ads,lkd_awareness_2023,form_fill,/blog/automacao-marketing-b2b,AST-0004,56,0,0,0.187698,35793.93
TP-0004165,OPP-00918,LEAD-005003,7,9,2023-12-05,8,linkedin_ads,linkedin_gestores_2023,form_fill,/lp/comparativo-erp,AST-0017,65,0,0,0.201595,38444.17
TP-0004166,OPP-00918,LEAD-005003,8,9,2023-12-08,5,linkedin_ads,lkd_awareness_2023,content_view,/blog/gestao-vendas-b2b,AST-0001,28,0,0,0.090826,17320.52
TP-0004167,OPP-00918,LEAD-005003,9,9,2023-12-12,1,linkedin_ads,linkedin_prospecao_q4_2023,click,/lp/trial-30-dias,AST-0016,12,0,1,0.135971,25929.7
TP-0004168,OPP-00919,LEAD-005007,1,2,2023-11-05,42,paid_search,pesquisa_concorrentes_q4_2023,click,/lp/trial-30-dias,AST-0016,15,1,0,0.241751,13973.24
TP-0004169,OPP-00919,LEAD-005007,2,2,2023-11-19,28,paid_search,pesquisa_concorrentes_q4_2023,click,/produto/erp-connector,AST-0020,12,0,1,0.758249,43826.76
TP-0004170,OPP-00920,LEAD-005009,1,3,2023-11-12,33,direct,(direct),click,/lp/demo-gratis,AST-0015,9,1,0,0.076634,7747.74
TP-0004171,OPP-00920,LEAD-005009,2,3,2023-11-14,31,direct,(direct),form_fill,/produto/api-marketplace,AST-0021,62,0,0,0.249341,25208.39
TP-0004172,OPP-00920,LEAD-005009,3,3,2023-11-17,28,direct,,demo_request,/lp/roi-calculator,AST-0018,70,0,1,0.674024,68143.87
TP-0004173,OPP-00921,LEAD-005011,1,5,2023-11-08,25,paid_search,pesquisa_concorrentes_q4_2023,click,/produto/api-marketplace,AST-0021,35,1,0,0.016631,452.37
TP-0004174,OPP-00921,LEAD-005011,2,5,2023-11-08,25,direct,(direct),click,/lp/roi-calculator,AST-0018,24,0,0,0.012793,347.98
TP-0004175,OPP-00921,LEAD-005011,3,5,2023-11-10,23,direct,(not set),form_fill,/lp/demo-gratis,AST-0015,61,0,0,0.054112,1471.85
TP-0004176,OPP-00921,LEAD-005011,4,5,2023-11-25,8,direct,(direct),demo_request,/lp/trial-30-dias,AST-0016,73,0,0,0.229793,6250.37
TP-0004177,OPP-00921,LEAD-005011,5,5,2023-12-03,0,direct,,sales_call,/lp/trial-30-dias,AST-0016,91,0,1,0.686671,18677.44
TP-0004178,OPP-00922,LEAD-005012,1,9,2023-10-21,44,linkedin_ads,lkd_awareness_2023,impression,/lp/roi-calculator,AST-0018,10,1,0,0.005576,522.44
TP-0004179,OPP-00922,LEAD-005012,2,9,2023-10-25,40,linkedin_ads,linkedin_decisores_ti_2023,click,/ebook/roi-tecnologia-empresas,AST-0010,17,0,0,0.017122,1604.36
TP-0004180,OPP-00922,LEAD-005012,3,9,2023-10-31,34,linkedin_ads,linkedin_decisores_ti_2023,content_view,/webinar/crm-para-gestores,AST-0013,36,0,0,0.035045,3283.72
TP-0004181,OPP-00922,LEAD-005012,4,9,2023-11-01,33,linkedin_ads,linkedin_prospecao_q4_2023,demo_request,/lp/roi-calculator,AST-0018,82,0,0,0.150559,14107.41
TP-0004182,OPP-00922,LEAD-005012,5,9,2023-11-03,31,linkedin_ads,lkd_awareness_2023,sales_call,/lp/comparativo-erp,AST-0017,79,0,0,0.19539,18308.04
TP-0004183,OPP-00922,LEAD-005012,6,9,2023-11-08,26,linkedin_ads,linkedin_decisores_ti_2023,email_open,/blog/automacao-marketing-b2b,AST-0004,12,0,0,0.031029,2907.4
TP-0004184,OPP-00922,LEAD-005012,7,9,2023-11-11,23,linkedin_ads,linkedin_prospecao_q4_2023,sales_call,/ebook/gestao-pipeline-vendas,AST-0009,83,0,0,0.345996,32419.79
TP-0004185,OPP-00922,LEAD-005012,8,9,2023-11-17,17,linkedin_ads,linkedin_prospecao_q4_2023,impression,/lp/trial-30-dias,AST-0016,9,0,0,0.029507,2764.8
TP-0004186,OPP-00922,LEAD-005012,9,9,2023-11-22,12,linkedin_ads,linkedin_prospecao_q4_2023,click,/webinar/automacao-vendas-demo,AST-0014,23,0,1,0.189776,17782.04
TP-0004187,OPP-00923,LEAD-005021,1,3,2023-10-31,42,organic_search,(none),impression,/produto/api-marketplace,AST-0021,3,1,0,0.035768,1148.16
TP-0004188,OPP-00923,LEAD-005021,2,3,2023-11-14,28,organic_search,,click,/ebook/roi-tecnologia-empresas,AST-0010,14,0,0,0.224373,7202.39
TP-0004189,OPP-00923,LEAD-005021,3,3,2023-11-21,21,organic_search,(none),content_view,/produto/api-marketplace,AST-0021,42,0,1,0.739858,23749.45
TP-0004190,OPP-00924,LEAD-005036,1,7,2023-11-02,40,linkedin_ads,linkedin_decisores_ti_2023,impression,/webinar/integracao-erp-ao-vivo,AST-0012,3,1,0,0.002596,109.82
TP-0004191,OPP-00924,LEAD-005036,2,7,2023-11-03,39,linkedin_ads,linkedin_prospecao_q4_2023,click,/ebook/crm-para-varejo,AST-0008,27,0,0,0.006435,272.19
TP-0004192,OPP-00924,LEAD-005036,3,7,2023-11-10,32,linkedin_ads,linkedin_prospeccao_q4_2023,content_view,/ebook/integracao-sistemas-guia,AST-0011,22,0,0,0.014145,598.35
TP-0004193,OPP-00924,LEAD-005036,4,7,2023-11-12,30,linkedin_ads,lkd_awareness_2023,demo_request,/webinar/automacao-vendas-demo,AST-0014,75,0,0,0.06527,2760.92
TP-0004194,OPP-00924,LEAD-005036,5,7,2023-11-19,23,linkedin_ads,linkedin_gestores_2023,sales_call,/lp/roi-calculator,AST-0018,99,0,0,0.121064,5120.99
TP-0004195,OPP-00924,LEAD-005036,6,7,2023-12-10,2,linkedin_ads,lkd_awareness_2023,email_open,/ebook/roi-tecnologia-empresas,AST-0010,10,0,0,0.060286,2550.08
TP-0004196,OPP-00924,LEAD-005036,7,7,2023-12-12,0,linkedin_ads,linkedin_prospecao_q4_2023,proposal_sent,/lp/roi-calculator,AST-0018,82,0,1,0.730205,30887.65
TP-0004197,OPP-00925,LEAD-005042,1,4,2023-11-02,43,webinar_evento,bf-23,impression,/webinar/integracao-erp-ao-vivo,AST-0012,27,1,0,0.002974,153.75
TP-0004198,OPP-00925,LEAD-005042,2,4,2023-11-22,23,direct,(direct),click,/lp/demo-gratis,AST-0015,34,0,0,0.028636,1480.48
TP-0004199,OPP-00925,LEAD-005042,3,4,2023-11-26,19,direct,(not set),form_fill,/blog/automacao-marketing-b2b,AST-0004,72,0,0,0.139723,7223.67
TP-0004200,OPP-00925,LEAD-005042,4,4,2023-12-10,5,direct,,demo_request,/lp/trial-30-dias,AST-0016,70,0,1,0.828667,42842.11
TP-0004201,OPP-00926,LEAD-005043,1,6,2023-11-16,25,webinar_evento,evento_crm_gestores_q4,impression,/webinar/integracao-erp-ao-vivo,AST-0012,18,1,0,0.008778,1133.27
TP-0004202,OPP-00926,LEAD-005043,2,6,2023-11-17,24,webinar_evento,black_friday_2023,click,/webinar/integracao-erp-ao-vivo,AST-0012,26,0,0,0.021757,2808.88
TP-0004203,OPP-00926,LEAD-005043,3,6,2023-11-21,20,webinar_evento,evento_crm_gestores_q4,form_fill,/lp/comparativo-erp,AST-0017,70,0,0,0.10616,13705.3
TP-0004204,OPP-00926,LEAD-005043,4,6,2023-11-28,13,webinar_evento,bf-23,demo_request,/ebook/crm-para-varejo,AST-0008,93,0,0,0.254587,32867.22
TP-0004205,OPP-00926,LEAD-005043,5,6,2023-12-04,7,webinar_evento,webinar_integracao_erp_2023,sales_call,/webinar/integracao-erp-ao-vivo,AST-0012,85,0,0,0.439659,56759.91
TP-0004206,OPP-00926,LEAD-005043,6,6,2023-12-06,5,webinar_evento,webinar_integracao_erp_2023,content_view,/ebook/integracao-sistemas-guia,AST-0011,39,0,1,0.169058,21825.42
TP-0004207,OPP-00927,LEAD-005048,1,6,2023-10-31,44,webinar_evento,webinar_integracao_erp_2023,impression,/webinar/automacao-vendas-demo,AST-0014,29,1,0,0.0054,246.23
TP-0004208,OPP-00927,LEAD-005048,2,6,2023-11-13,31,webinar_evento,campanha-natal-2023,click,/lp/trial-30-dias,AST-0016,34,0,0,0.031538,1438.12
TP-0004209,OPP-00927,LEAD-005048,3,6,2023-11-19,25,webinar_evento,evento_crm_gestores_q4,form_fill,/webinar/integracao-erp-ao-vivo,AST-0012,82,0,0,0.177513,8094.57
TP-0004210,OPP-00927,LEAD-005048,4,6,2023-11-20,24,webinar_evento,campanha_natal_2023,demo_request,/webinar/integracao-erp-ao-vivo,AST-0012,82,0,0,0.277318,12645.68
TP-0004211,OPP-00927,LEAD-005048,5,6,2023-11-22,22,webinar_evento,black_friday_2023,sales_call,/lp/trial-30-dias,AST-0016,95,0,0,0.359892,16411.07
TP-0004212,OPP-00927,LEAD-005048,6,6,2023-11-29,15,webinar_evento,bf-23,click,/webinar/automacao-vendas-demo,AST-0014,27,0,1,0.14834,6764.32
TP-0004213,OPP-00928,LEAD-005052,1,3,2023-11-12,42,webinar_evento,campanha_natal_2023,impression,/ebook/roi-tecnologia-empresas,AST-0010,1,1,0,0.005271,337.88
TP-0004214,OPP-00928,LEAD-005052,2,3,2023-12-03,21,webinar_evento,campanha_natal_2023,click,/ebook/integracao-sistemas-guia,AST-0011,22,0,0,0.054516,3494.5
TP-0004215,OPP-00928,LEAD-005052,3,3,2023-12-19,5,webinar_evento,bf-23,form_fill,/webinar/automacao-vendas-demo,AST-0014,58,0,1,0.940212,60267.62
TP-0004216,OPP-00929,LEAD-005057,1,5,2023-11-06,43,linkedin_ads,linkedin_prospeccao_q4_2023,impression,/lp/demo-gratis,AST-0015,11,1,0,0.002392,409.68
TP-0004217,OPP-00929,LEAD-005057,2,5,2023-11-24,25,linkedin_ads,lkd_awareness_2023,click,/blog/funil-vendas-complexas,AST-0006,32,0,0,0.019964,3419.83
TP-0004218,OPP-00929,LEAD-005057,3,5,2023-11-26,23,linkedin_ads,linkedin_gestores_2023,content_view,/ebook/crm-para-varejo,AST-0008,43,0,0,0.030706,5259.99
TP-0004219,OPP-00929,LEAD-005057,4,5,2023-11-28,21,linkedin_ads,linkedin_gestores_2023,demo_request,/webinar/automacao-vendas-demo,AST-0014,100,0,0,0.141687,24270.98
TP-0004220,OPP-00929,LEAD-005057,5,5,2023-12-15,4,linkedin_ads,linkedin_prospecao_q4_2023,sales_call,/ebook/roi-tecnologia-empresas,AST-0010,92,0,1,0.805251,137939.51
TP-0004221,OPP-00930,LEAD-005059,1,7,2023-11-16,30,linkedin_ads,lkd_awareness_2023,impression,/ebook/roi-tecnologia-empresas,AST-0010,16,1,0,0.005184,259.22
TP-0004222,OPP-00930,LEAD-005059,2,7,2023-11-17,29,linkedin_ads,linkedin_prospecao_q4_2023,click,/webinar/automacao-vendas-demo,AST-0014,41,0,0,0.01285,642.5
TP-0004223,OPP-00930,LEAD-005059,3,7,2023-11-17,29,linkedin_ads,linkedin_prospecao_q4_2023,content_view,/blog/integracao-erp-sistemas,AST-0003,33,0,0,0.017133,856.67
TP-0004224,OPP-00930,LEAD-005059,4,7,2023-11-26,20,linkedin_ads,linkedin_decisores_ti_2023,demo_request,/lp/trial-30-dias,AST-0016,82,0,0,0.130344,6517.22
TP-0004225,OPP-00930,LEAD-005059,5,7,2023-11-27,19,linkedin_ads,linkedin_prospeccao_q4_2023,sales_call,/ebook/roi-tecnologia-empresas,AST-0010,84,0,0,0.157495,7874.74
TP-0004226,OPP-00930,LEAD-005059,6,7,2023-12-04,12,linkedin_ads,linkedin_gestores_2023,form_fill,/ebook/roi-tecnologia-empresas,AST-0010,64,0,0,0.158684,7934.21
TP-0004227,OPP-00930,LEAD-005059,7,7,2023-12-08,8,linkedin_ads,lkd_awareness_2023,sales_call,/lp/trial-30-dias,AST-0016,100,0,1,0.518309,25915.44
TP-0004228,OPP-00931,LEAD-005061,1,2,2023-12-04,18,paid_search,google_brand_keywords_2023,click,/produto/crm-integracao,AST-0019,25,1,0,0.204665,5792.03
TP-0004229,OPP-00931,LEAD-005061,2,2,2023-12-21,1,paid_search,google_branded_2023,click,/produto/crm-integracao,AST-0019,13,0,1,0.795335,22507.97
TP-0004230,OPP-00932,LEAD-005068,1,7,2023-10-29,44,webinar_evento,evento_crm_gestores_q4,impression,/webinar/crm-para-gestores,AST-0013,17,1,0,0.006857,252.33
TP-0004231,OPP-00932,LEAD-005068,2,7,2023-11-06,36,webinar_evento,webinar_integracao_erp_2023,click,/ebook/roi-tecnologia-empresas,AST-0010,26,0,0,0.02802,1031.13
TP-0004232,OPP-00932,LEAD-005068,3,7,2023-11-07,35,webinar_evento,bf-23,form_fill,/webinar/automacao-vendas-demo,AST-0014,68,0,0,0.110347,4060.76
TP-0004233,OPP-00932,LEAD-005068,4,7,2023-11-14,28,webinar_evento,webinar_integracao_erp_2023,demo_request,/webinar/crm-para-gestores,AST-0013,79,0,0,0.264627,9738.26
TP-0004234,OPP-00932,LEAD-005068,5,7,2023-11-16,26,webinar_evento,campanha_natal_2023,sales_call,/lp/trial-30-dias,AST-0016,89,0,0,0.343422,12637.93
TP-0004235,OPP-00932,LEAD-005068,6,7,2023-11-18,24,webinar_evento,bf-23,email_open,/webinar/integracao-erp-ao-vivo,AST-0012,14,0,0,0.044018,1619.85
TP-0004236,OPP-00932,LEAD-005068,7,7,2023-11-24,18,webinar_evento,campanha_natal_2023,content_view,/blog/gestao-vendas-b2b,AST-0001,31,0,1,0.20271,7459.73
TP-0004237,OPP-00933,LEAD-005069,1,4,2023-10-30,42,organic_search,,impression,/produto/crm-integracao,AST-0019,18,1,0,0.003588,107.64
TP-0004238,OPP-00933,LEAD-005069,2,4,2023-11-11,30,meta_ads,meta_awareness_2023,click,/lp/trial-30-dias,AST-0016,44,0,0,0.019512,585.36
TP-0004239,OPP-00933,LEAD-005069,3,4,2023-12-03,8,meta_ads,meta_awareness_2023,content_view,/lp/trial-30-dias,AST-0016,45,0,0,0.125228,3756.84
TP-0004240,OPP-00933,LEAD-005069,4,4,2023-12-10,1,meta_ads,meta_awareness_2023,form_fill,/ebook/crm-para-varejo,AST-0008,77,0,1,0.851672,25550.16
TP-0004241,OPP-00934,LEAD-005074,1,5,2023-11-19,31,webinar_evento,campanha_natal_2023,impression,/webinar/crm-para-gestores,AST-0013,14,1,0,0.003614,835.11
TP-0004242,OPP-00934,LEAD-005074,2,5,2023-11-24,26,meta_ads,facebook_retargeting_2023,click,/blog/crm-para-industria,AST-0002,25,0,0,0.011919,2754.4
TP-0004243,OPP-00934,LEAD-005074,3,5,2023-11-26,24,meta_ads,fb-leads-varejo-2023,form_fill,/blog/integracao-erp-sistemas,AST-0003,60,0,0,0.050413,11650.4
TP-0004244,OPP-00934,LEAD-005074,4,5,2023-12-13,7,meta_ads,ig_gestores_b2b_q4,demo_request,/ebook/integracao-sistemas-guia,AST-0011,79,0,0,0.24696,57072.37
TP-0004245,OPP-00934,LEAD-005074,5,5,2023-12-20,0,meta_ads,fb-leads-varejo-2023,sales_call,/ebook/integracao-sistemas-guia,AST-0011,92,0,1,0.687095,158787.72
TP-0004246,OPP-00935,LEAD-005076,1,2,2023-11-22,18,paid_search,integracao_erp_pesquisa_2023,click,/lp/roi-calculator,AST-0018,25,1,0,0.268894,8174.36
TP-0004247,OPP-00935,LEAD-005076,2,2,2023-12-04,6,paid_search,google_branded_2023,click,/produto/crm-integracao,AST-0019,37,0,1,0.731106,22225.64
TP-0004248,OPP-00936,LEAD-005078,1,9,2023-10-31,41,linkedin_ads,linkedin_gestores_2023,impression,/ebook/gestao-pipeline-vendas,AST-0009,20,1,0,0.005324,222.03
TP-0004249,OPP-00936,LEAD-005078,2,9,2023-11-02,39,webinar_evento,black_friday_2023,click,/lp/demo-gratis,AST-0015,27,0,0,0.014174,591.06
TP-0004250,OPP-00936,LEAD-005078,3,9,2023-11-03,38,webinar_evento,bf-23,content_view,/webinar/integracao-erp-ao-vivo,AST-0012,37,0,0,0.020298,846.43
TP-0004251,OPP-00936,LEAD-005078,4,9,2023-11-08,33,webinar_evento,campanha-natal-2023,demo_request,/webinar/crm-para-gestores,AST-0013,85,0,0,0.116043,4839.0
TP-0004252,OPP-00936,LEAD-005078,5,9,2023-11-08,33,webinar_evento,campanha-natal-2023,sales_call,/lp/trial-30-dias,AST-0016,96,0,0,0.130549,5443.88
TP-0004253,OPP-00936,LEAD-005078,6,9,2023-11-08,33,webinar_evento,evento_crm_gestores_q4,proposal_sent,/ebook/integracao-sistemas-guia,AST-0011,83,0,0,0.101538,4234.13
TP-0004254,OPP-00936,LEAD-005078,7,9,2023-11-13,28,webinar_evento,evento_crm_gestores_q4,form_fill,/webinar/automacao-vendas-demo,AST-0014,53,0,0,0.114024,4754.82
TP-0004255,OPP-00936,LEAD-005078,8,9,2023-11-26,15,webinar_evento,webinar_integracao_erp_2023,form_fill,/lp/trial-30-dias,AST-0016,57,0,0,0.288583,12033.92
TP-0004256,OPP-00936,LEAD-005078,9,9,2023-11-30,11,webinar_evento,campanha-natal-2023,content_view,/webinar/automacao-vendas-demo,AST-0014,46,0,1,0.209466,8734.74
TP-0004257,OPP-00937,LEAD-005080,1,8,2023-11-05,34,linkedin_ads,linkedin_gestores_2023,impression,/webinar/automacao-vendas-demo,AST-0014,1,1,0,0.004103,350.35
TP-0004258,OPP-00937,LEAD-005080,2,8,2023-11-11,28,linkedin_ads,linkedin_prospeccao_q4_2023,click,/lp/roi-calculator,AST-0018,45,0,0,0.014533,1241.11
TP-0004259,OPP-00937,LEAD-005080,3,8,2023-11-14,25,linkedin_ads,lkd_awareness_2023,content_view,/lp/roi-calculator,AST-0018,34,0,0,0.024008,2050.28
TP-0004260,OPP-00937,LEAD-005080,4,8,2023-11-14,25,linkedin_ads,linkedin_gestores_2023,demo_request,/ebook/integracao-sistemas-guia,AST-0011,60,0,0,0.096032,8201.11
TP-0004261,OPP-00937,LEAD-005080,5,8,2023-12-01,8,linkedin_ads,linkedin_decisores_ti_2023,sales_call,/ebook/integracao-sistemas-guia,AST-0011,100,0,0,0.363852,31072.95
TP-0004262,OPP-00937,LEAD-005080,6,8,2023-12-01,8,linkedin_ads,linkedin_gestores_2023,sales_call,/ebook/integracao-sistemas-guia,AST-0011,85,0,0,0.363852,31072.95
TP-0004263,OPP-00937,LEAD-005080,7,8,2023-12-03,6,linkedin_ads,linkedin_prospecao_q4_2023,content_view,/lp/trial-30-dias,AST-0016,52,0,0,0.093273,7965.48
TP-0004264,OPP-00937,LEAD-005080,8,8,2023-12-05,4,linkedin_ads,lkd_awareness_2023,impression,/lp/roi-calculator,AST-0018,10,0,1,0.040349,3445.76
TP-0004265,OPP-00938,LEAD-005081,1,6,2023-11-13,37,organic_search,(not set),impression,/blog/integracao-erp-sistemas,AST-0003,19,1,0,0.015919,2023.27
TP-0004266,OPP-00938,LEAD-005081,2,6,2023-11-15,35,organic_search,(not set),click,/ebook/roi-tecnologia-empresas,AST-0010,31,0,0,0.042377,5386.1
TP-0004267,OPP-00938,LEAD-005081,3,6,2023-11-20,30,organic_search,(none),content_view,/produto/api-marketplace,AST-0021,43,0,0,0.080756,10264.04
TP-0004268,OPP-00938,LEAD-005081,4,6,2023-11-23,27,organic_search,,form_fill,/produto/erp-connector,AST-0020,72,0,0,0.275149,34971.49
TP-0004269,OPP-00938,LEAD-005081,5,6,2023-11-23,27,organic_search,(not set),demo_request,/blog/churn-saas-brasil,AST-0005,79,0,0,0.400217,50867.63
TP-0004270,OPP-00938,LEAD-005081,6,6,2023-11-30,20,organic_search,(not set),click,/produto/api-marketplace,AST-0021,33,0,1,0.185582,23587.46
TP-0004271,OPP-00939,LEAD-005085,1,2,2023-11-03,36,organic_search,,impression,/blog/automacao-marketing-b2b,AST-0004,1,1,0,0.046202,3432.81
TP-0004272,OPP-00939,LEAD-005085,2,2,2023-11-28,11,organic_search,(none),click,/ebook/roi-tecnologia-empresas,AST-0010,30,0,1,0.953798,70867.19
TP-0004273,OPP-00940,LEAD-005091,1,5,2023-11-17,35,paid_search,pesquisa_concorrentes_q4_2023,click,/produto/crm-integracao,AST-0019,17,1,0,0.017341,556.65
TP-0004274,OPP-00940,LEAD-005091,2,5,2023-11-28,24,paid_search,integracao_erp_pesquisa_2023,click,/blog/churn-saas-brasil,AST-0005,14,0,0,0.029266,939.44
TP-0004275,OPP-00940,LEAD-005091,3,5,2023-12-07,15,paid_search,google_branded_2023,form_fill,/produto/erp-connector,AST-0020,81,0,0,0.204093,6551.37
TP-0004276,OPP-00940,LEAD-005091,4,5,2023-12-12,10,paid_search,google_branded_2023,demo_request,/produto/api-marketplace,AST-0021,71,0,0,0.424287,13619.61
TP-0004277,OPP-00940,LEAD-005091,5,5,2023-12-22,0,paid_search,crm-b2b-keywords-2023,content_view,/lp/demo-gratis,AST-0015,34,0,1,0.325013,10432.93
TP-0004278,OPP-00941,LEAD-005094,1,5,2023-11-12,32,paid_search,integracao_erp_pesquisa_2023,click,/lp/trial-30-dias,AST-0016,14,1,0,0.023966,1327.7
TP-0004279,OPP-00941,LEAD-005094,2,5,2023-11-15,29,linkedin_ads,lkd_awareness_2023,click,/webinar/crm-para-gestores,AST-0013,21,0,0,0.022841,1265.38
TP-0004280,OPP-00941,LEAD-005094,3,5,2023-11-25,19,linkedin_ads,linkedin_prospeccao_q4_2023,form_fill,/lp/trial-30-dias,AST-0016,73,0,0,0.171077,9477.67
TP-0004281,OPP-00941,LEAD-005094,4,5,2023-12-06,8,linkedin_ads,linkedin_decisores_ti_2023,demo_request,/lp/trial-30-dias,AST-0016,89,0,0,0.545947,30245.46
TP-0004282,OPP-00941,LEAD-005094,5,5,2023-12-08,6,linkedin_ads,linkedin_decisores_ti_2023,content_view,/lp/trial-30-dias,AST-0016,34,0,1,0.23617,13083.79
TP-0004283,OPP-00942,LEAD-005104,1,2,2023-11-30,16,organic_search,(not set),impression,/blog/churn-saas-brasil,AST-0005,24,1,0,0.131865,5010.86
TP-0004284,OPP-00942,LEAD-005104,2,2,2023-12-09,7,organic_search,,click,/blog/gestao-vendas-b2b,AST-0001,24,0,1,0.868135,32989.14
TP-0004285,OPP-00943,LEAD-005106,1,3,2023-11-18,34,meta_ads,facebook_retargeting_2023,impression,/ebook/roi-tecnologia-empresas,AST-0010,1,1,0,0.011231,348.17
TP-0004286,OPP-00943,LEAD-005106,2,3,2023-12-03,19,meta_ads,ig_gestores_b2b_q4,click,/blog/integracao-erp-sistemas,AST-0003,30,0,0,0.07567,2345.77
TP-0004287,OPP-00943,LEAD-005106,3,3,2023-12-14,8,meta_ads,meta_awareness_2023,form_fill,/ebook/integracao-sistemas-guia,AST-0011,76,0,1,0.913099,28306.06
TP-0004288,OPP-00944,LEAD-005108,1,4,2023-11-08,35,organic_search,(none),impression,/webinar/crm-para-gestores,AST-0013,12,1,0,0.020753,813.53
TP-0004289,OPP-00944,LEAD-005108,2,4,2023-11-10,33,organic_search,(not set),click,/lp/demo-gratis,AST-0015,38,0,0,0.055247,2165.69
TP-0004290,OPP-00944,LEAD-005108,3,4,2023-11-14,29,organic_search,(none),content_view,/ebook/gestao-pipeline-vendas,AST-0009,43,0,0,0.098024,3842.54
TP-0004291,OPP-00944,LEAD-005108,4,4,2023-11-24,19,organic_search,(none),form_fill,/produto/api-marketplace,AST-0021,60,0,1,0.825975,32378.23
TP-0004292,OPP-00945,LEAD-005110,1,5,2023-11-05,36,paid_search,google_brand_keywords_2023,click,/produto/crm-integracao,AST-0019,16,1,0,0.021473,1468.72
TP-0004293,OPP-00945,LEAD-005110,2,5,2023-11-06,35,meta_ads,meta_awareness_2023,click,/ebook/gestao-pipeline-vendas,AST-0009,21,0,0,0.01774,1213.44
TP-0004294,OPP-00945,LEAD-005110,3,5,2023-11-10,31,meta_ads,ig_gestores_b2b_q4,form_fill,/ebook/integracao-sistemas-guia,AST-0011,65,0,0,0.08656,5920.71
TP-0004295,OPP-00945,LEAD-005110,4,5,2023-11-22,19,meta_ads,ig_gestores_b2b_q4,demo_request,/ebook/integracao-sistemas-guia,AST-0011,93,0,0,0.296686,20293.32
TP-0004296,OPP-00945,LEAD-005110,5,5,2023-11-24,17,meta_ads,fb-leads-varejo-2023,sales_call,/lp/comparativo-erp,AST-0017,76,0,1,0.577541,39503.81
TP-0004297,OPP-00946,LEAD-005114,1,4,2023-11-10,41,paid_search,integracao_erp_pesquisa_2023,click,/produto/erp-connector,AST-0020,33,1,0,0.010447,321.76
TP-0004298,OPP-00946,LEAD-005114,2,4,2023-11-21,30,paid_search,pesquisa_concorrentes_q4_2023,click,/produto/api-marketplace,AST-0021,19,0,0,0.017631,543.03
TP-0004299,OPP-00946,LEAD-005114,3,4,2023-12-06,15,paid_search,pesquisa_concorrentes_q4_2023,form_fill,/produto/crm-integracao,AST-0019,63,0,0,0.188737,5813.1
TP-0004300,OPP-00946,LEAD-005114,4,4,2023-12-15,6,paid_search,google_brand_keywords_2023,demo_request,/lp/trial-30-dias,AST-0016,71,0,1,0.783186,24122.12
TP-0004301,OPP-00947,LEAD-005116,1,6,2023-11-05,39,linkedin_ads,linkedin_decisores_ti_2023,impression,/webinar/integracao-erp-ao-vivo,AST-0012,13,1,0,0.005569,608.7
TP-0004302,OPP-00947,LEAD-005116,2,6,2023-11-07,37,linkedin_ads,lkd_awareness_2023,click,/ebook/integracao-sistemas-guia,AST-0011,13,0,0,0.014825,1620.41
TP-0004303,OPP-00947,LEAD-005116,3,6,2023-11-09,35,linkedin_ads,linkedin_prospeccao_q4_2023,content_view,/webinar/integracao-erp-ao-vivo,AST-0012,35,0,0,0.022803,2492.34
TP-0004304,OPP-00947,LEAD-005116,4,6,2023-11-25,19,linkedin_ads,linkedin_decisores_ti_2023,demo_request,/ebook/gestao-pipeline-vendas,AST-0009,83,0,0,0.286011,31261.05
TP-0004305,OPP-00947,LEAD-005116,5,6,2023-12-04,10,linkedin_ads,linkedin_prospecao_q4_2023,sales_call,/lp/demo-gratis,AST-0015,94,0,0,0.611963,66887.56
TP-0004306,OPP-00947,LEAD-005116,6,6,2023-12-06,8,linkedin_ads,linkedin_prospecao_q4_2023,impression,/webinar/crm-para-gestores,AST-0013,18,0,1,0.058828,6429.93
TP-0004307,OPP-00948,LEAD-005119,1,2,2023-11-19,38,direct,(direct),click,/produto/api-marketplace,AST-0021,4,1,0,0.125386,24475.39
TP-0004308,OPP-00948,LEAD-005119,2,2,2023-11-26,31,direct,(direct),form_fill,/lp/trial-30-dias,AST-0016,66,0,1,0.874614,170724.61
TP-0004309,OPP-00949,LEAD-005125,1,3,2023-11-28,28,direct,,click,/produto/erp-connector,AST-0020,35,1,0,0.027997,1097.48
TP-0004310,OPP-00949,LEAD-005125,2,3,2023-12-11,15,direct,,form_fill,/produto/erp-connector,AST-0020,72,0,0,0.199855,7834.3
TP-0004311,OPP-00949,LEAD-005125,3,3,2023-12-19,7,direct,(direct),demo_request,/lp/trial-30-dias,AST-0016,83,0,1,0.772148,30268.22
TP-0004312,OPP-00950,LEAD-005126,1,7,2023-11-08,44,linkedin_ads,linkedin_prospeccao_q4_2023,impression,/lp/demo-gratis,AST-0015,2,1,0,0.001353,60.47
TP-0004313,OPP-00950,LEAD-005126,2,7,2023-11-25,27,linkedin_ads,lkd_awareness_2023,click,/ebook/roi-tecnologia-empresas,AST-0010,17,0,0,0.010515,470.0
TP-0004314,OPP-00950,LEAD-005126,3,7,2023-11-29,23,linkedin_ads,linkedin_prospecao_q4_2023,content_view,/ebook/crm-para-varejo,AST-0008,24,0,0,0.018656,833.91
TP-0004315,OPP-00950,LEAD-005126,4,7,2023-12-03,19,linkedin_ads,lkd_awareness_2023,demo_request,/blog/integracao-erp-sistemas,AST-0003,71,0,0,0.099302,4438.8
TP-0004316,OPP-00950,LEAD-005126,5,7,2023-12-13,9,linkedin_ads,linkedin_prospecao_q4_2023,sales_call,/produto/api-marketplace,AST-0021,83,0,0,0.228203,10200.66
TP-0004317,OPP-00950,LEAD-005126,6,7,2023-12-14,8,linkedin_ads,linkedin_prospecao_q4_2023,demo_request,/webinar/crm-para-gestores,AST-0013,74,0,0,0.217866,9738.6
TP-0004318,OPP-00950,LEAD-005126,7,7,2023-12-16,6,linkedin_ads,linkedin_prospecao_q4_2023,sales_call,/lp/trial-30-dias,AST-0016,84,0,1,0.424106,18957.56
TP-0004319,OPP-00951,LEAD-005131,1,3,2023-11-15,30,organic_search,(not set),impression,/produto/erp-connector,AST-0020,1,1,0,0.023053,1908.83
TP-0004320,OPP-00951,LEAD-005131,2,3,2023-12-09,6,organic_search,(not set),click,/blog/gestao-vendas-b2b,AST-0001,28,0,0,0.295406,24459.63
TP-0004321,OPP-00951,LEAD-005131,3,3,2023-12-11,4,organic_search,,content_view,/ebook/roi-tecnologia-empresas,AST-0010,24,0,1,0.68154,56431.54
TP-0004322,OPP-00952,LEAD-005134,1,9,2023-11-14,40,linkedin_ads,linkedin_decisores_ti_2023,impression,/webinar/crm-para-gestores,AST-0013,17,1,0,0.001223,224.98
TP-0004323,OPP-00952,LEAD-005134,2,9,2023-11-17,37,webinar_evento,webinar_integracao_erp_2023,click,/lp/roi-calculator,AST-0018,34,0,0,0.003496,643.25
TP-0004324,OPP-00952,LEAD-005134,3,9,2023-12-02,22,webinar_evento,webinar_integracao_erp_2023,content_view,/lp/demo-gratis,AST-0015,23,0,0,0.013609,2503.98
TP-0004325,OPP-00952,LEAD-005134,4,9,2023-12-04,20,webinar_evento,campanha-natal-2023,demo_request,/lp/demo-gratis,AST-0015,90,0,0,0.062794,11554.04
TP-0004326,OPP-00952,LEAD-005134,5,9,2023-12-13,11,webinar_evento,bf-23,sales_call,/lp/demo-gratis,AST-0015,92,0,0,0.134356,24721.54
TP-0004327,OPP-00952,LEAD-005134,6,9,2023-12-15,9,webinar_evento,evento_crm_gestores_q4,sales_call,/lp/comparativo-erp,AST-0017,72,0,0,0.154989,28517.91
TP-0004328,OPP-00952,LEAD-005134,7,9,2023-12-16,8,webinar_evento,bf-23,proposal_sent,/lp/comparativo-erp,AST-0017,40,0,0,0.129472,23822.88
TP-0004329,OPP-00952,LEAD-005134,8,9,2023-12-22,2,webinar_evento,evento_crm_gestores_q4,form_fill,/webinar/integracao-erp-ao-vivo,AST-0012,70,0,0,0.156159,28733.27
TP-0004330,OPP-00952,LEAD-005134,9,9,2023-12-24,0,webinar_evento,black_friday_2023,proposal_sent,/webinar/integracao-erp-ao-vivo,AST-0012,71,0,1,0.343903,63278.15
TP-0004331,OPP-00953,LEAD-005139,1,4,2023-11-21,22,paid_search,google_brand_keywords_2023,click,/blog/leads-qualificados-b2b,AST-0007,20,1,0,0.034238,900.45
TP-0004332,OPP-00953,LEAD-005139,2,4,2023-11-24,19,paid_search,google_branded_2023,click,/webinar/crm-para-gestores,AST-0013,31,0,0,0.03263,858.18
TP-0004333,OPP-00953,LEAD-005139,3,4,2023-11-29,14,paid_search,integracao_erp_pesquisa_2023,form_fill,/produto/api-marketplace,AST-0021,56,0,0,0.171002,4497.34
TP-0004334,OPP-00953,LEAD-005139,4,4,2023-12-09,4,paid_search,google_brand_keywords_2023,demo_request,/webinar/integracao-erp-ao-vivo,AST-0012,83,0,1,0.76213,20044.02
TP-0004335,OPP-00954,LEAD-005140,1,6,2023-11-17,43,webinar_evento,evento_crm_gestores_q4,impression,/webinar/crm-para-gestores,AST-0013,20,1,0,0.002413,272.47
TP-0004336,OPP-00954,LEAD-005140,2,6,2023-11-26,34,webinar_evento,bf-23,click,/lp/trial-30-dias,AST-0016,20,0,0,0.010592,1195.86
TP-0004337,OPP-00954,LEAD-005140,3,6,2023-11-27,33,webinar_evento,campanha-natal-2023,form_fill,/blog/gestao-vendas-b2b,AST-0001,74,0,0,0.041714,4709.47
TP-0004338,OPP-00954,LEAD-005140,4,6,2023-12-04,26,webinar_evento,webinar_integracao_erp_2023,demo_request,/lp/trial-30-dias,AST-0016,85,0,0,0.100035,11293.98
TP-0004339,OPP-00954,LEAD-005140,5,6,2023-12-10,20,webinar_evento,webinar_integracao_erp_2023,sales_call,/webinar/integracao-erp-ao-vivo,AST-0012,94,0,0,0.172755,19504.09
TP-0004340,OPP-00954,LEAD-005140,6,6,2023-12-25,5,webinar_evento,evento_crm_gestores_q4,demo_request,/ebook/gestao-pipeline-vendas,AST-0009,100,0,1,0.67249,75924.14
TP-0004341,OPP-00955,LEAD-005151,1,3,2023-11-01,43,organic_search,(none),impression,/produto/erp-connector,AST-0020,1,1,0,0.027145,808.93
TP-0004342,OPP-00955,LEAD-005151,2,3,2023-11-09,35,organic_search,(none),click,/ebook/integracao-sistemas-guia,AST-0011,33,0,0,0.110928,3305.65
TP-0004343,OPP-00955,LEAD-005151,3,3,2023-11-28,16,organic_search,,content_view,/blog/crm-para-industria,AST-0002,49,0,1,0.861927,25685.42
TP-0004344,OPP-00956,LEAD-005160,1,5,2023-11-14,42,paid_search,integracao_erp_pesquisa_2023,click,/webinar/integracao-erp-ao-vivo,AST-0012,34,1,0,0.007155,517.32
TP-0004345,OPP-00956,LEAD-005160,2,5,2023-11-21,35,paid_search,google_branded_2023,click,/lp/roi-calculator,AST-0018,45,0,0,0.009075,656.09
TP-0004346,OPP-00956,LEAD-005160,3,5,2023-12-21,5,paid_search,pesquisa_concorrentes_q4_2023,form_fill,/lp/comparativo-erp,AST-0017,60,0,0,0.283615,20505.33
TP-0004347,OPP-00956,LEAD-005160,4,5,2023-12-26,0,paid_search,crm-b2b-keywords-2023,demo_request,/produto/erp-connector,AST-0020,83,0,0,0.589605,42628.42
TP-0004348,OPP-00956,LEAD-005160,5,5,2023-12-26,0,paid_search,integracao_erp_pesquisa_2023,email_open,/produto/erp-connector,AST-0020,17,0,1,0.110551,7992.83
TP-0004349,OPP-00957,LEAD-005161,1,4,2023-12-05,25,meta_ads,facebook_retargeting_2023,impression,/ebook/integracao-sistemas-guia,AST-0011,19,1,0,0.043269,2224.02
TP-0004350,OPP-00957,LEAD-005161,2,4,2023-12-07,23,organic_search,,click,/produto/crm-integracao,AST-0019,27,0,0,0.115185,5920.51
TP-0004351,OPP-00957,LEAD-005161,3,4,2023-12-08,22,organic_search,(not set),form_fill,/produto/crm-integracao,AST-0019,54,0,0,0.453616,23315.86
TP-0004352,OPP-00957,LEAD-005161,4,4,2023-12-24,6,organic_search,(none),email_open,/webinar/integracao-erp-ao-vivo,AST-0012,24,0,1,0.38793,19939.61
TP-0004353,OPP-00958,LEAD-005186,1,6,2023-11-14,42,webinar_evento,webinar_integracao_erp_2023,impression,/webinar/automacao-vendas-demo,AST-0014,9,1,0,0.003489,148.62
TP-0004354,OPP-00958,LEAD-005186,2,6,2023-11-25,31,webinar_evento,campanha-natal-2023,click,/produto/erp-connector,AST-0020,22,0,0,0.017663,752.45
TP-0004355,OPP-00958,LEAD-005186,3,6,2023-11-29,27,webinar_evento,evento_crm_gestores_q4,form_fill,/webinar/integracao-erp-ao-vivo,AST-0012,46,0,0,0.086183,3671.39
TP-0004356,OPP-00958,LEAD-005186,4,6,2023-12-13,13,webinar_evento,evento_crm_gestores_q4,demo_request,/lp/trial-30-dias,AST-0016,88,0,0,0.340755,14516.18
TP-0004357,OPP-00958,LEAD-005186,5,6,2023-12-14,12,webinar_evento,black_friday_2023,sales_call,/produto/crm-integracao,AST-0019,92,0,0,0.411734,17539.85
TP-0004358,OPP-00958,LEAD-005186,6,6,2023-12-24,2,webinar_evento,black_friday_2023,email_open,/webinar/automacao-vendas-demo,AST-0014,3,0,1,0.140177,5971.52
TP-0004359,OPP-00959,LEAD-005187,1,4,2023-11-07,44,organic_search,,impression,/blog/integracao-erp-sistemas,AST-0003,14,1,0,0.004368,144.14
TP-0004360,OPP-00959,LEAD-005187,2,4,2023-11-10,41,organic_search,,click,/blog/crm-para-industria,AST-0002,31,0,0,0.012488,412.11
TP-0004361,OPP-00959,LEAD-005187,3,4,2023-11-11,40,organic_search,(none),content_view,/blog/leads-qualificados-b2b,AST-0007,41,0,0,0.017884,590.17
TP-0004362,OPP-00959,LEAD-005187,4,4,2023-12-17,4,organic_search,(not set),form_fill,/blog/gestao-vendas-b2b,AST-0001,77,0,1,0.96526,31853.58
TP-0004363,OPP-00960,LEAD-005192,1,4,2023-12-04,25,webinar_evento,webinar_integracao_erp_2023,impression,/webinar/automacao-vendas-demo,AST-0014,17,1,0,0.011726,1383.62
TP-0004364,OPP-00960,LEAD-005192,2,4,2023-12-10,19,email_marketing,email_nurture_leads_2023,click,/ebook/crm-para-varejo,AST-0008,38,0,0,0.041538,4901.43
TP-0004365,OPP-00960,LEAD-005192,3,4,2023-12-15,14,email_marketing,campanha_email_12-2023,form_fill,/produto/api-marketplace,AST-0021,61,0,0,0.217679,25686.15
TP-0004366,OPP-00960,LEAD-005192,4,4,2023-12-21,8,email_marketing,campanha_email_12-2023,demo_request,/lp/comparativo-erp,AST-0017,100,0,1,0.729058,86028.8
TP-0004367,OPP-00961,LEAD-005195,1,6,2023-11-15,44,webinar_evento,campanha-natal-2023,impression,/blog/integracao-erp-sistemas,AST-0003,4,1,0,0.001571,73.85
TP-0004368,OPP-00961,LEAD-005195,2,6,2023-11-24,35,email_marketing,campanha_email_11-2023,click,/webinar/integracao-erp-ao-vivo,AST-0012,32,0,0,0.006896,324.13
TP-0004369,OPP-00961,LEAD-005195,3,6,2023-12-02,27,email_marketing,newsletter_mensal_12_2023,form_fill,/blog/crm-para-industria,AST-0002,69,0,0,0.044777,2104.53
TP-0004370,OPP-00961,LEAD-005195,4,6,2023-12-12,17,email_marketing,newsletter_mensal_12_2023,demo_request,/blog/automacao-marketing-b2b,AST-0004,75,0,0,0.133044,6253.07
TP-0004371,OPP-00961,LEAD-005195,5,6,2023-12-21,8,email_marketing,email_nurture_leads_2023,sales_call,/blog/leads-qualificados-b2b,AST-0007,83,0,0,0.284667,13379.36
TP-0004372,OPP-00961,LEAD-005195,6,6,2023-12-24,5,email_marketing,campanha_email_12-2023,sales_call,/blog/integracao-erp-sistemas,AST-0003,97,0,1,0.529044,24865.06
TP-0004373,OPP-00962,LEAD-005208,1,6,2023-11-18,41,linkedin_ads,linkedin_gestores_2023,impression,/lp/comparativo-erp,AST-0017,10,1,0,0.004239,436.57
TP-0004374,OPP-00962,LEAD-005208,2,6,2023-11-21,38,meta_ads,facebook_retargeting_2023,click,/lp/trial-30-dias,AST-0016,33,0,0,0.012119,1248.24
TP-0004375,OPP-00962,LEAD-005208,3,6,2023-11-22,37,meta_ads,ig_gestores_b2b_q4,content_view,/blog/churn-saas-brasil,AST-0005,35,0,0,0.017355,1787.55
TP-0004376,OPP-00962,LEAD-005208,4,6,2023-12-04,25,meta_ads,fb-leads-varejo-2023,demo_request,/lp/roi-calculator,AST-0018,84,0,0,0.163581,16848.84
TP-0004377,OPP-00962,LEAD-005208,5,6,2023-12-21,8,meta_ads,facebook_retargeting_2023,sales_call,/ebook/roi-tecnologia-empresas,AST-0010,93,0,0,0.619787,63838.11
TP-0004378,OPP-00962,LEAD-005208,6,6,2023-12-29,0,meta_ads,facebook_retargeting_2023,email_open,/ebook/roi-tecnologia-empresas,AST-0010,26,0,1,0.182919,18840.7
TP-0004379,OPP-00963,LEAD-005213,1,3,2023-11-18,42,organic_search,,impression,/blog/automacao-marketing-b2b,AST-0004,11,1,0,0.051538,4102.4
TP-0004380,OPP-00963,LEAD-005213,2,3,2023-11-21,39,organic_search,(none),click,/blog/churn-saas-brasil,AST-0005,23,0,0,0.147355,11729.49
TP-0004381,OPP-00963,LEAD-005213,3,3,2023-12-05,25,organic_search,,content_view,/produto/erp-connector,AST-0020,30,0,1,0.801107,63768.11
TP-0004382,OPP-00964,LEAD-005215,1,2,2023-12-06,19,organic_search,(not set),impression,/produto/api-marketplace,AST-0021,25,1,0,0.17837,10862.76
TP-0004383,OPP-00964,LEAD-005215,2,2,2023-12-10,15,organic_search,,click,/blog/automacao-marketing-b2b,AST-0004,24,0,1,0.82163,50037.24
TP-0004384,OPP-00965,LEAD-005221,1,3,2023-12-01,29,direct,(not set),click,/lp/demo-gratis,AST-0015,26,1,0,0.020979,690.22
TP-0004385,OPP-00965,LEAD-005221,2,3,2023-12-07,23,direct,,form_fill,/produto/erp-connector,AST-0020,80,0,0,0.090833,2988.41
TP-0004386,OPP-00965,LEAD-005221,3,3,2023-12-28,2,direct,,demo_request,/blog/automacao-marketing-b2b,AST-0004,75,0,1,0.888188,29221.37
TP-0004387,OPP-00966,LEAD-005233,1,6,2023-11-15,40,linkedin_ads,lkd_awareness_2023,impression,/webinar/integracao-erp-ao-vivo,AST-0012,3,1,0,0.00379,342.66
TP-0004388,OPP-00966,LEAD-005233,2,6,2023-11-25,30,linkedin_ads,linkedin_prospeccao_q4_2023,click,/webinar/crm-para-gestores,AST-0013,25,0,0,0.017868,1615.3
TP-0004389,OPP-00966,LEAD-005233,3,6,2023-11-29,26,linkedin_ads,linkedin_prospecao_q4_2023,content_view,/lp/roi-calculator,AST-0018,22,0,0,0.031704,2866.0
TP-0004390,OPP-00966,LEAD-005233,4,6,2023-12-05,20,linkedin_ads,linkedin_prospeccao_q4_2023,demo_request,/webinar/integracao-erp-ao-vivo,AST-0012,99,0,0,0.194668,17597.94
TP-0004391,OPP-00966,LEAD-005233,5,6,2023-12-15,10,linkedin_ads,linkedin_decisores_ti_2023,sales_call,/webinar/integracao-erp-ao-vivo,AST-0012,100,0,0,0.447359,40441.27
TP-0004392,OPP-00966,LEAD-005233,6,6,2023-12-25,0,linkedin_ads,linkedin_decisores_ti_2023,content_view,/produto/erp-connector,AST-0020,16,0,1,0.304611,27536.83
TP-0004393,OPP-00967,LEAD-005235,1,2,2023-11-29,33,meta_ads,ig_gestores_b2b_q4,impression,/lp/roi-calculator,AST-0018,13,1,0,0.040299,1136.44
TP-0004394,OPP-00967,LEAD-005235,2,2,2023-12-26,6,meta_ads,fb-leads-varejo-2023,click,/ebook/gestao-pipeline-vendas,AST-0009,20,0,1,0.959701,27063.56
TP-0004395,OPP-00968,LEAD-005237,1,6,2023-11-13,44,webinar_evento,bf-23,impression,/produto/api-marketplace,AST-0021,34,1,0,0.001106,51.89
TP-0004396,OPP-00968,LEAD-005237,2,6,2023-12-05,22,email_marketing,email_nurture_leads_2023,click,/blog/leads-qualificados-b2b,AST-0007,11,0,0,0.012289,576.35
TP-0004397,OPP-00968,LEAD-005237,3,6,2023-12-16,11,email_marketing,email_reengajamento_q4_2023,form_fill,/ebook/roi-tecnologia-empresas,AST-0010,61,0,0,0.098858,4636.46
TP-0004398,OPP-00968,LEAD-005237,4,6,2023-12-20,7,email_marketing,email_nurture_leads_2023,demo_request,/webinar/automacao-vendas-demo,AST-0014,72,0,0,0.191348,8974.24
TP-0004399,OPP-00968,LEAD-005237,5,6,2023-12-23,4,email_marketing,email_reengajamento_q4_2023,sales_call,/webinar/integracao-erp-ao-vivo,AST-0012,96,0,0,0.266711,12508.73
TP-0004400,OPP-00968,LEAD-005237,6,6,2023-12-24,3,email_marketing,email_nurture_leads_2023,sales_call,/ebook/gestao-pipeline-vendas,AST-0009,91,0,1,0.429687,20152.34
TP-0004401,OPP-00969,LEAD-005241,1,3,2023-12-04,29,organic_search,(none),impression,/blog/churn-saas-brasil,AST-0005,24,1,0,0.030085,2217.25
TP-0004402,OPP-00969,LEAD-005241,2,3,2023-12-14,19,organic_search,(not set),click,/produto/erp-connector,AST-0020,22,0,0,0.141819,10452.08
TP-0004403,OPP-00969,LEAD-005241,3,3,2023-12-29,4,organic_search,(none),content_view,/webinar/integracao-erp-ao-vivo,AST-0012,24,0,1,0.828096,61030.67
TP-0004404,OPP-00970,LEAD-005245,1,8,2023-11-11,38,linkedin_ads,linkedin_prospecao_q4_2023,impression,/webinar/crm-para-gestores,AST-0013,7,1,0,0.004323,205.34
TP-0004405,OPP-00970,LEAD-005245,2,8,2023-11-25,24,email_marketing,campanha_email_11-2023,click,/ebook/crm-para-varejo,AST-0008,27,0,0,0.027117,1288.07
TP-0004406,OPP-00970,LEAD-005245,3,8,2023-11-25,24,email_marketing,email_nurture_leads_2023,content_view,/webinar/crm-para-gestores,AST-0013,29,0,0,0.036156,1717.43
TP-0004407,OPP-00970,LEAD-005245,4,8,2023-11-26,23,email_marketing,email_reengajamento_q4_2023,demo_request,/webinar/integracao-erp-ao-vivo,AST-0012,87,0,0,0.155334,7378.37
TP-0004408,OPP-00970,LEAD-005245,5,8,2023-11-28,21,email_marketing,email_nurture_leads_2023,sales_call,/ebook/roi-tecnologia-empresas,AST-0010,83,0,0,0.201586,9575.36
TP-0004409,OPP-00970,LEAD-005245,6,8,2023-12-06,13,email_marketing,email_nurture_leads_2023,click,/webinar/automacao-vendas-demo,AST-0014,21,0,0,0.059495,2826.0
TP-0004410,OPP-00970,LEAD-005245,7,8,2023-12-09,10,email_marketing,email_reengajamento_q4_2023,sales_call,/webinar/integracao-erp-ao-vivo,AST-0012,76,0,0,0.442275,21008.08
TP-0004411,OPP-00970,LEAD-005245,8,8,2023-12-09,10,email_marketing,campanha_email_12-2023,email_open,/ebook/crm-para-varejo,AST-0008,1,0,1,0.073713,3501.35
TP-0004412,OPP-00971,LEAD-005246,1,5,2023-11-15,43,organic_search,(not set),impression,/lp/comparativo-erp,AST-0017,15,1,0,0.016905,530.81
TP-0004413,OPP-00971,LEAD-005246,2,5,2023-11-17,41,linkedin_ads,linkedin_gestores_2023,click,/ebook/integracao-sistemas-guia,AST-0011,48,0,0,0.045002,1413.05
TP-0004414,OPP-00971,LEAD-005246,3,5,2023-11-21,37,linkedin_ads,linkedin_gestores_2023,content_view,/lp/roi-calculator,AST-0018,16,0,0,0.079846,2507.16
TP-0004415,OPP-00971,LEAD-005246,4,5,2023-12-04,24,linkedin_ads,linkedin_prospeccao_q4_2023,form_fill,/webinar/crm-para-gestores,AST-0013,58,0,0,0.555722,17449.68
TP-0004416,OPP-00971,LEAD-005246,5,5,2023-12-08,20,linkedin_ads,lkd_awareness_2023,click,/ebook/integracao-sistemas-guia,AST-0011,22,0,1,0.302525,9499.3
TP-0004417,OPP-00972,LEAD-005248,1,6,2023-11-16,40,linkedin_ads,linkedin_prospecao_q4_2023,impression,/ebook/crm-para-varejo,AST-0008,1,1,0,0.007466,1701.43
TP-0004418,OPP-00972,LEAD-005248,2,6,2023-11-26,30,linkedin_ads,linkedin_gestores_2023,click,/ebook/crm-para-varejo,AST-0008,8,0,0,0.035193,8020.49
TP-0004419,OPP-00972,LEAD-005248,3,6,2023-11-26,30,linkedin_ads,lkd_awareness_2023,content_view,/lp/trial-30-dias,AST-0016,22,0,0,0.046924,10693.99
TP-0004420,OPP-00972,LEAD-005248,4,6,2023-12-02,24,linkedin_ads,linkedin_prospeccao_q4_2023,demo_request,/webinar/automacao-vendas-demo,AST-0014,91,0,0,0.288126,65663.8
TP-0004421,OPP-00972,LEAD-005248,5,6,2023-12-06,20,linkedin_ads,linkedin_decisores_ti_2023,sales_call,/ebook/roi-tecnologia-empresas,AST-0010,78,0,0,0.431339,98302.08
TP-0004422,OPP-00972,LEAD-005248,6,6,2023-12-14,12,linkedin_ads,linkedin_decisores_ti_2023,click,/blog/gestao-vendas-b2b,AST-0001,29,0,1,0.190953,43518.21
TP-0004423,OPP-00973,LEAD-005253,1,2,2023-11-30,23,paid_search,pesquisa_concorrentes_q4_2023,click,/ebook/gestao-pipeline-vendas,AST-0009,24,1,0,0.328599,16462.8
TP-0004424,OPP-00973,LEAD-005253,2,2,2023-12-08,15,paid_search,pesquisa_concorrentes_q4_2023,click,/lp/roi-calculator,AST-0018,12,0,1,0.671401,33637.2
TP-0004425,OPP-00974,LEAD-005254,1,6,2023-11-06,43,organic_search,,impression,/blog/churn-saas-brasil,AST-0005,14,1,0,0.001484,52.4
TP-0004426,OPP-00974,LEAD-005254,2,6,2023-11-26,23,direct,,click,/lp/demo-gratis,AST-0015,28,0,0,0.014294,504.57
TP-0004427,OPP-00974,LEAD-005254,3,6,2023-12-04,15,direct,,content_view,/produto/api-marketplace,AST-0021,45,0,0,0.033748,1191.32
TP-0004428,OPP-00974,LEAD-005254,4,6,2023-12-09,10,direct,,form_fill,/produto/api-marketplace,AST-0021,62,0,0,0.132645,4682.38
TP-0004429,OPP-00974,LEAD-005254,5,6,2023-12-14,5,direct,(direct),proposal_sent,/produto/erp-connector,AST-0020,65,0,0,0.241286,8517.4
TP-0004430,OPP-00974,LEAD-005254,6,6,2023-12-17,2,direct,,sales_call,/produto/api-marketplace,AST-0021,97,0,1,0.576542,20351.94
TP-0004431,OPP-00975,LEAD-005273,1,3,2023-11-19,39,direct,(not set),click,/produto/api-marketplace,AST-0021,25,1,0,0.009734,1832.97
TP-0004432,OPP-00975,LEAD-005273,2,3,2023-12-05,23,direct,(not set),form_fill,/lp/roi-calculator,AST-0018,69,0,0,0.086093,16211.39
TP-0004433,OPP-00975,LEAD-005273,3,3,2023-12-27,1,direct,(not set),demo_request,/ebook/crm-para-varejo,AST-0008,67,0,1,0.904172,170255.64
TP-0004434,OPP-00976,LEAD-005276,1,4,2023-11-21,32,paid_search,google_brand_keywords_2023,click,/produto/crm-integracao,AST-0019,23,1,0,0.050853,6936.32
TP-0004435,OPP-00976,LEAD-005276,2,4,2023-11-26,27,paid_search,google_brand_keywords_2023,click,/produto/erp-connector,AST-0020,26,0,0,0.055908,7625.9
TP-0004436,OPP-00976,LEAD-005276,3,4,2023-11-29,24,paid_search,google_branded_2023,form_fill,/blog/churn-saas-brasil,AST-0005,61,0,0,0.253987,34643.82
TP-0004437,OPP-00976,LEAD-005276,4,4,2023-12-01,22,paid_search,crm-b2b-keywords-2023,demo_request,/produto/crm-integracao,AST-0019,70,0,1,0.639252,87193.96
TP-0004438,OPP-00977,LEAD-005281,1,4,2023-11-18,43,webinar_evento,campanha-natal-2023,impression,/lp/demo-gratis,AST-0015,4,1,0,0.002714,142.2
TP-0004439,OPP-00977,LEAD-005281,2,4,2023-11-18,43,direct,(not set),click,/produto/erp-connector,AST-0020,35,0,0,0.006262,328.15
TP-0004440,OPP-00977,LEAD-005281,3,4,2023-11-30,31,direct,(not set),form_fill,/lp/trial-30-dias,AST-0016,69,0,0,0.054109,2835.32
TP-0004441,OPP-00977,LEAD-005281,4,4,2023-12-29,2,direct,(not set),demo_request,/produto/crm-integracao,AST-0019,80,0,1,0.936915,49094.32
TP-0004442,OPP-00978,LEAD-005284,1,3,2023-11-25,34,webinar_evento,evento_crm_gestores_q4,impression,/webinar/crm-para-gestores,AST-0013,1,1,0,0.007272,376.68
TP-0004443,OPP-00978,LEAD-005284,2,3,2023-11-26,33,webinar_evento,bf-23,click,/lp/roi-calculator,AST-0018,47,0,0,0.018023,933.61
TP-0004444,OPP-00978,LEAD-005284,3,3,2023-12-28,1,webinar_evento,webinar_integracao_erp_2023,form_fill,/ebook/crm-para-varejo,AST-0008,51,0,1,0.974705,50489.71
TP-0004445,OPP-00979,LEAD-005299,1,2,2023-11-30,41,paid_search,pesquisa_concorrentes_q4_2023,click,/produto/api-marketplace,AST-0021,29,1,0,0.104978,6771.06
TP-0004446,OPP-00979,LEAD-005299,2,2,2023-12-28,13,paid_search,integracao_erp_pesquisa_2023,click,/ebook/gestao-pipeline-vendas,AST-0009,26,0,1,0.895022,57728.94
TP-0004447,OPP-00980,LEAD-005305,1,4,2023-12-04,28,webinar_evento,webinar_integracao_erp_2023,impression,/webinar/crm-para-gestores,AST-0013,4,1,0,0.007032,337.54
TP-0004448,OPP-00980,LEAD-005305,2,4,2023-12-13,19,webinar_evento,evento_crm_gestores_q4,click,/lp/roi-calculator,AST-0018,20,0,0,0.030864,1481.45
TP-0004449,OPP-00980,LEAD-005305,3,4,2023-12-15,17,webinar_evento,campanha-natal-2023,form_fill,/lp/demo-gratis,AST-0015,66,0,0,0.130545,6266.15
TP-0004450,OPP-00980,LEAD-005305,4,4,2023-12-30,2,webinar_evento,bf-23,demo_request,/lp/roi-calculator,AST-0018,88,0,1,0.83156,39914.87
TP-0004451,OPP-00981,LEAD-005306,1,5,2023-12-03,41,direct,(direct),click,/webinar/crm-para-gestores,AST-0013,26,1,0,0.040667,1553.48
TP-0004452,OPP-00981,LEAD-005306,2,5,2023-12-05,39,direct,(not set),form_fill,/produto/erp-connector,AST-0020,74,0,0,0.132316,5054.46
TP-0004453,OPP-00981,LEAD-005306,3,5,2023-12-06,38,direct,(not set),demo_request,/produto/crm-integracao,AST-0019,69,0,0,0.206709,7896.28
TP-0004454,OPP-00981,LEAD-005306,4,5,2023-12-06,38,direct,(direct),sales_call,/produto/api-marketplace,AST-0021,87,0,0,0.232548,8883.32
TP-0004455,OPP-00981,LEAD-005306,5,5,2023-12-11,33,direct,(not set),proposal_sent,/webinar/crm-para-gestores,AST-0013,67,0,1,0.387761,14812.46
TP-0004456,OPP-00982,LEAD-005310,1,6,2023-11-30,42,organic_search,(not set),impression,/blog/funil-vendas-complexas,AST-0006,7,1,0,0.005079,621.71
TP-0004457,OPP-00982,LEAD-005310,2,6,2023-12-02,40,paid_search,crm-b2b-keywords-2023,click,/lp/trial-30-dias,AST-0016,19,0,0,0.013522,1655.04
TP-0004458,OPP-00982,LEAD-005310,3,6,2023-12-03,39,paid_search,crm-b2b-keywords-2023,content_view,/lp/roi-calculator,AST-0018,40,0,0,0.019364,2370.11
TP-0004459,OPP-00982,LEAD-005310,4,6,2023-12-19,23,paid_search,pesquisa_concorrentes_q4_2023,form_fill,/produto/erp-connector,AST-0020,60,0,0,0.166977,20437.94
TP-0004460,OPP-00982,LEAD-005310,5,6,2023-12-30,12,paid_search,google_branded_2023,proposal_sent,/webinar/integracao-erp-ao-vivo,AST-0012,77,0,0,0.466254,57069.48
TP-0004461,OPP-00982,LEAD-005310,6,6,2024-01-10,1,paid_search,crm-b2b-keywords-2024,click,/lp/roi-calculator,AST-0018,17,0,1,0.328805,40245.72
TP-0004462,OPP-00983,LEAD-005333,1,5,2023-12-09,32,email_marketing,newsletter_mensal_12_2023,email_open,/webinar/integracao-erp-ao-vivo,AST-0012,6,1,0,0.013736,423.07
TP-0004463,OPP-00983,LEAD-005333,2,5,2023-12-13,28,email_marketing,campanha_email_12-2023,click,/blog/gestao-vendas-b2b,AST-0001,10,0,0,0.021091,649.59
TP-0004464,OPP-00983,LEAD-005333,3,5,2023-12-14,27,email_marketing,email_nurture_leads_2023,content_view,/ebook/roi-tecnologia-empresas,AST-0010,38,0,0,0.030203,930.25
TP-0004465,OPP-00983,LEAD-005333,4,5,2023-12-21,20,email_marketing,newsletter_mensal_12_2023,form_fill,/blog/funil-vendas-complexas,AST-0006,68,0,0,0.13694,4217.74
TP-0004466,OPP-00983,LEAD-005333,5,5,2024-01-09,1,email_marketing,email_nurture_leads_2024,form_fill,/produto/erp-connector,AST-0020,77,0,1,0.798031,24579.36
TP-0004467,OPP-00984,LEAD-005337,1,5,2023-12-21,31,paid_search,pesquisa_concorrentes_q4_2023,click,/produto/erp-connector,AST-0020,25,1,0,0.029908,903.22
TP-0004468,OPP-00984,LEAD-005337,2,5,2023-12-27,25,paid_search,google_branded_2023,click,/produto/erp-connector,AST-0020,19,0,0,0.035316,1066.53
TP-0004469,OPP-00984,LEAD-005337,3,5,2024-01-06,15,paid_search,pesquisa_concorrentes_q1_2024,form_fill,/produto/erp-connector,AST-0020,68,0,0,0.264514,7988.33
TP-0004470,OPP-00984,LEAD-005337,4,5,2024-01-10,11,paid_search,google_brand_keywords_2024,demo_request,/lp/comparativo-erp,AST-0017,80,0,0,0.511989,15462.06
TP-0004471,OPP-00984,LEAD-005337,5,5,2024-01-17,4,paid_search,crm-b2b-keywords-2024,email_open,/lp/demo-gratis,AST-0015,31,0,1,0.158274,4779.87
TP-0004472,OPP-00985,LEAD-005339,1,5,2023-12-16,43,email_marketing,campanha_email_12-2023,email_open,/ebook/crm-para-varejo,AST-0008,1,1,0,0.003674,130.41
TP-0004473,OPP-00985,LEAD-005339,2,5,2023-12-30,29,organic_search,(none),click,/webinar/automacao-vendas-demo,AST-0014,37,0,0,0.011522,409.04
TP-0004474,OPP-00985,LEAD-005339,3,5,2024-01-08,20,organic_search,(none),content_view,/blog/automacao-marketing-b2b,AST-0004,28,0,0,0.029219,1037.27
TP-0004475,OPP-00985,LEAD-005339,4,5,2024-01-20,8,organic_search,,form_fill,/produto/crm-integracao,AST-0019,56,0,0,0.189343,6721.66
TP-0004476,OPP-00985,LEAD-005339,5,5,2024-01-27,1,organic_search,(none),sales_call,/blog/integracao-erp-sistemas,AST-0003,88,0,1,0.766243,27201.62
TP-0004477,OPP-00986,LEAD-005341,1,2,2023-12-06,43,meta_ads,meta_awareness_2023,impression,/lp/demo-gratis,AST-0015,9,1,0,0.140259,9565.65
TP-0004478,OPP-00986,LEAD-005341,2,2,2023-12-14,35,meta_ads,fb-leads-varejo-2023,click,/ebook/gestao-pipeline-vendas,AST-0009,23,0,1,0.859741,58634.35
TP-0004479,OPP-00987,LEAD-005345,1,2,2023-12-01,41,paid_search,google_branded_2023,click,/produto/api-marketplace,AST-0021,34,1,0,0.464286,24700.0
TP-0004480,OPP-00987,LEAD-005345,2,2,2023-12-01,41,paid_search,integracao_erp_pesquisa_2023,click,/lp/comparativo-erp,AST-0017,29,0,1,0.535714,28500.0
TP-0004481,OPP-00988,LEAD-005351,1,7,2023-12-18,34,linkedin_ads,linkedin_gestores_2023,impression,/ebook/roi-tecnologia-empresas,AST-0010,8,1,0,0.006761,276.52
TP-0004482,OPP-00988,LEAD-005351,2,7,2023-12-20,32,linkedin_ads,linkedin_prospecao_q4_2023,click,/ebook/crm-para-varejo,AST-0008,41,0,0,0.017998,736.12
TP-0004483,OPP-00988,LEAD-005351,3,7,2023-12-29,23,linkedin_ads,linkedin_decisores_ti_2023,content_view,/ebook/roi-tecnologia-empresas,AST-0010,42,0,0,0.045641,1866.71
TP-0004484,OPP-00988,LEAD-005351,4,7,2024-01-02,19,linkedin_ads,linkedin_prospeccao_q1_2024,demo_request,/ebook/gestao-pipeline-vendas,AST-0009,73,0,0,0.242939,9936.2
TP-0004485,OPP-00988,LEAD-005351,5,7,2024-01-03,18,linkedin_ads,linkedin_decisores_ti_2024,sales_call,/blog/integracao-erp-sistemas,AST-0003,93,0,0,0.293542,12005.88
TP-0004486,OPP-00988,LEAD-005351,6,7,2024-01-04,17,linkedin_ads,linkedin_gestores_2024,demo_request,/produto/crm-integracao,AST-0019,82,0,0,0.280246,11462.05
TP-0004487,OPP-00988,LEAD-005351,7,7,2024-01-05,16,linkedin_ads,linkedin_prospecao_q1_2024,content_view,/blog/churn-saas-brasil,AST-0005,26,0,1,0.112873,4616.52
TP-0004488,OPP-00989,LEAD-005355,1,6,2023-12-16,44,linkedin_ads,linkedin_prospeccao_q4_2023,impression,/ebook/crm-para-varejo,AST-0008,11,1,0,0.003999,447.85
TP-0004489,OPP-00989,LEAD-005355,2,6,2023-12-16,44,linkedin_ads,linkedin_decisores_ti_2023,click,/lp/trial-30-dias,AST-0016,34,0,0,0.009228,1033.5
TP-0004490,OPP-00989,LEAD-005355,3,6,2023-12-31,29,linkedin_ads,linkedin_gestores_2023,content_view,/webinar/integracao-erp-ao-vivo,AST-0012,40,0,0,0.035921,4023.14
TP-0004491,OPP-00989,LEAD-005355,4,6,2024-01-13,16,linkedin_ads,linkedin_decisores_ti_2024,demo_request,/ebook/crm-para-varejo,AST-0008,74,0,0,0.363648,40728.55
TP-0004492,OPP-00989,LEAD-005355,5,6,2024-01-16,13,linkedin_ads,linkedin_prospeccao_q1_2024,sales_call,/lp/comparativo-erp,AST-0017,100,0,0,0.50687,56769.44
TP-0004493,OPP-00989,LEAD-005355,6,6,2024-01-25,4,linkedin_ads,linkedin_prospeccao_q1_2024,impression,/webinar/automacao-vendas-demo,AST-0014,20,0,1,0.080335,8997.52
TP-0004494,OPP-00990,LEAD-005358,1,7,2023-12-13,44,linkedin_ads,linkedin_prospeccao_q4_2023,impression,/lp/trial-30-dias,AST-0016,1,1,0,0.003372,613.04
TP-0004495,OPP-00990,LEAD-005358,2,7,2023-12-18,39,linkedin_ads,linkedin_decisores_ti_2023,click,/lp/trial-30-dias,AST-0016,1,0,0,0.011122,2021.97
TP-0004496,OPP-00990,LEAD-005358,3,7,2023-12-22,35,linkedin_ads,linkedin_decisores_ti_2023,content_view,/webinar/crm-para-gestores,AST-0013,26,0,0,0.019734,3587.55
TP-0004497,OPP-00990,LEAD-005358,4,7,2023-12-31,26,linkedin_ads,linkedin_prospeccao_q4_2023,demo_request,/ebook/gestao-pipeline-vendas,AST-0009,72,0,0,0.150125,27292.77
TP-0004498,OPP-00990,LEAD-005358,5,7,2024-01-11,15,linkedin_ads,linkedin_prospecao_q1_2024,sales_call,/ebook/integracao-sistemas-guia,AST-0011,100,0,0,0.370542,67364.56
TP-0004499,OPP-00990,LEAD-005358,6,7,2024-01-19,7,linkedin_ads,linkedin_gestores_2024,click,/blog/integracao-erp-sistemas,AST-0003,26,0,0,0.109359,19881.47
TP-0004500,OPP-00990,LEAD-005358,7,7,2024-01-25,1,linkedin_ads,lkd_awareness_2024,content_view,/lp/demo-gratis,AST-0015,43,0,1,0.335746,61038.62
TP-0004501,OPP-00991,LEAD-005361,1,6,2023-12-19,41,organic_search,(not set),impression,/produto/api-marketplace,AST-0021,3,1,0,0.004032,132.25
TP-0004502,OPP-00991,LEAD-005361,2,6,2023-12-30,30,organic_search,(not set),click,/blog/leads-qualificados-b2b,AST-0007,35,0,0,0.020413,669.56
TP-0004503,OPP-00991,LEAD-005361,3,6,2024-01-12,17,organic_search,(none),content_view,/produto/erp-connector,AST-0020,31,0,0,0.068886,2259.45
TP-0004504,OPP-00991,LEAD-005361,4,6,2024-01-17,12,organic_search,(not set),form_fill,/produto/erp-connector,AST-0020,63,0,0,0.270749,8880.56
TP-0004505,OPP-00991,LEAD-005361,5,6,2024-01-20,9,organic_search,(none),sales_call,/produto/api-marketplace,AST-0021,90,0,0,0.548921,18004.59
TP-0004506,OPP-00991,LEAD-005361,6,6,2024-01-29,0,organic_search,(none),impression,/produto/api-marketplace,AST-0021,1,0,1,0.087,2853.59
TP-0004507,OPP-00992,LEAD-005363,1,5,2024-01-04,26,webinar_evento,evento_crm_gestores_q1,impression,/produto/api-marketplace,AST-0021,1,1,0,0.00533,285.68
TP-0004508,OPP-00992,LEAD-005363,2,5,2024-01-21,9,organic_search,(not set),click,/produto/erp-connector,AST-0020,19,0,0,0.041424,2220.35
TP-0004509,OPP-00992,LEAD-005363,3,5,2024-01-22,8,organic_search,,form_fill,/produto/crm-integracao,AST-0019,66,0,0,0.163136,8744.07
TP-0004510,OPP-00992,LEAD-005363,4,5,2024-01-25,5,organic_search,(none),demo_request,/produto/api-marketplace,AST-0021,86,0,0,0.293994,15758.1
TP-0004511,OPP-00992,LEAD-005363,5,5,2024-01-25,5,organic_search,,sales_call,/blog/automacao-marketing-b2b,AST-0004,87,0,1,0.496116,26591.8
TP-0004512,OPP-00993,LEAD-005366,1,6,2023-12-17,40,organic_search,(not set),impression,/blog/funil-vendas-complexas,AST-0006,19,1,0,0.003439,314.0
TP-0004513,OPP-00993,LEAD-005366,2,6,2023-12-20,37,meta_ads,fb-leads-varejo-2023,click,/lp/roi-calculator,AST-0018,31,0,0,0.009833,897.79
TP-0004514,OPP-00993,LEAD-005366,3,6,2023-12-24,33,meta_ads,fb-leads-varejo-2023,content_view,/ebook/crm-para-varejo,AST-0008,43,0,0,0.017447,1592.94
TP-0004515,OPP-00993,LEAD-005366,4,6,2024-01-08,18,meta_ads,facebook_retargeting_2024,form_fill,/lp/comparativo-erp,AST-0017,64,0,0,0.14008,12789.29
TP-0004516,OPP-00993,LEAD-005366,5,6,2024-01-17,9,meta_ads,fb-leads-varejo-2024,email_open,/lp/comparativo-erp,AST-0017,6,0,0,0.04844,4422.55
TP-0004517,OPP-00993,LEAD-005366,6,6,2024-01-23,3,meta_ads,fb-leads-varejo-2024,proposal_sent,/produto/api-marketplace,AST-0021,69,0,1,0.78076,71283.43
TP-0004518,OPP-00994,LEAD-005368,1,7,2023-12-10,43,linkedin_ads,linkedin_gestores_2023,impression,/lp/comparativo-erp,AST-0017,21,1,0,0.001806,185.07
TP-0004519,OPP-00994,LEAD-005368,2,7,2023-12-31,22,webinar_evento,black_friday_2023,click,/webinar/integracao-erp-ao-vivo,AST-0012,21,0,0,0.018673,1914.03
TP-0004520,OPP-00994,LEAD-005368,3,7,2024-01-03,19,webinar_evento,black_friday_2023,content_view,/lp/trial-30-dias,AST-0016,40,0,0,0.030848,3161.92
TP-0004521,OPP-00994,LEAD-005368,4,7,2024-01-04,18,webinar_evento,bf-23,demo_request,/lp/demo-gratis,AST-0015,74,0,0,0.132528,13584.14
TP-0004522,OPP-00994,LEAD-005368,5,7,2024-01-07,15,webinar_evento,bf-23,sales_call,/lp/demo-gratis,AST-0015,97,0,0,0.184724,18934.23
TP-0004523,OPP-00994,LEAD-005368,6,7,2024-01-11,11,webinar_evento,bf-23,proposal_sent,/webinar/crm-para-gestores,AST-0013,70,0,0,0.191189,19596.9
TP-0004524,OPP-00994,LEAD-005368,7,7,2024-01-17,5,webinar_evento,bf-23,proposal_sent,/webinar/automacao-vendas-demo,AST-0014,90,0,1,0.440231,45123.71
TP-0004525,OPP-00995,LEAD-005374,1,5,2023-12-27,38,direct,,click,/lp/demo-gratis,AST-0015,22,1,0,0.011663,1067.18
TP-0004526,OPP-00995,LEAD-005374,2,5,2023-12-29,36,direct,,form_fill,/lp/roi-calculator,AST-0018,79,0,0,0.037948,3472.22
TP-0004527,OPP-00995,LEAD-005374,3,5,2024-01-07,27,direct,,demo_request,/lp/demo-gratis,AST-0015,67,0,0,0.104979,9605.6
TP-0004528,OPP-00995,LEAD-005374,4,5,2024-01-11,23,direct,,sales_call,/produto/crm-integracao,AST-0019,100,0,0,0.157159,14380.07
TP-0004529,OPP-00995,LEAD-005374,5,5,2024-01-26,8,direct,,sales_call,/produto/erp-connector,AST-0020,91,0,1,0.688251,62974.93
TP-0004530,OPP-00996,LEAD-005379,1,5,2023-12-18,42,paid_search,google_branded_2023,click,/produto/api-marketplace,AST-0021,26,1,0,0.024119,2681.98
TP-0004531,OPP-00996,LEAD-005379,2,5,2023-12-31,29,organic_search,(none),click,/produto/api-marketplace,AST-0021,31,0,0,0.046955,5221.39
TP-0004532,OPP-00996,LEAD-005379,3,5,2024-01-02,27,organic_search,,form_fill,/blog/leads-qualificados-b2b,AST-0007,60,0,0,0.198607,22085.1
TP-0004533,OPP-00996,LEAD-005379,4,5,2024-01-03,26,organic_search,,demo_request,/lp/trial-30-dias,AST-0016,91,0,0,0.310272,34502.27
TP-0004534,OPP-00996,LEAD-005379,5,5,2024-01-25,4,organic_search,(none),click,/webinar/crm-para-gestores,AST-0013,12,0,1,0.420047,46709.26
TP-0004535,OPP-00997,LEAD-005391,1,3,2023-12-28,28,paid_search,google_branded_2023,click,/lp/trial-30-dias,AST-0016,19,1,0,0.07536,10964.87
TP-0004536,OPP-00997,LEAD-005391,2,3,2023-12-28,28,paid_search,integracao_erp_pesquisa_2023,click,/lp/roi-calculator,AST-0018,28,0,0,0.057969,8434.51
TP-0004537,OPP-00997,LEAD-005391,3,3,2024-01-11,14,paid_search,crm-b2b-keywords-2024,form_fill,/webinar/crm-para-gestores,AST-0013,75,0,1,0.866671,126100.62
TP-0004538,OPP-00998,LEAD-005395,1,6,2023-12-07,43,webinar_evento,campanha_natal_2023,impression,/lp/comparativo-erp,AST-0017,1,1,0,0.002315,137.53
TP-0004539,OPP-00998,LEAD-005395,2,6,2023-12-14,36,webinar_evento,campanha_natal_2023,click,/webinar/automacao-vendas-demo,AST-0014,27,0,0,0.008809,523.27
TP-0004540,OPP-00998,LEAD-005395,3,6,2023-12-23,27,webinar_evento,bf-23,form_fill,/lp/demo-gratis,AST-0015,75,0,0,0.061433,3649.12
TP-0004541,OPP-00998,LEAD-005395,4,6,2024-01-02,17,webinar_evento,black_friday_2023,demo_request,/lp/roi-calculator,AST-0018,87,0,0,0.182532,10842.42
TP-0004542,OPP-00998,LEAD-005395,5,6,2024-01-07,12,webinar_evento,bf-23,sales_call,/webinar/integracao-erp-ao-vivo,AST-0012,88,0,0,0.293493,17433.47
TP-0004543,OPP-00998,LEAD-005395,6,6,2024-01-09,10,webinar_evento,campanha-natal-2024,demo_request,/lp/trial-30-dias,AST-0016,80,0,1,0.451417,26814.19
TP-0004544,OPP-00999,LEAD-005406,1,3,2023-12-16,38,email_marketing,newsletter_mensal_12_2023,email_open,/lp/roi-calculator,AST-0018,13,1,0,0.034955,5666.19
TP-0004545,OPP-00999,LEAD-005406,2,3,2024-01-12,11,email_marketing,email_reengajamento_q1_2024,click,/blog/leads-qualificados-b2b,AST-0007,33,0,0,0.277475,44978.7
TP-0004546,OPP-00999,LEAD-005406,3,3,2024-01-15,8,email_marketing,email_nurture_leads_2024,content_view,/webinar/crm-para-gestores,AST-0013,43,0,1,0.68757,111455.11
TP-0004547,OPP-01000,LEAD-005429,1,2,2024-01-12,10,direct,(direct),click,/produto/api-marketplace,AST-0021,22,1,0,0.180374,6673.86
TP-0004548,OPP-01000,LEAD-005429,2,2,2024-01-13,9,direct,(direct),form_fill,/produto/erp-connector,AST-0020,78,0,1,0.819626,30326.14
TP-0004549,OPP-01001,LEAD-005432,1,7,2023-12-24,39,webinar_evento,black_friday_2023,impression,/lp/comparativo-erp,AST-0017,13,1,0,0.001796,190.7
TP-0004550,OPP-01001,LEAD-005432,2,7,2023-12-25,38,webinar_evento,campanha_natal_2023,click,/lp/roi-calculator,AST-0018,33,0,0,0.004451,472.65
TP-0004551,OPP-01001,LEAD-005432,3,7,2023-12-30,33,webinar_evento,bf-23,form_fill,/lp/trial-30-dias,AST-0016,80,0,0,0.023324,2476.96
TP-0004552,OPP-01001,LEAD-005432,4,7,2024-01-10,22,webinar_evento,campanha_natal_2024,demo_request,/lp/demo-gratis,AST-0015,100,0,0,0.074431,7904.56
TP-0004553,OPP-01001,LEAD-005432,5,7,2024-01-21,11,webinar_evento,campanha_natal_2024,sales_call,/lp/demo-gratis,AST-0015,91,0,0,0.183712,19510.19
TP-0004554,OPP-01001,LEAD-005432,6,7,2024-01-23,9,webinar_evento,black_friday_2023,sales_call,/blog/gestao-vendas-b2b,AST-0001,89,0,0,0.211923,22506.27
TP-0004555,OPP-01001,LEAD-005432,7,7,2024-01-31,1,webinar_evento,campanha-natal-2024,demo_request,/webinar/automacao-vendas-demo,AST-0014,90,0,1,0.500364,53138.66
TP-0004556,OPP-01002,LEAD-005447,1,5,2023-12-31,38,paid_search,google_brand_keywords_2023,click,/produto/api-marketplace,AST-0021,26,1,0,0.01544,1829.68
TP-0004557,OPP-01002,LEAD-005447,2,5,2024-01-03,35,paid_search,integracao_erp_pesquisa_2024,click,/blog/leads-qualificados-b2b,AST-0007,19,0,0,0.014716,1743.79
TP-0004558,OPP-01002,LEAD-005447,3,5,2024-01-07,31,paid_search,integracao_erp_pesquisa_2024,form_fill,/lp/roi-calculator,AST-0018,69,0,0,0.071801,8508.45
TP-0004559,OPP-01002,LEAD-005447,4,5,2024-01-17,21,paid_search,pesquisa_concorrentes_q1_2024,demo_request,/lp/roi-calculator,AST-0018,94,0,0,0.213339,25280.65
TP-0004560,OPP-01002,LEAD-005447,5,5,2024-01-26,12,paid_search,crm-b2b-keywords-2024,sales_call,/produto/api-marketplace,AST-0021,92,0,1,0.684704,81137.43
TP-0004561,OPP-01003,LEAD-005454,1,2,2023-12-26,35,organic_search,(not set),impression,/blog/leads-qualificados-b2b,AST-0007,1,1,0,0.023164,803.8
TP-0004562,OPP-01003,LEAD-005454,2,2,2024-01-30,0,organic_search,(none),click,/blog/integracao-erp-sistemas,AST-0003,22,0,1,0.976836,33896.2
TP-0004563,OPP-01004,LEAD-005457,1,4,2024-01-12,22,meta_ads,facebook_retargeting_2024,impression,/ebook/roi-tecnologia-empresas,AST-0010,9,1,0,0.050606,1067.79
TP-0004564,OPP-01004,LEAD-005457,2,4,2024-01-17,17,meta_ads,ig_gestores_b2b_q1,click,/ebook/gestao-pipeline-vendas,AST-0009,23,0,0,0.166911,3521.82
TP-0004565,OPP-01004,LEAD-005457,3,4,2024-01-17,17,meta_ads,ig_gestores_b2b_q1,form_fill,/lp/comparativo-erp,AST-0017,72,0,0,0.612007,12913.34
TP-0004566,OPP-01004,LEAD-005457,4,4,2024-01-27,7,meta_ads,facebook_retargeting_2024,impression,/blog/integracao-erp-sistemas,AST-0003,10,0,1,0.170477,3597.06
TP-0004567,OPP-01005,LEAD-005469,1,4,2023-12-30,32,organic_search,(not set),impression,/lp/comparativo-erp,AST-0017,11,1,0,0.040004,3204.32
TP-0004568,OPP-01005,LEAD-005469,2,4,2023-12-30,32,email_marketing,newsletter_mensal_12_2023,click,/blog/crm-para-industria,AST-0002,26,0,0,0.092317,7394.59
TP-0004569,OPP-01005,LEAD-005469,3,4,2024-01-01,30,email_marketing,email_nurture_leads_2024,content_view,/webinar/integracao-erp-ao-vivo,AST-0012,40,0,0,0.141992,11373.52
TP-0004570,OPP-01005,LEAD-005469,4,4,2024-01-04,27,email_marketing,email_reengajamento_q1_2024,form_fill,/webinar/integracao-erp-ao-vivo,AST-0012,64,0,1,0.725687,58127.56
TP-0004571,OPP-01006,LEAD-005473,1,6,2023-12-19,43,email_marketing,email_nurture_leads_2023,email_open,/webinar/automacao-vendas-demo,AST-0014,15,1,0,0.006937,446.07
TP-0004572,OPP-01006,LEAD-005473,2,6,2023-12-19,43,linkedin_ads,linkedin_prospeccao_q4_2023,click,/webinar/integracao-erp-ao-vivo,AST-0012,4,0,0,0.008005,514.7
TP-0004573,OPP-01006,LEAD-005473,3,6,2023-12-24,38,linkedin_ads,linkedin_decisores_ti_2023,content_view,/lp/trial-30-dias,AST-0016,36,0,0,0.015254,980.83
TP-0004574,OPP-01006,LEAD-005473,4,6,2024-01-12,19,linkedin_ads,linkedin_gestores_2024,form_fill,/ebook/roi-tecnologia-empresas,AST-0010,56,0,0,0.162973,10479.19
TP-0004575,OPP-01006,LEAD-005473,5,6,2024-01-26,5,linkedin_ads,linkedin_decisores_ti_2024,impression,/ebook/roi-tecnologia-empresas,AST-0010,11,0,0,0.040273,2589.58
TP-0004576,OPP-01006,LEAD-005473,6,6,2024-01-28,3,linkedin_ads,linkedin_gestores_2024,form_fill,/ebook/gestao-pipeline-vendas,AST-0009,53,0,1,0.766557,49289.63
TP-0004577,OPP-01007,LEAD-005482,1,8,2024-01-01,36,webinar_evento,black_friday_2023,impression,/lp/comparativo-erp,AST-0017,1,1,0,0.007128,816.19
TP-0004578,OPP-01007,LEAD-005482,2,8,2024-01-02,35,webinar_evento,black_friday_2023,click,/produto/crm-integracao,AST-0019,26,0,0,0.017668,2022.98
TP-0004579,OPP-01007,LEAD-005482,3,8,2024-01-05,32,webinar_evento,evento_crm_gestores_q1,form_fill,/webinar/automacao-vendas-demo,AST-0014,50,0,0,0.080264,9190.21
TP-0004580,OPP-01007,LEAD-005482,4,8,2024-01-10,27,webinar_evento,webinar_integracao_erp_2024,demo_request,/lp/comparativo-erp,AST-0017,86,0,0,0.16686,19105.48
TP-0004581,OPP-01007,LEAD-005482,5,8,2024-01-11,26,webinar_evento,campanha-natal-2024,sales_call,/lp/trial-30-dias,AST-0016,98,0,0,0.201616,23085.08
TP-0004582,OPP-01007,LEAD-005482,6,8,2024-01-16,21,webinar_evento,campanha-natal-2024,content_view,/webinar/crm-para-gestores,AST-0013,22,0,0,0.064035,7332.03
TP-0004583,OPP-01007,LEAD-005482,7,8,2024-01-24,13,webinar_evento,webinar_integracao_erp_2024,form_fill,/webinar/integracao-erp-ao-vivo,AST-0012,54,0,0,0.311831,35704.67
TP-0004584,OPP-01007,LEAD-005482,8,8,2024-02-01,5,webinar_evento,campanha-natal-2024,email_open,/lp/trial-30-dias,AST-0016,15,0,1,0.150597,17243.36
TP-0004585,OPP-01008,LEAD-005483,1,6,2024-01-01,41,organic_search,(not set),impression,/blog/gestao-vendas-b2b,AST-0001,19,1,0,0.002382,314.84
TP-0004586,OPP-01008,LEAD-005483,2,6,2024-01-11,31,organic_search,(not set),click,/produto/erp-connector,AST-0020,38,0,0,0.011227,1484.16
TP-0004587,OPP-01008,LEAD-005483,3,6,2024-01-14,28,organic_search,,content_view,/produto/api-marketplace,AST-0021,48,0,0,0.018546,2451.78
TP-0004588,OPP-01008,LEAD-005483,4,6,2024-01-29,13,organic_search,(not set),form_fill,/produto/api-marketplace,AST-0021,75,0,0,0.148901,19684.75
TP-0004589,OPP-01008,LEAD-005483,5,6,2024-01-29,13,organic_search,(none),sales_call,/produto/erp-connector,AST-0020,97,0,0,0.243657,32211.41
TP-0004590,OPP-01008,LEAD-005483,6,6,2024-02-06,5,organic_search,,demo_request,/blog/automacao-marketing-b2b,AST-0004,74,0,1,0.575288,76053.06
TP-0004591,OPP-01009,LEAD-005489,1,2,2023-12-24,38,direct,,click,/lp/comparativo-erp,AST-0017,12,1,0,0.133431,5670.83
TP-0004592,OPP-01009,LEAD-005489,2,2,2023-12-30,32,direct,,form_fill,/produto/api-marketplace,AST-0021,64,0,1,0.866569,36829.17
TP-0004593,OPP-01010,LEAD-005503,1,6,2023-12-18,39,linkedin_ads,linkedin_prospeccao_q4_2023,impression,/webinar/automacao-vendas-demo,AST-0014,9,1,0,0.006326,1443.61
TP-0004594,OPP-01010,LEAD-005503,2,6,2023-12-22,35,paid_search,pesquisa_concorrentes_q4_2023,click,/produto/api-marketplace,AST-0021,5,0,0,0.019427,4433.15
TP-0004595,OPP-01010,LEAD-005503,3,6,2023-12-31,26,paid_search,google_branded_2023,content_view,/ebook/gestao-pipeline-vendas,AST-0009,27,0,0,0.049263,11241.93
TP-0004596,OPP-01010,LEAD-005503,4,6,2024-01-06,20,paid_search,integracao_erp_pesquisa_2024,demo_request,/lp/trial-30-dias,AST-0016,82,0,0,0.30249,69028.26
TP-0004597,OPP-01010,LEAD-005503,5,6,2024-01-09,17,paid_search,google_branded_2024,sales_call,/lp/roi-calculator,AST-0018,94,0,0,0.421626,96214.95
TP-0004598,OPP-01010,LEAD-005503,6,6,2024-01-14,12,paid_search,integracao_erp_pesquisa_2024,content_view,/produto/crm-integracao,AST-0019,36,0,1,0.200868,45838.09
TP-0004599,OPP-01011,LEAD-005510,1,5,2024-01-02,40,organic_search,,impression,/produto/erp-connector,AST-0020,25,1,0,0.0038,164.17
TP-0004600,OPP-01011,LEAD-005510,2,5,2024-01-05,37,email_marketing,newsletter_mensal_01_2024,click,/ebook/crm-para-varejo,AST-0008,47,0,0,0.010866,469.4
TP-0004601,OPP-01011,LEAD-005510,3,5,2024-01-21,21,email_marketing,email_reengajamento_q1_2024,content_view,/ebook/gestao-pipeline-vendas,AST-0009,48,0,0,0.045429,1962.53
TP-0004602,OPP-01011,LEAD-005510,4,5,2024-01-23,19,email_marketing,newsletter_mensal_01_2024,form_fill,/ebook/integracao-sistemas-guia,AST-0011,78,0,0,0.144114,6225.74
TP-0004603,OPP-01011,LEAD-005510,5,5,2024-02-05,6,email_marketing,email_nurture_leads_2024,demo_request,/ebook/integracao-sistemas-guia,AST-0011,80,0,1,0.795791,34378.17
TP-0004604,OPP-01012,LEAD-005518,1,3,2024-01-02,29,organic_search,(none),impression,/webinar/automacao-vendas-demo,AST-0014,1,1,0,0.051183,3731.22
TP-0004605,OPP-01012,LEAD-005518,2,3,2024-01-13,18,organic_search,(none),click,/blog/automacao-marketing-b2b,AST-0004,40,0,0,0.259139,18891.22
TP-0004606,OPP-01012,LEAD-005518,3,3,2024-01-17,14,organic_search,,content_view,/produto/api-marketplace,AST-0021,27,0,1,0.689678,50277.56
TP-0004607,OPP-01013,LEAD-005520,1,5,2023-12-22,44,linkedin_ads,linkedin_gestores_2023,impression,/blog/automacao-marketing-b2b,AST-0004,13,1,0,0.001536,286.97
TP-0004608,OPP-01013,LEAD-005520,2,5,2024-01-09,26,webinar_evento,campanha-natal-2024,click,/ebook/roi-tecnologia-empresas,AST-0010,13,0,0,0.012824,2395.51
TP-0004609,OPP-01013,LEAD-005520,3,5,2024-01-24,11,webinar_evento,black_friday_2023,content_view,/webinar/integracao-erp-ao-vivo,AST-0012,25,0,0,0.04992,9325.09
TP-0004610,OPP-01013,LEAD-005520,4,5,2024-01-27,8,webinar_evento,webinar_integracao_erp_2024,demo_request,/ebook/gestao-pipeline-vendas,AST-0009,88,0,0,0.2474,46214.27
TP-0004611,OPP-01013,LEAD-005520,5,5,2024-02-03,1,webinar_evento,webinar_integracao_erp_2024,sales_call,/lp/roi-calculator,AST-0018,92,0,1,0.68832,128578.15
TP-0004612,OPP-01014,LEAD-005526,1,5,2023-12-18,42,paid_search,google_brand_keywords_2023,click,/produto/erp-connector,AST-0020,20,1,0,0.017742,2400.51
TP-0004613,OPP-01014,LEAD-005526,2,5,2024-01-02,27,paid_search,pesquisa_concorrentes_q1_2024,click,/produto/api-marketplace,AST-0021,25,0,0,0.039845,5391.08
TP-0004614,OPP-01014,LEAD-005526,3,5,2024-01-04,25,paid_search,crm-b2b-keywords-2024,form_fill,/lp/roi-calculator,AST-0018,59,0,0,0.168536,22802.86
TP-0004615,OPP-01014,LEAD-005526,4,5,2024-01-08,21,paid_search,google_branded_2024,demo_request,/lp/roi-calculator,AST-0018,85,0,0,0.326214,44136.78
TP-0004616,OPP-01014,LEAD-005526,5,5,2024-01-12,17,paid_search,pesquisa_concorrentes_q1_2024,form_fill,/webinar/integracao-erp-ao-vivo,AST-0012,58,0,1,0.447663,60568.77
TP-0004617,OPP-01015,LEAD-005527,1,8,2023-12-19,43,linkedin_ads,linkedin_gestores_2023,impression,/webinar/crm-para-gestores,AST-0013,18,1,0,0.001669,72.27
TP-0004618,OPP-01015,LEAD-005527,2,8,2023-12-20,42,linkedin_ads,linkedin_gestores_2023,click,/lp/demo-gratis,AST-0015,37,0,0,0.004137,179.14
TP-0004619,OPP-01015,LEAD-005527,3,8,2023-12-26,36,linkedin_ads,linkedin_prospecao_q4_2023,content_view,/webinar/crm-para-gestores,AST-0013,25,0,0,0.008468,366.65
TP-0004620,OPP-01015,LEAD-005527,4,8,2024-01-10,21,linkedin_ads,linkedin_prospeccao_q1_2024,demo_request,/lp/demo-gratis,AST-0015,70,0,0,0.098886,4281.78
TP-0004621,OPP-01015,LEAD-005527,5,8,2024-01-16,15,linkedin_ads,linkedin_prospeccao_q1_2024,sales_call,/ebook/crm-para-varejo,AST-0008,86,0,0,0.170771,7394.4
TP-0004622,OPP-01015,LEAD-005527,6,8,2024-01-26,5,linkedin_ads,linkedin_gestores_2024,form_fill,/lp/roi-calculator,AST-0018,70,0,0,0.21318,9230.68
TP-0004623,OPP-01015,LEAD-005527,7,8,2024-01-30,1,linkedin_ads,lkd_awareness_2024,click,/webinar/crm-para-gestores,AST-0013,23,0,0,0.077367,3350.01
TP-0004624,OPP-01015,LEAD-005527,8,8,2024-01-30,1,linkedin_ads,linkedin_prospeccao_q1_2024,form_fill,/ebook/crm-para-varejo,AST-0008,57,0,1,0.425521,18425.07
TP-0004625,OPP-01016,LEAD-005534,1,4,2024-01-12,22,webinar_evento,bf-23,impression,/lp/demo-gratis,AST-0015,1,1,0,0.01177,515.53
TP-0004626,OPP-01016,LEAD-005534,2,4,2024-01-16,18,webinar_evento,campanha-natal-2024,click,/webinar/integracao-erp-ao-vivo,AST-0012,17,0,0,0.036144,1583.11
TP-0004627,OPP-01016,LEAD-005534,3,4,2024-01-26,8,webinar_evento,webinar_integracao_erp_2024,form_fill,/webinar/crm-para-gestores,AST-0013,68,0,0,0.27072,11857.52
TP-0004628,OPP-01016,LEAD-005534,4,4,2024-01-28,6,webinar_evento,webinar_integracao_erp_2024,demo_request,/lp/trial-30-dias,AST-0016,83,0,1,0.681366,29843.84
TP-0004629,OPP-01017,LEAD-005537,1,7,2024-01-08,34,email_marketing,newsletter_mensal_01_2024,email_open,/ebook/crm-para-varejo,AST-0008,20,1,0,0.008159,558.08
TP-0004630,OPP-01017,LEAD-005537,2,7,2024-01-12,30,organic_search,(none),click,/blog/automacao-marketing-b2b,AST-0004,34,0,0,0.012528,856.9
TP-0004631,OPP-01017,LEAD-005537,3,7,2024-01-14,28,organic_search,(none),content_view,/produto/crm-integracao,AST-0019,44,0,0,0.019269,1317.99
TP-0004632,OPP-01017,LEAD-005537,4,7,2024-01-25,17,organic_search,(none),form_fill,/blog/integracao-erp-sistemas,AST-0003,69,0,0,0.116257,7952.0
TP-0004633,OPP-01017,LEAD-005537,5,7,2024-01-26,16,organic_search,(none),content_view,/blog/integracao-erp-sistemas,AST-0003,34,0,0,0.045406,3105.74
TP-0004634,OPP-01017,LEAD-005537,6,7,2024-01-27,15,organic_search,(none),demo_request,/produto/erp-connector,AST-0020,85,0,0,0.19507,13342.77
TP-0004635,OPP-01017,LEAD-005537,7,7,2024-02-08,3,organic_search,(none),proposal_sent,/produto/api-marketplace,AST-0021,75,0,1,0.603312,41266.51
TP-0004636,OPP-01018,LEAD-005547,1,3,2024-01-01,32,direct,,click,/lp/roi-calculator,AST-0018,26,1,0,0.028151,2874.22
TP-0004637,OPP-01018,LEAD-005547,2,3,2024-01-17,16,direct,,form_fill,/produto/api-marketplace,AST-0021,64,0,0,0.248977,25420.53
TP-0004638,OPP-01018,LEAD-005547,3,3,2024-01-21,12,direct,(direct),demo_request,/lp/demo-gratis,AST-0015,75,0,1,0.722872,73805.25
TP-0004639,OPP-01019,LEAD-005550,1,2,2023-12-20,43,direct,(not set),click,/lp/trial-30-dias,AST-0016,29,1,0,0.017744,2624.32
TP-0004640,OPP-01019,LEAD-005550,2,2,2024-01-25,7,direct,,form_fill,/lp/roi-calculator,AST-0018,51,0,1,0.982256,145275.68
TP-0004641,OPP-01020,LEAD-005556,1,3,2023-12-19,44,webinar_evento,campanha_natal_2023,impression,/webinar/integracao-erp-ao-vivo,AST-0012,2,1,0,0.008955,1224.2
TP-0004642,OPP-01020,LEAD-005556,2,3,2023-12-20,43,webinar_evento,campanha-natal-2023,click,/lp/comparativo-erp,AST-0017,28,0,0,0.022196,3034.25
TP-0004643,OPP-01020,LEAD-005556,3,3,2024-01-18,14,webinar_evento,bf-23,form_fill,/produto/erp-connector,AST-0020,54,0,1,0.968848,132441.55
TP-0004644,OPP-01021,LEAD-005565,1,3,2024-01-02,41,organic_search,,impression,/blog/funil-vendas-complexas,AST-0006,12,1,0,0.01446,1777.1
TP-0004645,OPP-01021,LEAD-005565,2,3,2024-01-25,18,organic_search,(not set),click,/blog/funil-vendas-complexas,AST-0006,28,0,0,0.172513,21201.88
TP-0004646,OPP-01021,LEAD-005565,3,3,2024-02-06,6,organic_search,(none),content_view,/blog/gestao-vendas-b2b,AST-0001,28,0,1,0.813027,99921.01
TP-0004647,OPP-01022,LEAD-005567,1,5,2024-01-12,34,linkedin_ads,lkd_awareness_2024,impression,/lp/roi-calculator,AST-0018,20,1,0,0.004631,414.44
TP-0004648,OPP-01022,LEAD-005567,2,5,2024-01-25,21,organic_search,(none),click,/blog/crm-para-industria,AST-0002,26,0,0,0.027045,2420.53
TP-0004649,OPP-01022,LEAD-005567,3,5,2024-01-30,16,organic_search,(not set),content_view,/lp/demo-gratis,AST-0015,45,0,0,0.051538,4612.69
TP-0004650,OPP-01022,LEAD-005567,4,5,2024-01-30,16,organic_search,(none),demo_request,/blog/funil-vendas-complexas,AST-0006,100,0,0,0.206154,18450.75
TP-0004651,OPP-01022,LEAD-005567,5,5,2024-02-09,6,organic_search,,sales_call,/webinar/automacao-vendas-demo,AST-0014,100,0,1,0.710632,63601.6
TP-0004652,OPP-01023,LEAD-005568,1,5,2023-12-24,41,linkedin_ads,linkedin_prospeccao_q4_2023,impression,/ebook/crm-para-varejo,AST-0008,6,1,0,0.005891,619.75
TP-0004653,OPP-01023,LEAD-005568,2,5,2023-12-26,39,organic_search,(not set),click,/produto/api-marketplace,AST-0021,29,0,0,0.015683,1649.83
TP-0004654,OPP-01023,LEAD-005568,3,5,2024-01-03,31,organic_search,(not set),content_view,/blog/churn-saas-brasil,AST-0005,36,0,0,0.037028,3895.35
TP-0004655,OPP-01023,LEAD-005568,4,5,2024-01-08,26,organic_search,(not set),demo_request,/blog/automacao-marketing-b2b,AST-0004,67,0,0,0.211688,22269.57
TP-0004656,OPP-01023,LEAD-005568,5,5,2024-01-18,16,organic_search,(not set),sales_call,/blog/automacao-marketing-b2b,AST-0004,98,0,1,0.72971,76765.49
TP-0004657,OPP-01024,LEAD-005572,1,6,2024-01-05,42,organic_search,,impression,/blog/integracao-erp-sistemas,AST-0003,32,1,0,0.002764,191.57
TP-0004658,OPP-01024,LEAD-005572,2,6,2024-01-06,41,paid_search,google_brand_keywords_2024,click,/lp/comparativo-erp,AST-0017,27,0,0,0.006851,474.81
TP-0004659,OPP-01024,LEAD-005572,3,6,2024-01-14,33,paid_search,crm-b2b-keywords-2024,content_view,/produto/erp-connector,AST-0020,37,0,0,0.016177,1121.05
TP-0004660,OPP-01024,LEAD-005572,4,6,2024-01-17,30,paid_search,google_brand_keywords_2024,form_fill,/produto/erp-connector,AST-0020,70,0,0,0.055117,3819.62
TP-0004661,OPP-01024,LEAD-005572,5,6,2024-02-10,6,paid_search,google_brand_keywords_2024,proposal_sent,/produto/api-marketplace,AST-0021,72,0,0,0.389518,26993.59
TP-0004662,OPP-01024,LEAD-005572,6,6,2024-02-12,4,paid_search,crm-b2b-keywords-2024,form_fill,/produto/api-marketplace,AST-0021,65,0,1,0.529572,36699.37
TP-0004663,OPP-01025,LEAD-005578,1,4,2023-12-28,42,webinar_evento,black_friday_2023,impression,/webinar/automacao-vendas-demo,AST-0014,1,1,0,0.007423,374.11
TP-0004664,OPP-01025,LEAD-005578,2,4,2023-12-29,41,paid_search,pesquisa_concorrentes_q4_2023,click,/lp/roi-calculator,AST-0018,14,0,0,0.018398,927.24
TP-0004665,OPP-01025,LEAD-005578,3,4,2024-01-03,36,paid_search,pesquisa_concorrentes_q1_2024,form_fill,/lp/comparativo-erp,AST-0017,89,0,0,0.096414,4859.26
TP-0004666,OPP-01025,LEAD-005578,4,4,2024-01-23,16,paid_search,pesquisa_concorrentes_q1_2024,demo_request,/produto/api-marketplace,AST-0021,81,0,1,0.877766,44239.39
TP-0004667,OPP-01026,LEAD-005579,1,3,2023-12-30,43,webinar_evento,black_friday_2023,impression,/webinar/integracao-erp-ao-vivo,AST-0012,22,1,0,0.012222,559.77
TP-0004668,OPP-01026,LEAD-005579,2,3,2024-01-20,22,webinar_evento,bf-23,click,/lp/trial-30-dias,AST-0016,33,0,0,0.126405,5789.36
TP-0004669,OPP-01026,LEAD-005579,3,3,2024-01-23,19,webinar_evento,campanha-natal-2024,form_fill,/lp/demo-gratis,AST-0015,68,0,1,0.861373,39450.87
TP-0004670,OPP-01027,LEAD-005586,1,3,2023-12-19,44,meta_ads,facebook_retargeting_2023,impression,/lp/demo-gratis,AST-0015,7,1,0,0.007843,200.78
TP-0004671,OPP-01027,LEAD-005586,2,3,2024-01-17,15,meta_ads,meta_awareness_2024,click,/lp/trial-30-dias,AST-0016,40,0,0,0.14364,3677.19
TP-0004672,OPP-01027,LEAD-005586,3,3,2024-01-18,14,meta_ads,facebook_retargeting_2024,form_fill,/lp/trial-30-dias,AST-0016,66,0,1,0.848516,21722.02
TP-0004673,OPP-01028,LEAD-005596,1,5,2024-01-29,15,paid_search,integracao_erp_pesquisa_2024,click,/produto/api-marketplace,AST-0021,29,1,0,0.052608,1462.49
TP-0004674,OPP-01028,LEAD-005596,2,5,2024-02-01,12,paid_search,google_branded_2024,click,/produto/crm-integracao,AST-0019,35,0,0,0.050138,1393.84
TP-0004675,OPP-01028,LEAD-005596,3,5,2024-02-01,12,paid_search,google_branded_2024,form_fill,/produto/erp-connector,AST-0020,61,0,0,0.18384,5110.75
TP-0004676,OPP-01028,LEAD-005596,4,5,2024-02-10,3,paid_search,integracao_erp_pesquisa_2024,demo_request,/lp/demo-gratis,AST-0015,82,0,0,0.508577,14138.44
TP-0004677,OPP-01028,LEAD-005596,5,5,2024-02-11,2,paid_search,integracao_erp_pesquisa_2024,content_view,/produto/crm-integracao,AST-0019,39,0,1,0.204837,5694.48
TP-0004678,OPP-01029,LEAD-005602,1,4,2024-01-01,36,linkedin_ads,linkedin_prospeccao_q1_2024,impression,/ebook/roi-tecnologia-empresas,AST-0010,1,1,0,0.004266,929.52
TP-0004679,OPP-01029,LEAD-005602,2,4,2024-01-03,34,linkedin_ads,lkd_awareness_2024,click,/webinar/integracao-erp-ao-vivo,AST-0012,11,0,0,0.011356,2474.45
TP-0004680,OPP-01029,LEAD-005602,3,4,2024-01-10,27,linkedin_ads,linkedin_decisores_ti_2024,content_view,/lp/demo-gratis,AST-0015,28,0,0,0.024964,5439.58
TP-0004681,OPP-01029,LEAD-005602,4,4,2024-02-05,1,linkedin_ads,linkedin_gestores_2024,demo_request,/lp/trial-30-dias,AST-0016,86,0,1,0.959415,209056.44
TP-0004682,OPP-01030,LEAD-005604,1,5,2024-01-02,44,linkedin_ads,linkedin_gestores_2024,impression,/lp/roi-calculator,AST-0018,15,1,0,0.002408,292.83
TP-0004683,OPP-01030,LEAD-005604,2,5,2024-01-06,40,linkedin_ads,linkedin_gestores_2024,click,/lp/demo-gratis,AST-0015,27,0,0,0.007395,899.26
TP-0004684,OPP-01030,LEAD-005604,3,5,2024-01-13,33,linkedin_ads,linkedin_prospecao_q1_2024,content_view,/webinar/crm-para-gestores,AST-0013,24,0,0,0.016257,1976.84
TP-0004685,OPP-01030,LEAD-005604,4,5,2024-01-30,16,linkedin_ads,linkedin_gestores_2024,demo_request,/ebook/crm-para-varejo,AST-0008,78,0,0,0.219005,26631.07
TP-0004686,OPP-01030,LEAD-005604,5,5,2024-02-09,6,linkedin_ads,linkedin_prospeccao_q1_2024,sales_call,/webinar/automacao-vendas-demo,AST-0014,86,0,1,0.754934,91800.0
TP-0004687,OPP-01031,LEAD-005609,1,4,2023-12-24,41,organic_search,,impression,/produto/erp-connector,AST-0020,4,1,0,0.004607,644.54
TP-0004688,OPP-01031,LEAD-005609,2,4,2023-12-30,35,linkedin_ads,linkedin_decisores_ti_2023,click,/webinar/integracao-erp-ao-vivo,AST-0012,24,0,0,0.016321,2283.26
TP-0004689,OPP-01031,LEAD-005609,3,4,2024-01-04,30,linkedin_ads,linkedin_gestores_2024,content_view,/webinar/integracao-erp-ao-vivo,AST-0012,25,0,0,0.031102,4351.11
TP-0004690,OPP-01031,LEAD-005609,4,4,2024-02-01,2,linkedin_ads,lkd_awareness_2024,form_fill,/webinar/crm-para-gestores,AST-0013,60,0,1,0.947971,132621.09
TP-0004691,OPP-01032,LEAD-005610,1,2,2024-02-01,18,paid_search,google_branded_2024,click,/lp/demo-gratis,AST-0015,22,1,0,0.193283,11790.29
TP-0004692,OPP-01032,LEAD-005610,2,2,2024-02-19,0,paid_search,crm-b2b-keywords-2024,click,/lp/roi-calculator,AST-0018,20,0,1,0.806717,49209.71
TP-0004693,OPP-01033,LEAD-005611,1,2,2024-01-15,27,organic_search,(not set),impression,/produto/erp-connector,AST-0020,23,1,0,0.084357,7693.35
TP-0004694,OPP-01033,LEAD-005611,2,2,2024-01-31,11,organic_search,(not set),click,/blog/automacao-marketing-b2b,AST-0004,19,0,1,0.915643,83506.65
TP-0004695,OPP-01034,LEAD-005613,1,8,2024-01-06,40,linkedin_ads,linkedin_prospecao_q1_2024,impression,/lp/demo-gratis,AST-0015,30,1,0,0.002712,262.76
TP-0004696,OPP-01034,LEAD-005613,2,8,2024-01-11,35,linkedin_ads,linkedin_prospecao_q1_2024,click,/lp/demo-gratis,AST-0015,16,0,0,0.008944,866.66
TP-0004697,OPP-01034,LEAD-005613,3,8,2024-01-22,24,linkedin_ads,linkedin_prospeccao_q1_2024,content_view,/webinar/automacao-vendas-demo,AST-0014,31,0,0,0.026163,2535.24
TP-0004698,OPP-01034,LEAD-005613,4,8,2024-01-29,17,linkedin_ads,linkedin_prospecao_q1_2024,demo_request,/ebook/roi-tecnologia-empresas,AST-0010,100,0,0,0.172545,16719.62
TP-0004699,OPP-01034,LEAD-005613,5,8,2024-01-30,16,linkedin_ads,lkd_awareness_2024,sales_call,/webinar/crm-para-gestores,AST-0013,92,0,0,0.208486,20202.26
TP-0004700,OPP-01034,LEAD-005613,6,8,2024-02-06,9,linkedin_ads,linkedin_prospeccao_q1_2024,sales_call,/lp/comparativo-erp,AST-0017,88,0,0,0.343735,33307.89
TP-0004701,OPP-01034,LEAD-005613,7,8,2024-02-07,8,linkedin_ads,lkd_awareness_2024,click,/ebook/gestao-pipeline-vendas,AST-0009,19,0,0,0.061531,5962.34
TP-0004702,OPP-01034,LEAD-005613,8,8,2024-02-12,3,linkedin_ads,linkedin_prospeccao_q1_2024,content_view,/ebook/roi-tecnologia-empresas,AST-0010,37,0,1,0.175885,17043.24
TP-0004703,OPP-01035,LEAD-005614,1,3,2024-01-17,28,organic_search,,impression,/produto/crm-integracao,AST-0019,20,1,0,0.07444,2843.59
TP-0004704,OPP-01035,LEAD-005614,2,3,2024-01-17,28,organic_search,(none),click,/blog/funil-vendas-complexas,AST-0006,43,0,0,0.171784,6562.13
TP-0004705,OPP-01035,LEAD-005614,3,3,2024-01-28,17,organic_search,,content_view,/produto/crm-integracao,AST-0019,25,0,1,0.753777,28794.28
TP-0004706,OPP-01036,LEAD-005618,1,6,2023-12-25,40,organic_search,,impression,/produto/crm-integracao,AST-0019,24,1,0,0.003429,125.51
TP-0004707,OPP-01036,LEAD-005618,2,6,2023-12-29,36,organic_search,,click,/blog/funil-vendas-complexas,AST-0006,33,0,0,0.010531,385.43
TP-0004708,OPP-01036,LEAD-005618,3,6,2024-01-13,21,organic_search,,content_view,/produto/crm-integracao,AST-0019,36,0,0,0.040994,1500.38
TP-0004709,OPP-01036,LEAD-005618,4,6,2024-01-17,17,organic_search,(none),form_fill,/blog/integracao-erp-sistemas,AST-0003,48,0,0,0.150016,5490.58
TP-0004710,OPP-01036,LEAD-005618,5,6,2024-01-30,4,organic_search,(none),content_view,/blog/crm-para-industria,AST-0002,26,0,0,0.138063,5053.11
TP-0004711,OPP-01036,LEAD-005618,6,6,2024-02-01,2,organic_search,(none),form_fill,/webinar/crm-para-gestores,AST-0013,86,0,1,0.656967,24044.99
TP-0004712,OPP-01037,LEAD-005623,1,4,2024-01-04,38,meta_ads,facebook_retargeting_2024,impression,/ebook/crm-para-varejo,AST-0008,14,1,0,0.004608,112.44
TP-0004713,OPP-01037,LEAD-005623,2,4,2024-01-07,35,meta_ads,meta_awareness_2024,click,/blog/gestao-vendas-b2b,AST-0001,20,0,0,0.013176,321.49
TP-0004714,OPP-01037,LEAD-005623,3,4,2024-01-18,24,meta_ads,facebook_retargeting_2024,form_fill,/ebook/integracao-sistemas-guia,AST-0011,61,0,0,0.105995,2586.28
TP-0004715,OPP-01037,LEAD-005623,4,4,2024-02-04,7,meta_ads,meta_awareness_2024,sales_call,/ebook/roi-tecnologia-empresas,AST-0010,90,0,1,0.876221,21379.79
TP-0004716,OPP-01038,LEAD-005625,1,3,2024-01-26,19,direct,,click,/lp/roi-calculator,AST-0018,40,1,0,0.049827,5809.88
TP-0004717,OPP-01038,LEAD-005625,2,3,2024-01-29,16,direct,(not set),form_fill,/ebook/crm-para-varejo,AST-0008,49,0,0,0.174124,20302.91
TP-0004718,OPP-01038,LEAD-005625,3,3,2024-02-08,6,direct,,demo_request,/lp/demo-gratis,AST-0015,69,0,1,0.776048,90487.21
TP-0004719,OPP-01039,LEAD-005630,1,4,2024-01-01,41,webinar_evento,webinar_integracao_erp_2024,impression,/lp/comparativo-erp,AST-0017,11,1,0,0.004309,480.44
TP-0004720,OPP-01039,LEAD-005630,2,4,2024-01-10,32,paid_search,google_branded_2024,click,/lp/roi-calculator,AST-0018,29,0,0,0.018912,2108.68
TP-0004721,OPP-01039,LEAD-005630,3,4,2024-01-11,31,paid_search,pesquisa_concorrentes_q1_2024,form_fill,/ebook/roi-tecnologia-empresas,AST-0010,63,0,0,0.074478,8304.3
TP-0004722,OPP-01039,LEAD-005630,4,4,2024-02-04,7,paid_search,integracao_erp_pesquisa_2024,demo_request,/ebook/crm-para-varejo,AST-0008,79,0,1,0.902301,100606.58
TP-0004723,OPP-01040,LEAD-005644,1,3,2024-01-04,43,paid_search,integracao_erp_pesquisa_2024,click,/lp/trial-30-dias,AST-0016,25,1,0,0.026621,2459.77
TP-0004724,OPP-01040,LEAD-005644,2,3,2024-01-23,24,paid_search,integracao_erp_pesquisa_2024,click,/lp/demo-gratis,AST-0015,35,0,0,0.079557,7351.06
TP-0004725,OPP-01040,LEAD-005644,3,3,2024-02-02,14,paid_search,pesquisa_concorrentes_q1_2024,form_fill,/lp/trial-30-dias,AST-0016,70,0,1,0.893822,82589.17
TP-0004726,OPP-01041,LEAD-005647,1,3,2023-12-23,43,organic_search,,impression,/blog/churn-saas-brasil,AST-0005,14,1,0,0.015748,1233.07
TP-0004727,OPP-01041,LEAD-005647,2,3,2024-01-06,29,organic_search,(not set),click,/blog/leads-qualificados-b2b,AST-0007,11,0,0,0.098787,7735.02
TP-0004728,OPP-01041,LEAD-005647,3,3,2024-01-27,8,organic_search,(not set),content_view,/produto/erp-connector,AST-0020,42,0,1,0.885465,69331.91
TP-0004729,OPP-01042,LEAD-005664,1,3,2024-01-16,27,organic_search,(none),impression,/blog/leads-qualificados-b2b,AST-0007,9,1,0,0.078645,6370.25
TP-0004730,OPP-01042,LEAD-005664,2,3,2024-01-22,21,organic_search,(none),click,/produto/crm-integracao,AST-0019,22,0,0,0.278597,22566.32
TP-0004731,OPP-01042,LEAD-005664,3,3,2024-01-24,19,organic_search,(not set),content_view,/produto/erp-connector,AST-0020,33,0,1,0.642758,52063.43
TP-0004732,OPP-01043,LEAD-005674,1,2,2023-12-28,40,organic_search,(none),impression,/lp/comparativo-erp,AST-0017,3,1,0,0.079001,5593.27
TP-0004733,OPP-01043,LEAD-005674,2,2,2024-01-14,23,organic_search,,click,/produto/api-marketplace,AST-0021,1,0,1,0.920999,65206.73
TP-0004734,OPP-01044,LEAD-005677,1,2,2024-01-25,27,paid_search,google_branded_2024,click,/produto/crm-integracao,AST-0019,20,1,0,0.241751,17381.93
TP-0004735,OPP-01044,LEAD-005677,2,2,2024-02-08,13,paid_search,google_brand_keywords_2024,click,/lp/roi-calculator,AST-0018,11,0,1,0.758249,54518.07
TP-0004736,OPP-01045,LEAD-005678,1,3,2024-01-11,44,paid_search,crm-b2b-keywords-2024,click,/lp/comparativo-erp,AST-0017,44,1,0,0.038819,3396.68
TP-0004737,OPP-01045,LEAD-005678,2,3,2024-01-18,37,paid_search,google_brand_keywords_2024,click,/lp/demo-gratis,AST-0015,24,0,0,0.049232,4307.83
TP-0004738,OPP-01045,LEAD-005678,3,3,2024-02-04,20,paid_search,google_brand_keywords_2024,form_fill,/produto/crm-integracao,AST-0019,72,0,1,0.911949,79795.5
TP-0004739,OPP-01046,LEAD-005683,1,3,2024-01-18,37,paid_search,pesquisa_concorrentes_q1_2024,click,/lp/demo-gratis,AST-0015,24,1,0,0.025083,1780.87
TP-0004740,OPP-01046,LEAD-005683,2,3,2024-02-14,10,paid_search,google_branded_2024,click,/produto/erp-connector,AST-0020,30,0,0,0.132739,9424.48
TP-0004741,OPP-01046,LEAD-005683,3,3,2024-02-16,8,paid_search,google_brand_keywords_2024,form_fill,/lp/demo-gratis,AST-0015,68,0,1,0.842178,59794.64
TP-0004742,OPP-01047,LEAD-005696,1,2,2024-01-19,22,paid_search,pesquisa_concorrentes_q1_2024,click,/produto/crm-integracao,AST-0019,40,1,0,0.360851,8588.25
TP-0004743,OPP-01047,LEAD-005696,2,2,2024-01-25,16,paid_search,google_branded_2024,click,/produto/erp-connector,AST-0020,15,0,1,0.639149,15211.75
TP-0004744,OPP-01048,LEAD-005699,1,3,2024-01-11,40,paid_search,pesquisa_concorrentes_q1_2024,click,/produto/api-marketplace,AST-0021,38,1,0,0.011992,369.35
TP-0004745,OPP-01048,LEAD-005699,2,3,2024-02-14,6,paid_search,google_branded_2024,click,/webinar/integracao-erp-ao-vivo,AST-0012,38,0,0,0.10463,3222.61
TP-0004746,OPP-01048,LEAD-005699,3,3,2024-02-20,0,paid_search,google_brand_keywords_2024,form_fill,/produto/erp-connector,AST-0020,68,0,1,0.883378,27208.04
TP-0004747,OPP-01049,LEAD-005700,1,4,2024-01-24,32,paid_search,pesquisa_concorrentes_q1_2024,click,/produto/crm-integracao,AST-0019,20,1,0,0.026769,1863.13
TP-0004748,OPP-01049,LEAD-005700,2,4,2024-02-08,17,linkedin_ads,linkedin_decisores_ti_2024,click,/lp/demo-gratis,AST-0015,25,0,0,0.060118,4184.23
TP-0004749,OPP-01049,LEAD-005700,3,4,2024-02-11,14,linkedin_ads,linkedin_gestores_2024,form_fill,/ebook/integracao-sistemas-guia,AST-0011,62,0,0,0.273112,19008.6
TP-0004750,OPP-01049,LEAD-005700,4,4,2024-02-12,13,linkedin_ads,linkedin_prospeccao_q1_2024,demo_request,/ebook/gestao-pipeline-vendas,AST-0009,95,0,1,0.640001,44544.04
TP-0004751,OPP-01050,LEAD-005706,1,2,2024-01-08,43,paid_search,google_branded_2024,click,/blog/crm-para-industria,AST-0002,22,1,0,0.394409,21416.43
TP-0004752,OPP-01050,LEAD-005706,2,2,2024-01-12,39,paid_search,google_brand_keywords_2024,click,/produto/crm-integracao,AST-0019,38,0,1,0.605591,32883.57
TP-0004753,OPP-01051,LEAD-005712,1,3,2024-01-16,40,paid_search,crm-b2b-keywords-2024,click,/produto/crm-integracao,AST-0019,28,1,0,0.026393,3893.03
TP-0004754,OPP-01051,LEAD-005712,2,3,2024-01-17,39,paid_search,google_branded_2024,click,/produto/crm-integracao,AST-0019,44,0,0,0.021806,3216.37
TP-0004755,OPP-01051,LEAD-005712,3,3,2024-02-15,10,paid_search,google_branded_2024,form_fill,/lp/demo-gratis,AST-0015,78,0,1,0.951801,140390.61
TP-0004756,OPP-01052,LEAD-005722,1,4,2024-01-15,35,paid_search,crm-b2b-keywords-2024,click,/ebook/integracao-sistemas-guia,AST-0011,20,1,0,0.022933,706.32
TP-0004757,OPP-01052,LEAD-005722,2,4,2024-01-28,22,paid_search,google_branded_2024,click,/lp/trial-30-dias,AST-0016,10,0,0,0.044646,1375.1
TP-0004758,OPP-01052,LEAD-005722,3,4,2024-01-31,19,paid_search,pesquisa_concorrentes_q1_2024,form_fill,/lp/comparativo-erp,AST-0017,64,0,0,0.202823,6246.96
TP-0004759,OPP-01052,LEAD-005722,4,4,2024-02-07,12,paid_search,integracao_erp_pesquisa_2024,demo_request,/produto/crm-integracao,AST-0019,73,0,1,0.729598,22471.62
TP-0004760,OPP-01053,LEAD-005728,1,4,2024-01-19,44,webinar_evento,campanha-natal-2024,impression,/lp/demo-gratis,AST-0015,1,1,0,0.004132,230.15
TP-0004761,OPP-01053,LEAD-005728,2,4,2024-01-19,44,linkedin_ads,linkedin_prospeccao_q1_2024,click,/ebook/gestao-pipeline-vendas,AST-0009,16,0,0,0.009535,531.11
TP-0004762,OPP-01053,LEAD-005728,3,4,2024-02-11,21,linkedin_ads,linkedin_gestores_2024,form_fill,/webinar/automacao-vendas-demo,AST-0014,54,0,0,0.180751,10067.83
TP-0004763,OPP-01053,LEAD-005728,4,4,2024-02-21,11,linkedin_ads,linkedin_decisores_ti_2024,demo_request,/webinar/crm-para-gestores,AST-0013,81,0,1,0.805582,44870.92
TP-0004764,OPP-01054,LEAD-005729,1,6,2024-01-22,36,organic_search,,impression,/blog/gestao-vendas-b2b,AST-0001,23,1,0,0.003711,590.73
TP-0004765,OPP-01054,LEAD-005729,2,6,2024-02-01,26,organic_search,(none),click,/blog/funil-vendas-complexas,AST-0006,22,0,0,0.017492,2784.69
TP-0004766,OPP-01054,LEAD-005729,3,6,2024-02-11,16,organic_search,,content_view,/blog/crm-para-industria,AST-0002,34,0,0,0.047641,7584.48
TP-0004767,OPP-01054,LEAD-005729,4,6,2024-02-11,16,organic_search,,form_fill,/blog/funil-vendas-complexas,AST-0006,74,0,0,0.131013,20857.33
TP-0004768,OPP-01054,LEAD-005729,5,6,2024-02-15,12,organic_search,(not set),impression,/blog/integracao-erp-sistemas,AST-0003,16,0,0,0.015849,2523.19
TP-0004769,OPP-01054,LEAD-005729,6,6,2024-02-27,0,organic_search,(not set),proposal_sent,/blog/automacao-marketing-b2b,AST-0004,92,0,1,0.784294,124859.58
TP-0004770,OPP-01055,LEAD-005739,1,5,2024-01-16,35,direct,,click,/lp/comparativo-erp,AST-0017,29,1,0,0.047164,3909.93
TP-0004771,OPP-01055,LEAD-005739,2,5,2024-01-17,34,email_marketing,email_nurture_leads_2024,form_fill,/webinar/crm-para-gestores,AST-0013,56,0,0,0.142877,11844.53
TP-0004772,OPP-01055,LEAD-005739,3,5,2024-01-21,30,email_marketing,email_reengajamento_q1_2024,demo_request,/blog/leads-qualificados-b2b,AST-0007,89,0,0,0.276551,22926.05
TP-0004773,OPP-01055,LEAD-005739,4,5,2024-01-25,26,email_marketing,email_reengajamento_q1_2024,sales_call,/ebook/crm-para-varejo,AST-0008,100,0,0,0.414011,34321.48
TP-0004774,OPP-01055,LEAD-005739,5,5,2024-01-27,24,email_marketing,newsletter_mensal_01_2024,click,/ebook/crm-para-varejo,AST-0008,15,0,1,0.119397,9898.01
TP-0004775,OPP-01056,LEAD-005754,1,3,2024-01-29,40,paid_search,google_brand_keywords_2024,click,/lp/comparativo-erp,AST-0017,23,1,0,0.049458,1399.65
TP-0004776,OPP-01056,LEAD-005754,2,3,2024-02-16,22,paid_search,google_brand_keywords_2024,click,/lp/roi-calculator,AST-0018,31,0,0,0.137616,3894.52
TP-0004777,OPP-01056,LEAD-005754,3,3,2024-02-17,21,paid_search,google_brand_keywords_2024,form_fill,/produto/erp-connector,AST-0020,64,0,1,0.812927,23005.83
TP-0004778,OPP-01057,LEAD-005758,1,5,2024-01-31,39,organic_search,,impression,/produto/crm-integracao,AST-0019,1,1,0,0.002673,174.26
TP-0004779,OPP-01057,LEAD-005758,2,5,2024-02-17,22,direct,(not set),click,/produto/erp-connector,AST-0020,21,0,0,0.020772,1354.36
TP-0004780,OPP-01057,LEAD-005758,3,5,2024-02-28,11,direct,(direct),content_view,/lp/roi-calculator,AST-0018,38,0,0,0.060765,3961.9
TP-0004781,OPP-01057,LEAD-005758,4,5,2024-03-03,7,direct,(not set),form_fill,/blog/churn-saas-brasil,AST-0005,69,0,0,0.222368,14498.43
TP-0004782,OPP-01057,LEAD-005758,5,5,2024-03-08,2,direct,(direct),demo_request,/lp/roi-calculator,AST-0018,76,0,1,0.693421,45211.05
TP-0004783,OPP-01058,LEAD-005768,1,5,2024-01-21,39,direct,,click,/lp/trial-30-dias,AST-0016,29,1,0,0.016389,663.74
TP-0004784,OPP-01058,LEAD-005768,2,5,2024-01-26,34,direct,(not set),form_fill,/blog/churn-saas-brasil,AST-0005,76,0,0,0.066066,2675.66
TP-0004785,OPP-01058,LEAD-005768,3,5,2024-02-06,23,direct,,demo_request,/produto/crm-integracao,AST-0019,94,0,0,0.210831,8538.66
TP-0004786,OPP-01058,LEAD-005768,4,5,2024-02-20,9,direct,(not set),sales_call,/lp/trial-30-dias,AST-0016,90,0,0,0.644736,26111.8
TP-0004787,OPP-01058,LEAD-005768,5,5,2024-02-22,7,direct,,impression,/produto/api-marketplace,AST-0021,1,0,1,0.061979,2510.14
TP-0004788,OPP-01059,LEAD-005773,1,2,2024-01-30,34,meta_ads,fb-leads-varejo-2024,impression,/ebook/gestao-pipeline-vendas,AST-0009,14,1,0,0.109208,2992.3
TP-0004789,OPP-01059,LEAD-005773,2,2,2024-02-11,22,meta_ads,meta_awareness_2024,click,/ebook/roi-tecnologia-empresas,AST-0010,29,0,1,0.890792,24407.7
TP-0004790,OPP-01060,LEAD-005774,1,5,2024-01-24,35,linkedin_ads,linkedin_decisores_ti_2024,impression,/webinar/integracao-erp-ao-vivo,AST-0012,4,1,0,0.002813,124.35
TP-0004791,OPP-01060,LEAD-005774,2,5,2024-02-11,17,organic_search,,click,/ebook/gestao-pipeline-vendas,AST-0009,15,0,0,0.023485,1038.03
TP-0004792,OPP-01060,LEAD-005774,3,5,2024-02-13,15,organic_search,,content_view,/webinar/integracao-erp-ao-vivo,AST-0012,31,0,0,0.036122,1596.59
TP-0004793,OPP-01060,LEAD-005774,4,5,2024-02-22,6,organic_search,,demo_request,/blog/churn-saas-brasil,AST-0005,88,0,0,0.274802,12146.23
TP-0004794,OPP-01060,LEAD-005774,5,5,2024-02-27,1,organic_search,(none),sales_call,/blog/churn-saas-brasil,AST-0005,100,0,1,0.662778,29294.8
TP-0004795,OPP-01061,LEAD-005781,1,5,2024-01-15,41,webinar_evento,webinar_integracao_erp_2024,impression,/lp/roi-calculator,AST-0018,1,1,0,0.002468,497.28
TP-0004796,OPP-01061,LEAD-005781,2,5,2024-01-23,33,webinar_evento,black_friday_2023,click,/webinar/crm-para-gestores,AST-0013,12,0,0,0.010085,2032.11
TP-0004797,OPP-01061,LEAD-005781,3,5,2024-01-29,27,webinar_evento,webinar_integracao_erp_2024,form_fill,/webinar/crm-para-gestores,AST-0013,67,0,0,0.056764,11437.86
TP-0004798,OPP-01061,LEAD-005781,4,5,2024-02-07,18,webinar_evento,black_friday_2023,demo_request,/webinar/integracao-erp-ao-vivo,AST-0012,100,0,0,0.157031,31641.83
TP-0004799,OPP-01061,LEAD-005781,5,5,2024-02-22,3,webinar_evento,bf-23,sales_call,/webinar/integracao-erp-ao-vivo,AST-0012,99,0,1,0.773652,155890.92
TP-0004800,OPP-01062,LEAD-005782,1,3,2024-02-11,22,webinar_evento,black_friday_2023,impression,/webinar/crm-para-gestores,AST-0013,10,1,0,0.05254,11979.09
TP-0004801,OPP-01062,LEAD-005782,2,3,2024-02-11,22,webinar_evento,campanha-natal-2024,click,/blog/crm-para-industria,AST-0002,21,0,0,0.121246,27644.05
TP-0004802,OPP-01062,LEAD-005782,3,3,2024-02-14,19,webinar_evento,campanha-natal-2024,form_fill,/ebook/roi-tecnologia-empresas,AST-0010,74,0,1,0.826214,188376.85
TP-0004803,OPP-01063,LEAD-005791,1,2,2024-01-31,31,paid_search,crm-b2b-keywords-2024,click,/lp/trial-30-dias,AST-0016,35,1,0,0.360851,23130.55
TP-0004804,OPP-01063,LEAD-005791,2,2,2024-02-06,25,paid_search,google_branded_2024,click,/lp/roi-calculator,AST-0018,22,0,1,0.639149,40969.45
TP-0004805,OPP-01064,LEAD-005793,1,6,2024-01-27,41,email_marketing,email_nurture_leads_2024,email_open,/webinar/automacao-vendas-demo,AST-0014,21,1,0,0.019604,1307.59
TP-0004806,OPP-01064,LEAD-005793,2,6,2024-01-29,39,paid_search,pesquisa_concorrentes_q1_2024,click,/ebook/roi-tecnologia-empresas,AST-0010,19,0,0,0.026094,1740.45
TP-0004807,OPP-01064,LEAD-005793,3,6,2024-02-01,36,paid_search,pesquisa_concorrentes_q1_2024,content_view,/lp/roi-calculator,AST-0018,37,0,0,0.043106,2875.17
TP-0004808,OPP-01064,LEAD-005793,4,6,2024-02-05,32,paid_search,crm-b2b-keywords-2024,form_fill,/lp/demo-gratis,AST-0015,55,0,0,0.157745,10521.57
TP-0004809,OPP-01064,LEAD-005793,5,6,2024-02-20,17,paid_search,google_brand_keywords_2024,demo_request,/webinar/automacao-vendas-demo,AST-0014,93,0,0,0.669881,44681.06
TP-0004810,OPP-01064,LEAD-005793,6,6,2024-02-24,13,paid_search,google_brand_keywords_2024,impression,/lp/trial-30-dias,AST-0016,1,0,1,0.083571,5574.15
TP-0004811,OPP-01065,LEAD-005796,1,4,2024-01-25,39,paid_search,google_brand_keywords_2024,click,/produto/erp-connector,AST-0020,23,1,0,0.007837,251.57
TP-0004812,OPP-01065,LEAD-005796,2,4,2024-02-14,19,paid_search,crm-b2b-keywords-2024,click,/lp/demo-gratis,AST-0015,24,0,0,0.025156,807.5
TP-0004813,OPP-01065,LEAD-005796,3,4,2024-03-01,3,paid_search,integracao_erp_pesquisa_2024,form_fill,/lp/demo-gratis,AST-0015,53,0,0,0.289232,9284.34
TP-0004814,OPP-01065,LEAD-005796,4,4,2024-03-02,2,paid_search,google_branded_2024,demo_request,/lp/trial-30-dias,AST-0016,81,0,1,0.677775,21756.58
TP-0004815,OPP-01066,LEAD-005808,1,7,2024-01-16,39,linkedin_ads,linkedin_prospeccao_q1_2024,impression,/ebook/crm-para-varejo,AST-0008,16,1,0,0.002504,590.81
TP-0004816,OPP-01066,LEAD-005808,2,7,2024-01-31,24,linkedin_ads,linkedin_prospeccao_q1_2024,click,/webinar/automacao-vendas-demo,AST-0014,32,0,0,0.016874,3980.52
TP-0004817,OPP-01066,LEAD-005808,3,7,2024-02-02,22,linkedin_ads,linkedin_prospeccao_q1_2024,content_view,/webinar/automacao-vendas-demo,AST-0014,31,0,0,0.025953,6122.38
TP-0004818,OPP-01066,LEAD-005808,4,7,2024-02-12,12,linkedin_ads,linkedin_decisores_ti_2024,demo_request,/webinar/integracao-erp-ao-vivo,AST-0012,73,0,0,0.212062,50025.41
TP-0004819,OPP-01066,LEAD-005808,5,7,2024-02-16,8,linkedin_ads,linkedin_prospecao_q1_2024,sales_call,/webinar/crm-para-gestores,AST-0013,93,0,0,0.317468,74890.59
TP-0004820,OPP-01066,LEAD-005808,6,7,2024-02-17,7,linkedin_ads,lkd_awareness_2024,email_open,/ebook/roi-tecnologia-empresas,AST-0010,20,0,0,0.037886,8937.29
TP-0004821,OPP-01066,LEAD-005808,7,7,2024-02-20,4,linkedin_ads,lkd_awareness_2024,form_fill,/lp/comparativo-erp,AST-0017,69,0,1,0.387253,91353.01
TP-0004822,OPP-01067,LEAD-005816,1,2,2024-01-20,38,paid_search,integracao_erp_pesquisa_2024,click,/produto/crm-integracao,AST-0019,39,1,0,0.328599,21720.38
TP-0004823,OPP-01067,LEAD-005816,2,2,2024-01-28,30,paid_search,pesquisa_concorrentes_q1_2024,click,/blog/crm-para-industria,AST-0002,33,0,1,0.671401,44379.62
TP-0004824,OPP-01068,LEAD-005825,1,6,2024-01-25,39,webinar_evento,campanha-natal-2024,impression,/ebook/integracao-sistemas-guia,AST-0011,11,1,0,0.001935,96.37
TP-0004825,OPP-01068,LEAD-005825,2,6,2024-01-29,35,direct,,click,/produto/erp-connector,AST-0020,23,0,0,0.005942,295.93
TP-0004826,OPP-01068,LEAD-005825,3,6,2024-02-03,30,direct,(not set),form_fill,/produto/api-marketplace,AST-0021,66,0,0,0.031141,1550.83
TP-0004827,OPP-01068,LEAD-005825,4,6,2024-02-22,11,direct,(not set),demo_request,/produto/erp-connector,AST-0020,84,0,0,0.17598,8763.78
TP-0004828,OPP-01068,LEAD-005825,5,6,2024-02-27,6,direct,,sales_call,/blog/gestao-vendas-b2b,AST-0001,85,0,0,0.282957,14091.24
TP-0004829,OPP-01068,LEAD-005825,6,6,2024-03-02,2,direct,(direct),demo_request,/produto/erp-connector,AST-0020,82,0,1,0.502045,25001.85
TP-0004830,OPP-01069,LEAD-005830,1,3,2024-01-26,36,meta_ads,meta_awareness_2024,impression,/lp/roi-calculator,AST-0018,21,1,0,0.035448,3371.09
TP-0004831,OPP-01069,LEAD-005830,2,3,2024-01-30,32,meta_ads,fb-leads-varejo-2024,click,/lp/comparativo-erp,AST-0017,17,0,0,0.108856,10352.19
TP-0004832,OPP-01069,LEAD-005830,3,3,2024-02-04,27,meta_ads,meta_awareness_2024,form_fill,/ebook/integracao-sistemas-guia,AST-0011,56,0,1,0.855696,81376.72
TP-0004833,OPP-01070,LEAD-005833,1,3,2024-02-06,34,paid_search,crm-b2b-keywords-2024,click,/produto/crm-integracao,AST-0019,14,1,0,0.042087,3413.29
TP-0004834,OPP-01070,LEAD-005833,2,3,2024-02-08,32,paid_search,crm-b2b-keywords-2024,click,/lp/demo-gratis,AST-0015,26,0,0,0.037347,3028.81
TP-0004835,OPP-01070,LEAD-005833,3,3,2024-02-29,11,paid_search,google_brand_keywords_2024,form_fill,/produto/api-marketplace,AST-0021,61,0,1,0.920566,74657.91
TP-0004836,OPP-01071,LEAD-005835,1,9,2024-01-30,43,linkedin_ads,linkedin_prospecao_q1_2024,impression,/webinar/automacao-vendas-demo,AST-0014,15,1,0,0.002884,138.42
TP-0004837,OPP-01071,LEAD-005835,2,9,2024-02-06,36,linkedin_ads,linkedin_prospeccao_q1_2024,click,/ebook/gestao-pipeline-vendas,AST-0009,11,0,0,0.010972,526.65
TP-0004838,OPP-01071,LEAD-005835,3,9,2024-02-08,34,linkedin_ads,linkedin_prospeccao_q1_2024,content_view,/lp/roi-calculator,AST-0018,39,0,0,0.016876,810.03
TP-0004839,OPP-01071,LEAD-005835,4,9,2024-02-09,33,linkedin_ads,linkedin_prospecao_q1_2024,demo_request,/ebook/integracao-sistemas-guia,AST-0011,90,0,0,0.0725,3480.02
TP-0004840,OPP-01071,LEAD-005835,5,9,2024-02-15,27,linkedin_ads,linkedin_prospeccao_q1_2024,sales_call,/ebook/crm-para-varejo,AST-0008,76,0,0,0.125204,6009.8
TP-0004841,OPP-01071,LEAD-005835,6,9,2024-02-19,23,linkedin_ads,linkedin_decisores_ti_2024,email_open,/webinar/crm-para-gestores,AST-0013,1,0,0,0.018512,888.59
TP-0004842,OPP-01071,LEAD-005835,7,9,2024-02-21,21,linkedin_ads,linkedin_gestores_2024,impression,/ebook/gestao-pipeline-vendas,AST-0009,15,0,0,0.010678,512.52
TP-0004843,OPP-01071,LEAD-005835,8,9,2024-02-26,16,linkedin_ads,linkedin_prospecao_q1_2024,click,/ebook/roi-tecnologia-empresas,AST-0010,24,0,0,0.045782,2197.56
TP-0004844,OPP-01071,LEAD-005835,9,9,2024-03-06,7,linkedin_ads,linkedin_gestores_2024,demo_request,/lp/trial-30-dias,AST-0016,96,0,1,0.696592,33436.41
TP-0004845,OPP-01072,LEAD-005841,1,8,2024-01-14,44,webinar_evento,bf-23,impression,/lp/trial-30-dias,AST-0016,13,1,0,0.00258,123.07
TP-0004846,OPP-01072,LEAD-005841,2,8,2024-01-16,42,webinar_evento,black_friday_2023,click,/webinar/automacao-vendas-demo,AST-0014,19,0,0,0.006868,327.62
TP-0004847,OPP-01072,LEAD-005841,3,8,2024-01-20,38,webinar_evento,campanha_natal_2024,form_fill,/lp/comparativo-erp,AST-0017,69,0,0,0.033512,1598.53
TP-0004848,OPP-01072,LEAD-005841,4,8,2024-01-23,35,webinar_evento,black_friday_2023,demo_request,/lp/trial-30-dias,AST-0016,100,0,0,0.060394,2880.78
TP-0004849,OPP-01072,LEAD-005841,5,8,2024-01-26,32,webinar_evento,campanha-natal-2024,sales_call,/lp/trial-30-dias,AST-0016,100,0,0,0.08418,4015.37
TP-0004850,OPP-01072,LEAD-005841,6,8,2024-02-02,25,webinar_evento,webinar_integracao_erp_2024,email_open,/lp/comparativo-erp,AST-0017,16,0,0,0.015421,735.58
TP-0004851,OPP-01072,LEAD-005841,7,8,2024-02-11,16,webinar_evento,campanha_natal_2024,click,/lp/comparativo-erp,AST-0017,30,0,0,0.043994,2098.51
TP-0004852,OPP-01072,LEAD-005841,8,8,2024-02-20,7,webinar_evento,campanha_natal_2024,sales_call,/webinar/automacao-vendas-demo,AST-0014,89,0,1,0.753051,35920.55
TP-0004853,OPP-01073,LEAD-005847,1,5,2024-01-31,33,webinar_evento,black_friday_2023,impression,/webinar/crm-para-gestores,AST-0013,10,1,0,0.003122,324.33
TP-0004854,OPP-01073,LEAD-005847,2,5,2024-02-01,32,webinar_evento,black_friday_2023,click,/lp/demo-gratis,AST-0015,22,0,0,0.007737,803.86
TP-0004855,OPP-01073,LEAD-005847,3,5,2024-02-08,25,webinar_evento,evento_crm_gestores_q1,form_fill,/lp/demo-gratis,AST-0015,51,0,0,0.046772,4859.6
TP-0004856,OPP-01073,LEAD-005847,4,5,2024-02-29,4,webinar_evento,campanha_natal_2024,demo_request,/lp/trial-30-dias,AST-0016,86,0,0,0.304898,31678.87
TP-0004857,OPP-01073,LEAD-005847,5,5,2024-03-03,1,webinar_evento,bf-23,sales_call,/webinar/integracao-erp-ao-vivo,AST-0012,89,0,1,0.637472,66233.33
TP-0004858,OPP-01074,LEAD-005848,1,5,2024-01-20,37,organic_search,(none),impression,/produto/erp-connector,AST-0020,7,1,0,0.005797,383.79
TP-0004859,OPP-01074,LEAD-005848,2,5,2024-01-29,28,organic_search,(not set),click,/produto/crm-integracao,AST-0019,16,0,0,0.025445,1684.46
TP-0004860,OPP-01074,LEAD-005848,3,5,2024-02-04,22,organic_search,(none),content_view,/produto/crm-integracao,AST-0019,47,0,0,0.05208,3447.68
TP-0004861,OPP-01074,LEAD-005848,4,5,2024-02-13,13,organic_search,(none),form_fill,/lp/trial-30-dias,AST-0016,87,0,0,0.27239,18032.19
TP-0004862,OPP-01074,LEAD-005848,5,5,2024-02-16,10,organic_search,(none),proposal_sent,/blog/gestao-vendas-b2b,AST-0001,73,0,1,0.644288,42651.88
TP-0004863,OPP-01075,LEAD-005866,1,9,2024-01-21,42,linkedin_ads,linkedin_prospeccao_q1_2024,impression,/ebook/crm-para-varejo,AST-0008,15,1,0,0.003494,361.65
TP-0004864,OPP-01075,LEAD-005866,2,9,2024-01-29,34,direct,,click,/blog/leads-qualificados-b2b,AST-0007,31,0,0,0.014279,1477.86
TP-0004865,OPP-01075,LEAD-005866,3,9,2024-01-29,34,direct,,content_view,/lp/demo-gratis,AST-0015,31,0,0,0.019038,1970.48
TP-0004866,OPP-01075,LEAD-005866,4,9,2024-02-03,29,direct,,demo_request,/produto/api-marketplace,AST-0021,89,0,0,0.108842,11265.13
TP-0004867,OPP-01075,LEAD-005866,5,9,2024-02-10,22,direct,(not set),sales_call,/produto/api-marketplace,AST-0021,81,0,0,0.201881,20894.69
TP-0004868,OPP-01075,LEAD-005866,6,9,2024-02-11,21,direct,(not set),email_open,/produto/erp-connector,AST-0020,1,0,0,0.024092,2493.53
TP-0004869,OPP-01075,LEAD-005866,7,9,2024-02-20,12,direct,,demo_request,/lp/roi-calculator,AST-0018,89,0,0,0.366567,37939.69
TP-0004870,OPP-01075,LEAD-005866,8,9,2024-02-26,6,direct,,impression,/blog/leads-qualificados-b2b,AST-0007,1,0,0,0.035169,3639.99
TP-0004871,OPP-01075,LEAD-005866,9,9,2024-02-27,5,direct,(direct),content_view,/webinar/integracao-erp-ao-vivo,AST-0012,35,0,1,0.226638,23456.99
TP-0004872,OPP-01076,LEAD-005877,1,5,2024-02-05,41,webinar_evento,black_friday_2023,impression,/blog/leads-qualificados-b2b,AST-0007,1,1,0,0.002787,278.18
TP-0004873,OPP-01076,LEAD-005877,2,5,2024-02-17,29,webinar_evento,bf-23,click,/blog/crm-para-industria,AST-0002,35,0,0,0.015157,1512.72
TP-0004874,OPP-01076,LEAD-005877,3,5,2024-02-25,21,webinar_evento,evento_crm_gestores_q1,form_fill,/lp/trial-30-dias,AST-0016,53,0,0,0.098416,9821.93
TP-0004875,OPP-01076,LEAD-005877,4,5,2024-03-05,12,webinar_evento,campanha-natal-2024,demo_request,/blog/automacao-marketing-b2b,AST-0004,73,0,0,0.272259,27171.49
TP-0004876,OPP-01076,LEAD-005877,5,5,2024-03-09,8,webinar_evento,campanha_natal_2024,sales_call,/lp/roi-calculator,AST-0018,86,0,1,0.61138,61015.68
TP-0004877,OPP-01077,LEAD-005879,1,2,2024-02-19,19,organic_search,(not set),impression,/produto/api-marketplace,AST-0021,19,1,0,0.09004,8229.69
TP-0004878,OPP-01077,LEAD-005879,2,2,2024-03-05,4,organic_search,(none),click,/ebook/crm-para-varejo,AST-0008,18,0,1,0.90996,83170.31
TP-0004879,OPP-01078,LEAD-005882,1,8,2024-01-27,42,linkedin_ads,linkedin_prospeccao_q1_2024,impression,/ebook/gestao-pipeline-vendas,AST-0009,7,1,0,0.009626,1052.16
TP-0004880,OPP-01078,LEAD-005882,2,8,2024-02-04,34,linkedin_ads,linkedin_prospeccao_q1_2024,click,/produto/crm-integracao,AST-0019,35,0,0,0.039338,4299.59
TP-0004881,OPP-01078,LEAD-005882,3,8,2024-02-05,33,linkedin_ads,linkedin_gestores_2024,content_view,/ebook/gestao-pipeline-vendas,AST-0009,33,0,0,0.056334,6157.25
TP-0004882,OPP-01078,LEAD-005882,4,8,2024-02-05,33,linkedin_ads,linkedin_gestores_2024,demo_request,/blog/leads-qualificados-b2b,AST-0007,83,0,0,0.225334,24629.01
TP-0004883,OPP-01078,LEAD-005882,5,8,2024-02-08,30,linkedin_ads,linkedin_prospecao_q1_2024,sales_call,/ebook/gestao-pipeline-vendas,AST-0009,85,0,0,0.314082,34329.12
TP-0004884,OPP-01078,LEAD-005882,6,8,2024-02-16,22,linkedin_ads,lkd_awareness_2024,click,/lp/roi-calculator,AST-0018,23,0,0,0.092696,10131.64
TP-0004885,OPP-01078,LEAD-005882,7,8,2024-02-21,17,linkedin_ads,lkd_awareness_2024,impression,/blog/integracao-erp-sistemas,AST-0003,12,0,0,0.044161,4826.85
TP-0004886,OPP-01078,LEAD-005882,8,8,2024-02-28,10,linkedin_ads,linkedin_decisores_ti_2024,email_open,/ebook/integracao-sistemas-guia,AST-0011,22,0,1,0.21843,23874.38
TP-0004887,OPP-01079,LEAD-005883,1,6,2024-02-05,32,webinar_evento,campanha_natal_2024,impression,/lp/roi-calculator,AST-0018,13,1,0,0.008508,422.87
TP-0004888,OPP-01079,LEAD-005883,2,6,2024-02-15,22,webinar_evento,black_friday_2023,click,/lp/roi-calculator,AST-0018,19,0,0,0.040109,1993.39
TP-0004889,OPP-01079,LEAD-005883,3,6,2024-02-15,22,webinar_evento,campanha-natal-2024,form_fill,/produto/erp-connector,AST-0020,73,0,0,0.147065,7309.11
TP-0004890,OPP-01079,LEAD-005883,4,6,2024-02-19,18,webinar_evento,bf-23,demo_request,/lp/roi-calculator,AST-0018,90,0,0,0.284656,14147.38
TP-0004891,OPP-01079,LEAD-005883,5,6,2024-02-22,15,webinar_evento,evento_crm_gestores_q1,sales_call,/lp/demo-gratis,AST-0015,82,0,0,0.396767,19719.31
TP-0004892,OPP-01079,LEAD-005883,6,6,2024-02-25,12,webinar_evento,evento_crm_gestores_q1,click,/webinar/integracao-erp-ao-vivo,AST-0012,2,0,1,0.122896,6107.94
TP-0004893,OPP-01080,LEAD-005894,1,2,2024-01-31,33,paid_search,google_branded_2024,click,/lp/roi-calculator,AST-0018,27,1,0,0.297886,8579.11
TP-0004894,OPP-01080,LEAD-005894,2,2,2024-02-10,23,paid_search,google_branded_2024,click,/lp/roi-calculator,AST-0018,14,0,1,0.702114,20220.89
TP-0004895,OPP-01081,LEAD-005915,1,5,2024-02-10,36,organic_search,(not set),impression,/produto/crm-integracao,AST-0019,13,1,0,0.008559,801.11
TP-0004896,OPP-01081,LEAD-005915,2,5,2024-02-16,30,meta_ads,ig_gestores_b2b_q1,click,/blog/gestao-vendas-b2b,AST-0001,9,0,0,0.030319,2837.88
TP-0004897,OPP-01081,LEAD-005915,3,5,2024-02-17,29,meta_ads,ig_gestores_b2b_q1,content_view,/lp/demo-gratis,AST-0015,38,0,0,0.043419,4064.0
TP-0004898,OPP-01081,LEAD-005915,4,5,2024-02-26,20,meta_ads,fb-leads-varejo-2024,form_fill,/ebook/integracao-sistemas-guia,AST-0011,51,0,0,0.227091,21255.72
TP-0004899,OPP-01081,LEAD-005915,5,5,2024-02-29,17,meta_ads,ig_gestores_b2b_q1,sales_call,/ebook/integracao-sistemas-guia,AST-0011,83,0,1,0.690612,64641.29
TP-0004900,OPP-01082,LEAD-005917,1,6,2024-02-05,35,linkedin_ads,linkedin_prospecao_q1_2024,impression,/lp/trial-30-dias,AST-0016,4,1,0,0.002528,110.47
TP-0004901,OPP-01082,LEAD-005917,2,6,2024-02-07,33,email_marketing,campanha_email_02-2024,click,/blog/crm-para-industria,AST-0002,30,0,0,0.006729,294.07
TP-0004902,OPP-01082,LEAD-005917,3,6,2024-02-10,30,email_marketing,email_reengajamento_q1_2024,content_view,/blog/crm-para-industria,AST-0002,39,0,0,0.011116,485.79
TP-0004903,OPP-01082,LEAD-005917,4,6,2024-02-23,17,email_marketing,email_reengajamento_q1_2024,demo_request,/lp/roi-calculator,AST-0018,80,0,0,0.112538,4917.92
TP-0004904,OPP-01082,LEAD-005917,5,6,2024-03-09,2,email_marketing,email_nurture_leads_2024,sales_call,/blog/crm-para-industria,AST-0002,93,0,0,0.36963,16152.85
TP-0004905,OPP-01082,LEAD-005917,6,6,2024-03-11,0,email_marketing,newsletter_mensal_03_2024,proposal_sent,/lp/roi-calculator,AST-0018,84,0,1,0.497458,21738.92
TP-0004906,OPP-01083,LEAD-005924,1,7,2024-02-06,39,webinar_evento,webinar_integracao_erp_2024,impression,/lp/demo-gratis,AST-0015,10,1,0,0.011264,1358.46
TP-0004907,OPP-01083,LEAD-005924,2,7,2024-02-11,34,organic_search,(not set),click,/blog/integracao-erp-sistemas,AST-0003,32,0,0,0.037152,4480.54
TP-0004908,OPP-01083,LEAD-005924,3,7,2024-02-11,34,organic_search,,form_fill,/produto/crm-integracao,AST-0019,65,0,0,0.136224,16428.66
TP-0004909,OPP-01083,LEAD-005924,4,7,2024-02-16,29,organic_search,,demo_request,/produto/api-marketplace,AST-0021,85,0,0,0.283196,34153.46
TP-0004910,OPP-01083,LEAD-005924,5,7,2024-02-17,28,organic_search,(none),sales_call,/produto/api-marketplace,AST-0021,86,0,0,0.342185,41267.51
TP-0004911,OPP-01083,LEAD-005924,6,7,2024-02-22,23,organic_search,(none),click,/blog/integracao-erp-sistemas,AST-0003,36,0,0,0.081511,9830.2
TP-0004912,OPP-01083,LEAD-005924,7,7,2024-02-26,19,organic_search,,email_open,/blog/leads-qualificados-b2b,AST-0007,25,0,1,0.108467,13081.16
TP-0004913,OPP-01084,LEAD-005927,1,8,2024-01-20,43,linkedin_ads,linkedin_prospecao_q1_2024,impression,/webinar/integracao-erp-ao-vivo,AST-0012,20,1,0,0.00188,83.66
TP-0004914,OPP-01084,LEAD-005927,2,8,2024-02-07,25,organic_search,(none),click,/produto/crm-integracao,AST-0019,23,0,0,0.015693,698.35
TP-0004915,OPP-01084,LEAD-005927,3,8,2024-02-09,23,organic_search,(not set),content_view,/lp/trial-30-dias,AST-0016,33,0,0,0.024138,1074.12
TP-0004916,OPP-01084,LEAD-005927,4,8,2024-02-10,22,organic_search,,demo_request,/blog/integracao-erp-sistemas,AST-0003,78,0,0,0.103699,4614.6
TP-0004917,OPP-01084,LEAD-005927,5,8,2024-02-20,12,organic_search,(not set),sales_call,/blog/crm-para-industria,AST-0002,90,0,0,0.238307,10604.66
TP-0004918,OPP-01084,LEAD-005927,6,8,2024-02-23,9,organic_search,(none),form_fill,/produto/erp-connector,AST-0020,84,0,0,0.180435,8029.35
TP-0004919,OPP-01084,LEAD-005927,7,8,2024-02-25,7,organic_search,,content_view,/blog/churn-saas-brasil,AST-0005,37,0,0,0.075688,3368.14
TP-0004920,OPP-01084,LEAD-005927,8,8,2024-02-27,5,organic_search,,form_fill,/blog/gestao-vendas-b2b,AST-0001,50,0,1,0.36016,16027.12
TP-0004921,OPP-01085,LEAD-005932,1,3,2024-02-17,30,email_marketing,email_reengajamento_q1_2024,email_open,/ebook/integracao-sistemas-guia,AST-0011,5,1,0,0.067553,2627.82
TP-0004922,OPP-01085,LEAD-005932,2,3,2024-03-06,12,email_marketing,email_nurture_leads_2024,click,/blog/integracao-erp-sistemas,AST-0003,27,0,0,0.28195,10967.87
TP-0004923,OPP-01085,LEAD-005932,3,3,2024-03-08,10,email_marketing,campanha_email_03-2024,content_view,/webinar/integracao-erp-ao-vivo,AST-0012,48,0,1,0.650496,25304.31
TP-0004924,OPP-01086,LEAD-005934,1,5,2024-01-31,40,direct,,click,/lp/trial-30-dias,AST-0016,10,1,0,0.011756,459.65
TP-0004925,OPP-01086,LEAD-005934,2,5,2024-02-21,19,linkedin_ads,linkedin_decisores_ti_2024,form_fill,/webinar/automacao-vendas-demo,AST-0014,72,0,0,0.1486,5810.26
TP-0004926,OPP-01086,LEAD-005934,3,5,2024-02-26,14,linkedin_ads,lkd_awareness_2024,demo_request,/blog/gestao-vendas-b2b,AST-0001,72,0,0,0.308924,12078.92
TP-0004927,OPP-01086,LEAD-005934,4,5,2024-03-01,10,linkedin_ads,linkedin_prospecao_q1_2024,sales_call,/lp/trial-30-dias,AST-0016,86,0,0,0.462475,18082.76
TP-0004928,OPP-01086,LEAD-005934,5,5,2024-03-09,2,linkedin_ads,linkedin_decisores_ti_2024,impression,/lp/roi-calculator,AST-0018,1,0,1,0.068246,2668.41
TP-0004929,OPP-01087,LEAD-005938,1,6,2024-02-01,31,linkedin_ads,linkedin_gestores_2024,impression,/ebook/integracao-sistemas-guia,AST-0011,10,1,0,0.005616,546.96
TP-0004930,OPP-01087,LEAD-005938,2,6,2024-02-07,25,linkedin_ads,linkedin_prospeccao_q1_2024,click,/webinar/crm-para-gestores,AST-0013,34,0,0,0.019893,1937.57
TP-0004931,OPP-01087,LEAD-005938,3,6,2024-02-10,22,linkedin_ads,linkedin_gestores_2024,content_view,/webinar/crm-para-gestores,AST-0013,10,0,0,0.032862,3200.8
TP-0004932,OPP-01087,LEAD-005938,4,6,2024-02-14,18,linkedin_ads,linkedin_decisores_ti_2024,demo_request,/lp/demo-gratis,AST-0015,79,0,0,0.174922,17037.4
TP-0004933,OPP-01087,LEAD-005938,5,6,2024-02-20,12,linkedin_ads,linkedin_decisores_ti_2024,sales_call,/lp/demo-gratis,AST-0015,90,0,0,0.302081,29422.66
TP-0004934,OPP-01087,LEAD-005938,6,6,2024-02-22,10,linkedin_ads,linkedin_decisores_ti_2024,demo_request,/webinar/automacao-vendas-demo,AST-0014,76,0,1,0.464626,45254.61
TP-0004935,OPP-01088,LEAD-005940,1,6,2024-02-02,40,organic_search,(not set),impression,/blog/funil-vendas-complexas,AST-0006,4,1,0,0.002639,84.71
TP-0004936,OPP-01088,LEAD-005940,2,6,2024-02-16,26,linkedin_ads,linkedin_decisores_ti_2024,click,/ebook/crm-para-varejo,AST-0008,18,0,0,0.016553,531.36
TP-0004937,OPP-01088,LEAD-005940,3,6,2024-02-24,18,linkedin_ads,lkd_awareness_2024,content_view,/ebook/crm-para-varejo,AST-0008,19,0,0,0.039084,1254.58
TP-0004938,OPP-01088,LEAD-005940,4,6,2024-03-01,12,linkedin_ads,linkedin_gestores_2024,form_fill,/ebook/integracao-sistemas-guia,AST-0011,63,0,0,0.164988,5296.13
TP-0004939,OPP-01088,LEAD-005940,5,6,2024-03-07,6,linkedin_ads,linkedin_decisores_ti_2024,content_view,/lp/roi-calculator,AST-0018,35,0,0,0.092097,2956.32
TP-0004940,OPP-01088,LEAD-005940,6,6,2024-03-10,3,linkedin_ads,lkd_awareness_2024,demo_request,/ebook/crm-para-varejo,AST-0008,83,0,1,0.684638,21976.89
TP-0004941,OPP-01089,LEAD-005941,1,2,2024-02-20,25,direct,,click,/lp/trial-30-dias,AST-0016,23,1,0,0.05735,5775.12
TP-0004942,OPP-01089,LEAD-005941,2,2,2024-03-10,6,direct,,form_fill,/lp/roi-calculator,AST-0018,68,0,1,0.94265,94924.88
TP-0004943,OPP-01090,LEAD-005952,1,4,2024-02-03,44,direct,(not set),click,/blog/leads-qualificados-b2b,AST-0007,28,1,0,0.006474,615.66
TP-0004944,OPP-01090,LEAD-005952,2,4,2024-02-08,39,email_marketing,campanha_email_02-2024,form_fill,/ebook/gestao-pipeline-vendas,AST-0009,80,0,0,0.026097,2481.85
TP-0004945,OPP-01090,LEAD-005952,3,4,2024-02-16,31,email_marketing,email_reengajamento_q1_2024,demo_request,/blog/leads-qualificados-b2b,AST-0007,76,0,0,0.067219,6392.5
TP-0004946,OPP-01090,LEAD-005952,4,4,2024-03-16,2,email_marketing,campanha_email_03-2024,sales_call,/webinar/crm-para-gestores,AST-0013,83,0,1,0.90021,85609.99
TP-0004947,OPP-01091,LEAD-005957,1,3,2024-02-02,38,organic_search,,impression,/produto/crm-integracao,AST-0019,11,1,0,0.08964,12190.99
TP-0004948,OPP-01091,LEAD-005957,2,3,2024-02-06,34,organic_search,(not set),click,/produto/crm-integracao,AST-0019,14,0,0,0.275272,37437.0
TP-0004949,OPP-01091,LEAD-005957,3,3,2024-02-08,32,organic_search,(not set),content_view,/produto/erp-connector,AST-0020,46,0,1,0.635088,86372.02
TP-0004950,OPP-01092,LEAD-005959,1,3,2024-02-02,42,webinar_evento,bf-23,impression,/webinar/automacao-vendas-demo,AST-0014,13,1,0,0.010279,1093.7
TP-0004951,OPP-01092,LEAD-005959,2,3,2024-02-21,23,webinar_evento,evento_crm_gestores_q1,click,/webinar/integracao-erp-ao-vivo,AST-0012,31,0,0,0.092158,9805.63
TP-0004952,OPP-01092,LEAD-005959,3,3,2024-02-29,15,webinar_evento,black_friday_2023,form_fill,/lp/comparativo-erp,AST-0017,46,0,1,0.897563,95500.67
TP-0004953,OPP-01093,LEAD-005961,1,5,2024-02-04,34,organic_search,(none),impression,/produto/api-marketplace,AST-0021,1,1,0,0.010184,1471.65
TP-0004954,OPP-01093,LEAD-005961,2,5,2024-02-06,32,organic_search,(none),click,/blog/automacao-marketing-b2b,AST-0004,9,0,0,0.027112,3917.64
TP-0004955,OPP-01093,LEAD-005961,3,5,2024-02-10,28,organic_search,(not set),content_view,/produto/erp-connector,AST-0020,51,0,0,0.048104,6951.01
TP-0004956,OPP-01093,LEAD-005961,4,5,2024-02-29,9,organic_search,,form_fill,/blog/integracao-erp-sistemas,AST-0003,59,0,0,0.51394,74264.31
TP-0004957,OPP-01093,LEAD-005961,5,5,2024-03-05,4,organic_search,,content_view,/produto/erp-connector,AST-0020,57,0,1,0.40066,57895.38
TP-0004958,OPP-01094,LEAD-005962,1,5,2024-02-26,21,webinar_evento,campanha_natal_2024,impression,/produto/crm-integracao,AST-0019,3,1,0,0.007172,942.37
TP-0004959,OPP-01094,LEAD-005962,2,5,2024-03-04,14,webinar_evento,black_friday_2023,click,/webinar/automacao-vendas-demo,AST-0014,25,0,0,0.027287,3585.47
TP-0004960,OPP-01094,LEAD-005962,3,5,2024-03-05,13,webinar_evento,evento_crm_gestores_q1,form_fill,/lp/comparativo-erp,AST-0017,70,0,0,0.107459,14120.12
TP-0004961,OPP-01094,LEAD-005962,4,5,2024-03-15,3,webinar_evento,campanha-natal-2024,demo_request,/blog/leads-qualificados-b2b,AST-0007,80,0,0,0.319287,41954.25
TP-0004962,OPP-01094,LEAD-005962,5,5,2024-03-15,3,webinar_evento,black_friday_2023,sales_call,/blog/gestao-vendas-b2b,AST-0001,83,0,1,0.538796,70797.8
TP-0004963,OPP-01095,LEAD-005963,1,8,2024-02-05,43,linkedin_ads,linkedin_decisores_ti_2024,impression,/ebook/gestao-pipeline-vendas,AST-0009,21,1,0,0.00645,1185.45
TP-0004964,OPP-01095,LEAD-005963,2,8,2024-02-06,42,linkedin_ads,linkedin_prospeccao_q1_2024,click,/webinar/crm-para-gestores,AST-0013,15,0,0,0.015986,2938.2
TP-0004965,OPP-01095,LEAD-005963,3,8,2024-02-08,40,linkedin_ads,linkedin_prospecao_q1_2024,content_view,/lp/demo-gratis,AST-0015,19,0,0,0.024588,4519.2
TP-0004966,OPP-01095,LEAD-005963,4,8,2024-02-08,40,linkedin_ads,linkedin_prospecao_q1_2024,demo_request,/lp/comparativo-erp,AST-0017,87,0,0,0.09835,18076.8
TP-0004967,OPP-01095,LEAD-005963,5,8,2024-02-14,34,linkedin_ads,linkedin_prospecao_q1_2024,sales_call,/ebook/crm-para-varejo,AST-0008,100,0,0,0.169846,31217.65
TP-0004968,OPP-01095,LEAD-005963,6,8,2024-02-23,25,linkedin_ads,linkedin_gestores_2024,sales_call,/ebook/roi-tecnologia-empresas,AST-0010,79,0,0,0.323031,59373.07
TP-0004969,OPP-01095,LEAD-005963,7,8,2024-02-28,20,linkedin_ads,linkedin_decisores_ti_2024,content_view,/ebook/crm-para-varejo,AST-0008,35,0,0,0.102597,18857.41
TP-0004970,OPP-01095,LEAD-005963,8,8,2024-03-16,3,linkedin_ads,linkedin_prospecao_q1_2024,email_open,/webinar/crm-para-gestores,AST-0013,21,0,1,0.259153,47632.24
TP-0004971,OPP-01096,LEAD-005968,1,4,2024-02-10,28,paid_search,integracao_erp_pesquisa_2024,click,/blog/crm-para-industria,AST-0002,29,1,0,0.044794,1303.51
TP-0004972,OPP-01096,LEAD-005968,2,4,2024-02-15,23,linkedin_ads,lkd_awareness_2024,click,/ebook/roi-tecnologia-empresas,AST-0010,19,0,0,0.049247,1433.1
TP-0004973,OPP-01096,LEAD-005968,3,4,2024-02-17,21,linkedin_ads,linkedin_gestores_2024,form_fill,/ebook/roi-tecnologia-empresas,AST-0010,43,0,0,0.208303,6061.63
TP-0004974,OPP-01096,LEAD-005968,4,4,2024-02-23,15,linkedin_ads,linkedin_gestores_2024,demo_request,/blog/churn-saas-brasil,AST-0005,74,0,1,0.697655,20301.77
TP-0004975,OPP-01097,LEAD-005970,1,7,2024-01-22,43,linkedin_ads,linkedin_prospeccao_q1_2024,impression,/ebook/integracao-sistemas-guia,AST-0011,1,1,0,0.0079,837.45
TP-0004976,OPP-01097,LEAD-005970,2,7,2024-01-25,40,linkedin_ads,lkd_awareness_2024,click,/webinar/integracao-erp-ao-vivo,AST-0012,25,0,0,0.022589,2394.41
TP-0004977,OPP-01097,LEAD-005970,3,7,2024-01-29,36,linkedin_ads,lkd_awareness_2024,content_view,/webinar/crm-para-gestores,AST-0013,39,0,0,0.040079,4248.36
TP-0004978,OPP-01097,LEAD-005970,4,7,2024-01-31,34,linkedin_ads,linkedin_prospeccao_q1_2024,demo_request,/webinar/integracao-erp-ao-vivo,AST-0012,74,0,0,0.184934,19603.02
TP-0004979,OPP-01097,LEAD-005970,5,7,2024-02-02,32,linkedin_ads,linkedin_prospeccao_q1_2024,sales_call,/ebook/roi-tecnologia-empresas,AST-0010,100,0,0,0.24,25440.03
TP-0004980,OPP-01097,LEAD-005970,6,7,2024-02-02,32,linkedin_ads,linkedin_prospecao_q1_2024,form_fill,/webinar/automacao-vendas-demo,AST-0014,71,0,0,0.146667,15546.68
TP-0004981,OPP-01097,LEAD-005970,7,7,2024-02-27,7,linkedin_ads,lkd_awareness_2024,click,/webinar/integracao-erp-ao-vivo,AST-0012,34,0,1,0.357831,37930.05
TP-0004982,OPP-01098,LEAD-005972,1,8,2024-02-02,41,webinar_evento,bf-23,impression,/webinar/automacao-vendas-demo,AST-0014,28,1,0,0.002468,290.2
TP-0004983,OPP-01098,LEAD-005972,2,8,2024-02-02,41,webinar_evento,webinar_integracao_erp_2024,click,/webinar/integracao-erp-ao-vivo,AST-0012,34,0,0,0.005695,669.69
TP-0004984,OPP-01098,LEAD-005972,3,8,2024-02-07,36,webinar_evento,campanha_natal_2024,form_fill,/webinar/crm-para-gestores,AST-0013,71,0,0,0.029843,3509.54
TP-0004985,OPP-01098,LEAD-005972,4,8,2024-02-15,28,webinar_evento,evento_crm_gestores_q1,demo_request,/webinar/automacao-vendas-demo,AST-0014,68,0,0,0.076867,9039.54
TP-0004986,OPP-01098,LEAD-005972,5,8,2024-02-21,22,webinar_evento,webinar_integracao_erp_2024,sales_call,/lp/roi-calculator,AST-0018,98,0,0,0.132745,15610.79
TP-0004987,OPP-01098,LEAD-005972,6,8,2024-02-28,15,webinar_evento,black_friday_2023,sales_call,/lp/comparativo-erp,AST-0017,78,0,0,0.218859,25737.85
TP-0004988,OPP-01098,LEAD-005972,7,8,2024-03-10,4,webinar_evento,campanha_natal_2024,proposal_sent,/lp/roi-calculator,AST-0018,94,0,0,0.373467,43919.67
TP-0004989,OPP-01098,LEAD-005972,8,8,2024-03-10,4,webinar_evento,black_friday_2023,content_view,/webinar/integracao-erp-ao-vivo,AST-0012,38,0,1,0.160057,18822.72
TP-0004990,OPP-01099,LEAD-005978,1,7,2024-02-09,24,linkedin_ads,linkedin_gestores_2024,impression,/ebook/roi-tecnologia-empresas,AST-0010,1,1,0,0.00582,958.02
TP-0004991,OPP-01099,LEAD-005978,2,7,2024-02-09,24,paid_search,pesquisa_concorrentes_q1_2024,click,/lp/trial-30-dias,AST-0016,19,0,0,0.013431,2210.82
TP-0004992,OPP-01099,LEAD-005978,3,7,2024-02-16,17,paid_search,pesquisa_concorrentes_q1_2024,content_view,/lp/comparativo-erp,AST-0017,24,0,0,0.029526,4860.03
TP-0004993,OPP-01099,LEAD-005978,4,7,2024-02-18,15,paid_search,crm-b2b-keywords-2024,demo_request,/lp/comparativo-erp,AST-0017,71,0,0,0.136242,22425.43
TP-0004994,OPP-01099,LEAD-005978,5,7,2024-02-18,15,paid_search,google_brand_keywords_2024,sales_call,/produto/api-marketplace,AST-0021,83,0,0,0.153272,25228.61
TP-0004995,OPP-01099,LEAD-005978,6,7,2024-02-24,9,paid_search,crm-b2b-keywords-2024,demo_request,/blog/funil-vendas-complexas,AST-0006,79,0,0,0.20914,34424.44
TP-0004996,OPP-01099,LEAD-005978,7,7,2024-03-02,2,paid_search,integracao_erp_pesquisa_2024,proposal_sent,/lp/demo-gratis,AST-0015,79,0,1,0.452568,74492.66
TP-0004997,OPP-01100,LEAD-005981,1,6,2024-02-03,41,organic_search,,impression,/produto/erp-connector,AST-0020,1,1,0,0.00302,501.07
TP-0004998,OPP-01100,LEAD-005981,2,6,2024-02-05,39,organic_search,,click,/produto/erp-connector,AST-0020,25,0,0,0.00804,1333.88
TP-0004999,OPP-01100,LEAD-005981,3,6,2024-02-15,29,organic_search,,content_view,/produto/erp-connector,AST-0020,40,0,0,0.021899,3633.0
TP-0005000,OPP-01100,LEAD-005981,4,6,2024-03-03,12,organic_search,(none),form_fill,/produto/erp-connector,AST-0020,71,0,0,0.202819,33647.69
TP-0005001,OPP-01100,LEAD-005981,5,6,2024-03-08,7,organic_search,(none),email_open,/blog/churn-saas-brasil,AST-0005,28,0,0,0.052705,8743.75
TP-0005002,OPP-01100,LEAD-005981,6,6,2024-03-08,7,organic_search,(not set),sales_call,/blog/funil-vendas-complexas,AST-0006,76,0,1,0.711517,118040.62
TP-0005003,OPP-01101,LEAD-005983,1,3,2024-01-30,41,meta_ads,fb-leads-varejo-2024,impression,/ebook/gestao-pipeline-vendas,AST-0009,3,1,0,0.015356,328.63
TP-0005004,OPP-01101,LEAD-005983,2,3,2024-02-15,25,meta_ads,fb-leads-varejo-2024,click,/lp/demo-gratis,AST-0015,36,0,0,0.111123,2378.04
TP-0005005,OPP-01101,LEAD-005983,3,3,2024-02-20,20,meta_ads,fb-leads-varejo-2024,form_fill,/lp/comparativo-erp,AST-0017,71,0,1,0.87352,18693.33
TP-0005006,OPP-01102,LEAD-005986,1,7,2024-02-15,37,webinar_evento,campanha-natal-2024,impression,/lp/comparativo-erp,AST-0017,5,1,0,0.002476,258.5
TP-0005007,OPP-01102,LEAD-005986,2,7,2024-03-04,19,webinar_evento,bf-23,click,/lp/roi-calculator,AST-0018,46,0,0,0.020669,2157.87
TP-0005008,OPP-01102,LEAD-005986,3,7,2024-03-08,15,webinar_evento,campanha_natal_2024,form_fill,/lp/trial-30-dias,AST-0016,67,0,0,0.100851,10528.82
TP-0005009,OPP-01102,LEAD-005986,4,7,2024-03-09,14,webinar_evento,campanha_natal_2024,demo_request,/webinar/integracao-erp-ao-vivo,AST-0012,74,0,0,0.157553,16448.57
TP-0005010,OPP-01102,LEAD-005986,5,7,2024-03-16,7,webinar_evento,bf-23,sales_call,/lp/comparativo-erp,AST-0017,90,0,0,0.292232,30509.0
TP-0005011,OPP-01102,LEAD-005986,6,7,2024-03-17,6,webinar_evento,campanha-natal-2024,content_view,/webinar/integracao-erp-ao-vivo,AST-0012,43,0,0,0.069749,7281.76
TP-0005012,OPP-01102,LEAD-005986,7,7,2024-03-20,3,webinar_evento,campanha_natal_2024,form_fill,/produto/erp-connector,AST-0020,58,0,1,0.35647,37215.47
TP-0005013,OPP-01103,LEAD-005998,1,8,2024-02-07,43,webinar_evento,campanha_natal_2024,impression,/webinar/crm-para-gestores,AST-0013,1,1,0,0.001443,163.24
TP-0005014,OPP-01103,LEAD-005998,2,8,2024-02-08,42,webinar_evento,campanha-natal-2024,click,/webinar/crm-para-gestores,AST-0013,20,0,0,0.003577,404.6
TP-0005015,OPP-01103,LEAD-005998,3,8,2024-02-16,34,webinar_evento,bf-23,form_fill,/webinar/integracao-erp-ao-vivo,AST-0012,55,0,0,0.023228,2627.06
TP-0005016,OPP-01103,LEAD-005998,4,8,2024-02-24,26,webinar_evento,bf-23,demo_request,/blog/gestao-vendas-b2b,AST-0001,91,0,0,0.059828,6766.53
TP-0005017,OPP-01103,LEAD-005998,5,8,2024-03-03,18,webinar_evento,campanha-natal-2024,sales_call,/webinar/integracao-erp-ao-vivo,AST-0012,77,0,0,0.119186,13479.9
TP-0005018,OPP-01103,LEAD-005998,6,8,2024-03-14,7,webinar_evento,webinar_integracao_erp_2024,click,/lp/demo-gratis,AST-0015,18,0,0,0.043582,4929.09
TP-0005019,OPP-01103,LEAD-005998,7,8,2024-03-15,6,webinar_evento,bf-23,sales_call,/lp/comparativo-erp,AST-0017,100,0,0,0.280851,31764.3
TP-0005020,OPP-01103,LEAD-005998,8,8,2024-03-20,1,webinar_evento,campanha_natal_2024,proposal_sent,/lp/roi-calculator,AST-0018,78,0,1,0.468305,52965.27
TP-0005021,OPP-01104,LEAD-006005,1,3,2024-02-16,30,webinar_evento,black_friday_2023,impression,/lp/comparativo-erp,AST-0017,11,1,0,0.015725,640.03
TP-0005022,OPP-01104,LEAD-006005,2,3,2024-03-07,10,webinar_evento,campanha-natal-2024,click,/lp/comparativo-erp,AST-0017,32,0,0,0.151427,6163.07
TP-0005023,OPP-01104,LEAD-006005,3,3,2024-03-07,10,webinar_evento,webinar_integracao_erp_2024,form_fill,/lp/trial-30-dias,AST-0016,83,0,1,0.832848,33896.9
TP-0005024,OPP-01105,LEAD-006014,1,3,2024-01-28,40,organic_search,(none),impression,/blog/crm-para-industria,AST-0002,18,1,0,0.011845,1551.65
TP-0005025,OPP-01105,LEAD-006014,2,3,2024-02-22,15,organic_search,(none),click,/produto/erp-connector,AST-0020,41,0,0,0.163014,21354.83
TP-0005026,OPP-01105,LEAD-006014,3,3,2024-03-06,2,organic_search,,content_view,/produto/erp-connector,AST-0020,40,0,1,0.825141,108093.52
TP-0005027,OPP-01106,LEAD-006020,1,4,2024-02-22,32,paid_search,crm-b2b-keywords-2024,click,/webinar/automacao-vendas-demo,AST-0014,28,1,0,0.026446,1851.22
TP-0005028,OPP-01106,LEAD-006020,2,4,2024-03-06,19,paid_search,google_branded_2024,click,/produto/api-marketplace,AST-0021,17,0,0,0.051486,3604.03
TP-0005029,OPP-01106,LEAD-006020,3,4,2024-03-12,13,paid_search,pesquisa_concorrentes_q1_2024,form_fill,/produto/erp-connector,AST-0020,60,0,0,0.289793,20285.49
TP-0005030,OPP-01106,LEAD-006020,4,4,2024-03-12,13,paid_search,google_brand_keywords_2024,demo_request,/blog/crm-para-industria,AST-0002,79,0,1,0.632275,44259.26
TP-0005031,OPP-01107,LEAD-006024,1,3,2024-02-13,28,organic_search,(not set),impression,/blog/gestao-vendas-b2b,AST-0001,18,1,0,0.02164,672.99
TP-0005032,OPP-01107,LEAD-006024,2,3,2024-03-06,6,organic_search,(not set),click,/blog/integracao-erp-sistemas,AST-0003,39,0,0,0.240376,7475.69
TP-0005033,OPP-01107,LEAD-006024,3,3,2024-03-12,0,organic_search,(not set),content_view,/blog/crm-para-industria,AST-0002,32,0,1,0.737984,22951.32
TP-0005034,OPP-01108,LEAD-006039,1,7,2024-02-16,38,webinar_evento,campanha_natal_2024,impression,/webinar/crm-para-gestores,AST-0013,3,1,0,0.003092,319.35
TP-0005035,OPP-01108,LEAD-006039,2,7,2024-02-27,27,direct,(direct),click,/produto/crm-integracao,AST-0019,41,0,0,0.015652,1616.89
TP-0005036,OPP-01108,LEAD-006039,3,7,2024-02-28,26,direct,,form_fill,/ebook/roi-tecnologia-empresas,AST-0010,53,0,0,0.061641,6367.55
TP-0005037,OPP-01108,LEAD-006039,4,7,2024-03-11,14,direct,(not set),demo_request,/lp/demo-gratis,AST-0015,87,0,0,0.211277,21824.9
TP-0005038,OPP-01108,LEAD-006039,5,7,2024-03-11,14,direct,,sales_call,/lp/comparativo-erp,AST-0017,86,0,0,0.237686,24553.01
TP-0005039,OPP-01108,LEAD-006039,6,7,2024-03-12,13,direct,(not set),sales_call,/lp/roi-calculator,AST-0018,83,0,0,0.255285,26370.95
TP-0005040,OPP-01108,LEAD-006039,7,7,2024-03-25,0,direct,,content_view,/lp/trial-30-dias,AST-0016,13,0,1,0.215366,22247.34
TP-0005041,OPP-01109,LEAD-006041,1,5,2024-02-09,39,paid_search,google_branded_2024,click,/lp/demo-gratis,AST-0015,28,1,0,0.006724,514.37
TP-0005042,OPP-01109,LEAD-006041,2,5,2024-02-21,27,paid_search,pesquisa_concorrentes_q1_2024,click,/lp/trial-30-dias,AST-0016,23,0,0,0.012188,932.37
TP-0005043,OPP-01109,LEAD-006041,3,5,2024-02-28,20,paid_search,google_brand_keywords_2024,form_fill,/blog/integracao-erp-sistemas,AST-0003,69,0,0,0.073679,5636.44
TP-0005044,OPP-01109,LEAD-006041,4,5,2024-03-16,3,paid_search,google_branded_2024,demo_request,/webinar/crm-para-gestores,AST-0013,91,0,0,0.360935,27611.51
TP-0005045,OPP-01109,LEAD-006041,5,5,2024-03-18,1,paid_search,integracao_erp_pesquisa_2024,proposal_sent,/lp/roi-calculator,AST-0018,92,0,1,0.546475,41805.31
TP-0005046,OPP-01110,LEAD-006044,1,4,2024-02-21,26,organic_search,,impression,/blog/churn-saas-brasil,AST-0005,6,1,0,0.013914,1022.65
TP-0005047,OPP-01110,LEAD-006044,2,4,2024-02-24,23,organic_search,,click,/blog/automacao-marketing-b2b,AST-0004,13,0,0,0.039781,2923.93
TP-0005048,OPP-01110,LEAD-006044,3,4,2024-03-10,8,organic_search,(none),content_view,/produto/erp-connector,AST-0020,30,0,0,0.154858,11382.09
TP-0005049,OPP-01110,LEAD-006044,4,4,2024-03-13,5,organic_search,(none),form_fill,/produto/crm-integracao,AST-0019,55,0,1,0.791447,58171.33
TP-0005050,OPP-01111,LEAD-006045,1,2,2024-03-09,17,paid_search,google_brand_keywords_2024,click,/ebook/crm-para-varejo,AST-0008,27,1,0,0.428994,23637.55
TP-0005051,OPP-01111,LEAD-006045,2,2,2024-03-11,15,paid_search,integracao_erp_pesquisa_2024,click,/lp/comparativo-erp,AST-0017,8,0,1,0.571006,31462.45
TP-0005052,OPP-01112,LEAD-006047,1,6,2024-02-12,39,linkedin_ads,linkedin_prospeccao_q1_2024,impression,/produto/erp-connector,AST-0020,1,1,0,0.004866,392.65
TP-0005053,OPP-01112,LEAD-006047,2,6,2024-02-14,37,linkedin_ads,linkedin_prospecao_q1_2024,click,/webinar/automacao-vendas-demo,AST-0014,25,0,0,0.012953,1045.27
TP-0005054,OPP-01112,LEAD-006047,3,6,2024-02-26,25,linkedin_ads,linkedin_prospeccao_q1_2024,content_view,/lp/roi-calculator,AST-0018,37,0,0,0.040695,3284.12
TP-0005055,OPP-01112,LEAD-006047,4,6,2024-03-05,17,linkedin_ads,linkedin_decisores_ti_2024,demo_request,/ebook/crm-para-varejo,AST-0008,88,0,0,0.288253,23262.01
TP-0005056,OPP-01112,LEAD-006047,5,6,2024-03-12,10,linkedin_ads,linkedin_gestores_2024,sales_call,/webinar/integracao-erp-ao-vivo,AST-0012,79,0,0,0.534655,43146.65
TP-0005057,OPP-01112,LEAD-006047,6,6,2024-03-16,6,linkedin_ads,linkedin_gestores_2024,email_open,/lp/roi-calculator,AST-0018,26,0,1,0.118579,9569.3
TP-0005058,OPP-01113,LEAD-006056,1,3,2024-02-22,17,paid_search,google_brand_keywords_2024,click,/webinar/integracao-erp-ao-vivo,AST-0012,16,1,0,0.064736,1780.25
TP-0005059,OPP-01113,LEAD-006056,2,3,2024-02-28,11,paid_search,pesquisa_concorrentes_q1_2024,click,/produto/erp-connector,AST-0020,14,0,0,0.076442,2102.15
TP-0005060,OPP-01113,LEAD-006056,3,3,2024-03-09,1,paid_search,integracao_erp_pesquisa_2024,form_fill,/lp/demo-gratis,AST-0015,70,0,1,0.858822,23617.61
TP-0005061,OPP-01114,LEAD-006062,1,6,2024-03-02,25,organic_search,,impression,/blog/integracao-erp-sistemas,AST-0003,1,1,0,0.02091,698.41
TP-0005062,OPP-01114,LEAD-006062,2,6,2024-03-07,20,organic_search,,click,/ebook/gestao-pipeline-vendas,AST-0009,23,0,0,0.068968,2303.53
TP-0005063,OPP-01114,LEAD-006062,3,6,2024-03-11,16,organic_search,,content_view,/blog/leads-qualificados-b2b,AST-0007,38,0,0,0.122369,4087.11
TP-0005064,OPP-01114,LEAD-006062,4,6,2024-03-19,8,organic_search,(none),form_fill,/blog/gestao-vendas-b2b,AST-0001,50,0,0,0.595897,19902.97
TP-0005065,OPP-01114,LEAD-006062,5,6,2024-03-22,5,organic_search,(none),impression,/produto/crm-integracao,AST-0019,1,0,0,0.067118,2241.76
TP-0005066,OPP-01114,LEAD-006062,6,6,2024-03-25,2,organic_search,,impression,/produto/crm-integracao,AST-0019,12,0,1,0.124737,4166.22
TP-0005067,OPP-01115,LEAD-006067,1,3,2024-02-23,19,meta_ads,ig_gestores_b2b_q1,impression,/lp/comparativo-erp,AST-0017,7,1,0,0.023889,602.0
TP-0005068,OPP-01115,LEAD-006067,2,3,2024-03-01,12,meta_ads,meta_awareness_2024,click,/lp/demo-gratis,AST-0015,15,0,0,0.090891,2290.45
TP-0005069,OPP-01115,LEAD-006067,3,3,2024-03-09,4,meta_ads,fb-leads-varejo-2024,form_fill,/ebook/gestao-pipeline-vendas,AST-0009,66,0,1,0.88522,22307.55
TP-0005070,OPP-01116,LEAD-006073,1,9,2024-02-11,44,linkedin_ads,linkedin_gestores_2024,impression,/webinar/crm-para-gestores,AST-0013,4,1,0,0.002116,501.74
TP-0005071,OPP-01116,LEAD-006073,2,9,2024-02-13,42,meta_ads,fb-leads-varejo-2024,click,/ebook/roi-tecnologia-empresas,AST-0010,35,0,0,0.005633,1335.68
TP-0005072,OPP-01116,LEAD-006073,3,9,2024-02-16,39,meta_ads,ig_gestores_b2b_q1,content_view,/ebook/roi-tecnologia-empresas,AST-0010,33,0,0,0.009306,2206.5
TP-0005073,OPP-01116,LEAD-006073,4,9,2024-02-29,26,meta_ads,facebook_retargeting_2024,demo_request,/ebook/integracao-sistemas-guia,AST-0011,83,0,0,0.094212,22337.59
TP-0005074,OPP-01116,LEAD-006073,5,9,2024-03-01,25,meta_ads,facebook_retargeting_2024,sales_call,/ebook/integracao-sistemas-guia,AST-0011,100,0,0,0.113836,26990.44
TP-0005075,OPP-01116,LEAD-006073,6,9,2024-03-06,20,meta_ads,ig_gestores_b2b_q1,content_view,/lp/trial-30-dias,AST-0016,28,0,0,0.036155,8572.4
TP-0005076,OPP-01116,LEAD-006073,7,9,2024-03-07,19,meta_ads,meta_awareness_2024,proposal_sent,/ebook/integracao-sistemas-guia,AST-0011,73,0,0,0.135913,32224.91
TP-0005077,OPP-01116,LEAD-006073,8,9,2024-03-12,14,meta_ads,meta_awareness_2024,email_open,/lp/comparativo-erp,AST-0017,3,0,0,0.02775,6579.59
TP-0005078,OPP-01116,LEAD-006073,9,9,2024-03-18,8,meta_ads,ig_gestores_b2b_q1,sales_call,/lp/trial-30-dias,AST-0016,94,0,1,0.575079,136351.15
TP-0005079,OPP-01117,LEAD-006076,1,5,2024-02-09,40,paid_search,google_brand_keywords_2024,click,/lp/trial-30-dias,AST-0016,7,1,0,0.030775,1027.9
TP-0005080,OPP-01117,LEAD-006076,2,5,2024-02-12,37,paid_search,google_branded_2024,click,/lp/comparativo-erp,AST-0017,30,0,0,0.029331,979.65
TP-0005081,OPP-01117,LEAD-006076,3,5,2024-02-28,21,paid_search,pesquisa_concorrentes_q1_2024,form_fill,/produto/erp-connector,AST-0020,75,0,0,0.337234,11263.61
TP-0005082,OPP-01117,LEAD-006076,4,5,2024-02-29,20,paid_search,crm-b2b-keywords-2024,demo_request,/lp/demo-gratis,AST-0015,87,0,0,0.526841,17596.49
TP-0005083,OPP-01117,LEAD-006076,5,5,2024-03-06,14,paid_search,google_branded_2024,impression,/lp/comparativo-erp,AST-0017,24,0,1,0.075819,2532.35
TP-0005084,OPP-01118,LEAD-006077,1,3,2024-02-09,38,paid_search,google_branded_2024,click,/produto/api-marketplace,AST-0021,11,1,0,0.015027,1148.08
TP-0005085,OPP-01118,LEAD-006077,2,3,2024-02-20,27,paid_search,crm-b2b-keywords-2024,click,/blog/automacao-marketing-b2b,AST-0004,19,0,0,0.025361,1937.57
TP-0005086,OPP-01118,LEAD-006077,3,3,2024-03-18,0,paid_search,google_branded_2024,form_fill,/lp/trial-30-dias,AST-0016,47,0,1,0.959612,73314.35
TP-0005087,OPP-01119,LEAD-006086,1,2,2024-02-15,35,paid_search,crm-b2b-keywords-2024,click,/produto/erp-connector,AST-0020,37,1,0,0.394409,10412.41
TP-0005088,OPP-01119,LEAD-006086,2,2,2024-02-19,31,paid_search,integracao_erp_pesquisa_2024,click,/lp/comparativo-erp,AST-0017,20,0,1,0.605591,15987.59
TP-0005089,OPP-01120,LEAD-006092,1,2,2024-02-12,40,organic_search,(none),impression,/produto/erp-connector,AST-0020,1,1,0,0.020143,1897.43
TP-0005090,OPP-01120,LEAD-006092,2,2,2024-03-20,3,organic_search,,click,/ebook/crm-para-varejo,AST-0008,15,0,1,0.979857,92302.57
TP-0005091,OPP-01121,LEAD-006104,1,4,2024-02-17,27,organic_search,,impression,/produto/api-marketplace,AST-0021,13,1,0,0.011462,385.11
TP-0005092,OPP-01121,LEAD-006104,2,4,2024-03-09,6,webinar_evento,campanha_natal_2024,click,/lp/roi-calculator,AST-0018,14,0,0,0.11854,3982.94
TP-0005093,OPP-01121,LEAD-006104,3,4,2024-03-10,5,webinar_evento,campanha-natal-2024,content_view,/lp/trial-30-dias,AST-0016,10,0,0,0.169756,5703.79
TP-0005094,OPP-01121,LEAD-006104,4,4,2024-03-10,5,webinar_evento,black_friday_2023,form_fill,/lp/demo-gratis,AST-0015,55,0,1,0.700243,23528.15
TP-0005095,OPP-01122,LEAD-006115,1,3,2024-02-13,39,paid_search,pesquisa_concorrentes_q1_2024,click,/produto/erp-connector,AST-0020,35,1,0,0.066508,5387.17
TP-0005096,OPP-01122,LEAD-006115,2,3,2024-02-13,39,paid_search,google_branded_2024,click,/webinar/integracao-erp-ao-vivo,AST-0012,44,0,0,0.05116,4143.98
TP-0005097,OPP-01122,LEAD-006115,3,3,2024-02-29,23,paid_search,google_brand_keywords_2024,form_fill,/produto/erp-connector,AST-0020,55,0,1,0.882331,71468.85
TP-0005098,OPP-01123,LEAD-006127,1,6,2024-02-07,42,organic_search,,impression,/webinar/automacao-vendas-demo,AST-0014,1,1,0,0.001469,127.93
TP-0005099,OPP-01123,LEAD-006127,2,6,2024-03-12,8,direct,(not set),click,/lp/comparativo-erp,AST-0017,21,0,0,0.038446,3348.67
TP-0005100,OPP-01123,LEAD-006127,3,6,2024-03-15,5,direct,(direct),content_view,/produto/crm-integracao,AST-0019,21,0,0,0.063512,5531.9
TP-0005101,OPP-01123,LEAD-006127,4,6,2024-03-16,4,direct,,form_fill,/blog/funil-vendas-complexas,AST-0006,64,0,0,0.18759,16339.09
TP-0005102,OPP-01123,LEAD-006127,5,6,2024-03-19,1,direct,(direct),form_fill,/lp/trial-30-dias,AST-0016,56,0,0,0.23242,20243.75
TP-0005103,OPP-01123,LEAD-006127,6,6,2024-03-20,0,direct,,proposal_sent,/webinar/crm-para-gestores,AST-0013,86,0,1,0.476563,41508.66
TP-0005104,OPP-01124,LEAD-006130,1,4,2024-03-06,25,direct,,click,/produto/crm-integracao,AST-0019,20,1,0,0.015468,623.38
TP-0005105,OPP-01124,LEAD-006130,2,4,2024-03-18,13,direct,,form_fill,/produto/api-marketplace,AST-0021,58,0,0,0.102808,4143.15
TP-0005106,OPP-01124,LEAD-006130,3,4,2024-03-29,2,direct,(direct),demo_request,/produto/crm-integracao,AST-0019,96,0,0,0.328083,13221.76
TP-0005107,OPP-01124,LEAD-006130,4,4,2024-03-29,2,direct,(not set),sales_call,/produto/api-marketplace,AST-0021,95,0,1,0.553641,22311.72
TP-0005108,OPP-01125,LEAD-006133,1,5,2024-02-13,37,direct,(not set),click,/produto/api-marketplace,AST-0021,24,1,0,0.008715,300.68
TP-0005109,OPP-01125,LEAD-006133,2,5,2024-02-27,23,organic_search,,form_fill,/blog/integracao-erp-sistemas,AST-0003,74,0,0,0.066821,2305.32
TP-0005110,OPP-01125,LEAD-006133,3,5,2024-03-11,10,organic_search,,demo_request,/blog/leads-qualificados-b2b,AST-0007,74,0,0,0.245988,8486.58
TP-0005111,OPP-01125,LEAD-006133,4,5,2024-03-19,2,organic_search,(none),sales_call,/produto/api-marketplace,AST-0021,71,0,0,0.490043,16906.5
TP-0005112,OPP-01125,LEAD-006133,5,5,2024-03-21,0,organic_search,(not set),content_view,/lp/demo-gratis,AST-0015,44,0,1,0.188432,6500.91
TP-0005113,OPP-01126,LEAD-006136,1,3,2024-02-04,44,direct,(direct),click,/webinar/automacao-vendas-demo,AST-0014,34,1,0,0.009232,726.53
TP-0005114,OPP-01126,LEAD-006136,2,3,2024-03-03,16,direct,(not set),form_fill,/lp/demo-gratis,AST-0015,56,0,0,0.192397,15141.61
TP-0005115,OPP-01126,LEAD-006136,3,3,2024-03-12,7,direct,(direct),demo_request,/lp/trial-30-dias,AST-0016,69,0,1,0.798372,62831.86
TP-0005116,OPP-01127,LEAD-006137,1,3,2024-02-15,34,paid_search,pesquisa_concorrentes_q1_2024,click,/lp/comparativo-erp,AST-0017,21,1,0,0.044,1513.62
TP-0005117,OPP-01127,LEAD-006137,2,3,2024-02-23,26,paid_search,google_brand_keywords_2024,click,/produto/erp-connector,AST-0020,23,0,0,0.059935,2061.77
TP-0005118,OPP-01127,LEAD-006137,3,3,2024-03-08,12,paid_search,integracao_erp_pesquisa_2024,form_fill,/ebook/crm-para-varejo,AST-0008,66,0,1,0.896064,30824.61
TP-0005119,OPP-01128,LEAD-006138,1,6,2024-02-11,43,linkedin_ads,linkedin_prospeccao_q1_2024,impression,/ebook/integracao-sistemas-guia,AST-0011,1,1,0,0.00233,280.3
TP-0005120,OPP-01128,LEAD-006138,2,6,2024-02-22,32,meta_ads,fb-leads-varejo-2024,click,/lp/comparativo-erp,AST-0017,32,0,0,0.011797,1419.17
TP-0005121,OPP-01128,LEAD-006138,3,6,2024-02-26,28,meta_ads,meta_awareness_2024,content_view,/ebook/roi-tecnologia-empresas,AST-0010,33,0,0,0.020931,2518.01
TP-0005122,OPP-01128,LEAD-006138,4,6,2024-02-27,27,meta_ads,facebook_retargeting_2024,demo_request,/ebook/integracao-sistemas-guia,AST-0011,71,0,0,0.089923,10817.79
TP-0005123,OPP-01128,LEAD-006138,5,6,2024-03-03,22,meta_ads,fb-leads-varejo-2024,sales_call,/webinar/automacao-vendas-demo,AST-0014,82,0,0,0.144587,17393.86
TP-0005124,OPP-01128,LEAD-006138,6,6,2024-03-20,5,meta_ads,meta_awareness_2024,sales_call,/ebook/integracao-sistemas-guia,AST-0011,81,0,1,0.730431,87870.87
TP-0005125,OPP-01129,LEAD-006139,1,5,2024-02-17,42,linkedin_ads,lkd_awareness_2024,impression,/lp/comparativo-erp,AST-0017,1,1,0,0.001965,92.54
TP-0005126,OPP-01129,LEAD-006139,2,5,2024-02-23,36,linkedin_ads,linkedin_prospeccao_q1_2024,click,/webinar/automacao-vendas-demo,AST-0014,20,0,0,0.00696,327.82
TP-0005127,OPP-01129,LEAD-006139,3,5,2024-03-13,17,linkedin_ads,linkedin_decisores_ti_2024,content_view,/produto/api-marketplace,AST-0021,49,0,0,0.036054,1698.13
TP-0005128,OPP-01129,LEAD-006139,4,5,2024-03-17,13,linkedin_ads,linkedin_prospecao_q1_2024,demo_request,/ebook/gestao-pipeline-vendas,AST-0009,98,0,0,0.191908,9038.87
TP-0005129,OPP-01129,LEAD-006139,5,5,2024-03-29,1,linkedin_ads,linkedin_prospeccao_q1_2024,sales_call,/lp/roi-calculator,AST-0018,92,0,1,0.763114,35942.65
TP-0005130,OPP-01130,LEAD-006140,1,6,2024-02-18,35,linkedin_ads,linkedin_decisores_ti_2024,impression,/ebook/roi-tecnologia-empresas,AST-0010,1,1,0,0.003662,199.2
TP-0005131,OPP-01130,LEAD-006140,2,6,2024-02-20,33,paid_search,integracao_erp_pesquisa_2024,click,/produto/crm-integracao,AST-0019,16,0,0,0.009748,530.29
TP-0005132,OPP-01130,LEAD-006140,3,6,2024-02-23,30,paid_search,integracao_erp_pesquisa_2024,content_view,/produto/crm-integracao,AST-0019,31,0,0,0.016103,876.02
TP-0005133,OPP-01130,LEAD-006140,4,6,2024-03-03,21,paid_search,pesquisa_concorrentes_q1_2024,demo_request,/ebook/crm-para-varejo,AST-0008,85,0,0,0.122508,6664.42
TP-0005134,OPP-01130,LEAD-006140,5,6,2024-03-15,9,paid_search,pesquisa_concorrentes_q1_2024,sales_call,/lp/roi-calculator,AST-0018,96,0,0,0.324764,17667.17
TP-0005135,OPP-01130,LEAD-006140,6,6,2024-03-16,8,paid_search,crm-b2b-keywords-2024,sales_call,/lp/comparativo-erp,AST-0017,94,0,1,0.523215,28462.91
TP-0005136,OPP-01131,LEAD-006141,1,6,2024-02-16,44,webinar_evento,webinar_integracao_erp_2024,impression,/produto/erp-connector,AST-0020,4,1,0,0.001957,253.02
TP-0005137,OPP-01131,LEAD-006141,2,6,2024-03-02,29,webinar_evento,campanha_natal_2024,click,/lp/comparativo-erp,AST-0017,18,0,0,0.013184,1704.71
TP-0005138,OPP-01131,LEAD-006141,3,6,2024-03-11,20,webinar_evento,webinar_integracao_erp_2024,form_fill,/blog/gestao-vendas-b2b,AST-0001,71,0,0,0.091942,11888.06
TP-0005139,OPP-01131,LEAD-006141,4,6,2024-03-13,18,webinar_evento,evento_crm_gestores_q1,demo_request,/lp/comparativo-erp,AST-0017,85,0,0,0.15427,19947.13
TP-0005140,OPP-01131,LEAD-006141,5,6,2024-03-17,14,webinar_evento,black_friday_2023,sales_call,/ebook/gestao-pipeline-vendas,AST-0009,95,0,0,0.23095,29861.87
TP-0005141,OPP-01131,LEAD-006141,6,6,2024-03-24,7,webinar_evento,bf-23,demo_request,/produto/api-marketplace,AST-0021,73,0,1,0.507697,65645.21
TP-0005142,OPP-01132,LEAD-006142,1,5,2024-02-17,40,webinar_evento,campanha_natal_2024,impression,/lp/trial-30-dias,AST-0016,1,1,0,0.004153,188.13
TP-0005143,OPP-01132,LEAD-006142,2,5,2024-03-03,25,webinar_evento,webinar_integracao_erp_2024,click,/lp/comparativo-erp,AST-0017,35,0,0,0.027981,1267.54
TP-0005144,OPP-01132,LEAD-006142,3,5,2024-03-04,24,webinar_evento,black_friday_2023,form_fill,/webinar/integracao-erp-ao-vivo,AST-0012,69,0,0,0.110193,4991.76
TP-0005145,OPP-01132,LEAD-006142,4,5,2024-03-11,17,webinar_evento,evento_crm_gestores_q1,demo_request,/lp/demo-gratis,AST-0015,77,0,0,0.264259,11970.93
TP-0005146,OPP-01132,LEAD-006142,5,5,2024-03-15,13,webinar_evento,evento_crm_gestores_q1,sales_call,/lp/comparativo-erp,AST-0017,79,0,1,0.593414,26881.64
TP-0005147,OPP-01133,LEAD-006149,1,2,2024-03-17,14,direct,(not set),click,/produto/crm-integracao,AST-0019,26,1,0,0.11776,11964.45
TP-0005148,OPP-01133,LEAD-006149,2,2,2024-03-25,6,direct,(not set),form_fill,/produto/crm-integracao,AST-0019,75,0,1,0.88224,89635.55
TP-0005149,OPP-01134,LEAD-006150,1,6,2024-02-09,43,linkedin_ads,lkd_awareness_2024,impression,/webinar/automacao-vendas-demo,AST-0014,1,1,0,0.006564,1302.93
TP-0005150,OPP-01134,LEAD-006150,2,6,2024-02-20,32,linkedin_ads,linkedin_prospecao_q1_2024,click,/lp/trial-30-dias,AST-0016,33,0,0,0.033233,6596.73
TP-0005151,OPP-01134,LEAD-006150,3,6,2024-02-25,27,linkedin_ads,linkedin_decisores_ti_2024,content_view,/lp/demo-gratis,AST-0015,41,0,0,0.06333,12571.08
TP-0005152,OPP-01134,LEAD-006150,4,6,2024-02-26,26,linkedin_ads,linkedin_prospecao_q1_2024,demo_request,/ebook/integracao-sistemas-guia,AST-0011,98,0,0,0.272078,54007.45
TP-0005153,OPP-01134,LEAD-006150,5,6,2024-02-29,23,linkedin_ads,linkedin_prospecao_q1_2024,sales_call,/lp/comparativo-erp,AST-0017,97,0,0,0.379235,75278.21
TP-0005154,OPP-01134,LEAD-006150,6,6,2024-03-19,4,linkedin_ads,linkedin_prospecao_q1_2024,email_open,/webinar/automacao-vendas-demo,AST-0014,17,0,1,0.24556,48743.61
TP-0005155,OPP-01135,LEAD-006160,1,8,2024-02-18,41,webinar_evento,bf-23,impression,/webinar/crm-para-gestores,AST-0013,41,1,0,0.002597,108.02
TP-0005156,OPP-01135,LEAD-006160,2,8,2024-02-21,38,paid_search,google_brand_keywords_2024,click,/produto/erp-connector,AST-0020,25,0,0,0.007424,308.85
TP-0005157,OPP-01135,LEAD-006160,3,8,2024-02-22,37,paid_search,integracao_erp_pesquisa_2024,form_fill,/produto/crm-integracao,AST-0019,52,0,0,0.029238,1216.32
TP-0005158,OPP-01135,LEAD-006160,4,8,2024-03-01,29,paid_search,integracao_erp_pesquisa_2024,demo_request,/produto/erp-connector,AST-0020,75,0,0,0.075309,3132.87
TP-0005159,OPP-01135,LEAD-006160,5,8,2024-03-08,22,paid_search,pesquisa_concorrentes_q1_2024,sales_call,/produto/api-marketplace,AST-0021,87,0,0,0.139684,5810.87
TP-0005160,OPP-01135,LEAD-006160,6,8,2024-03-11,19,paid_search,google_brand_keywords_2024,impression,/blog/gestao-vendas-b2b,AST-0001,22,0,0,0.009615,399.97
TP-0005161,OPP-01135,LEAD-006160,7,8,2024-03-19,11,paid_search,google_branded_2024,form_fill,/produto/crm-integracao,AST-0019,62,0,0,0.187284,7791.0
TP-0005162,OPP-01135,LEAD-006160,8,8,2024-03-25,5,paid_search,integracao_erp_pesquisa_2024,proposal_sent,/blog/integracao-erp-sistemas,AST-0003,79,0,1,0.548849,22832.1
TP-0005163,OPP-01136,LEAD-006180,1,5,2024-02-19,35,paid_search,google_brand_keywords_2024,click,/produto/crm-integracao,AST-0019,32,1,0,0.021511,1471.34
TP-0005164,OPP-01136,LEAD-006180,2,5,2024-03-11,14,meta_ads,meta_awareness_2024,click,/lp/trial-30-dias,AST-0016,14,0,0,0.074157,5072.37
TP-0005165,OPP-01136,LEAD-006180,3,5,2024-03-12,13,meta_ads,ig_gestores_b2b_q1,form_fill,/ebook/gestao-pipeline-vendas,AST-0009,90,0,0,0.292043,19975.77
TP-0005166,OPP-01136,LEAD-006180,4,5,2024-03-14,11,meta_ads,ig_gestores_b2b_q1,demo_request,/lp/comparativo-erp,AST-0017,96,0,0,0.490023,33517.6
TP-0005167,OPP-01136,LEAD-006180,5,5,2024-03-18,7,meta_ads,ig_gestores_b2b_q1,email_open,/lp/trial-30-dias,AST-0016,11,0,1,0.122265,8362.93
TP-0005168,OPP-01137,LEAD-006184,1,4,2024-02-18,44,organic_search,(not set),impression,/blog/funil-vendas-complexas,AST-0006,10,1,0,0.012505,877.82
TP-0005169,OPP-01137,LEAD-006184,2,4,2024-02-26,36,organic_search,,click,/produto/api-marketplace,AST-0021,36,0,0,0.051099,3587.16
TP-0005170,OPP-01137,LEAD-006184,3,4,2024-03-10,23,organic_search,,content_view,/ebook/integracao-sistemas-guia,AST-0011,40,0,0,0.172435,12104.96
TP-0005171,OPP-01137,LEAD-006184,4,4,2024-03-11,22,organic_search,,form_fill,/blog/churn-saas-brasil,AST-0005,69,0,1,0.763961,53630.06
TP-0005172,OPP-01138,LEAD-006190,1,4,2024-02-17,33,paid_search,google_brand_keywords_2024,click,/ebook/gestao-pipeline-vendas,AST-0009,30,1,0,0.015628,2158.27
TP-0005173,OPP-01138,LEAD-006190,2,4,2024-02-19,31,paid_search,crm-b2b-keywords-2024,click,/produto/api-marketplace,AST-0021,18,0,0,0.013868,1915.15
TP-0005174,OPP-01138,LEAD-006190,3,4,2024-02-27,23,paid_search,google_brand_keywords_2024,form_fill,/produto/api-marketplace,AST-0021,68,0,0,0.090043,12434.93
TP-0005175,OPP-01138,LEAD-006190,4,4,2024-03-19,2,paid_search,pesquisa_concorrentes_q1_2024,demo_request,/produto/api-marketplace,AST-0021,89,0,1,0.880461,121591.65
TP-0005176,OPP-01139,LEAD-006196,1,5,2024-02-11,42,organic_search,,impression,/blog/automacao-marketing-b2b,AST-0004,2,1,0,0.004154,344.8
TP-0005177,OPP-01139,LEAD-006196,2,5,2024-02-11,42,organic_search,(none),click,/produto/erp-connector,AST-0020,2,0,0,0.009587,795.69
TP-0005178,OPP-01139,LEAD-006196,3,5,2024-02-12,41,organic_search,(none),content_view,/produto/erp-connector,AST-0020,27,0,0,0.013729,1139.47
TP-0005179,OPP-01139,LEAD-006196,4,5,2024-02-26,27,organic_search,(not set),form_fill,/webinar/automacao-vendas-demo,AST-0014,60,0,0,0.102625,8517.89
TP-0005180,OPP-01139,LEAD-006196,5,5,2024-03-16,8,organic_search,(not set),demo_request,/ebook/roi-tecnologia-empresas,AST-0010,87,0,1,0.869905,72202.15
TP-0005181,OPP-01140,LEAD-006201,1,5,2024-02-14,44,organic_search,(not set),impression,/produto/api-marketplace,AST-0021,1,1,0,0.013751,754.94
TP-0005182,OPP-01140,LEAD-006201,2,5,2024-02-20,38,direct,(not set),click,/produto/api-marketplace,AST-0021,24,0,0,0.048713,2674.33
TP-0005183,OPP-01140,LEAD-006201,3,5,2024-02-26,32,direct,,content_view,/produto/crm-integracao,AST-0019,24,0,0,0.099703,5473.69
TP-0005184,OPP-01140,LEAD-006201,4,5,2024-03-02,27,direct,,form_fill,/lp/demo-gratis,AST-0015,64,0,0,0.391874,21513.86
TP-0005185,OPP-01140,LEAD-006201,5,5,2024-03-22,7,direct,,email_open,/lp/demo-gratis,AST-0015,13,0,1,0.445959,24483.17
TP-0005186,OPP-01141,LEAD-006209,1,2,2024-02-05,43,organic_search,,impression,/blog/funil-vendas-complexas,AST-0006,14,1,0,0.040299,3506.05
TP-0005187,OPP-01141,LEAD-006209,2,2,2024-03-03,16,organic_search,(not set),click,/produto/erp-connector,AST-0020,26,0,1,0.959701,83493.95
TP-0005188,OPP-01142,LEAD-006211,1,2,2024-02-28,36,meta_ads,facebook_retargeting_2024,impression,/webinar/integracao-erp-ao-vivo,AST-0012,11,1,0,0.021602,1060.65
TP-0005189,OPP-01142,LEAD-006211,2,2,2024-04-04,0,meta_ads,facebook_retargeting_2024,click,/ebook/roi-tecnologia-empresas,AST-0010,21,0,1,0.978398,48039.35
TP-0005190,OPP-01143,LEAD-006223,1,6,2024-02-17,38,organic_search,(not set),impression,/produto/api-marketplace,AST-0021,26,1,0,0.009126,1289.56
TP-0005191,OPP-01143,LEAD-006223,2,6,2024-02-23,32,organic_search,,click,/blog/funil-vendas-complexas,AST-0006,20,0,0,0.03233,4568.22
TP-0005192,OPP-01143,LEAD-006223,3,6,2024-03-07,19,organic_search,(not set),content_view,/lp/roi-calculator,AST-0018,35,0,0,0.109098,15415.57
TP-0005193,OPP-01143,LEAD-006223,4,6,2024-03-07,19,organic_search,(none),form_fill,/blog/churn-saas-brasil,AST-0005,58,0,0,0.30002,42392.81
TP-0005194,OPP-01143,LEAD-006223,5,6,2024-03-11,15,organic_search,,email_open,/produto/crm-integracao,AST-0019,12,0,0,0.072589,10256.84
TP-0005195,OPP-01143,LEAD-006223,6,6,2024-03-26,0,organic_search,(none),click,/blog/gestao-vendas-b2b,AST-0001,29,0,1,0.476837,67377.0
TP-0005196,OPP-01144,LEAD-006224,1,2,2024-02-24,37,meta_ads,ig_gestores_b2b_q1,impression,/ebook/crm-para-varejo,AST-0008,2,1,0,0.116353,6713.58
TP-0005197,OPP-01144,LEAD-006224,2,2,2024-03-06,26,meta_ads,fb-leads-varejo-2024,click,/ebook/gestao-pipeline-vendas,AST-0009,16,0,1,0.883647,50986.42
TP-0005198,OPP-01145,LEAD-006225,1,2,2024-02-22,28,organic_search,(none),impression,/ebook/roi-tecnologia-empresas,AST-0010,9,1,0,0.052922,3042.99
TP-0005199,OPP-01145,LEAD-006225,2,2,2024-03-16,5,organic_search,(not set),click,/produto/erp-connector,AST-0020,43,0,1,0.947078,54457.01
TP-0005200,OPP-01146,LEAD-006226,1,4,2024-03-02,33,paid_search,integracao_erp_pesquisa_2024,click,/lp/comparativo-erp,AST-0017,44,1,0,0.01494,1728.56
TP-0005201,OPP-01146,LEAD-006226,2,4,2024-03-10,25,organic_search,,click,/blog/gestao-vendas-b2b,AST-0001,15,0,0,0.020351,2354.55
TP-0005202,OPP-01146,LEAD-006226,3,4,2024-03-17,18,organic_search,,form_fill,/produto/api-marketplace,AST-0021,65,0,0,0.123025,14234.02
TP-0005203,OPP-01146,LEAD-006226,4,4,2024-04-02,2,organic_search,(not set),demo_request,/lp/roi-calculator,AST-0018,91,0,1,0.841684,97382.87
TP-0005204,OPP-01147,LEAD-006228,1,3,2024-02-20,37,organic_search,,impression,/ebook/crm-para-varejo,AST-0008,1,1,0,0.078645,5340.0
TP-0005205,OPP-01147,LEAD-006228,2,3,2024-02-26,31,organic_search,(none),click,/lp/roi-calculator,AST-0018,21,0,0,0.278597,18916.7
TP-0005206,OPP-01147,LEAD-006228,3,3,2024-02-28,29,organic_search,(not set),content_view,/blog/leads-qualificados-b2b,AST-0007,32,0,1,0.642758,43643.29
TP-0005207,OPP-01148,LEAD-006233,1,2,2024-02-04,44,meta_ads,meta_awareness_2024,impression,/lp/comparativo-erp,AST-0017,22,1,0,0.069212,4083.51
TP-0005208,OPP-01148,LEAD-006233,2,2,2024-02-23,25,meta_ads,ig_gestores_b2b_q1,click,/produto/erp-connector,AST-0020,5,0,1,0.930788,54916.49
TP-0005209,OPP-01149,LEAD-006242,1,4,2024-03-01,25,organic_search,(none),impression,/webinar/crm-para-gestores,AST-0013,12,1,0,0.013033,345.38
TP-0005210,OPP-01149,LEAD-006242,2,4,2024-03-04,22,paid_search,google_brand_keywords_2024,click,/lp/comparativo-erp,AST-0017,28,0,0,0.037264,987.49
TP-0005211,OPP-01149,LEAD-006242,3,4,2024-03-13,13,paid_search,integracao_erp_pesquisa_2024,content_view,/produto/erp-connector,AST-0020,33,0,0,0.094496,2504.16
TP-0005212,OPP-01149,LEAD-006242,4,4,2024-03-24,2,paid_search,integracao_erp_pesquisa_2024,form_fill,/lp/comparativo-erp,AST-0017,56,0,1,0.855207,22662.97
TP-0005213,OPP-01150,LEAD-006254,1,7,2024-02-12,43,webinar_evento,webinar_integracao_erp_2024,impression,/ebook/integracao-sistemas-guia,AST-0011,5,1,0,0.001949,116.73
TP-0005214,OPP-01150,LEAD-006254,2,7,2024-02-24,31,webinar_evento,campanha-natal-2024,click,/lp/comparativo-erp,AST-0017,22,0,0,0.010597,634.76
TP-0005215,OPP-01150,LEAD-006254,3,7,2024-03-10,16,webinar_evento,black_friday_2023,form_fill,/webinar/crm-para-gestores,AST-0013,71,0,0,0.11344,6795.08
TP-0005216,OPP-01150,LEAD-006254,4,7,2024-03-12,14,webinar_evento,campanha-natal-2024,demo_request,/lp/roi-calculator,AST-0018,93,0,0,0.190343,11401.55
TP-0005217,OPP-01150,LEAD-006254,5,7,2024-03-14,12,webinar_evento,evento_crm_gestores_q1,sales_call,/webinar/integracao-erp-ao-vivo,AST-0012,80,0,0,0.24702,14796.49
TP-0005218,OPP-01150,LEAD-006254,6,7,2024-03-16,10,webinar_evento,black_friday_2023,content_view,/lp/roi-calculator,AST-0018,32,0,0,0.063323,3793.05
TP-0005219,OPP-01150,LEAD-006254,7,7,2024-03-21,5,webinar_evento,campanha-natal-2024,form_fill,/blog/automacao-marketing-b2b,AST-0004,55,0,1,0.373328,22362.34
TP-0005220,OPP-01151,LEAD-006256,1,5,2024-02-11,44,organic_search,(not set),impression,/ebook/gestao-pipeline-vendas,AST-0009,14,1,0,0.005953,491.69
TP-0005221,OPP-01151,LEAD-006256,2,5,2024-02-16,39,organic_search,(not set),click,/produto/crm-integracao,AST-0019,1,0,0,0.019633,1621.71
TP-0005222,OPP-01151,LEAD-006256,3,5,2024-02-25,30,organic_search,(not set),content_view,/blog/churn-saas-brasil,AST-0005,43,0,0,0.049788,4112.45
TP-0005223,OPP-01151,LEAD-006256,4,5,2024-03-17,9,organic_search,(not set),form_fill,/blog/funil-vendas-complexas,AST-0006,71,0,0,0.613614,50684.5
TP-0005224,OPP-01151,LEAD-006256,5,5,2024-03-20,6,organic_search,,click,/produto/crm-integracao,AST-0019,31,0,1,0.311013,25689.65
TP-0005225,OPP-01152,LEAD-006259,1,5,2024-02-20,40,organic_search,(not set),impression,/produto/crm-integracao,AST-0019,1,1,0,0.010355,733.12
TP-0005226,OPP-01152,LEAD-006259,2,5,2024-03-07,24,paid_search,crm-b2b-keywords-2024,click,/produto/erp-connector,AST-0020,19,0,0,0.07493,5305.07
TP-0005227,OPP-01152,LEAD-006259,3,5,2024-03-11,20,paid_search,google_brand_keywords_2024,content_view,/produto/crm-integracao,AST-0019,27,0,0,0.132948,9412.69
TP-0005228,OPP-01152,LEAD-006259,4,5,2024-03-14,17,paid_search,google_branded_2024,form_fill,/produto/crm-integracao,AST-0019,60,0,0,0.452977,32070.78
TP-0005229,OPP-01152,LEAD-006259,5,5,2024-03-18,13,paid_search,integracao_erp_pesquisa_2024,content_view,/lp/comparativo-erp,AST-0017,41,0,1,0.32879,23278.35
TP-0005230,OPP-01153,LEAD-006267,1,6,2024-02-22,41,webinar_evento,bf-23,impression,/lp/demo-gratis,AST-0015,1,1,0,0.003931,402.16
TP-0005231,OPP-01153,LEAD-006267,2,6,2024-02-25,38,paid_search,google_brand_keywords_2024,click,/lp/roi-calculator,AST-0018,19,0,0,0.01124,1149.86
TP-0005232,OPP-01153,LEAD-006267,3,6,2024-02-27,36,paid_search,pesquisa_concorrentes_q1_2024,form_fill,/produto/erp-connector,AST-0020,57,0,0,0.047543,4863.61
TP-0005233,OPP-01153,LEAD-006267,4,6,2024-03-03,31,paid_search,integracao_erp_pesquisa_2024,demo_request,/produto/crm-integracao,AST-0019,74,0,0,0.098836,10110.93
TP-0005234,OPP-01153,LEAD-006267,5,6,2024-03-27,7,paid_search,crm-b2b-keywords-2024,sales_call,/lp/demo-gratis,AST-0015,93,0,0,0.617409,63160.94
TP-0005235,OPP-01153,LEAD-006267,6,6,2024-03-28,6,paid_search,integracao_erp_pesquisa_2024,content_view,/webinar/automacao-vendas-demo,AST-0014,17,0,1,0.221041,22612.49
TP-0005236,OPP-01154,LEAD-006284,1,4,2024-02-24,42,webinar_evento,campanha-natal-2024,impression,/webinar/crm-para-gestores,AST-0013,16,1,0,0.004438,233.86
TP-0005237,OPP-01154,LEAD-006284,2,4,2024-03-13,24,linkedin_ads,lkd_awareness_2024,click,/ebook/roi-tecnologia-empresas,AST-0010,16,0,0,0.037043,1952.18
TP-0005238,OPP-01154,LEAD-006284,3,4,2024-03-19,18,linkedin_ads,linkedin_prospecao_q1_2024,form_fill,/produto/crm-integracao,AST-0019,54,0,0,0.2085,10987.96
TP-0005239,OPP-01154,LEAD-006284,4,4,2024-03-26,11,linkedin_ads,lkd_awareness_2024,demo_request,/lp/comparativo-erp,AST-0017,84,0,1,0.750019,39526.0
TP-0005240,OPP-01155,LEAD-006286,1,4,2024-03-01,26,webinar_evento,black_friday_2023,impression,/lp/demo-gratis,AST-0015,7,1,0,0.01188,2197.85
TP-0005241,OPP-01155,LEAD-006286,2,4,2024-03-15,12,webinar_evento,evento_crm_gestores_q1,click,/lp/trial-30-dias,AST-0016,28,0,0,0.074524,13787.03
TP-0005242,OPP-01155,LEAD-006286,3,4,2024-03-15,12,webinar_evento,black_friday_2023,form_fill,/lp/demo-gratis,AST-0015,62,0,0,0.273256,50552.43
TP-0005243,OPP-01155,LEAD-006286,4,4,2024-03-16,11,webinar_evento,webinar_integracao_erp_2024,demo_request,/webinar/automacao-vendas-demo,AST-0014,87,0,1,0.640339,118462.7
TP-0005244,OPP-01156,LEAD-006289,1,8,2024-03-11,28,linkedin_ads,lkd_awareness_2024,impression,/ebook/crm-para-varejo,AST-0008,6,1,0,0.003298,170.51
TP-0005245,OPP-01156,LEAD-006289,2,8,2024-03-13,26,organic_search,(none),click,/webinar/crm-para-gestores,AST-0013,12,0,0,0.00878,453.92
TP-0005246,OPP-01156,LEAD-006289,3,8,2024-03-15,24,organic_search,(none),content_view,/lp/trial-30-dias,AST-0016,33,0,0,0.013504,698.17
TP-0005247,OPP-01156,LEAD-006289,4,8,2024-03-23,16,organic_search,,demo_request,/ebook/integracao-sistemas-guia,AST-0011,79,0,0,0.095653,4945.25
TP-0005248,OPP-01156,LEAD-006289,5,8,2024-03-24,15,organic_search,,sales_call,/produto/crm-integracao,AST-0019,79,0,0,0.115577,5975.32
TP-0005249,OPP-01156,LEAD-006289,6,8,2024-04-01,7,organic_search,,sales_call,/blog/leads-qualificados-b2b,AST-0007,100,0,0,0.204663,10581.07
TP-0005250,OPP-01156,LEAD-006289,7,8,2024-04-07,1,organic_search,(not set),form_fill,/blog/gestao-vendas-b2b,AST-0001,64,0,0,0.191993,9926.04
TP-0005251,OPP-01156,LEAD-006289,8,8,2024-04-07,1,organic_search,(none),proposal_sent,/blog/crm-para-industria,AST-0002,59,0,1,0.366532,18949.72
TP-0005252,OPP-01157,LEAD-006291,1,5,2024-03-08,22,webinar_evento,bf-23,impression,/lp/comparativo-erp,AST-0017,1,1,0,0.006972,287.23
TP-0005253,OPP-01157,LEAD-006291,2,5,2024-03-11,19,linkedin_ads,linkedin_gestores_2024,click,/webinar/integracao-erp-ao-vivo,AST-0012,28,0,0,0.019933,821.24
TP-0005254,OPP-01157,LEAD-006291,3,5,2024-03-22,8,linkedin_ads,linkedin_gestores_2024,form_fill,/webinar/crm-para-gestores,AST-0013,61,0,0,0.160353,6606.56
TP-0005255,OPP-01157,LEAD-006291,4,5,2024-03-25,5,linkedin_ads,linkedin_prospeccao_q1_2024,demo_request,/lp/comparativo-erp,AST-0017,96,0,0,0.288981,11906.0
TP-0005256,OPP-01157,LEAD-006291,5,5,2024-03-26,4,linkedin_ads,linkedin_prospeccao_q1_2024,sales_call,/lp/comparativo-erp,AST-0017,91,0,1,0.523761,21578.97
TP-0005257,OPP-01158,LEAD-006294,1,2,2024-03-05,28,meta_ads,ig_gestores_b2b_q1,impression,/ebook/crm-para-varejo,AST-0008,7,1,0,0.158386,12765.93
TP-0005258,OPP-01158,LEAD-006294,2,2,2024-03-11,22,meta_ads,fb-leads-varejo-2024,click,/ebook/roi-tecnologia-empresas,AST-0010,29,0,1,0.841614,67834.07
TP-0005259,OPP-01159,LEAD-006298,1,7,2024-02-16,38,webinar_evento,campanha_natal_2024,impression,/lp/demo-gratis,AST-0015,16,1,0,0.009397,806.28
TP-0005260,OPP-01159,LEAD-006298,2,7,2024-02-22,32,webinar_evento,campanha_natal_2024,click,/webinar/automacao-vendas-demo,AST-0014,22,0,0,0.033289,2856.19
TP-0005261,OPP-01159,LEAD-006298,3,7,2024-02-23,31,webinar_evento,black_friday_2023,form_fill,/webinar/automacao-vendas-demo,AST-0014,71,0,0,0.131097,11248.12
TP-0005262,OPP-01159,LEAD-006298,4,7,2024-02-27,27,webinar_evento,bf-23,demo_request,/blog/churn-saas-brasil,AST-0005,89,0,0,0.253749,21771.64
TP-0005263,OPP-01159,LEAD-006298,5,7,2024-02-29,25,webinar_evento,campanha-natal-2024,sales_call,/webinar/crm-para-gestores,AST-0013,86,0,0,0.329305,28254.38
TP-0005264,OPP-01159,LEAD-006298,6,7,2024-03-04,21,webinar_evento,bf-23,content_view,/lp/trial-30-dias,AST-0016,26,0,0,0.09738,8355.21
TP-0005265,OPP-01159,LEAD-006298,7,7,2024-03-08,17,webinar_evento,webinar_integracao_erp_2024,click,/lp/roi-calculator,AST-0018,39,0,1,0.145783,12508.18
TP-0005266,OPP-01160,LEAD-006305,1,2,2024-02-20,40,direct,(direct),click,/produto/crm-integracao,AST-0019,26,1,0,0.028922,5920.29
TP-0005267,OPP-01160,LEAD-006305,2,2,2024-03-20,11,direct,,form_fill,/produto/erp-connector,AST-0020,50,0,1,0.971078,198779.71
TP-0005268,OPP-01161,LEAD-006308,1,6,2024-02-23,38,linkedin_ads,linkedin_decisores_ti_2024,impression,/ebook/crm-para-varejo,AST-0008,4,1,0,0.002232,426.75
TP-0005269,OPP-01161,LEAD-006308,2,6,2024-03-02,30,email_marketing,email_reengajamento_q1_2024,click,/blog/funil-vendas-complexas,AST-0006,10,0,0,0.009121,1743.9
TP-0005270,OPP-01161,LEAD-006308,3,6,2024-03-13,19,email_marketing,campanha_email_03-2024,content_view,/ebook/roi-tecnologia-empresas,AST-0010,41,0,0,0.026681,5101.43
TP-0005271,OPP-01161,LEAD-006308,4,6,2024-03-27,5,email_marketing,newsletter_mensal_03_2024,demo_request,/lp/trial-30-dias,AST-0016,91,0,0,0.290107,55468.45
TP-0005272,OPP-01161,LEAD-006308,5,6,2024-03-28,4,email_marketing,campanha_email_03-2024,sales_call,/ebook/integracao-sistemas-guia,AST-0011,79,0,0,0.350535,67022.34
TP-0005273,OPP-01161,LEAD-006308,6,6,2024-03-28,4,email_marketing,campanha_email_03-2024,form_fill,/webinar/automacao-vendas-demo,AST-0014,70,0,1,0.321324,61437.14
TP-0005274,OPP-01162,LEAD-006313,1,6,2024-02-26,36,webinar_evento,campanha-natal-2024,impression,/webinar/crm-para-gestores,AST-0013,1,1,0,0.002491,296.98
TP-0005275,OPP-01162,LEAD-006313,2,6,2024-03-25,8,webinar_evento,bf-23,click,/produto/crm-integracao,AST-0019,6,0,0,0.042484,5064.06
TP-0005276,OPP-01162,LEAD-006313,3,6,2024-03-29,4,webinar_evento,evento_crm_gestores_q1,form_fill,/webinar/integracao-erp-ao-vivo,AST-0012,62,0,0,0.20729,24708.94
TP-0005277,OPP-01162,LEAD-006313,4,6,2024-03-30,3,webinar_evento,campanha-natal-2024,demo_request,/webinar/integracao-erp-ao-vivo,AST-0012,74,0,0,0.323837,38601.34
TP-0005278,OPP-01162,LEAD-006313,5,6,2024-03-31,2,webinar_evento,webinar_integracao_erp_2024,sales_call,/lp/comparativo-erp,AST-0017,90,0,0,0.391291,46641.87
TP-0005279,OPP-01162,LEAD-006313,6,6,2024-03-31,2,webinar_evento,campanha_natal_2024,impression,/produto/api-marketplace,AST-0021,1,0,1,0.032608,3886.82
TP-0005280,OPP-01163,LEAD-006318,1,3,2024-02-17,38,paid_search,integracao_erp_pesquisa_2024,click,/lp/comparativo-erp,AST-0017,15,1,0,0.028369,2380.15
TP-0005281,OPP-01163,LEAD-006318,2,3,2024-03-07,19,paid_search,integracao_erp_pesquisa_2024,click,/ebook/integracao-sistemas-guia,AST-0011,22,0,0,0.084781,7113.12
TP-0005282,OPP-01163,LEAD-006318,3,3,2024-03-16,10,paid_search,pesquisa_concorrentes_q1_2024,form_fill,/ebook/integracao-sistemas-guia,AST-0011,56,0,1,0.88685,74406.73
TP-0005283,OPP-01164,LEAD-006330,1,3,2024-02-25,37,organic_search,(none),impression,/ebook/integracao-sistemas-guia,AST-0011,15,1,0,0.084495,12133.53
TP-0005284,OPP-01164,LEAD-006330,2,3,2024-02-27,35,organic_search,(none),click,/blog/leads-qualificados-b2b,AST-0007,26,0,0,0.224933,32300.34
TP-0005285,OPP-01164,LEAD-006330,3,3,2024-03-04,29,organic_search,(not set),content_view,/produto/erp-connector,AST-0020,42,0,1,0.690572,99166.13
TP-0005286,OPP-01165,LEAD-006339,1,4,2024-02-24,42,paid_search,integracao_erp_pesquisa_2024,click,/lp/trial-30-dias,AST-0016,1,1,0,0.010695,1193.56
TP-0005287,OPP-01165,LEAD-006339,2,4,2024-02-28,38,paid_search,google_branded_2024,click,/produto/api-marketplace,AST-0021,13,0,0,0.010948,1221.76
TP-0005288,OPP-01165,LEAD-006339,3,4,2024-03-14,23,paid_search,crm-b2b-keywords-2024,form_fill,/lp/demo-gratis,AST-0015,72,0,0,0.117195,13078.96
TP-0005289,OPP-01165,LEAD-006339,4,4,2024-03-31,6,paid_search,google_branded_2024,demo_request,/produto/api-marketplace,AST-0021,98,0,1,0.861162,96105.72
TP-0005290,OPP-01166,LEAD-006343,1,4,2024-03-04,30,paid_search,google_brand_keywords_2024,click,/produto/crm-integracao,AST-0019,27,1,0,0.031909,2160.23
TP-0005291,OPP-01166,LEAD-006343,2,4,2024-03-17,17,paid_search,integracao_erp_pesquisa_2024,click,/produto/api-marketplace,AST-0021,35,0,0,0.062121,4205.62
TP-0005292,OPP-01166,LEAD-006343,3,4,2024-03-18,16,paid_search,pesquisa_concorrentes_q1_2024,form_fill,/blog/leads-qualificados-b2b,AST-0007,85,0,0,0.244644,16562.38
TP-0005293,OPP-01166,LEAD-006343,4,4,2024-03-21,13,paid_search,google_branded_2024,demo_request,/lp/demo-gratis,AST-0015,76,0,1,0.661326,44771.77
TP-0005294,OPP-01167,LEAD-006344,1,6,2024-03-04,31,organic_search,(not set),impression,/lp/roi-calculator,AST-0018,1,1,0,0.004944,154.25
TP-0005295,OPP-01167,LEAD-006344,2,6,2024-03-14,21,organic_search,,click,/blog/crm-para-industria,AST-0002,2,0,0,0.023306,727.14
TP-0005296,OPP-01167,LEAD-006344,3,6,2024-03-19,16,organic_search,,content_view,/blog/crm-para-industria,AST-0002,46,0,0,0.044413,1385.69
TP-0005297,OPP-01167,LEAD-006344,4,6,2024-03-21,14,organic_search,,form_fill,/lp/trial-30-dias,AST-0016,59,0,0,0.140891,4395.81
TP-0005298,OPP-01167,LEAD-006344,5,6,2024-03-27,8,organic_search,(not set),form_fill,/blog/integracao-erp-sistemas,AST-0003,53,0,0,0.216277,6747.85
TP-0005299,OPP-01167,LEAD-006344,6,6,2024-03-28,7,organic_search,(none),sales_call,/produto/erp-connector,AST-0020,89,0,1,0.570168,17789.25
TP-0005300,OPP-01168,LEAD-006348,1,4,2024-02-24,39,paid_search,crm-b2b-keywords-2024,click,/blog/gestao-vendas-b2b,AST-0001,24,1,0,0.019484,582.58
TP-0005301,OPP-01168,LEAD-006348,2,4,2024-03-05,29,organic_search,(not set),click,/lp/trial-30-dias,AST-0016,23,0,0,0.030616,915.42
TP-0005302,OPP-01168,LEAD-006348,3,4,2024-03-18,16,organic_search,(none),form_fill,/lp/demo-gratis,AST-0015,66,0,0,0.284115,8495.04
TP-0005303,OPP-01168,LEAD-006348,4,4,2024-03-19,15,organic_search,(none),demo_request,/blog/leads-qualificados-b2b,AST-0007,97,0,1,0.665785,19906.96
TP-0005304,OPP-01169,LEAD-006353,1,3,2024-03-20,19,organic_search,(none),impression,/produto/api-marketplace,AST-0021,1,1,0,0.09748,9241.06
TP-0005305,OPP-01169,LEAD-006353,2,3,2024-03-22,17,organic_search,,click,/blog/churn-saas-brasil,AST-0005,36,0,0,0.259498,24600.37
TP-0005306,OPP-01169,LEAD-006353,3,3,2024-03-25,14,organic_search,,content_view,/produto/erp-connector,AST-0020,32,0,1,0.643023,60958.57
TP-0005307,OPP-01170,LEAD-006354,1,3,2024-02-25,37,paid_search,crm-b2b-keywords-2024,click,/produto/api-marketplace,AST-0021,27,1,0,0.019311,2467.91
TP-0005308,OPP-01170,LEAD-006354,2,3,2024-03-25,8,paid_search,pesquisa_concorrentes_q1_2024,click,/blog/automacao-marketing-b2b,AST-0004,28,0,0,0.117887,15065.91
TP-0005309,OPP-01170,LEAD-006354,3,3,2024-03-29,4,paid_search,integracao_erp_pesquisa_2024,form_fill,/lp/comparativo-erp,AST-0017,58,0,1,0.862803,110266.18
TP-0005310,OPP-01171,LEAD-006356,1,5,2024-02-22,39,paid_search,crm-b2b-keywords-2024,click,/lp/comparativo-erp,AST-0017,16,1,0,0.048146,3938.32
TP-0005311,OPP-01171,LEAD-006356,2,5,2024-02-28,33,paid_search,google_branded_2024,click,/lp/comparativo-erp,AST-0017,13,0,0,0.056851,4650.44
TP-0005312,OPP-01171,LEAD-006356,3,5,2024-03-02,30,paid_search,google_brand_keywords_2024,form_fill,/lp/roi-calculator,AST-0018,63,0,0,0.258271,21126.56
TP-0005313,OPP-01171,LEAD-006356,4,5,2024-03-06,26,paid_search,google_brand_keywords_2024,demo_request,/webinar/crm-para-gestores,AST-0013,71,0,0,0.499904,40892.18
TP-0005314,OPP-01171,LEAD-006356,5,5,2024-03-21,11,paid_search,google_brand_keywords_2024,impression,/produto/api-marketplace,AST-0021,15,0,1,0.136828,11192.5
TP-0005315,OPP-01172,LEAD-006361,1,2,2024-02-26,31,meta_ads,fb-leads-varejo-2024,impression,/ebook/integracao-sistemas-guia,AST-0011,30,1,0,0.073958,4725.89
TP-0005316,OPP-01172,LEAD-006361,2,2,2024-03-15,13,meta_ads,facebook_retargeting_2024,click,/lp/comparativo-erp,AST-0017,17,0,1,0.926042,59174.11
TP-0005317,OPP-01173,LEAD-006365,1,5,2024-03-11,30,direct,(direct),click,/produto/erp-connector,AST-0020,28,1,0,0.018104,816.5
TP-0005318,OPP-01173,LEAD-006365,2,5,2024-03-19,22,direct,(direct),form_fill,/lp/comparativo-erp,AST-0017,68,0,0,0.090422,4078.05
TP-0005319,OPP-01173,LEAD-006365,3,5,2024-03-25,16,direct,(direct),demo_request,/lp/trial-30-dias,AST-0016,91,0,0,0.201897,9105.55
TP-0005320,OPP-01173,LEAD-006365,4,5,2024-04-06,4,direct,,sales_call,/lp/comparativo-erp,AST-0017,89,0,0,0.535223,24138.55
TP-0005321,OPP-01173,LEAD-006365,5,5,2024-04-08,2,direct,(direct),click,/webinar/automacao-vendas-demo,AST-0014,41,0,1,0.154354,6961.35
TP-0005322,OPP-01174,LEAD-006366,1,7,2024-02-29,39,linkedin_ads,linkedin_gestores_2024,impression,/produto/crm-integracao,AST-0019,15,1,0,0.001868,86.09
TP-0005323,OPP-01174,LEAD-006366,2,7,2024-02-29,39,linkedin_ads,linkedin_prospeccao_q1_2024,click,/ebook/gestao-pipeline-vendas,AST-0009,38,0,0,0.00431,198.68
TP-0005324,OPP-01174,LEAD-006366,3,7,2024-03-18,21,linkedin_ads,linkedin_gestores_2024,content_view,/lp/demo-gratis,AST-0015,42,0,0,0.020786,958.21
TP-0005325,OPP-01174,LEAD-006366,4,7,2024-03-24,15,linkedin_ads,linkedin_decisores_ti_2024,demo_request,/ebook/roi-tecnologia-empresas,AST-0010,78,0,0,0.127628,5883.66
TP-0005326,OPP-01174,LEAD-006366,5,7,2024-03-26,13,linkedin_ads,linkedin_decisores_ti_2024,sales_call,/ebook/integracao-sistemas-guia,AST-0011,78,0,0,0.165631,7635.59
TP-0005327,OPP-01174,LEAD-006366,6,7,2024-03-30,9,linkedin_ads,lkd_awareness_2024,form_fill,/ebook/gestao-pipeline-vendas,AST-0009,56,0,0,0.134693,6209.36
TP-0005328,OPP-01174,LEAD-006366,7,7,2024-04-06,2,linkedin_ads,lkd_awareness_2024,sales_call,/ebook/integracao-sistemas-guia,AST-0011,92,0,1,0.545085,25128.41
TP-0005329,OPP-01175,LEAD-006369,1,6,2024-02-21,44,organic_search,(not set),impression,/produto/crm-integracao,AST-0019,1,1,0,0.005318,494.62
TP-0005330,OPP-01175,LEAD-006369,2,6,2024-02-23,42,email_marketing,newsletter_mensal_02_2024,click,/ebook/gestao-pipeline-vendas,AST-0009,23,0,0,0.014158,1316.72
TP-0005331,OPP-01175,LEAD-006369,3,6,2024-03-05,31,email_marketing,email_reengajamento_q1_2024,content_view,/webinar/crm-para-gestores,AST-0013,7,0,0,0.041417,3851.79
TP-0005332,OPP-01175,LEAD-006369,4,6,2024-03-17,19,email_marketing,email_nurture_leads_2024,form_fill,/webinar/integracao-erp-ao-vivo,AST-0012,71,0,0,0.268389,24960.15
TP-0005333,OPP-01175,LEAD-006369,5,6,2024-03-23,13,email_marketing,email_reengajamento_q1_2024,form_fill,/webinar/integracao-erp-ao-vivo,AST-0012,62,0,0,0.411994,38315.41
TP-0005334,OPP-01175,LEAD-006369,6,6,2024-03-29,7,email_marketing,campanha_email_03-2024,click,/blog/funil-vendas-complexas,AST-0006,19,0,1,0.258724,24061.32
TP-0005335,OPP-01176,LEAD-006374,1,2,2024-02-26,39,organic_search,(none),impression,/produto/crm-integracao,AST-0019,5,1,0,0.073958,5968.38
TP-0005336,OPP-01176,LEAD-006374,2,2,2024-03-15,21,organic_search,(not set),click,/ebook/crm-para-varejo,AST-0008,23,0,1,0.926042,74731.62
TP-0005337,OPP-01177,LEAD-006375,1,7,2024-02-24,41,webinar_evento,campanha-natal-2024,impression,/lp/comparativo-erp,AST-0017,1,1,0,0.001919,252.13
TP-0005338,OPP-01177,LEAD-006375,2,7,2024-03-14,22,email_marketing,email_reengajamento_q1_2024,click,/ebook/integracao-sistemas-guia,AST-0011,49,0,0,0.017203,2260.48
TP-0005339,OPP-01177,LEAD-006375,3,7,2024-03-18,18,email_marketing,newsletter_mensal_03_2024,form_fill,/webinar/crm-para-gestores,AST-0013,79,0,0,0.083939,11029.53
TP-0005340,OPP-01177,LEAD-006375,4,7,2024-03-26,10,email_marketing,email_reengajamento_q1_2024,demo_request,/ebook/gestao-pipeline-vendas,AST-0009,100,0,0,0.216201,28408.79
TP-0005341,OPP-01177,LEAD-006375,5,7,2024-03-27,9,email_marketing,campanha_email_03-2024,sales_call,/ebook/integracao-sistemas-guia,AST-0011,83,0,0,0.261235,34326.24
TP-0005342,OPP-01177,LEAD-006375,6,7,2024-03-31,5,email_marketing,email_nurture_leads_2024,content_view,/webinar/integracao-erp-ao-vivo,AST-0012,37,0,0,0.077251,10150.74
TP-0005343,OPP-01177,LEAD-006375,7,7,2024-04-01,4,email_marketing,email_nurture_leads_2024,form_fill,/ebook/integracao-sistemas-guia,AST-0011,48,0,1,0.342253,44972.07
TP-0005344,OPP-01178,LEAD-006384,1,6,2024-02-19,38,linkedin_ads,linkedin_decisores_ti_2024,impression,/lp/comparativo-erp,AST-0017,12,1,0,0.002079,98.98
TP-0005345,OPP-01178,LEAD-006384,2,6,2024-02-24,33,linkedin_ads,linkedin_decisores_ti_2024,click,/webinar/automacao-vendas-demo,AST-0014,30,0,0,0.006858,326.44
TP-0005346,OPP-01178,LEAD-006384,3,6,2024-02-26,31,linkedin_ads,lkd_awareness_2024,content_view,/lp/demo-gratis,AST-0015,41,0,0,0.010548,502.1
TP-0005347,OPP-01178,LEAD-006384,4,6,2024-03-04,24,linkedin_ads,linkedin_prospecao_q1_2024,demo_request,/blog/crm-para-industria,AST-0002,92,0,0,0.069565,3311.29
TP-0005348,OPP-01178,LEAD-006384,5,6,2024-03-23,5,linkedin_ads,lkd_awareness_2024,sales_call,/lp/trial-30-dias,AST-0016,93,0,0,0.304048,14472.7
TP-0005349,OPP-01178,LEAD-006384,6,6,2024-03-27,1,linkedin_ads,linkedin_prospecao_q1_2024,sales_call,/webinar/integracao-erp-ao-vivo,AST-0012,88,0,1,0.606901,28888.49
TP-0005350,OPP-01179,LEAD-006392,1,3,2024-03-19,18,paid_search,google_branded_2024,click,/webinar/automacao-vendas-demo,AST-0014,25,1,0,0.105092,7797.84
TP-0005351,OPP-01179,LEAD-006392,2,3,2024-03-23,14,paid_search,integracao_erp_pesquisa_2024,click,/produto/crm-integracao,AST-0019,28,0,0,0.107575,7982.07
TP-0005352,OPP-01179,LEAD-006392,3,3,2024-03-27,10,paid_search,integracao_erp_pesquisa_2024,form_fill,/lp/demo-gratis,AST-0015,71,0,1,0.787333,58420.09
TP-0005353,OPP-01180,LEAD-006396,1,4,2024-02-25,32,webinar_evento,campanha-natal-2024,impression,/webinar/integracao-erp-ao-vivo,AST-0012,7,1,0,0.00719,733.39
TP-0005354,OPP-01180,LEAD-006396,2,4,2024-03-06,22,webinar_evento,black_friday_2023,click,/lp/comparativo-erp,AST-0017,4,0,0,0.033894,3457.18
TP-0005355,OPP-01180,LEAD-006396,3,4,2024-03-17,11,webinar_evento,evento_crm_gestores_q1,form_fill,/webinar/integracao-erp-ao-vivo,AST-0012,77,0,0,0.272662,27811.51
TP-0005356,OPP-01180,LEAD-006396,4,4,2024-03-19,9,webinar_evento,bf-23,demo_request,/lp/roi-calculator,AST-0018,69,0,1,0.686254,69997.93
TP-0005357,OPP-01181,LEAD-006397,1,2,2024-03-11,31,paid_search,integracao_erp_pesquisa_2024,click,/lp/comparativo-erp,AST-0017,15,1,0,0.135008,4576.77
TP-0005358,OPP-01181,LEAD-006397,2,2,2024-04-04,7,paid_search,integracao_erp_pesquisa_2024,click,/produto/crm-integracao,AST-0019,3,0,1,0.864992,29323.23
TP-0005359,OPP-01182,LEAD-006407,1,4,2024-03-03,37,paid_search,pesquisa_concorrentes_q1_2024,click,/produto/api-marketplace,AST-0021,25,1,0,0.012648,952.37
TP-0005360,OPP-01182,LEAD-006407,2,4,2024-03-05,35,paid_search,crm-b2b-keywords-2024,click,/produto/api-marketplace,AST-0021,42,0,0,0.011223,845.09
TP-0005361,OPP-01182,LEAD-006407,3,4,2024-03-31,9,paid_search,google_brand_keywords_2024,form_fill,/produto/crm-integracao,AST-0019,66,0,0,0.263589,19848.27
TP-0005362,OPP-01182,LEAD-006407,4,4,2024-04-03,6,paid_search,pesquisa_concorrentes_q2_2024,demo_request,/produto/erp-connector,AST-0020,76,0,1,0.71254,53654.27
TP-0005363,OPP-01183,LEAD-006410,1,3,2024-02-18,41,direct,,click,/lp/trial-30-dias,AST-0016,26,1,0,0.019607,1858.7
TP-0005364,OPP-01183,LEAD-006410,2,3,2024-03-03,27,direct,,form_fill,/produto/api-marketplace,AST-0021,61,0,0,0.150322,14250.55
TP-0005365,OPP-01183,LEAD-006410,3,3,2024-03-16,14,direct,(direct),demo_request,/produto/erp-connector,AST-0020,78,0,1,0.830071,78690.75
TP-0005366,OPP-01184,LEAD-006415,1,2,2024-02-23,40,direct,,click,/produto/crm-integracao,AST-0019,24,1,0,0.021891,1926.44
TP-0005367,OPP-01184,LEAD-006415,2,2,2024-03-27,7,direct,,form_fill,/lp/demo-gratis,AST-0015,61,0,1,0.978109,86073.56
TP-0005368,OPP-01185,LEAD-006421,1,9,2024-02-28,31,linkedin_ads,linkedin_prospecao_q1_2024,impression,/lp/trial-30-dias,AST-0016,19,1,0,0.004657,431.25
TP-0005369,OPP-01185,LEAD-006421,2,9,2024-02-28,31,meta_ads,ig_gestores_b2b_q1,click,/ebook/integracao-sistemas-guia,AST-0011,19,0,0,0.010747,995.2
TP-0005370,OPP-01185,LEAD-006421,3,9,2024-02-28,31,meta_ads,fb-leads-varejo-2024,content_view,/webinar/crm-para-gestores,AST-0013,19,0,0,0.01433,1326.93
TP-0005371,OPP-01185,LEAD-006421,4,9,2024-03-04,26,meta_ads,fb-leads-varejo-2024,demo_request,/blog/automacao-marketing-b2b,AST-0004,66,0,0,0.081922,7586.01
TP-0005372,OPP-01185,LEAD-006421,5,9,2024-03-06,24,meta_ads,ig_gestores_b2b_q1,sales_call,/lp/comparativo-erp,AST-0017,88,0,0,0.106316,9844.82
TP-0005373,OPP-01185,LEAD-006421,6,9,2024-03-14,16,meta_ads,meta_awareness_2024,sales_call,/webinar/crm-para-gestores,AST-0013,85,0,0,0.188263,17433.16
TP-0005374,OPP-01185,LEAD-006421,7,9,2024-03-19,11,meta_ads,facebook_retargeting_2024,proposal_sent,/ebook/integracao-sistemas-guia,AST-0011,95,0,0,0.209279,19379.24
TP-0005375,OPP-01185,LEAD-006421,8,9,2024-03-24,6,meta_ads,meta_awareness_2024,demo_request,/webinar/crm-para-gestores,AST-0013,83,0,0,0.34184,31654.38
TP-0005376,OPP-01185,LEAD-006421,9,9,2024-03-28,2,meta_ads,meta_awareness_2024,impression,/ebook/roi-tecnologia-empresas,AST-0010,2,0,1,0.042646,3949.02
TP-0005377,OPP-01186,LEAD-006422,1,5,2024-03-06,25,linkedin_ads,linkedin_gestores_2024,impression,/lp/demo-gratis,AST-0015,7,1,0,0.006157,535.65
TP-0005378,OPP-01186,LEAD-006422,2,5,2024-03-13,18,direct,(direct),click,/lp/comparativo-erp,AST-0017,16,0,0,0.023425,2038.0
TP-0005379,OPP-01186,LEAD-006422,3,5,2024-03-16,15,direct,(direct),content_view,/ebook/roi-tecnologia-empresas,AST-0010,40,0,0,0.038698,3366.72
TP-0005380,OPP-01186,LEAD-006422,4,5,2024-03-26,5,direct,,demo_request,/lp/trial-30-dias,AST-0016,84,0,0,0.316197,27509.16
TP-0005381,OPP-01186,LEAD-006422,5,5,2024-03-28,3,direct,,sales_call,/produto/erp-connector,AST-0020,85,0,1,0.615523,53550.46
TP-0005382,OPP-01187,LEAD-006427,1,5,2024-02-21,41,email_marketing,email_reengajamento_q1_2024,email_open,/blog/crm-para-industria,AST-0002,27,1,0,0.018682,1720.61
TP-0005383,OPP-01187,LEAD-006427,2,5,2024-02-28,34,email_marketing,email_reengajamento_q1_2024,click,/blog/gestao-vendas-b2b,AST-0001,29,0,0,0.03554,3273.25
TP-0005384,OPP-01187,LEAD-006427,3,5,2024-03-05,28,email_marketing,email_reengajamento_q1_2024,content_view,/ebook/integracao-sistemas-guia,AST-0011,39,0,0,0.072742,6699.52
TP-0005385,OPP-01187,LEAD-006427,4,5,2024-03-18,15,email_marketing,email_reengajamento_q1_2024,form_fill,/ebook/crm-para-varejo,AST-0008,87,0,0,0.506279,46628.32
TP-0005386,OPP-01187,LEAD-006427,5,5,2024-03-26,7,email_marketing,newsletter_mensal_03_2024,click,/ebook/crm-para-varejo,AST-0008,24,0,1,0.366757,33778.3
TP-0005387,OPP-01188,LEAD-006429,1,3,2024-02-28,42,meta_ads,fb-leads-varejo-2024,impression,/ebook/integracao-sistemas-guia,AST-0011,14,1,0,0.004797,122.33
TP-0005388,OPP-01188,LEAD-006429,2,3,2024-03-26,15,meta_ads,facebook_retargeting_2024,click,/ebook/crm-para-varejo,AST-0008,10,0,0,0.076162,1942.14
TP-0005389,OPP-01188,LEAD-006429,3,3,2024-04-06,4,meta_ads,facebook_retargeting_2024,form_fill,/lp/trial-30-dias,AST-0016,49,0,1,0.91904,23435.53
TP-0005390,OPP-01189,LEAD-006438,1,5,2024-02-29,37,webinar_evento,campanha_natal_2024,impression,/lp/roi-calculator,AST-0018,20,1,0,0.004376,550.97
TP-0005391,OPP-01189,LEAD-006438,2,5,2024-03-02,35,webinar_evento,campanha_natal_2024,click,/lp/roi-calculator,AST-0018,44,0,0,0.01165,1466.73
TP-0005392,OPP-01189,LEAD-006438,3,5,2024-03-11,26,webinar_evento,black_friday_2023,form_fill,/lp/comparativo-erp,AST-0017,56,0,0,0.081243,10228.46
TP-0005393,OPP-01189,LEAD-006438,4,5,2024-03-17,20,webinar_evento,campanha_natal_2024,demo_request,/lp/comparativo-erp,AST-0017,89,0,0,0.1814,22838.31
TP-0005394,OPP-01189,LEAD-006438,5,5,2024-03-29,8,webinar_evento,bf-23,sales_call,/lp/demo-gratis,AST-0015,69,0,1,0.721331,90815.53
TP-0005395,OPP-01190,LEAD-006448,1,6,2024-02-25,40,webinar_evento,bf-23,impression,/lp/demo-gratis,AST-0015,4,1,0,0.002058,87.45
TP-0005396,OPP-01190,LEAD-006448,2,6,2024-03-15,21,webinar_evento,campanha_natal_2024,click,/produto/crm-integracao,AST-0019,27,0,0,0.018448,784.05
TP-0005397,OPP-01190,LEAD-006448,3,6,2024-03-25,11,webinar_evento,bf-23,form_fill,/lp/trial-30-dias,AST-0016,56,0,0,0.138178,5872.56
TP-0005398,OPP-01190,LEAD-006448,4,6,2024-03-30,6,webinar_evento,bf-23,demo_request,/blog/automacao-marketing-b2b,AST-0004,72,0,0,0.287257,12208.44
TP-0005399,OPP-01190,LEAD-006448,5,6,2024-04-03,2,webinar_evento,bf-23,sales_call,/ebook/integracao-sistemas-guia,AST-0011,89,0,0,0.430039,18276.66
TP-0005400,OPP-01190,LEAD-006448,6,6,2024-04-05,0,webinar_evento,campanha-natal-2024,click,/lp/demo-gratis,AST-0015,31,0,1,0.12402,5270.83
TP-0005401,OPP-01191,LEAD-006452,1,4,2024-03-08,33,organic_search,(none),impression,/blog/leads-qualificados-b2b,AST-0007,18,1,0,0.007309,578.83
TP-0005402,OPP-01191,LEAD-006452,2,4,2024-03-21,20,direct,(direct),click,/webinar/automacao-vendas-demo,AST-0014,37,0,0,0.042686,3380.69
TP-0005403,OPP-01191,LEAD-006452,3,4,2024-03-29,12,direct,(not set),content_view,/lp/trial-30-dias,AST-0016,33,0,0,0.100783,7982.02
TP-0005404,OPP-01191,LEAD-006452,4,4,2024-04-08,2,direct,(direct),form_fill,/webinar/automacao-vendas-demo,AST-0014,85,0,1,0.849223,67258.46
TP-0005405,OPP-01192,LEAD-006453,1,4,2024-02-29,37,paid_search,google_brand_keywords_2024,click,/lp/comparativo-erp,AST-0017,38,1,0,0.023508,679.37
TP-0005406,OPP-01192,LEAD-006453,2,4,2024-03-06,31,organic_search,(none),click,/produto/api-marketplace,AST-0021,26,0,0,0.027758,802.21
TP-0005407,OPP-01192,LEAD-006453,3,4,2024-03-11,26,organic_search,(not set),form_fill,/blog/automacao-marketing-b2b,AST-0004,74,0,0,0.145468,4204.03
TP-0005408,OPP-01192,LEAD-006453,4,4,2024-03-24,13,organic_search,(not set),demo_request,/blog/integracao-erp-sistemas,AST-0003,86,0,1,0.803266,23214.39
TP-0005409,OPP-01193,LEAD-006455,1,2,2024-02-25,37,paid_search,crm-b2b-keywords-2024,click,/produto/erp-connector,AST-0020,43,1,0,0.135008,18469.09
TP-0005410,OPP-01193,LEAD-006455,2,2,2024-03-20,13,paid_search,integracao_erp_pesquisa_2024,click,/produto/api-marketplace,AST-0021,24,0,1,0.864992,118330.91
TP-0005411,OPP-01194,LEAD-006464,1,5,2024-03-01,34,organic_search,(none),impression,/produto/erp-connector,AST-0020,17,1,0,0.008703,346.37
TP-0005412,OPP-01194,LEAD-006464,2,5,2024-03-10,25,linkedin_ads,linkedin_decisores_ti_2024,click,/produto/crm-integracao,AST-0019,30,0,0,0.038197,1520.24
TP-0005413,OPP-01194,LEAD-006464,3,5,2024-03-22,13,linkedin_ads,linkedin_prospeccao_q1_2024,content_view,/ebook/crm-para-varejo,AST-0008,43,0,0,0.12001,4776.41
TP-0005414,OPP-01194,LEAD-006464,4,5,2024-03-25,10,linkedin_ads,linkedin_decisores_ti_2024,form_fill,/webinar/crm-para-gestores,AST-0013,79,0,0,0.408898,16274.13
TP-0005415,OPP-01194,LEAD-006464,5,5,2024-04-03,1,linkedin_ads,linkedin_prospecao_q2_2024,content_view,/webinar/automacao-vendas-demo,AST-0014,49,0,1,0.424192,16882.85
TP-0005416,OPP-01195,LEAD-006469,1,3,2024-03-02,42,webinar_evento,campanha_natal_2024,impression,/webinar/crm-para-gestores,AST-0013,1,1,0,0.021804,898.34
TP-0005417,OPP-01195,LEAD-006469,2,3,2024-03-13,31,webinar_evento,bf-23,click,/lp/demo-gratis,AST-0015,36,0,0,0.110396,4548.3
TP-0005418,OPP-01195,LEAD-006469,3,3,2024-03-18,26,webinar_evento,evento_crm_gestores_q1,form_fill,/webinar/crm-para-gestores,AST-0013,58,0,1,0.8678,35753.36
TP-0005419,OPP-01196,LEAD-006475,1,4,2024-03-10,29,webinar_evento,webinar_integracao_erp_2024,impression,/produto/erp-connector,AST-0020,10,1,0,0.007172,344.25
TP-0005420,OPP-01196,LEAD-006475,2,4,2024-03-18,21,organic_search,,click,/blog/crm-para-industria,AST-0002,31,0,0,0.029308,1406.76
TP-0005421,OPP-01196,LEAD-006475,3,4,2024-03-19,20,organic_search,,form_fill,/blog/integracao-erp-sistemas,AST-0003,70,0,0,0.115418,5540.05
TP-0005422,OPP-01196,LEAD-006475,4,4,2024-04-05,3,organic_search,(not set),demo_request,/blog/gestao-vendas-b2b,AST-0001,89,0,1,0.848103,40708.94
TP-0005423,OPP-01197,LEAD-006480,1,4,2024-02-28,42,email_marketing,newsletter_mensal_02_2024,email_open,/blog/leads-qualificados-b2b,AST-0007,27,1,0,0.008186,1293.34
TP-0005424,OPP-01197,LEAD-006480,2,4,2024-03-20,21,meta_ads,fb-leads-varejo-2024,click,/webinar/crm-para-gestores,AST-0013,38,0,0,0.04233,6688.08
TP-0005425,OPP-01197,LEAD-006480,3,4,2024-03-29,12,meta_ads,fb-leads-varejo-2024,content_view,/lp/comparativo-erp,AST-0017,30,0,0,0.107343,16960.13
TP-0005426,OPP-01197,LEAD-006480,4,4,2024-04-07,3,meta_ads,fb-leads-varejo-2024,form_fill,/lp/comparativo-erp,AST-0017,69,0,1,0.842142,133058.46
TP-0005427,OPP-01198,LEAD-006481,1,5,2024-02-21,44,webinar_evento,campanha-natal-2024,impression,/lp/trial-30-dias,AST-0016,20,1,0,0.002148,399.52
TP-0005428,OPP-01198,LEAD-006481,2,5,2024-02-28,37,webinar_evento,webinar_integracao_erp_2024,click,/ebook/integracao-sistemas-guia,AST-0011,12,0,0,0.008172,1520.08
TP-0005429,OPP-01198,LEAD-006481,3,5,2024-03-02,34,webinar_evento,black_friday_2023,form_fill,/lp/roi-calculator,AST-0018,53,0,0,0.037127,6905.61
TP-0005430,OPP-01198,LEAD-006481,4,5,2024-03-25,11,webinar_evento,evento_crm_gestores_q1,demo_request,/lp/comparativo-erp,AST-0017,89,0,0,0.27919,51929.36
TP-0005431,OPP-01198,LEAD-006481,5,5,2024-03-30,6,webinar_evento,webinar_integracao_erp_2024,sales_call,/webinar/crm-para-gestores,AST-0013,96,0,1,0.673363,125245.43
TP-0005432,OPP-01199,LEAD-006487,1,6,2024-02-17,44,organic_search,,impression,/blog/leads-qualificados-b2b,AST-0007,1,1,0,0.007215,297.27
TP-0005433,OPP-01199,LEAD-006487,2,6,2024-02-23,38,organic_search,,click,/produto/api-marketplace,AST-0021,37,0,0,0.02556,1053.08
TP-0005434,OPP-01199,LEAD-006487,3,6,2024-02-28,33,organic_search,(none),content_view,/blog/funil-vendas-complexas,AST-0006,24,0,0,0.048709,2006.81
TP-0005435,OPP-01199,LEAD-006487,4,6,2024-03-01,31,organic_search,,form_fill,/blog/leads-qualificados-b2b,AST-0007,71,0,0,0.154519,6366.2
TP-0005436,OPP-01199,LEAD-006487,5,6,2024-03-04,28,organic_search,(not set),impression,/blog/gestao-vendas-b2b,AST-0001,1,0,0,0.017404,717.05
TP-0005437,OPP-01199,LEAD-006487,6,6,2024-03-14,18,organic_search,(not set),proposal_sent,/blog/crm-para-industria,AST-0002,68,0,1,0.746592,30759.58
TP-0005438,OPP-01200,LEAD-006490,1,5,2024-02-24,41,paid_search,integracao_erp_pesquisa_2024,click,/blog/integracao-erp-sistemas,AST-0003,20,1,0,0.012725,347.4
TP-0005439,OPP-01200,LEAD-006490,2,5,2024-03-15,21,email_marketing,email_reengajamento_q1_2024,click,/produto/crm-integracao,AST-0019,18,0,0,0.040846,1115.08
TP-0005440,OPP-01200,LEAD-006490,3,5,2024-03-19,17,email_marketing,campanha_email_03-2024,form_fill,/webinar/automacao-vendas-demo,AST-0014,63,0,0,0.199297,5440.8
TP-0005441,OPP-01200,LEAD-006490,4,5,2024-03-31,5,email_marketing,newsletter_mensal_03_2024,demo_request,/blog/automacao-marketing-b2b,AST-0004,85,0,0,0.683093,18648.43
TP-0005442,OPP-01200,LEAD-006490,5,5,2024-03-31,5,email_marketing,email_nurture_leads_2024,impression,/lp/demo-gratis,AST-0015,18,0,1,0.06404,1748.29
TP-0005443,OPP-01201,LEAD-006495,1,4,2024-03-11,33,webinar_evento,campanha_natal_2024,impression,/webinar/automacao-vendas-demo,AST-0014,23,1,0,0.004484,461.41
TP-0005444,OPP-01201,LEAD-006495,2,4,2024-03-29,15,webinar_evento,webinar_integracao_erp_2024,click,/lp/roi-calculator,AST-0018,21,0,0,0.037431,3851.6
TP-0005445,OPP-01201,LEAD-006495,3,4,2024-04-09,4,webinar_evento,webinar_integracao_erp_2024,form_fill,/lp/trial-30-dias,AST-0016,53,0,0,0.301113,30984.48
TP-0005446,OPP-01201,LEAD-006495,4,4,2024-04-09,4,webinar_evento,campanha-natal-2024,demo_request,/webinar/automacao-vendas-demo,AST-0014,79,0,1,0.656973,67602.51
TP-0005447,OPP-01202,LEAD-006498,1,7,2024-03-06,36,linkedin_ads,lkd_awareness_2024,impression,/lp/demo-gratis,AST-0015,6,1,0,0.003051,352.38
TP-0005448,OPP-01202,LEAD-006498,2,7,2024-03-12,30,meta_ads,facebook_retargeting_2024,click,/ebook/crm-para-varejo,AST-0008,29,0,0,0.010808,1248.3
TP-0005449,OPP-01202,LEAD-006498,3,7,2024-03-22,20,meta_ads,fb-leads-varejo-2024,content_view,/lp/comparativo-erp,AST-0017,25,0,0,0.029436,3399.9
TP-0005450,OPP-01202,LEAD-006498,4,7,2024-03-29,13,meta_ads,facebook_retargeting_2024,demo_request,/ebook/gestao-pipeline-vendas,AST-0009,97,0,0,0.19413,22421.97
TP-0005451,OPP-01202,LEAD-006498,5,7,2024-03-30,12,meta_ads,fb-leads-varejo-2024,sales_call,/ebook/integracao-sistemas-guia,AST-0011,86,0,0,0.234566,27092.39
TP-0005452,OPP-01202,LEAD-006498,6,7,2024-04-06,5,meta_ads,fb-leads-varejo-2024,demo_request,/lp/demo-gratis,AST-0015,100,0,0,0.343764,39704.72
TP-0005453,OPP-01202,LEAD-006498,7,7,2024-04-11,0,meta_ads,fb-leads-varejo-2024,content_view,/ebook/gestao-pipeline-vendas,AST-0009,42,0,1,0.184245,21280.34
TP-0005454,OPP-01203,LEAD-006507,1,3,2024-03-05,43,direct,(not set),click,/lp/roi-calculator,AST-0018,34,1,0,0.053959,5093.74
TP-0005455,OPP-01203,LEAD-006507,2,3,2024-03-10,38,direct,,form_fill,/ebook/crm-para-varejo,AST-0008,78,0,0,0.217519,20533.82
TP-0005456,OPP-01203,LEAD-006507,3,3,2024-03-16,32,direct,(not set),demo_request,/produto/erp-connector,AST-0020,91,0,1,0.728522,68772.45
TP-0005457,OPP-01204,LEAD-006515,1,8,2024-03-10,34,linkedin_ads,lkd_awareness_2024,impression,/lp/demo-gratis,AST-0015,26,1,0,0.004322,186.69
TP-0005458,OPP-01204,LEAD-006515,2,8,2024-03-14,30,linkedin_ads,linkedin_prospeccao_q1_2024,click,/webinar/integracao-erp-ao-vivo,AST-0012,32,0,0,0.013271,573.3
TP-0005459,OPP-01204,LEAD-006515,3,8,2024-03-20,24,linkedin_ads,lkd_awareness_2024,content_view,/blog/integracao-erp-sistemas,AST-0003,52,0,0,0.027162,1173.41
TP-0005460,OPP-01204,LEAD-006515,4,8,2024-03-24,20,linkedin_ads,linkedin_gestores_2024,demo_request,/ebook/gestao-pipeline-vendas,AST-0009,88,0,0,0.144581,6245.88
TP-0005461,OPP-01204,LEAD-006515,5,8,2024-04-01,12,linkedin_ads,linkedin_decisores_ti_2024,sales_call,/lp/roi-calculator,AST-0018,87,0,0,0.288025,12442.7
TP-0005462,OPP-01204,LEAD-006515,6,8,2024-04-05,8,linkedin_ads,lkd_awareness_2024,form_fill,/webinar/integracao-erp-ao-vivo,AST-0012,62,0,0,0.234226,10118.56
TP-0005463,OPP-01204,LEAD-006515,7,8,2024-04-06,7,linkedin_ads,linkedin_decisores_ti_2024,form_fill,/lp/roi-calculator,AST-0018,70,0,0,0.251568,10867.76
TP-0005464,OPP-01204,LEAD-006515,8,8,2024-04-07,6,linkedin_ads,linkedin_gestores_2024,impression,/webinar/crm-para-gestores,AST-0013,1,0,1,0.036845,1591.69
TP-0005465,OPP-01205,LEAD-006517,1,3,2024-02-29,44,organic_search,,impression,/webinar/crm-para-gestores,AST-0013,15,1,0,0.051582,6427.17
TP-0005466,OPP-01205,LEAD-006517,2,3,2024-03-13,31,organic_search,,click,/ebook/roi-tecnologia-empresas,AST-0010,41,0,0,0.301268,37538.03
TP-0005467,OPP-01205,LEAD-006517,3,3,2024-03-14,30,organic_search,(none),content_view,/produto/api-marketplace,AST-0021,39,0,1,0.647149,80634.8
TP-0005468,OPP-01206,LEAD-006522,1,4,2024-03-03,39,organic_search,(not set),impression,/blog/crm-para-industria,AST-0002,6,1,0,0.014717,494.48
TP-0005469,OPP-01206,LEAD-006522,2,4,2024-03-06,36,organic_search,(not set),click,/ebook/roi-tecnologia-empresas,AST-0010,33,0,0,0.042077,1413.79
TP-0005470,OPP-01206,LEAD-006522,3,4,2024-03-21,21,organic_search,,content_view,/webinar/automacao-vendas-demo,AST-0014,52,0,0,0.163795,5503.51
TP-0005471,OPP-01206,LEAD-006522,4,4,2024-03-23,19,organic_search,(none),form_fill,/blog/leads-qualificados-b2b,AST-0007,58,0,1,0.779411,26188.22
TP-0005472,OPP-01207,LEAD-006523,1,2,2024-03-30,21,paid_search,google_brand_keywords_2024,click,/blog/gestao-vendas-b2b,AST-0001,23,1,0,0.204665,11870.59
TP-0005473,OPP-01207,LEAD-006523,2,2,2024-04-16,4,paid_search,integracao_erp_pesquisa_2024,click,/produto/api-marketplace,AST-0021,26,0,1,0.795335,46129.41
TP-0005474,OPP-01208,LEAD-006527,1,5,2024-03-20,33,webinar_evento,campanha-natal-2024,impression,/webinar/integracao-erp-ao-vivo,AST-0012,2,1,0,0.003179,138.27
TP-0005475,OPP-01208,LEAD-006527,2,5,2024-04-02,20,webinar_evento,black_friday_2023,click,/webinar/integracao-erp-ao-vivo,AST-0012,11,0,0,0.018565,807.58
TP-0005476,OPP-01208,LEAD-006527,3,5,2024-04-04,18,webinar_evento,webinar_integracao_erp_2024,form_fill,/webinar/crm-para-gestores,AST-0013,47,0,0,0.078525,3415.85
TP-0005477,OPP-01208,LEAD-006527,4,5,2024-04-15,7,webinar_evento,campanha_natal_2024,demo_request,/webinar/automacao-vendas-demo,AST-0014,77,0,0,0.250592,10900.76
TP-0005478,OPP-01208,LEAD-006527,5,5,2024-04-21,1,webinar_evento,bf-23,sales_call,/webinar/crm-para-gestores,AST-0013,82,0,1,0.649139,28237.54
TP-0005479,OPP-01209,LEAD-006540,1,8,2024-02-28,43,webinar_evento,campanha_natal_2024,impression,/webinar/integracao-erp-ao-vivo,AST-0012,10,1,0,0.006361,687.64
TP-0005480,OPP-01209,LEAD-006540,2,8,2024-03-05,37,webinar_evento,campanha-natal-2024,click,/produto/erp-connector,AST-0020,35,0,0,0.022534,2435.95
TP-0005481,OPP-01209,LEAD-006540,3,8,2024-03-08,34,webinar_evento,black_friday_2023,form_fill,/blog/crm-para-industria,AST-0002,62,0,0,0.102371,11066.3
TP-0005482,OPP-01209,LEAD-006540,4,8,2024-03-09,33,webinar_evento,black_friday_2023,demo_request,/ebook/roi-tecnologia-empresas,AST-0010,81,0,0,0.159928,17288.24
TP-0005483,OPP-01209,LEAD-006540,5,8,2024-03-15,27,webinar_evento,campanha-natal-2024,sales_call,/lp/comparativo-erp,AST-0017,79,0,0,0.276187,29855.85
TP-0005484,OPP-01209,LEAD-006540,6,8,2024-03-24,18,webinar_evento,bf-23,impression,/webinar/integracao-erp-ao-vivo,AST-0012,9,0,0,0.029182,3154.61
TP-0005485,OPP-01209,LEAD-006540,7,8,2024-03-26,16,webinar_evento,webinar_integracao_erp_2024,content_view,/lp/comparativo-erp,AST-0017,36,0,0,0.134655,14556.21
TP-0005486,OPP-01209,LEAD-006540,8,8,2024-03-30,12,webinar_evento,evento_crm_gestores_q1,content_view,/webinar/crm-para-gestores,AST-0013,12,0,1,0.268781,29055.19
TP-0005487,OPP-01210,LEAD-006543,1,3,2024-03-15,39,organic_search,(not set),impression,/produto/erp-connector,AST-0020,21,1,0,0.034957,4285.77
TP-0005488,OPP-01210,LEAD-006543,2,3,2024-04-02,21,organic_search,(not set),click,/produto/crm-integracao,AST-0019,15,0,0,0.291807,35775.5
TP-0005489,OPP-01210,LEAD-006543,3,3,2024-04-04,19,organic_search,(not set),content_view,/blog/funil-vendas-complexas,AST-0006,30,0,1,0.673236,82538.73
TP-0005490,OPP-01211,LEAD-006555,1,2,2024-03-06,36,paid_search,google_branded_2024,click,/produto/api-marketplace,AST-0021,31,1,0,0.126882,15022.8
TP-0005491,OPP-01211,LEAD-006555,2,2,2024-03-31,11,paid_search,pesquisa_concorrentes_q1_2024,click,/produto/erp-connector,AST-0020,5,0,1,0.873118,103377.2
TP-0005492,OPP-01212,LEAD-006577,1,4,2024-03-20,30,meta_ads,ig_gestores_b2b_q1,impression,/blog/gestao-vendas-b2b,AST-0001,6,1,0,0.004907,228.17
TP-0005493,OPP-01212,LEAD-006577,2,4,2024-03-22,28,meta_ads,fb-leads-varejo-2024,click,/ebook/crm-para-varejo,AST-0008,15,0,0,0.013062,607.4
TP-0005494,OPP-01212,LEAD-006577,3,4,2024-04-09,10,meta_ads,facebook_retargeting_2024,form_fill,/ebook/integracao-sistemas-guia,AST-0011,76,0,0,0.173249,8056.08
TP-0005495,OPP-01212,LEAD-006577,4,4,2024-04-18,1,meta_ads,fb-leads-varejo-2024,sales_call,/produto/crm-integracao,AST-0019,86,0,1,0.808782,37608.35
TP-0005496,OPP-01213,LEAD-006579,1,2,2024-03-11,37,organic_search,(not set),impression,/produto/api-marketplace,AST-0021,7,1,0,0.200276,19907.43
TP-0005497,OPP-01213,LEAD-006579,2,2,2024-03-13,35,organic_search,(none),click,/produto/api-marketplace,AST-0021,59,0,1,0.799724,79492.57
TP-0005498,OPP-01214,LEAD-006591,1,4,2024-03-17,34,organic_search,,impression,/produto/erp-connector,AST-0020,22,1,0,0.008433,513.58
TP-0005499,OPP-01214,LEAD-006591,2,4,2024-03-25,26,organic_search,(not set),click,/produto/api-marketplace,AST-0021,28,0,0,0.034462,2098.72
TP-0005500,OPP-01214,LEAD-006591,3,4,2024-04-12,8,organic_search,(none),content_view,/ebook/integracao-sistemas-guia,AST-0011,37,0,0,0.166209,10122.11
TP-0005501,OPP-01214,LEAD-006591,4,4,2024-04-14,6,organic_search,(not set),form_fill,/produto/crm-integracao,AST-0019,78,0,1,0.790897,48165.6
TP-0005502,OPP-01215,LEAD-006592,1,5,2024-02-29,43,organic_search,,impression,/produto/crm-integracao,AST-0019,18,1,0,0.014776,1227.89
TP-0005503,OPP-01215,LEAD-006592,2,5,2024-03-13,30,paid_search,integracao_erp_pesquisa_2024,click,/ebook/integracao-sistemas-guia,AST-0011,13,0,0,0.0863,7171.54
TP-0005504,OPP-01215,LEAD-006592,3,5,2024-03-16,27,paid_search,crm-b2b-keywords-2024,content_view,/blog/leads-qualificados-b2b,AST-0007,26,0,0,0.142565,11847.16
TP-0005505,OPP-01215,LEAD-006592,4,5,2024-03-19,24,paid_search,google_branded_2024,form_fill,/produto/erp-connector,AST-0020,71,0,0,0.485746,40365.49
TP-0005506,OPP-01215,LEAD-006592,5,5,2024-03-29,14,paid_search,google_brand_keywords_2024,email_open,/lp/demo-gratis,AST-0015,1,0,1,0.270613,22487.91
TP-0005507,OPP-01216,LEAD-006597,1,5,2024-03-19,40,paid_search,integracao_erp_pesquisa_2024,click,/lp/roi-calculator,AST-0018,47,1,0,0.012874,875.41
TP-0005508,OPP-01216,LEAD-006597,2,5,2024-04-12,16,email_marketing,campanha_email_04-2024,click,/ebook/integracao-sistemas-guia,AST-0011,15,0,0,0.054987,3739.13
TP-0005509,OPP-01216,LEAD-006597,3,5,2024-04-17,11,email_marketing,email_nurture_leads_2024,form_fill,/ebook/gestao-pipeline-vendas,AST-0009,58,0,0,0.288163,19595.11
TP-0005510,OPP-01216,LEAD-006597,4,5,2024-04-21,7,email_marketing,email_reengajamento_q2_2024,demo_request,/webinar/automacao-vendas-demo,AST-0014,92,0,0,0.557764,37927.92
TP-0005511,OPP-01216,LEAD-006597,5,5,2024-04-28,0,email_marketing,email_nurture_leads_2024,impression,/produto/erp-connector,AST-0020,11,0,1,0.086212,5862.43
TP-0005512,OPP-01217,LEAD-006599,1,5,2024-03-15,42,organic_search,,impression,/webinar/automacao-vendas-demo,AST-0014,31,1,0,0.002201,76.17
TP-0005513,OPP-01217,LEAD-006599,2,5,2024-04-18,8,organic_search,,click,/blog/gestao-vendas-b2b,AST-0001,9,0,0,0.057623,1993.75
TP-0005514,OPP-01217,LEAD-006599,3,5,2024-04-19,7,organic_search,,content_view,/blog/automacao-marketing-b2b,AST-0004,37,0,0,0.082519,2855.16
TP-0005515,OPP-01217,LEAD-006599,4,5,2024-04-22,4,organic_search,(none),form_fill,/blog/funil-vendas-complexas,AST-0006,44,0,0,0.281158,9728.07
TP-0005516,OPP-01217,LEAD-006599,5,5,2024-04-23,3,organic_search,(none),proposal_sent,/produto/erp-connector,AST-0020,80,0,1,0.576498,19946.85
TP-0005517,OPP-01218,LEAD-006602,1,5,2024-04-07,21,organic_search,(none),impression,/produto/api-marketplace,AST-0021,18,1,0,0.025008,3198.52
TP-0005518,OPP-01218,LEAD-006602,2,5,2024-04-07,21,organic_search,,click,/blog/gestao-vendas-b2b,AST-0001,37,0,0,0.057711,7381.19
TP-0005519,OPP-01218,LEAD-006602,3,5,2024-04-14,14,organic_search,,content_view,/produto/crm-integracao,AST-0019,40,0,0,0.126865,16226.04
TP-0005520,OPP-01218,LEAD-006602,4,5,2024-04-16,12,organic_search,(not set),form_fill,/produto/crm-integracao,AST-0019,71,0,0,0.402454,51473.93
TP-0005521,OPP-01218,LEAD-006602,5,5,2024-04-28,0,organic_search,(not set),click,/blog/integracao-erp-sistemas,AST-0003,3,0,1,0.387962,49620.32
TP-0005522,OPP-01219,LEAD-006613,1,4,2024-03-20,28,paid_search,google_branded_2024,click,/lp/demo-gratis,AST-0015,40,1,0,0.020535,2778.32
TP-0005523,OPP-01219,LEAD-006613,2,4,2024-03-22,26,paid_search,google_branded_2024,click,/lp/trial-30-dias,AST-0016,25,0,0,0.018221,2465.36
TP-0005524,OPP-01219,LEAD-006613,3,4,2024-04-10,7,paid_search,google_brand_keywords_2024,form_fill,/lp/roi-calculator,AST-0018,76,0,0,0.25957,35119.78
TP-0005525,OPP-01219,LEAD-006613,4,4,2024-04-13,4,paid_search,google_brand_keywords_2024,demo_request,/lp/demo-gratis,AST-0015,88,0,1,0.701674,94936.54
TP-0005526,OPP-01220,LEAD-006616,1,2,2024-03-30,20,direct,,click,/produto/api-marketplace,AST-0021,15,1,0,0.079997,3823.87
TP-0005527,OPP-01220,LEAD-006616,2,2,2024-04-13,6,direct,(not set),form_fill,/produto/erp-connector,AST-0020,60,0,1,0.920003,43976.13
TP-0005528,OPP-01221,LEAD-006620,1,5,2024-03-06,39,webinar_evento,campanha_natal_2024,impression,/lp/trial-30-dias,AST-0016,7,1,0,0.009831,1089.32
TP-0005529,OPP-01221,LEAD-006620,2,5,2024-03-06,39,direct,(direct),click,/produto/api-marketplace,AST-0021,31,0,0,0.022688,2513.81
TP-0005530,OPP-01221,LEAD-006620,3,5,2024-03-12,33,direct,(direct),form_fill,/produto/api-marketplace,AST-0021,56,0,0,0.1277,14149.14
TP-0005531,OPP-01221,LEAD-006620,4,5,2024-03-13,32,direct,(direct),demo_request,/lp/trial-30-dias,AST-0016,71,0,0,0.199498,22104.39
TP-0005532,OPP-01221,LEAD-006620,5,5,2024-03-22,23,direct,(not set),sales_call,/blog/automacao-marketing-b2b,AST-0004,100,0,1,0.640283,70943.34
TP-0005533,OPP-01222,LEAD-006625,1,5,2024-03-17,43,webinar_evento,black_friday_2023,impression,/lp/trial-30-dias,AST-0016,6,1,0,0.002168,246.72
TP-0005534,OPP-01222,LEAD-006625,2,5,2024-03-24,36,direct,(direct),click,/produto/erp-connector,AST-0020,29,0,0,0.008249,938.71
TP-0005535,OPP-01222,LEAD-006625,3,5,2024-03-30,30,direct,,form_fill,/lp/trial-30-dias,AST-0016,52,0,0,0.046429,5283.6
TP-0005536,OPP-01222,LEAD-006625,4,5,2024-04-11,18,direct,(direct),demo_request,/produto/api-marketplace,AST-0021,84,0,0,0.159136,18109.63
TP-0005537,OPP-01222,LEAD-006625,5,5,2024-04-26,3,direct,(not set),sales_call,/blog/crm-para-industria,AST-0002,100,0,1,0.784019,89221.34
TP-0005538,OPP-01223,LEAD-006627,1,8,2024-03-19,40,webinar_evento,black_friday_2023,impression,/lp/roi-calculator,AST-0018,28,1,0,0.002029,483.82
TP-0005539,OPP-01223,LEAD-006627,2,8,2024-03-31,28,webinar_evento,campanha-natal-2024,click,/webinar/integracao-erp-ao-vivo,AST-0012,29,0,0,0.011031,2630.98
TP-0005540,OPP-01223,LEAD-006627,3,8,2024-04-01,27,webinar_evento,bf-23,form_fill,/webinar/integracao-erp-ao-vivo,AST-0012,71,0,0,0.043443,10361.2
TP-0005541,OPP-01223,LEAD-006627,4,8,2024-04-06,22,webinar_evento,bf-23,demo_request,/webinar/integracao-erp-ao-vivo,AST-0012,70,0,0,0.090314,21539.85
TP-0005542,OPP-01223,LEAD-006627,5,8,2024-04-10,18,webinar_evento,bf-23,sales_call,/lp/demo-gratis,AST-0015,96,0,0,0.135204,32246.26
TP-0005543,OPP-01223,LEAD-006627,6,8,2024-04-13,15,webinar_evento,black_friday_2023,proposal_sent,/webinar/automacao-vendas-demo,AST-0014,63,0,0,0.13029,31074.06
TP-0005544,OPP-01223,LEAD-006627,7,8,2024-04-20,8,webinar_evento,evento_crm_gestores_q2,content_view,/webinar/integracao-erp-ao-vivo,AST-0012,25,0,0,0.061375,14637.85
TP-0005545,OPP-01223,LEAD-006627,8,8,2024-04-25,3,webinar_evento,evento_crm_gestores_q2,demo_request,/webinar/crm-para-gestores,AST-0013,75,0,1,0.526314,125525.97
TP-0005546,OPP-01224,LEAD-006630,1,3,2024-03-10,38,direct,,click,/lp/trial-30-dias,AST-0016,25,1,0,0.045336,1700.1
TP-0005547,OPP-01224,LEAD-006630,2,3,2024-03-16,32,direct,,form_fill,/lp/demo-gratis,AST-0015,87,0,0,0.196289,7360.85
TP-0005548,OPP-01224,LEAD-006630,3,3,2024-03-24,24,direct,,demo_request,/produto/crm-integracao,AST-0019,96,0,1,0.758375,28439.05
TP-0005549,OPP-01225,LEAD-006636,1,6,2024-03-17,36,webinar_evento,black_friday_2023,impression,/blog/integracao-erp-sistemas,AST-0003,2,1,0,0.00204,255.76
TP-0005550,OPP-01225,LEAD-006636,2,6,2024-03-19,34,linkedin_ads,linkedin_prospecao_q1_2024,click,/lp/roi-calculator,AST-0018,7,0,0,0.005429,680.85
TP-0005551,OPP-01225,LEAD-006636,3,6,2024-03-21,32,linkedin_ads,linkedin_gestores_2024,form_fill,/webinar/automacao-vendas-demo,AST-0014,60,0,0,0.022965,2879.83
TP-0005552,OPP-01225,LEAD-006636,4,6,2024-04-15,7,linkedin_ads,linkedin_prospecao_q2_2024,demo_request,/ebook/integracao-sistemas-guia,AST-0011,81,0,0,0.199215,24981.57
TP-0005553,OPP-01225,LEAD-006636,5,6,2024-04-18,4,linkedin_ads,lkd_awareness_2024,sales_call,/blog/churn-saas-brasil,AST-0005,88,0,0,0.277676,34820.53
TP-0005554,OPP-01225,LEAD-006636,6,6,2024-04-22,0,linkedin_ads,lkd_awareness_2024,demo_request,/webinar/automacao-vendas-demo,AST-0014,100,0,1,0.492675,61781.46
TP-0005555,OPP-01226,LEAD-006650,1,2,2024-04-04,26,paid_search,pesquisa_concorrentes_q2_2024,click,/produto/erp-connector,AST-0020,18,1,0,0.152577,7995.04
TP-0005556,OPP-01226,LEAD-006650,2,2,2024-04-26,4,paid_search,pesquisa_concorrentes_q2_2024,click,/produto/api-marketplace,AST-0021,49,0,1,0.847423,44404.96
TP-0005557,OPP-01227,LEAD-006655,1,8,2024-03-17,40,webinar_evento,campanha_natal_2024,impression,/lp/roi-calculator,AST-0018,13,1,0,0.005302,246.02
TP-0005558,OPP-01227,LEAD-006655,2,8,2024-03-27,30,webinar_evento,bf-23,click,/webinar/crm-para-gestores,AST-0013,23,0,0,0.024994,1159.71
TP-0005559,OPP-01227,LEAD-006655,3,8,2024-03-29,28,webinar_evento,evento_crm_gestores_q1,form_fill,/lp/roi-calculator,AST-0018,69,0,0,0.105717,4905.28
TP-0005560,OPP-01227,LEAD-006655,4,8,2024-03-29,28,webinar_evento,evento_crm_gestores_q1,demo_request,/blog/funil-vendas-complexas,AST-0006,96,0,0,0.153771,7134.96
TP-0005561,OPP-01227,LEAD-006655,5,8,2024-03-31,26,webinar_evento,campanha-natal-2024,sales_call,/lp/comparativo-erp,AST-0017,100,0,0,0.199558,9259.47
TP-0005562,OPP-01227,LEAD-006655,6,8,2024-04-09,17,webinar_evento,webinar_integracao_erp_2024,proposal_sent,/produto/crm-integracao,AST-0019,65,0,0,0.295198,13697.17
TP-0005563,OPP-01227,LEAD-006655,7,8,2024-04-24,2,webinar_evento,campanha_natal_2024,email_open,/webinar/automacao-vendas-demo,AST-0014,14,0,0,0.123121,5712.79
TP-0005564,OPP-01227,LEAD-006655,8,8,2024-04-24,2,webinar_evento,evento_crm_gestores_q2,impression,/ebook/gestao-pipeline-vendas,AST-0009,1,0,1,0.09234,4284.59
TP-0005565,OPP-01228,LEAD-006660,1,4,2024-03-29,30,organic_search,(not set),impression,/produto/erp-connector,AST-0020,5,1,0,0.021353,1780.87
TP-0005566,OPP-01228,LEAD-006660,2,4,2024-04-04,24,paid_search,pesquisa_concorrentes_q2_2024,click,/lp/roi-calculator,AST-0018,13,0,0,0.075643,6308.64
TP-0005567,OPP-01228,LEAD-006660,3,4,2024-04-11,17,paid_search,google_brand_keywords_2024,content_view,/blog/churn-saas-brasil,AST-0005,33,0,0,0.166286,13868.26
TP-0005568,OPP-01228,LEAD-006660,4,4,2024-04-12,16,paid_search,crm-b2b-keywords-2024,form_fill,/blog/crm-para-industria,AST-0002,64,0,1,0.736717,61442.23
TP-0005569,OPP-01229,LEAD-006667,1,5,2024-03-17,40,webinar_evento,campanha-natal-2024,impression,/webinar/integracao-erp-ao-vivo,AST-0012,14,1,0,0.001845,191.86
TP-0005570,OPP-01229,LEAD-006667,2,5,2024-04-02,24,webinar_evento,campanha-natal-2024,click,/webinar/automacao-vendas-demo,AST-0014,17,0,0,0.013349,1388.34
TP-0005571,OPP-01229,LEAD-006667,3,5,2024-04-15,11,webinar_evento,bf-23,form_fill,/webinar/automacao-vendas-demo,AST-0014,58,0,0,0.123882,12883.73
TP-0005572,OPP-01229,LEAD-006667,4,5,2024-04-19,7,webinar_evento,bf-23,demo_request,/blog/crm-para-industria,AST-0002,75,0,0,0.239784,24937.5
TP-0005573,OPP-01229,LEAD-006667,5,5,2024-04-25,1,webinar_evento,black_friday_2023,sales_call,/lp/demo-gratis,AST-0015,89,0,1,0.62114,64598.57
TP-0005574,OPP-01230,LEAD-006674,1,7,2024-03-18,43,linkedin_ads,linkedin_decisores_ti_2024,impression,/webinar/crm-para-gestores,AST-0013,10,1,0,0.003447,449.88
TP-0005575,OPP-01230,LEAD-006674,2,7,2024-03-25,36,linkedin_ads,linkedin_gestores_2024,click,/webinar/automacao-vendas-demo,AST-0014,21,0,0,0.013116,1711.66
TP-0005576,OPP-01230,LEAD-006674,3,7,2024-03-26,35,linkedin_ads,linkedin_prospeccao_q1_2024,content_view,/webinar/integracao-erp-ao-vivo,AST-0012,26,0,0,0.018783,2451.19
TP-0005577,OPP-01230,LEAD-006674,4,7,2024-04-07,23,linkedin_ads,linkedin_prospecao_q2_2024,demo_request,/webinar/integracao-erp-ao-vivo,AST-0012,82,0,0,0.177043,23104.11
TP-0005578,OPP-01230,LEAD-006674,5,7,2024-04-10,20,linkedin_ads,linkedin_prospecao_q2_2024,sales_call,/ebook/integracao-sistemas-guia,AST-0011,85,0,0,0.246771,32203.64
TP-0005579,OPP-01230,LEAD-006674,6,7,2024-04-20,10,linkedin_ads,lkd_awareness_2024,proposal_sent,/ebook/gestao-pipeline-vendas,AST-0009,71,0,0,0.392067,51164.75
TP-0005580,OPP-01230,LEAD-006674,7,7,2024-04-28,2,linkedin_ads,linkedin_prospecao_q2_2024,email_open,/lp/roi-calculator,AST-0018,9,0,1,0.148772,19414.77
TP-0005581,OPP-01231,LEAD-006676,1,2,2024-03-19,30,organic_search,,impression,/blog/funil-vendas-complexas,AST-0006,13,1,0,0.037626,2298.94
TP-0005582,OPP-01231,LEAD-006676,2,2,2024-04-16,2,organic_search,(not set),click,/lp/comparativo-erp,AST-0017,18,0,1,0.962374,58801.06
TP-0005583,OPP-01232,LEAD-006679,1,5,2024-03-05,44,linkedin_ads,linkedin_gestores_2024,impression,/webinar/crm-para-gestores,AST-0013,7,1,0,0.002713,136.2
TP-0005584,OPP-01232,LEAD-006679,2,5,2024-03-20,29,linkedin_ads,linkedin_prospeccao_q1_2024,click,/ebook/gestao-pipeline-vendas,AST-0009,14,0,0,0.01828,917.67
TP-0005585,OPP-01232,LEAD-006679,3,5,2024-03-26,23,linkedin_ads,lkd_awareness_2024,content_view,/webinar/crm-para-gestores,AST-0013,44,0,0,0.037415,1878.24
TP-0005586,OPP-01232,LEAD-006679,4,5,2024-03-26,23,linkedin_ads,linkedin_prospeccao_q1_2024,demo_request,/lp/roi-calculator,AST-0018,76,0,0,0.14966,7512.95
TP-0005587,OPP-01232,LEAD-006679,5,5,2024-04-11,7,linkedin_ads,linkedin_gestores_2024,sales_call,/lp/comparativo-erp,AST-0017,100,0,1,0.791931,39754.93
TP-0005588,OPP-01233,LEAD-006688,1,3,2024-03-28,24,paid_search,pesquisa_concorrentes_q1_2024,click,/ebook/crm-para-varejo,AST-0008,21,1,0,0.069906,1817.55
TP-0005589,OPP-01233,LEAD-006688,2,3,2024-03-31,21,paid_search,integracao_erp_pesquisa_2024,click,/produto/crm-integracao,AST-0019,16,0,0,0.066624,1732.23
TP-0005590,OPP-01233,LEAD-006688,3,3,2024-04-12,9,paid_search,google_brand_keywords_2024,form_fill,/produto/erp-connector,AST-0020,67,0,1,0.86347,22450.22
TP-0005591,OPP-01234,LEAD-006703,1,6,2024-03-15,39,email_marketing,email_reengajamento_q1_2024,email_open,/ebook/roi-tecnologia-empresas,AST-0010,11,1,0,0.017974,1360.65
TP-0005592,OPP-01234,LEAD-006703,2,6,2024-03-15,39,email_marketing,campanha_email_03-2024,click,/produto/erp-connector,AST-0020,43,0,0,0.020739,1569.98
TP-0005593,OPP-01234,LEAD-006703,3,6,2024-03-16,38,email_marketing,newsletter_mensal_03_2024,content_view,/blog/gestao-vendas-b2b,AST-0001,56,0,0,0.0297,2248.3
TP-0005594,OPP-01234,LEAD-006703,4,6,2024-04-02,21,email_marketing,email_reengajamento_q2_2024,form_fill,/lp/roi-calculator,AST-0018,61,0,0,0.275073,20823.02
TP-0005595,OPP-01234,LEAD-006703,5,6,2024-04-04,19,email_marketing,campanha_email_04-2024,proposal_sent,/ebook/roi-tecnologia-empresas,AST-0010,66,0,0,0.403855,30571.81
TP-0005596,OPP-01234,LEAD-006703,6,6,2024-04-19,4,email_marketing,newsletter_mensal_04_2024,email_open,/lp/trial-30-dias,AST-0016,13,0,1,0.252659,19126.25
TP-0005597,OPP-01235,LEAD-006705,1,5,2024-03-20,42,organic_search,(none),impression,/blog/churn-saas-brasil,AST-0005,10,1,0,0.002609,189.71
TP-0005598,OPP-01235,LEAD-006705,2,5,2024-04-06,25,organic_search,(none),click,/blog/funil-vendas-complexas,AST-0006,11,0,0,0.020281,1474.4
TP-0005599,OPP-01235,LEAD-006705,3,5,2024-04-14,17,organic_search,(not set),content_view,/produto/erp-connector,AST-0020,21,0,0,0.047884,3481.14
TP-0005600,OPP-01235,LEAD-006705,4,5,2024-04-24,7,organic_search,,form_fill,/ebook/crm-para-varejo,AST-0008,51,0,0,0.268987,19555.32
TP-0005601,OPP-01235,LEAD-006705,5,5,2024-04-24,7,organic_search,(not set),sales_call,/blog/gestao-vendas-b2b,AST-0001,81,0,1,0.66024,47999.43
TP-0005602,OPP-01236,LEAD-006707,1,3,2024-03-16,34,paid_search,crm-b2b-keywords-2024,click,/produto/api-marketplace,AST-0021,7,1,0,0.07433,2386.0
TP-0005603,OPP-01236,LEAD-006707,2,3,2024-03-19,31,paid_search,pesquisa_concorrentes_q1_2024,click,/lp/demo-gratis,AST-0015,43,0,0,0.070841,2274.0
TP-0005604,OPP-01236,LEAD-006707,3,3,2024-03-30,20,paid_search,crm-b2b-keywords-2024,form_fill,/produto/api-marketplace,AST-0021,60,0,1,0.854829,27440.0
TP-0005605,OPP-01237,LEAD-006709,1,2,2024-03-18,43,organic_search,(none),impression,/blog/leads-qualificados-b2b,AST-0007,4,1,0,0.032781,1920.98
TP-0005606,OPP-01237,LEAD-006709,2,2,2024-04-17,13,organic_search,(none),click,/blog/integracao-erp-sistemas,AST-0003,26,0,1,0.967219,56679.02
TP-0005607,OPP-01238,LEAD-006717,1,2,2024-04-13,10,organic_search,(not set),impression,/ebook/integracao-sistemas-guia,AST-0011,10,1,0,0.18908,7468.66
TP-0005608,OPP-01238,LEAD-006717,2,2,2024-04-16,7,organic_search,,click,/produto/api-marketplace,AST-0021,38,0,1,0.81092,32031.34
TP-0005609,OPP-01239,LEAD-006722,1,2,2024-03-26,27,direct,(not set),click,/lp/trial-30-dias,AST-0016,19,1,0,0.097255,8918.33
TP-0005610,OPP-01239,LEAD-006722,2,2,2024-04-06,16,direct,(direct),form_fill,/blog/churn-saas-brasil,AST-0005,48,0,1,0.902745,82781.67
TP-0005611,OPP-01240,LEAD-006726,1,2,2024-04-15,18,paid_search,integracao_erp_pesquisa_2024,click,/lp/comparativo-erp,AST-0017,21,1,0,0.328599,10482.3
TP-0005612,OPP-01240,LEAD-006726,2,2,2024-04-23,10,paid_search,integracao_erp_pesquisa_2024,click,/produto/crm-integracao,AST-0019,15,0,1,0.671401,21417.7
TP-0005613,OPP-01241,LEAD-006731,1,5,2024-03-19,33,direct,,click,/lp/trial-30-dias,AST-0016,22,1,0,0.013308,1052.65
TP-0005614,OPP-01241,LEAD-006731,2,5,2024-03-20,32,paid_search,crm-b2b-keywords-2024,form_fill,/produto/crm-integracao,AST-0019,60,0,0,0.040314,3188.85
TP-0005615,OPP-01241,LEAD-006731,3,5,2024-04-09,12,paid_search,crm-b2b-keywords-2024,demo_request,/lp/demo-gratis,AST-0015,91,0,0,0.244684,19354.52
TP-0005616,OPP-01241,LEAD-006731,4,5,2024-04-12,9,paid_search,integracao_erp_pesquisa_2024,sales_call,/lp/demo-gratis,AST-0015,92,0,0,0.341053,26977.27
TP-0005617,OPP-01241,LEAD-006731,5,5,2024-04-14,7,paid_search,integracao_erp_pesquisa_2024,form_fill,/webinar/automacao-vendas-demo,AST-0014,79,0,1,0.360641,28526.7
TP-0005618,OPP-01242,LEAD-006736,1,5,2024-03-12,39,linkedin_ads,linkedin_decisores_ti_2024,impression,/lp/trial-30-dias,AST-0016,1,1,0,0.003977,406.09
TP-0005619,OPP-01242,LEAD-006736,2,5,2024-03-16,35,organic_search,(not set),click,/produto/erp-connector,AST-0020,16,0,0,0.012214,1247.07
TP-0005620,OPP-01242,LEAD-006736,3,5,2024-03-21,30,organic_search,,content_view,/blog/automacao-marketing-b2b,AST-0004,42,0,0,0.023276,2376.48
TP-0005621,OPP-01242,LEAD-006736,4,5,2024-04-01,19,organic_search,(none),demo_request,/blog/automacao-marketing-b2b,AST-0004,90,0,0,0.204267,20855.69
TP-0005622,OPP-01242,LEAD-006736,5,5,2024-04-12,8,organic_search,,sales_call,/produto/erp-connector,AST-0020,93,0,1,0.756265,77214.67
TP-0005623,OPP-01243,LEAD-006739,1,6,2024-03-16,35,organic_search,(not set),impression,/produto/api-marketplace,AST-0021,14,1,0,0.009163,809.07
TP-0005624,OPP-01243,LEAD-006739,2,6,2024-03-20,31,webinar_evento,black_friday_2023,click,/webinar/crm-para-gestores,AST-0013,39,0,0,0.028138,2484.54
TP-0005625,OPP-01243,LEAD-006739,3,6,2024-03-21,30,webinar_evento,campanha-natal-2024,content_view,/webinar/integracao-erp-ao-vivo,AST-0012,42,0,0,0.040295,3558.0
TP-0005626,OPP-01243,LEAD-006739,4,6,2024-03-23,28,webinar_evento,evento_crm_gestores_q1,form_fill,/blog/gestao-vendas-b2b,AST-0001,86,0,0,0.127826,11287.07
TP-0005627,OPP-01243,LEAD-006739,5,6,2024-04-09,11,webinar_evento,webinar_integracao_erp_2024,sales_call,/lp/trial-30-dias,AST-0016,100,0,0,0.704463,62204.05
TP-0005628,OPP-01243,LEAD-006739,6,6,2024-04-15,5,webinar_evento,bf-23,impression,/lp/roi-calculator,AST-0018,19,0,1,0.090116,7957.26
TP-0005629,OPP-01244,LEAD-006748,1,2,2024-04-25,6,direct,(not set),click,/lp/roi-calculator,AST-0018,19,1,0,0.133431,12168.93
TP-0005630,OPP-01244,LEAD-006748,2,2,2024-05-01,0,direct,,form_fill,/produto/api-marketplace,AST-0021,72,0,1,0.866569,79031.07
TP-0005631,OPP-01245,LEAD-006749,1,6,2024-03-16,41,organic_search,,impression,/blog/churn-saas-brasil,AST-0005,22,1,0,0.004634,132.07
TP-0005632,OPP-01245,LEAD-006749,2,6,2024-03-21,36,organic_search,(not set),click,/blog/automacao-marketing-b2b,AST-0004,22,0,0,0.015284,435.6
TP-0005633,OPP-01245,LEAD-006749,3,6,2024-04-10,16,organic_search,(none),content_view,/produto/erp-connector,AST-0020,35,0,0,0.085036,2423.54
TP-0005634,OPP-01245,LEAD-006749,4,6,2024-04-11,15,organic_search,(not set),form_fill,/webinar/automacao-vendas-demo,AST-0014,80,0,0,0.251165,7158.19
TP-0005635,OPP-01245,LEAD-006749,5,6,2024-04-16,10,organic_search,,sales_call,/produto/api-marketplace,AST-0021,91,0,0,0.587413,16741.26
TP-0005636,OPP-01245,LEAD-006749,6,6,2024-04-18,8,organic_search,(not set),impression,/blog/integracao-erp-sistemas,AST-0003,2,0,1,0.056468,1609.34
TP-0005637,OPP-01246,LEAD-006750,1,3,2024-03-19,40,webinar_evento,campanha_natal_2024,impression,/webinar/integracao-erp-ao-vivo,AST-0012,8,1,0,0.008329,398.98
TP-0005638,OPP-01246,LEAD-006750,2,3,2024-03-22,37,webinar_evento,black_friday_2023,click,/webinar/crm-para-gestores,AST-0013,31,0,0,0.023815,1140.76
TP-0005639,OPP-01246,LEAD-006750,3,3,2024-04-19,9,webinar_evento,webinar_integracao_erp_2024,form_fill,/webinar/automacao-vendas-demo,AST-0014,63,0,1,0.967855,46360.26
TP-0005640,OPP-01247,LEAD-006761,1,7,2024-03-11,41,email_marketing,email_reengajamento_q1_2024,email_open,/blog/gestao-vendas-b2b,AST-0001,19,1,0,0.009208,809.39
TP-0005641,OPP-01247,LEAD-006761,2,7,2024-03-25,27,direct,(not set),click,/blog/leads-qualificados-b2b,AST-0007,34,0,0,0.028881,2538.64
TP-0005642,OPP-01247,LEAD-006761,3,7,2024-03-26,26,direct,,content_view,/lp/comparativo-erp,AST-0017,35,0,0,0.041359,3635.48
TP-0005643,OPP-01247,LEAD-006761,4,7,2024-03-31,21,direct,(direct),form_fill,/produto/erp-connector,AST-0020,55,0,0,0.162559,14288.92
TP-0005644,OPP-01247,LEAD-006761,5,7,2024-04-09,12,direct,(direct),click,/lp/comparativo-erp,AST-0017,10,0,0,0.08432,7411.69
TP-0005645,OPP-01247,LEAD-006761,6,7,2024-04-09,12,direct,,demo_request,/ebook/gestao-pipeline-vendas,AST-0009,85,0,0,0.449704,39529.01
TP-0005646,OPP-01247,LEAD-006761,7,7,2024-04-17,4,direct,(direct),click,/produto/crm-integracao,AST-0019,30,0,1,0.223969,19686.87
TP-0005647,OPP-01248,LEAD-006762,1,4,2024-03-22,30,paid_search,pesquisa_concorrentes_q1_2024,click,/lp/comparativo-erp,AST-0017,29,1,0,0.021138,593.96
TP-0005648,OPP-01248,LEAD-006762,2,4,2024-03-28,24,paid_search,integracao_erp_pesquisa_2024,click,/produto/crm-integracao,AST-0019,38,0,0,0.02496,701.36
TP-0005649,OPP-01248,LEAD-006762,3,4,2024-04-10,11,paid_search,integracao_erp_pesquisa_2024,form_fill,/lp/demo-gratis,AST-0015,63,0,0,0.231623,6508.61
TP-0005650,OPP-01248,LEAD-006762,4,4,2024-04-15,6,paid_search,pesquisa_concorrentes_q2_2024,demo_request,/lp/roi-calculator,AST-0018,93,0,1,0.72228,20296.06
TP-0005651,OPP-01249,LEAD-006767,1,4,2024-03-21,40,organic_search,(not set),impression,/blog/gestao-vendas-b2b,AST-0001,20,1,0,0.00438,114.31
TP-0005652,OPP-01249,LEAD-006767,2,4,2024-04-07,23,meta_ads,ig_gestores_b2b_q2,click,/lp/demo-gratis,AST-0015,30,0,0,0.03404,888.44
TP-0005653,OPP-01249,LEAD-006767,3,4,2024-04-11,19,meta_ads,ig_gestores_b2b_q2,content_view,/ebook/roi-tecnologia-empresas,AST-0010,44,0,0,0.060396,1576.35
TP-0005654,OPP-01249,LEAD-006767,4,4,2024-04-29,1,meta_ads,meta_awareness_2024,form_fill,/lp/demo-gratis,AST-0015,61,0,1,0.901184,23520.9
TP-0005655,OPP-01250,LEAD-006769,1,6,2024-03-26,31,webinar_evento,campanha-natal-2024,impression,/webinar/automacao-vendas-demo,AST-0014,1,1,0,0.003782,203.46
TP-0005656,OPP-01250,LEAD-006769,2,6,2024-04-05,21,meta_ads,facebook_retargeting_2024,click,/ebook/crm-para-varejo,AST-0008,20,0,0,0.017827,959.1
TP-0005657,OPP-01250,LEAD-006769,3,6,2024-04-13,13,meta_ads,meta_awareness_2024,form_fill,/lp/roi-calculator,AST-0018,72,0,0,0.11575,6227.33
TP-0005658,OPP-01250,LEAD-006769,4,6,2024-04-15,11,meta_ads,fb-leads-varejo-2024,demo_request,/lp/trial-30-dias,AST-0016,100,0,0,0.194218,10448.92
TP-0005659,OPP-01250,LEAD-006769,5,6,2024-04-17,9,meta_ads,fb-leads-varejo-2024,sales_call,/produto/api-marketplace,AST-0021,83,0,0,0.252048,13560.19
TP-0005660,OPP-01250,LEAD-006769,6,6,2024-04-20,6,meta_ads,meta_awareness_2024,demo_request,/webinar/automacao-vendas-demo,AST-0014,90,0,1,0.416376,22401.01
TP-0005661,OPP-01251,LEAD-006771,1,4,2024-03-23,31,webinar_evento,campanha_natal_2024,impression,/lp/trial-30-dias,AST-0016,14,1,0,0.011313,1328.11
TP-0005662,OPP-01251,LEAD-006771,2,4,2024-03-30,24,meta_ads,meta_awareness_2024,click,/ebook/gestao-pipeline-vendas,AST-0009,29,0,0,0.043042,5053.11
TP-0005663,OPP-01251,LEAD-006771,3,4,2024-04-05,18,meta_ads,fb-leads-varejo-2024,form_fill,/webinar/integracao-erp-ao-vivo,AST-0012,54,0,0,0.242264,28441.76
TP-0005664,OPP-01251,LEAD-006771,4,4,2024-04-09,14,meta_ads,fb-leads-varejo-2024,demo_request,/lp/trial-30-dias,AST-0016,89,0,1,0.703382,82577.02
TP-0005665,OPP-01252,LEAD-006782,1,6,2024-03-23,44,webinar_evento,black_friday_2023,impression,/lp/demo-gratis,AST-0015,16,1,0,0.00168,166.13
TP-0005666,OPP-01252,LEAD-006782,2,6,2024-03-25,42,webinar_evento,campanha-natal-2024,click,/lp/demo-gratis,AST-0015,20,0,0,0.004472,442.24
TP-0005667,OPP-01252,LEAD-006782,3,6,2024-03-25,42,webinar_evento,black_friday_2023,form_fill,/lp/comparativo-erp,AST-0017,52,0,0,0.016396,1621.55
TP-0005668,OPP-01252,LEAD-006782,4,6,2024-04-18,18,webinar_evento,bf-23,demo_request,/webinar/integracao-erp-ao-vivo,AST-0012,86,0,0,0.132424,13096.69
TP-0005669,OPP-01252,LEAD-006782,5,6,2024-04-30,6,webinar_evento,black_friday_2023,sales_call,/blog/leads-qualificados-b2b,AST-0007,100,0,0,0.351051,34718.94
TP-0005670,OPP-01252,LEAD-006782,6,6,2024-05-06,0,webinar_evento,evento_crm_gestores_q2,form_fill,/produto/api-marketplace,AST-0021,59,0,1,0.493978,48854.45
TP-0005671,OPP-01253,LEAD-006784,1,3,2024-03-23,41,email_marketing,newsletter_mensal_03_2024,email_open,/ebook/crm-para-varejo,AST-0008,3,1,0,0.044125,1712.04
TP-0005672,OPP-01253,LEAD-006784,2,3,2024-04-17,16,email_marketing,campanha_email_04-2024,click,/blog/leads-qualificados-b2b,AST-0007,40,0,0,0.303637,11781.13
TP-0005673,OPP-01253,LEAD-006784,3,3,2024-04-18,15,email_marketing,email_nurture_leads_2024,content_view,/ebook/roi-tecnologia-empresas,AST-0010,50,0,1,0.652238,25306.84
TP-0005674,OPP-01254,LEAD-006789,1,5,2024-03-15,41,paid_search,integracao_erp_pesquisa_2024,click,/produto/api-marketplace,AST-0021,25,1,0,0.009303,252.11
TP-0005675,OPP-01254,LEAD-006789,2,5,2024-03-25,31,paid_search,integracao_erp_pesquisa_2024,click,/lp/demo-gratis,AST-0015,11,0,0,0.014618,396.15
TP-0005676,OPP-01254,LEAD-006789,3,5,2024-03-27,29,paid_search,google_branded_2024,form_fill,/lp/roi-calculator,AST-0018,66,0,0,0.061831,1675.62
TP-0005677,OPP-01254,LEAD-006789,4,5,2024-04-06,19,paid_search,integracao_erp_pesquisa_2024,demo_request,/lp/roi-calculator,AST-0018,82,0,0,0.183715,4978.67
TP-0005678,OPP-01254,LEAD-006789,5,5,2024-04-18,7,paid_search,google_branded_2024,sales_call,/produto/api-marketplace,AST-0021,93,0,1,0.730533,19797.45
TP-0005679,OPP-01255,LEAD-006812,1,5,2024-03-25,43,paid_search,crm-b2b-keywords-2024,click,/lp/roi-calculator,AST-0018,36,1,0,0.004491,132.94
TP-0005680,OPP-01255,LEAD-006812,2,5,2024-04-28,9,webinar_evento,bf-23,click,/lp/demo-gratis,AST-0015,16,0,0,0.039187,1159.93
TP-0005681,OPP-01255,LEAD-006812,3,5,2024-05-03,4,webinar_evento,webinar_integracao_erp_2024,form_fill,/lp/demo-gratis,AST-0015,87,0,0,0.20536,6078.66
TP-0005682,OPP-01255,LEAD-006812,4,5,2024-05-03,4,webinar_evento,evento_crm_gestores_q2,demo_request,/webinar/integracao-erp-ao-vivo,AST-0012,81,0,0,0.298706,8841.68
TP-0005683,OPP-01255,LEAD-006812,5,5,2024-05-05,2,webinar_evento,campanha_natal_2024,proposal_sent,/ebook/roi-tecnologia-empresas,AST-0010,81,0,1,0.452256,13386.79
TP-0005684,OPP-01256,LEAD-006823,1,2,2024-04-11,20,direct,(direct),click,/lp/demo-gratis,AST-0015,27,1,0,0.085414,7584.81
TP-0005685,OPP-01256,LEAD-006823,2,2,2024-04-24,7,direct,(not set),form_fill,/lp/roi-calculator,AST-0018,76,0,1,0.914586,81215.19
TP-0005686,OPP-01257,LEAD-006830,1,5,2024-03-29,42,direct,,click,/produto/erp-connector,AST-0020,38,1,0,0.015838,1620.21
TP-0005687,OPP-01257,LEAD-006830,2,5,2024-03-29,42,webinar_evento,campanha_natal_2024,form_fill,/lp/comparativo-erp,AST-0017,79,0,0,0.044671,4569.82
TP-0005688,OPP-01257,LEAD-006830,3,5,2024-04-21,19,webinar_evento,campanha-natal-2024,demo_request,/lp/comparativo-erp,AST-0017,100,0,0,0.335919,34364.54
TP-0005689,OPP-01257,LEAD-006830,4,5,2024-04-23,17,webinar_evento,campanha_natal_2024,sales_call,/webinar/crm-para-gestores,AST-0013,88,0,0,0.435943,44596.94
TP-0005690,OPP-01257,LEAD-006830,5,5,2024-04-25,15,webinar_evento,evento_crm_gestores_q2,content_view,/webinar/crm-para-gestores,AST-0013,20,0,1,0.167629,17148.49
TP-0005691,OPP-01258,LEAD-006838,1,3,2024-03-30,28,organic_search,,impression,/blog/leads-qualificados-b2b,AST-0007,6,1,0,0.036626,1281.92
TP-0005692,OPP-01258,LEAD-006838,2,3,2024-04-07,20,organic_search,(not set),click,/blog/leads-qualificados-b2b,AST-0007,20,0,0,0.149672,5238.52
TP-0005693,OPP-01258,LEAD-006838,3,3,2024-04-21,6,organic_search,(not set),content_view,/produto/api-marketplace,AST-0021,33,0,1,0.813702,28479.55
TP-0005694,OPP-01259,LEAD-006845,1,3,2024-04-21,16,direct,(direct),click,/produto/erp-connector,AST-0020,30,1,0,0.064414,3130.52
TP-0005695,OPP-01259,LEAD-006845,2,3,2024-04-21,16,direct,(not set),form_fill,/ebook/integracao-sistemas-guia,AST-0011,69,0,0,0.181681,8829.68
TP-0005696,OPP-01259,LEAD-006845,3,3,2024-04-30,7,direct,,demo_request,/produto/crm-integracao,AST-0019,86,0,1,0.753905,36639.79
TP-0005697,OPP-01260,LEAD-006846,1,4,2024-03-23,44,organic_search,(none),impression,/blog/automacao-marketing-b2b,AST-0004,1,1,0,0.003821,208.63
TP-0005698,OPP-01260,LEAD-006846,2,4,2024-04-24,12,webinar_evento,campanha_natal_2024,click,/webinar/crm-para-gestores,AST-0013,22,0,0,0.086703,4733.97
TP-0005699,OPP-01260,LEAD-006846,3,4,2024-04-30,6,webinar_evento,campanha-natal-2024,content_view,/lp/trial-30-dias,AST-0016,41,0,0,0.177459,9689.25
TP-0005700,OPP-01260,LEAD-006846,4,4,2024-04-30,6,webinar_evento,campanha-natal-2024,form_fill,/webinar/integracao-erp-ao-vivo,AST-0012,63,0,1,0.732017,39968.15
TP-0005701,OPP-01261,LEAD-006851,1,5,2024-03-24,42,paid_search,integracao_erp_pesquisa_2024,click,/produto/crm-integracao,AST-0019,25,1,0,0.019021,2166.49
TP-0005702,OPP-01261,LEAD-006851,2,5,2024-04-01,34,webinar_evento,evento_crm_gestores_q2,click,/webinar/integracao-erp-ao-vivo,AST-0012,14,0,0,0.025909,2951.08
TP-0005703,OPP-01261,LEAD-006851,3,5,2024-04-02,33,webinar_evento,campanha-natal-2024,form_fill,/ebook/gestao-pipeline-vendas,AST-0009,70,0,0,0.102035,11621.8
TP-0005704,OPP-01261,LEAD-006851,4,5,2024-04-02,33,webinar_evento,campanha_natal_2024,demo_request,/lp/roi-calculator,AST-0018,86,0,0,0.148415,16904.44
TP-0005705,OPP-01261,LEAD-006851,5,5,2024-04-20,15,webinar_evento,campanha_natal_2024,proposal_sent,/webinar/integracao-erp-ao-vivo,AST-0012,75,0,1,0.70462,80256.2
TP-0005706,OPP-01262,LEAD-006856,1,4,2024-03-25,37,paid_search,integracao_erp_pesquisa_2024,click,/produto/crm-integracao,AST-0019,37,1,0,0.008932,273.32
TP-0005707,OPP-01262,LEAD-006856,2,4,2024-04-08,23,meta_ads,meta_awareness_2024,click,/webinar/crm-para-gestores,AST-0013,22,0,0,0.018677,571.51
TP-0005708,OPP-01262,LEAD-006856,3,4,2024-04-23,8,meta_ads,facebook_retargeting_2024,form_fill,/ebook/roi-tecnologia-empresas,AST-0010,51,0,0,0.199934,6117.99
TP-0005709,OPP-01262,LEAD-006856,4,4,2024-05-01,0,meta_ads,meta_awareness_2024,demo_request,/lp/comparativo-erp,AST-0017,90,0,1,0.772457,23637.18
TP-0005710,OPP-01263,LEAD-006866,1,4,2024-03-24,37,email_marketing,email_reengajamento_q1_2024,email_open,/produto/erp-connector,AST-0020,26,1,0,0.017095,439.35
TP-0005711,OPP-01263,LEAD-006866,2,4,2024-03-24,37,email_marketing,newsletter_mensal_03_2024,click,/webinar/crm-para-gestores,AST-0013,34,0,0,0.019726,506.95
TP-0005712,OPP-01263,LEAD-006866,3,4,2024-04-12,18,email_marketing,email_reengajamento_q2_2024,content_view,/webinar/automacao-vendas-demo,AST-0014,18,0,0,0.102181,2626.04
TP-0005713,OPP-01263,LEAD-006866,4,4,2024-04-22,8,email_marketing,email_reengajamento_q2_2024,form_fill,/ebook/crm-para-varejo,AST-0008,73,0,1,0.860998,22127.66
TP-0005714,OPP-01264,LEAD-006871,1,8,2024-03-23,44,webinar_evento,bf-23,impression,/lp/roi-calculator,AST-0018,1,1,0,0.002236,257.84
TP-0005715,OPP-01264,LEAD-006871,2,8,2024-04-01,35,linkedin_ads,linkedin_gestores_2024,click,/ebook/roi-tecnologia-empresas,AST-0010,15,0,0,0.009815,1131.66
TP-0005716,OPP-01264,LEAD-006871,3,8,2024-04-01,35,linkedin_ads,lkd_awareness_2024,form_fill,/produto/erp-connector,AST-0020,69,0,0,0.035988,4149.42
TP-0005717,OPP-01264,LEAD-006871,4,8,2024-04-04,32,linkedin_ads,lkd_awareness_2024,demo_request,/webinar/crm-para-gestores,AST-0013,100,0,0,0.064856,7477.86
TP-0005718,OPP-01264,LEAD-006871,5,8,2024-04-09,27,linkedin_ads,lkd_awareness_2024,sales_call,/blog/integracao-erp-sistemas,AST-0003,100,0,0,0.104281,12023.61
TP-0005719,OPP-01264,LEAD-006871,6,8,2024-04-15,21,linkedin_ads,linkedin_prospecao_q2_2024,click,/produto/erp-connector,AST-0020,25,0,0,0.02668,3076.17
TP-0005720,OPP-01264,LEAD-006871,7,8,2024-04-24,12,linkedin_ads,linkedin_prospeccao_q2_2024,form_fill,/webinar/crm-para-gestores,AST-0013,62,0,0,0.186055,21452.14
TP-0005721,OPP-01264,LEAD-006871,8,8,2024-05-04,2,linkedin_ads,linkedin_prospecao_q2_2024,form_fill,/webinar/automacao-vendas-demo,AST-0014,53,0,1,0.570089,65731.31
TP-0005722,OPP-01265,LEAD-006881,1,2,2024-03-31,36,paid_search,integracao_erp_pesquisa_2024,click,/produto/crm-integracao,AST-0019,41,1,0,0.204665,14019.58
TP-0005723,OPP-01265,LEAD-006881,2,2,2024-04-17,19,paid_search,google_branded_2024,click,/lp/trial-30-dias,AST-0016,42,0,1,0.795335,54480.42
TP-0005724,OPP-01266,LEAD-006890,1,3,2024-04-01,33,paid_search,pesquisa_concorrentes_q2_2024,click,/webinar/integracao-erp-ao-vivo,AST-0012,25,1,0,0.022128,1460.48
TP-0005725,OPP-01266,LEAD-006890,2,3,2024-04-18,16,paid_search,google_brand_keywords_2024,click,/lp/roi-calculator,AST-0018,13,0,0,0.057328,3783.64
TP-0005726,OPP-01266,LEAD-006890,3,3,2024-05-03,1,paid_search,pesquisa_concorrentes_q2_2024,form_fill,/lp/demo-gratis,AST-0015,57,0,1,0.920544,60755.88
TP-0005727,OPP-01267,LEAD-006892,1,5,2024-04-05,41,organic_search,(not set),impression,/blog/automacao-marketing-b2b,AST-0004,1,1,0,0.011511,306.19
TP-0005728,OPP-01267,LEAD-006892,2,5,2024-04-07,39,linkedin_ads,lkd_awareness_2024,click,/ebook/integracao-sistemas-guia,AST-0011,35,0,0,0.030643,815.1
TP-0005729,OPP-01267,LEAD-006892,3,5,2024-04-09,37,linkedin_ads,linkedin_gestores_2024,content_view,/ebook/crm-para-varejo,AST-0008,31,0,0,0.047132,1253.7
TP-0005730,OPP-01267,LEAD-006892,4,5,2024-04-19,27,linkedin_ads,linkedin_decisores_ti_2024,form_fill,/produto/api-marketplace,AST-0021,63,0,0,0.264762,7042.66
TP-0005731,OPP-01267,LEAD-006892,5,5,2024-05-14,2,linkedin_ads,lkd_awareness_2024,click,/lp/roi-calculator,AST-0018,21,0,1,0.645953,17182.34
TP-0005732,OPP-01268,LEAD-006894,1,4,2024-03-21,40,paid_search,integracao_erp_pesquisa_2024,click,/ebook/crm-para-varejo,AST-0008,35,1,0,0.046384,3701.48
TP-0005733,OPP-01268,LEAD-006894,2,4,2024-03-24,37,paid_search,google_brand_keywords_2024,click,/ebook/crm-para-varejo,AST-0008,26,0,0,0.044207,3527.73
TP-0005734,OPP-01268,LEAD-006894,3,4,2024-03-26,35,paid_search,crm-b2b-keywords-2024,form_fill,/lp/roi-calculator,AST-0018,65,0,0,0.186984,14921.36
TP-0005735,OPP-01268,LEAD-006894,4,4,2024-04-03,27,paid_search,crm-b2b-keywords-2024,demo_request,/lp/comparativo-erp,AST-0017,68,0,1,0.722424,57649.44
TP-0005736,OPP-01269,LEAD-006900,1,2,2024-04-17,24,paid_search,google_branded_2024,click,/produto/api-marketplace,AST-0021,30,1,0,0.283165,37717.6
TP-0005737,OPP-01269,LEAD-006900,2,2,2024-04-28,13,paid_search,pesquisa_concorrentes_q2_2024,click,/blog/leads-qualificados-b2b,AST-0007,25,0,1,0.716835,95482.4
TP-0005738,OPP-01270,LEAD-006908,1,4,2024-03-30,39,paid_search,crm-b2b-keywords-2024,click,/lp/trial-30-dias,AST-0016,36,1,0,0.026733,874.17
TP-0005739,OPP-01270,LEAD-006908,2,4,2024-04-03,35,paid_search,integracao_erp_pesquisa_2024,click,/ebook/roi-tecnologia-empresas,AST-0010,35,0,0,0.027365,894.82
TP-0005740,OPP-01270,LEAD-006908,3,4,2024-04-09,29,paid_search,integracao_erp_pesquisa_2024,form_fill,/lp/demo-gratis,AST-0015,63,0,0,0.154024,5036.58
TP-0005741,OPP-01270,LEAD-006908,4,4,2024-04-21,17,paid_search,integracao_erp_pesquisa_2024,demo_request,/produto/erp-connector,AST-0020,88,0,1,0.791879,25894.43
TP-0005742,OPP-01271,LEAD-006909,1,5,2024-04-02,30,linkedin_ads,lkd_awareness_2024,impression,/ebook/gestao-pipeline-vendas,AST-0009,8,1,0,0.003372,140.96
TP-0005743,OPP-01271,LEAD-006909,2,5,2024-04-03,29,direct,(direct),click,/lp/trial-30-dias,AST-0016,27,0,0,0.008358,349.38
TP-0005744,OPP-01271,LEAD-006909,3,5,2024-04-27,5,direct,(not set),content_view,/lp/trial-30-dias,AST-0016,52,0,0,0.061882,2586.67
TP-0005745,OPP-01271,LEAD-006909,4,5,2024-05-01,1,direct,,demo_request,/lp/trial-30-dias,AST-0016,87,0,0,0.329389,13768.44
TP-0005746,OPP-01271,LEAD-006909,5,5,2024-05-02,0,direct,(direct),sales_call,/lp/demo-gratis,AST-0015,91,0,1,0.596999,24954.55
TP-0005747,OPP-01272,LEAD-006914,1,4,2024-04-12,37,organic_search,(not set),impression,/ebook/integracao-sistemas-guia,AST-0011,1,1,0,0.004911,157.16
TP-0005748,OPP-01272,LEAD-006914,2,4,2024-04-16,33,meta_ads,meta_awareness_2024,click,/lp/demo-gratis,AST-0015,16,0,0,0.015082,482.63
TP-0005749,OPP-01272,LEAD-006914,3,4,2024-05-09,10,meta_ads,fb-leads-varejo-2024,content_view,/produto/crm-integracao,AST-0019,33,0,0,0.103966,3326.9
TP-0005750,OPP-01272,LEAD-006914,4,4,2024-05-19,0,meta_ads,ig_gestores_b2b_q2,form_fill,/lp/roi-calculator,AST-0018,44,0,1,0.876041,28033.3
TP-0005751,OPP-01273,LEAD-006915,1,2,2024-03-28,37,organic_search,,impression,/produto/crm-integracao,AST-0019,6,1,0,0.09004,6708.01
TP-0005752,OPP-01273,LEAD-006915,2,2,2024-04-12,22,organic_search,(not set),click,/blog/churn-saas-brasil,AST-0005,38,0,1,0.90996,67791.99
TP-0005753,OPP-01274,LEAD-006918,1,4,2024-04-03,41,organic_search,(not set),impression,/blog/gestao-vendas-b2b,AST-0001,11,1,0,0.013988,587.48
TP-0005754,OPP-01274,LEAD-006918,2,4,2024-04-04,40,webinar_evento,campanha_natal_2024,click,/lp/roi-calculator,AST-0018,15,0,0,0.034669,1456.11
TP-0005755,OPP-01274,LEAD-006918,3,4,2024-04-21,23,webinar_evento,evento_crm_gestores_q2,content_view,/lp/demo-gratis,AST-0015,23,0,0,0.155683,6538.68
TP-0005756,OPP-01274,LEAD-006918,4,4,2024-04-24,20,webinar_evento,bf-23,form_fill,/webinar/automacao-vendas-demo,AST-0014,66,0,1,0.79566,33417.73
TP-0005757,OPP-01275,LEAD-006919,1,4,2024-03-29,44,meta_ads,fb-leads-varejo-2024,impression,/lp/trial-30-dias,AST-0016,15,1,0,0.002297,132.51
TP-0005758,OPP-01275,LEAD-006919,2,4,2024-04-03,39,meta_ads,ig_gestores_b2b_q2,click,/lp/trial-30-dias,AST-0016,14,0,0,0.007575,437.05
TP-0005759,OPP-01275,LEAD-006919,3,4,2024-04-17,25,meta_ads,ig_gestores_b2b_q2,form_fill,/lp/roi-calculator,AST-0018,39,0,0,0.075496,4356.11
TP-0005760,OPP-01275,LEAD-006919,4,4,2024-05-11,1,meta_ads,ig_gestores_b2b_q2,demo_request,/lp/comparativo-erp,AST-0017,69,0,1,0.914633,52774.32
TP-0005761,OPP-01276,LEAD-006920,1,5,2024-04-18,28,paid_search,google_brand_keywords_2024,click,/produto/crm-integracao,AST-0019,3,1,0,0.032251,1264.23
TP-0005762,OPP-01276,LEAD-006920,2,5,2024-04-19,27,organic_search,(none),click,/ebook/integracao-sistemas-guia,AST-0011,47,0,0,0.026645,1044.49
TP-0005763,OPP-01276,LEAD-006920,3,5,2024-04-25,21,organic_search,(not set),form_fill,/ebook/integracao-sistemas-guia,AST-0011,42,0,0,0.149974,5878.97
TP-0005764,OPP-01276,LEAD-006920,4,5,2024-04-27,19,organic_search,,demo_request,/blog/crm-para-industria,AST-0002,81,0,0,0.251643,9864.4
TP-0005765,OPP-01276,LEAD-006920,5,5,2024-05-02,14,organic_search,(none),demo_request,/produto/api-marketplace,AST-0021,75,0,1,0.539487,21147.9
TP-0005766,OPP-01277,LEAD-006924,1,3,2024-04-25,14,paid_search,google_brand_keywords_2024,click,/produto/api-marketplace,AST-0021,36,1,0,0.081715,5523.91
TP-0005767,OPP-01277,LEAD-006924,2,3,2024-05-02,7,paid_search,google_branded_2024,click,/lp/demo-gratis,AST-0015,49,0,0,0.103634,7005.68
TP-0005768,OPP-01277,LEAD-006924,3,3,2024-05-07,2,paid_search,crm-b2b-keywords-2024,form_fill,/lp/comparativo-erp,AST-0017,49,0,1,0.814651,55070.41
TP-0005769,OPP-01278,LEAD-006925,1,3,2024-03-26,40,organic_search,(none),impression,/blog/gestao-vendas-b2b,AST-0001,18,1,0,0.066042,1882.19
TP-0005770,OPP-01278,LEAD-006925,2,3,2024-04-05,30,organic_search,,click,/lp/roi-calculator,AST-0018,21,0,0,0.311319,8872.6
TP-0005771,OPP-01278,LEAD-006925,3,3,2024-04-05,30,organic_search,(not set),content_view,/blog/gestao-vendas-b2b,AST-0001,37,0,1,0.622639,17745.21
TP-0005772,OPP-01279,LEAD-006930,1,6,2024-04-11,36,organic_search,(none),impression,/blog/gestao-vendas-b2b,AST-0001,9,1,0,0.00359,463.12
TP-0005773,OPP-01279,LEAD-006930,2,6,2024-04-21,26,linkedin_ads,linkedin_prospeccao_q2_2024,click,/ebook/crm-para-varejo,AST-0008,16,0,0,0.016924,2183.15
TP-0005774,OPP-01279,LEAD-006930,3,6,2024-04-26,21,linkedin_ads,lkd_awareness_2024,content_view,/webinar/integracao-erp-ao-vivo,AST-0012,46,0,0,0.032251,4160.33
TP-0005775,OPP-01279,LEAD-006930,4,6,2024-05-11,6,linkedin_ads,linkedin_decisores_ti_2024,form_fill,/ebook/crm-para-varejo,AST-0008,63,0,0,0.258932,33402.24
TP-0005776,OPP-01279,LEAD-006930,5,6,2024-05-12,5,linkedin_ads,linkedin_gestores_2024,click,/produto/crm-integracao,AST-0019,31,0,0,0.075846,9784.2
TP-0005777,OPP-01279,LEAD-006930,6,6,2024-05-14,3,linkedin_ads,linkedin_gestores_2024,proposal_sent,/ebook/gestao-pipeline-vendas,AST-0009,85,0,1,0.612457,79006.96
TP-0005778,OPP-01280,LEAD-006932,1,2,2024-04-15,29,paid_search,google_branded_2024,click,/lp/trial-30-dias,AST-0016,10,1,0,0.135008,18941.62
TP-0005779,OPP-01280,LEAD-006932,2,2,2024-05-09,5,paid_search,google_brand_keywords_2024,click,/produto/erp-connector,AST-0020,25,0,1,0.864992,121358.38
TP-0005780,OPP-01281,LEAD-006937,1,4,2024-04-17,33,webinar_evento,bf-23,impression,/webinar/integracao-erp-ao-vivo,AST-0012,10,1,0,0.013393,641.53
TP-0005781,OPP-01281,LEAD-006937,2,4,2024-04-23,27,direct,,click,/lp/demo-gratis,AST-0015,26,0,0,0.047445,2272.6
TP-0005782,OPP-01281,LEAD-006937,3,4,2024-04-29,21,direct,(direct),form_fill,/ebook/crm-para-varejo,AST-0008,55,0,0,0.267045,12791.45
TP-0005783,OPP-01281,LEAD-006937,4,4,2024-05-01,19,direct,(direct),demo_request,/produto/api-marketplace,AST-0021,100,0,1,0.672117,32194.42
TP-0005784,OPP-01282,LEAD-006939,1,8,2024-03-29,42,webinar_evento,bf-23,impression,/lp/roi-calculator,AST-0018,8,1,0,0.003232,636.13
TP-0005785,OPP-01282,LEAD-006939,2,8,2024-04-04,36,webinar_evento,campanha-natal-2024,click,/webinar/integracao-erp-ao-vivo,AST-0012,57,0,0,0.011451,2253.47
TP-0005786,OPP-01282,LEAD-006939,3,8,2024-04-10,30,webinar_evento,black_friday_2023,form_fill,/webinar/crm-para-gestores,AST-0013,53,0,0,0.06445,12683.82
TP-0005787,OPP-01282,LEAD-006939,4,8,2024-04-10,30,webinar_evento,evento_crm_gestores_q2,demo_request,/webinar/automacao-vendas-demo,AST-0014,87,0,0,0.093746,18449.19
TP-0005788,OPP-01282,LEAD-006939,5,8,2024-04-20,20,webinar_evento,campanha-natal-2024,sales_call,/webinar/automacao-vendas-demo,AST-0014,81,0,0,0.215434,42397.5
TP-0005789,OPP-01282,LEAD-006939,6,8,2024-04-25,15,webinar_evento,campanha-natal-2024,form_fill,/lp/comparativo-erp,AST-0017,67,0,0,0.188166,37031.01
TP-0005790,OPP-01282,LEAD-006939,7,8,2024-04-25,15,webinar_evento,campanha-natal-2024,demo_request,/lp/roi-calculator,AST-0018,79,0,0,0.273696,53863.29
TP-0005791,OPP-01282,LEAD-006939,8,8,2024-05-10,0,webinar_evento,bf-23,email_open,/lp/roi-calculator,AST-0018,22,0,1,0.149825,29485.58
TP-0005792,OPP-01283,LEAD-006940,1,3,2024-04-27,22,paid_search,crm-b2b-keywords-2024,click,/lp/trial-30-dias,AST-0016,24,1,0,0.054363,7806.58
TP-0005793,OPP-01283,LEAD-006940,2,3,2024-05-11,8,paid_search,crm-b2b-keywords-2024,click,/produto/api-marketplace,AST-0021,31,0,0,0.113673,16323.45
TP-0005794,OPP-01283,LEAD-006940,3,3,2024-05-15,4,paid_search,crm-b2b-keywords-2024,form_fill,/lp/comparativo-erp,AST-0017,53,0,1,0.831964,119469.97
TP-0005795,OPP-01284,LEAD-006944,1,5,2024-03-20,44,webinar_evento,black_friday_2023,impression,/webinar/automacao-vendas-demo,AST-0014,13,1,0,0.001203,58.58
TP-0005796,OPP-01284,LEAD-006944,2,5,2024-04-22,11,webinar_evento,webinar_integracao_erp_2024,click,/lp/demo-gratis,AST-0015,9,0,0,0.029315,1427.65
TP-0005797,OPP-01284,LEAD-006944,3,5,2024-04-25,8,webinar_evento,bf-23,form_fill,/webinar/integracao-erp-ao-vivo,AST-0012,80,0,0,0.133176,6485.69
TP-0005798,OPP-01284,LEAD-006944,4,5,2024-05-01,2,webinar_evento,campanha-natal-2024,demo_request,/webinar/crm-para-gestores,AST-0013,77,0,0,0.297359,14481.38
TP-0005799,OPP-01284,LEAD-006944,5,5,2024-05-02,1,webinar_evento,black_friday_2023,sales_call,/lp/demo-gratis,AST-0015,75,0,1,0.538947,26246.7
TP-0005800,OPP-01285,LEAD-006954,1,4,2024-04-03,35,paid_search,google_branded_2024,click,/produto/crm-integracao,AST-0019,26,1,0,0.009812,242.36
TP-0005801,OPP-01285,LEAD-006954,2,4,2024-04-30,8,linkedin_ads,linkedin_gestores_2024,click,/webinar/integracao-erp-ao-vivo,AST-0012,10,0,0,0.051926,1282.58
TP-0005802,OPP-01285,LEAD-006954,3,4,2024-05-04,4,linkedin_ads,linkedin_decisores_ti_2024,form_fill,/lp/trial-30-dias,AST-0016,61,0,0,0.253364,6258.08
TP-0005803,OPP-01285,LEAD-006954,4,4,2024-05-07,1,linkedin_ads,linkedin_prospeccao_q2_2024,demo_request,/webinar/integracao-erp-ao-vivo,AST-0012,97,0,1,0.684898,16916.98
TP-0005804,OPP-01286,LEAD-006957,1,3,2024-04-15,28,organic_search,,impression,/produto/crm-integracao,AST-0019,17,1,0,0.113601,6577.52
TP-0005805,OPP-01286,LEAD-006957,2,3,2024-04-16,27,organic_search,(not set),click,/produto/api-marketplace,AST-0021,45,0,0,0.281568,16302.77
TP-0005806,OPP-01286,LEAD-006957,3,3,2024-04-17,26,organic_search,,content_view,/produto/crm-integracao,AST-0019,22,0,1,0.604831,35019.7
TP-0005807,OPP-01287,LEAD-006966,1,4,2024-04-20,23,paid_search,pesquisa_concorrentes_q2_2024,click,/lp/roi-calculator,AST-0018,11,1,0,0.025172,1580.78
TP-0005808,OPP-01287,LEAD-006966,2,4,2024-05-04,9,paid_search,crm-b2b-keywords-2024,click,/produto/erp-connector,AST-0020,9,0,0,0.052634,3305.39
TP-0005809,OPP-01287,LEAD-006966,3,4,2024-05-09,4,paid_search,integracao_erp_pesquisa_2024,form_fill,/ebook/roi-tecnologia-empresas,AST-0010,60,0,0,0.275828,17322.03
TP-0005810,OPP-01287,LEAD-006966,4,4,2024-05-10,3,paid_search,crm-b2b-keywords-2024,demo_request,/lp/demo-gratis,AST-0015,87,0,1,0.646366,40591.81
TP-0005811,OPP-01288,LEAD-006973,1,6,2024-04-04,42,email_marketing,email_reengajamento_q2_2024,email_open,/ebook/gestao-pipeline-vendas,AST-0009,7,1,0,0.006303,201.08
TP-0005812,OPP-01288,LEAD-006973,2,6,2024-04-13,33,email_marketing,campanha_email_04-2024,click,/blog/automacao-marketing-b2b,AST-0004,27,0,0,0.013833,441.26
TP-0005813,OPP-01288,LEAD-006973,3,6,2024-05-08,8,email_marketing,campanha_email_05-2024,content_view,/ebook/roi-tecnologia-empresas,AST-0010,53,0,0,0.109994,3508.82
TP-0005814,OPP-01288,LEAD-006973,4,6,2024-05-09,7,email_marketing,email_nurture_leads_2024,form_fill,/ebook/integracao-sistemas-guia,AST-0011,74,0,0,0.324881,10363.71
TP-0005815,OPP-01288,LEAD-006973,5,6,2024-05-11,5,email_marketing,newsletter_mensal_05_2024,proposal_sent,/lp/roi-calculator,AST-0018,81,0,0,0.476982,15215.73
TP-0005816,OPP-01288,LEAD-006973,6,6,2024-05-15,1,email_marketing,email_nurture_leads_2024,impression,/blog/funil-vendas-complexas,AST-0006,1,0,1,0.068006,2169.4
TP-0005817,OPP-01289,LEAD-006984,1,2,2024-04-06,36,organic_search,(none),impression,/produto/erp-connector,AST-0020,1,1,0,0.049454,7413.12
TP-0005818,OPP-01289,LEAD-006984,2,2,2024-04-30,12,organic_search,(not set),click,/blog/funil-vendas-complexas,AST-0006,24,0,1,0.950546,142486.88
TP-0005819,OPP-01290,LEAD-006985,1,6,2024-03-29,43,linkedin_ads,linkedin_prospeccao_q1_2024,impression,/ebook/crm-para-varejo,AST-0008,17,1,0,0.002591,113.99
TP-0005820,OPP-01290,LEAD-006985,2,6,2024-04-04,37,meta_ads,facebook_retargeting_2024,click,/lp/demo-gratis,AST-0015,26,0,0,0.009177,403.81
TP-0005821,OPP-01290,LEAD-006985,3,6,2024-04-07,34,meta_ads,fb-leads-varejo-2024,content_view,/lp/roi-calculator,AST-0018,37,0,0,0.015161,667.08
TP-0005822,OPP-01290,LEAD-006985,4,6,2024-04-11,30,meta_ads,meta_awareness_2024,demo_request,/blog/churn-saas-brasil,AST-0005,85,0,0,0.080699,3550.74
TP-0005823,OPP-01290,LEAD-006985,5,6,2024-04-23,18,meta_ads,meta_awareness_2024,sales_call,/ebook/gestao-pipeline-vendas,AST-0009,94,0,0,0.21393,9412.92
TP-0005824,OPP-01290,LEAD-006985,6,6,2024-05-07,4,meta_ads,meta_awareness_2024,proposal_sent,/ebook/crm-para-varejo,AST-0008,83,0,1,0.678442,29851.46
TP-0005825,OPP-01291,LEAD-007009,1,7,2024-04-07,38,webinar_evento,webinar_integracao_erp_2024,impression,/webinar/integracao-erp-ao-vivo,AST-0012,15,1,0,0.00658,371.78
TP-0005826,OPP-01291,LEAD-007009,2,7,2024-04-18,27,email_marketing,newsletter_mensal_04_2024,click,/lp/roi-calculator,AST-0018,11,0,0,0.033315,1882.31
TP-0005827,OPP-01291,LEAD-007009,3,7,2024-04-18,27,email_marketing,email_reengajamento_q2_2024,form_fill,/webinar/integracao-erp-ao-vivo,AST-0012,78,0,0,0.122156,6901.81
TP-0005828,OPP-01291,LEAD-007009,4,7,2024-04-20,25,email_marketing,email_nurture_leads_2024,demo_request,/ebook/roi-tecnologia-empresas,AST-0010,89,0,0,0.204967,11580.64
TP-0005829,OPP-01291,LEAD-007009,5,7,2024-04-26,19,email_marketing,newsletter_mensal_04_2024,sales_call,/webinar/automacao-vendas-demo,AST-0014,66,0,0,0.353967,19999.14
TP-0005830,OPP-01291,LEAD-007009,6,7,2024-04-27,18,email_marketing,email_nurture_leads_2024,content_view,/webinar/integracao-erp-ao-vivo,AST-0012,39,0,0,0.084483,4773.31
TP-0005831,OPP-01291,LEAD-007009,7,7,2024-05-03,12,email_marketing,newsletter_mensal_05_2024,content_view,/ebook/gestao-pipeline-vendas,AST-0009,34,0,1,0.194531,10991.0
TP-0005832,OPP-01292,LEAD-007012,1,6,2024-04-11,42,organic_search,,impression,/blog/integracao-erp-sistemas,AST-0003,31,1,0,0.00913,710.32
TP-0005833,OPP-01292,LEAD-007012,2,6,2024-04-12,41,organic_search,(none),click,/blog/crm-para-industria,AST-0002,21,0,0,0.022629,1760.56
TP-0005834,OPP-01292,LEAD-007012,3,6,2024-04-15,38,organic_search,,content_view,/ebook/gestao-pipeline-vendas,AST-0009,27,0,0,0.037383,2908.39
TP-0005835,OPP-01292,LEAD-007012,4,6,2024-04-18,35,organic_search,(none),form_fill,/blog/leads-qualificados-b2b,AST-0007,69,0,0,0.127371,9909.44
TP-0005836,OPP-01292,LEAD-007012,5,6,2024-04-24,29,organic_search,(none),sales_call,/produto/erp-connector,AST-0020,86,0,0,0.319945,24891.73
TP-0005837,OPP-01292,LEAD-007012,6,6,2024-05-01,22,organic_search,(none),form_fill,/blog/automacao-marketing-b2b,AST-0004,52,0,1,0.483542,37619.56
TP-0005838,OPP-01293,LEAD-007014,1,2,2024-04-12,28,organic_search,,impression,/produto/api-marketplace,AST-0021,2,1,0,0.052922,7504.28
TP-0005839,OPP-01293,LEAD-007014,2,2,2024-05-05,5,organic_search,,click,/blog/crm-para-industria,AST-0002,21,0,1,0.947078,134295.72
TP-0005840,OPP-01294,LEAD-007017,1,5,2024-04-21,32,direct,,click,/produto/crm-integracao,AST-0019,23,1,0,0.013542,541.66
TP-0005841,OPP-01294,LEAD-007017,2,5,2024-04-25,28,direct,,form_fill,/produto/erp-connector,AST-0020,62,0,0,0.050826,2033.02
TP-0005842,OPP-01294,LEAD-007017,3,5,2024-05-15,8,direct,(not set),demo_request,/produto/crm-integracao,AST-0019,100,0,0,0.308483,12339.3
TP-0005843,OPP-01294,LEAD-007017,4,5,2024-05-19,4,direct,(direct),sales_call,/lp/roi-calculator,AST-0018,100,0,0,0.461814,18472.57
TP-0005844,OPP-01294,LEAD-007017,5,5,2024-05-20,3,direct,,content_view,/lp/trial-30-dias,AST-0016,32,0,1,0.165336,6613.44
TP-0005845,OPP-01295,LEAD-007022,1,5,2024-04-11,33,organic_search,(none),impression,/ebook/integracao-sistemas-guia,AST-0011,22,1,0,0.004097,123.33
TP-0005846,OPP-01295,LEAD-007022,2,5,2024-04-13,31,organic_search,(not set),click,/produto/crm-integracao,AST-0019,18,0,0,0.010908,328.32
TP-0005847,OPP-01295,LEAD-007022,3,5,2024-04-15,29,organic_search,,content_view,/produto/crm-integracao,AST-0019,35,0,0,0.016777,504.98
TP-0005848,OPP-01295,LEAD-007022,4,5,2024-05-12,2,organic_search,(none),form_fill,/blog/churn-saas-brasil,AST-0005,76,0,0,0.317403,9553.82
TP-0005849,OPP-01295,LEAD-007022,5,5,2024-05-13,1,organic_search,,proposal_sent,/produto/api-marketplace,AST-0021,68,0,1,0.650816,19589.55
TP-0005850,OPP-01296,LEAD-007050,1,2,2024-05-18,6,meta_ads,ig_gestores_b2b_q2,impression,/ebook/integracao-sistemas-guia,AST-0011,9,1,0,0.17837,3549.57
TP-0005851,OPP-01296,LEAD-007050,2,2,2024-05-22,2,meta_ads,fb-leads-varejo-2024,click,/lp/trial-30-dias,AST-0016,33,0,1,0.82163,16350.43
TP-0005852,OPP-01297,LEAD-007058,1,5,2024-04-12,42,linkedin_ads,linkedin_prospeccao_q2_2024,impression,/lp/comparativo-erp,AST-0017,1,1,0,0.002003,90.73
TP-0005853,OPP-01297,LEAD-007058,2,5,2024-04-17,37,linkedin_ads,linkedin_prospecao_q2_2024,click,/webinar/crm-para-gestores,AST-0013,29,0,0,0.006606,299.27
TP-0005854,OPP-01297,LEAD-007058,3,5,2024-04-17,37,linkedin_ads,linkedin_prospecao_q2_2024,content_view,/webinar/crm-para-gestores,AST-0013,52,0,0,0.008808,399.02
TP-0005855,OPP-01297,LEAD-007058,4,5,2024-05-07,17,linkedin_ads,linkedin_gestores_2024,demo_request,/ebook/crm-para-varejo,AST-0008,84,0,0,0.14702,6660.02
TP-0005856,OPP-01297,LEAD-007058,5,5,2024-05-24,0,linkedin_ads,linkedin_prospeccao_q2_2024,sales_call,/produto/erp-connector,AST-0020,89,0,1,0.835562,37850.96
TP-0005857,OPP-01298,LEAD-007072,1,3,2024-04-06,36,organic_search,,impression,/produto/crm-integracao,AST-0019,1,1,0,0.073623,2039.35
TP-0005858,OPP-01298,LEAD-007072,2,3,2024-04-13,29,organic_search,(not set),click,/blog/churn-saas-brasil,AST-0005,24,0,0,0.280115,7759.19
TP-0005859,OPP-01298,LEAD-007072,3,3,2024-04-15,27,organic_search,(not set),content_view,/produto/api-marketplace,AST-0021,30,0,1,0.646262,17901.46
TP-0005860,OPP-01299,LEAD-007076,1,9,2024-04-09,35,linkedin_ads,linkedin_prospeccao_q2_2024,impression,/webinar/crm-para-gestores,AST-0013,8,1,0,0.005483,975.37
TP-0005861,OPP-01299,LEAD-007076,2,9,2024-04-14,30,organic_search,(not set),click,/lp/roi-calculator,AST-0018,14,0,0,0.018083,3217.02
TP-0005862,OPP-01299,LEAD-007076,3,9,2024-04-18,26,organic_search,(not set),content_view,/blog/crm-para-industria,AST-0002,43,0,0,0.032085,5707.9
TP-0005863,OPP-01299,LEAD-007076,4,9,2024-04-19,25,organic_search,,demo_request,/lp/demo-gratis,AST-0015,99,0,0,0.137842,24522.09
TP-0005864,OPP-01299,LEAD-007076,5,9,2024-04-21,23,organic_search,,sales_call,/blog/churn-saas-brasil,AST-0005,95,0,0,0.178886,31823.8
TP-0005865,OPP-01299,LEAD-007076,6,9,2024-04-28,16,organic_search,,demo_request,/blog/crm-para-industria,AST-0002,82,0,0,0.262163,46638.74
TP-0005866,OPP-01299,LEAD-007076,7,9,2024-04-29,15,organic_search,(not set),content_view,/lp/demo-gratis,AST-0015,42,0,0,0.070393,12522.98
TP-0005867,OPP-01299,LEAD-007076,8,9,2024-05-01,13,organic_search,(none),form_fill,/blog/crm-para-industria,AST-0002,69,0,0,0.223309,39726.71
TP-0005868,OPP-01299,LEAD-007076,9,9,2024-05-13,1,organic_search,(none),impression,/produto/crm-integracao,AST-0019,1,0,1,0.071756,12765.38
TP-0005869,OPP-01300,LEAD-007088,1,4,2024-04-15,38,paid_search,google_brand_keywords_2024,click,/ebook/roi-tecnologia-empresas,AST-0010,24,1,0,0.009862,1101.59
TP-0005870,OPP-01300,LEAD-007088,2,4,2024-04-27,26,paid_search,google_branded_2024,click,/produto/crm-integracao,AST-0019,29,0,0,0.017876,1996.77
TP-0005871,OPP-01300,LEAD-007088,3,4,2024-05-11,12,paid_search,crm-b2b-keywords-2024,form_fill,/produto/erp-connector,AST-0020,73,0,0,0.178172,19901.86
TP-0005872,OPP-01300,LEAD-007088,4,4,2024-05-21,2,paid_search,crm-b2b-keywords-2024,demo_request,/blog/leads-qualificados-b2b,AST-0007,39,0,1,0.794089,88699.78
TP-0005873,OPP-01301,LEAD-007097,1,4,2024-04-12,39,meta_ads,facebook_retargeting_2024,impression,/ebook/integracao-sistemas-guia,AST-0011,21,1,0,0.005694,138.37
TP-0005874,OPP-01301,LEAD-007097,2,4,2024-04-17,34,meta_ads,meta_awareness_2024,click,/lp/roi-calculator,AST-0018,21,0,0,0.018782,456.39
TP-0005875,OPP-01301,LEAD-007097,3,4,2024-04-19,32,meta_ads,facebook_retargeting_2024,form_fill,/produto/erp-connector,AST-0020,69,0,0,0.079441,1930.42
TP-0005876,OPP-01301,LEAD-007097,4,4,2024-05-12,9,meta_ads,facebook_retargeting_2024,demo_request,/ebook/gestao-pipeline-vendas,AST-0009,78,0,1,0.896083,21774.81
TP-0005877,OPP-01302,LEAD-007112,1,6,2024-03-31,43,organic_search,(none),impression,/blog/automacao-marketing-b2b,AST-0004,24,1,0,0.002624,213.63
TP-0005878,OPP-01302,LEAD-007112,2,6,2024-03-31,43,direct,(direct),click,/lp/trial-30-dias,AST-0016,27,0,0,0.006057,493.0
TP-0005879,OPP-01302,LEAD-007112,3,6,2024-04-17,26,direct,(direct),content_view,/produto/erp-connector,AST-0020,48,0,0,0.027197,2213.82
TP-0005880,OPP-01302,LEAD-007112,4,6,2024-04-25,18,direct,,form_fill,/produto/crm-integracao,AST-0019,73,0,0,0.13244,10780.63
TP-0005881,OPP-01302,LEAD-007112,5,6,2024-05-01,12,direct,(not set),demo_request,/produto/crm-integracao,AST-0019,94,0,0,0.295715,24071.2
TP-0005882,OPP-01302,LEAD-007112,6,6,2024-05-02,11,direct,,sales_call,/lp/trial-30-dias,AST-0016,83,0,1,0.535967,43627.72
TP-0005883,OPP-01303,LEAD-007119,1,6,2024-04-26,33,linkedin_ads,linkedin_decisores_ti_2024,impression,/ebook/crm-para-varejo,AST-0008,5,1,0,0.003616,312.79
TP-0005884,OPP-01303,LEAD-007119,2,6,2024-05-01,28,linkedin_ads,linkedin_gestores_2024,click,/webinar/automacao-vendas-demo,AST-0014,25,0,0,0.011927,1031.65
TP-0005885,OPP-01303,LEAD-007119,3,6,2024-05-09,20,linkedin_ads,linkedin_prospeccao_q2_2024,content_view,/webinar/crm-para-gestores,AST-0013,39,0,0,0.028159,2435.79
TP-0005886,OPP-01303,LEAD-007119,4,6,2024-05-19,10,linkedin_ads,linkedin_prospeccao_q2_2024,demo_request,/lp/comparativo-erp,AST-0017,85,0,0,0.230088,19902.62
TP-0005887,OPP-01303,LEAD-007119,5,6,2024-05-21,8,linkedin_ads,linkedin_gestores_2024,sales_call,/lp/comparativo-erp,AST-0017,82,0,0,0.298599,25828.83
TP-0005888,OPP-01303,LEAD-007119,6,6,2024-05-22,7,linkedin_ads,lkd_awareness_2024,demo_request,/produto/crm-integracao,AST-0019,77,0,1,0.427611,36988.32
TP-0005889,OPP-01304,LEAD-007122,1,4,2024-04-14,37,organic_search,,impression,/produto/erp-connector,AST-0020,1,1,0,0.005202,182.08
TP-0005890,OPP-01304,LEAD-007122,2,4,2024-04-26,25,organic_search,(none),click,/lp/trial-30-dias,AST-0016,15,0,0,0.02829,990.15
TP-0005891,OPP-01304,LEAD-007122,3,4,2024-05-10,11,organic_search,(none),content_view,/blog/leads-qualificados-b2b,AST-0007,48,0,0,0.102534,3588.68
TP-0005892,OPP-01304,LEAD-007122,4,4,2024-05-20,1,organic_search,,form_fill,/blog/crm-para-industria,AST-0002,64,0,1,0.863974,30239.09
TP-0005893,OPP-01305,LEAD-007126,1,6,2024-04-08,44,linkedin_ads,linkedin_prospeccao_q2_2024,impression,/lp/roi-calculator,AST-0018,3,1,0,0.001696,62.25
TP-0005894,OPP-01305,LEAD-007126,2,6,2024-04-11,41,paid_search,google_branded_2024,click,/produto/erp-connector,AST-0020,32,0,0,0.004849,177.97
TP-0005895,OPP-01305,LEAD-007126,3,6,2024-04-21,31,paid_search,google_brand_keywords_2024,content_view,/produto/api-marketplace,AST-0021,26,0,0,0.013208,484.73
TP-0005896,OPP-01305,LEAD-007126,4,6,2024-05-08,14,paid_search,google_branded_2024,demo_request,/lp/demo-gratis,AST-0015,85,0,0,0.17793,6530.04
TP-0005897,OPP-01305,LEAD-007126,5,6,2024-05-14,8,paid_search,google_brand_keywords_2024,sales_call,/lp/trial-30-dias,AST-0016,94,0,0,0.307276,11277.03
TP-0005898,OPP-01305,LEAD-007126,6,6,2024-05-15,7,paid_search,integracao_erp_pesquisa_2024,sales_call,/produto/crm-integracao,AST-0019,79,0,1,0.495041,18167.99
TP-0005899,OPP-01306,LEAD-007141,1,3,2024-04-23,33,webinar_evento,campanha_natal_2024,impression,/webinar/integracao-erp-ao-vivo,AST-0012,2,1,0,0.011614,2530.66
TP-0005900,OPP-01306,LEAD-007141,2,3,2024-04-30,26,webinar_evento,campanha_natal_2024,click,/webinar/integracao-erp-ao-vivo,AST-0012,36,0,0,0.044188,9628.49
TP-0005901,OPP-01306,LEAD-007141,3,3,2024-05-19,7,webinar_evento,evento_crm_gestores_q2,form_fill,/webinar/integracao-erp-ao-vivo,AST-0012,83,0,1,0.944199,205740.85
TP-0005902,OPP-01307,LEAD-007143,1,4,2024-04-09,40,meta_ads,meta_awareness_2024,impression,/lp/comparativo-erp,AST-0017,20,1,0,0.003597,71.93
TP-0005903,OPP-01307,LEAD-007143,2,4,2024-05-05,14,meta_ads,fb-leads-varejo-2024,click,/webinar/integracao-erp-ao-vivo,AST-0012,25,0,0,0.053163,1063.26
TP-0005904,OPP-01307,LEAD-007143,3,4,2024-05-09,10,meta_ads,fb-leads-varejo-2024,form_fill,/ebook/integracao-sistemas-guia,AST-0011,59,0,0,0.259397,5187.94
TP-0005905,OPP-01307,LEAD-007143,4,4,2024-05-10,9,meta_ads,ig_gestores_b2b_q2,sales_call,/ebook/roi-tecnologia-empresas,AST-0010,85,0,1,0.683844,13676.87
TP-0005906,OPP-01308,LEAD-007149,1,6,2024-04-06,41,organic_search,(none),impression,/produto/crm-integracao,AST-0019,14,1,0,0.00232,321.49
TP-0005907,OPP-01308,LEAD-007149,2,6,2024-04-23,24,email_marketing,campanha_email_04-2024,click,/ebook/crm-para-varejo,AST-0008,24,0,0,0.018028,2498.66
TP-0005908,OPP-01308,LEAD-007149,3,6,2024-05-01,16,email_marketing,email_nurture_leads_2024,content_view,/webinar/automacao-vendas-demo,AST-0014,30,0,0,0.042565,5899.47
TP-0005909,OPP-01308,LEAD-007149,4,6,2024-05-04,13,email_marketing,email_nurture_leads_2024,form_fill,/blog/crm-para-industria,AST-0002,64,0,0,0.145026,20100.61
TP-0005910,OPP-01308,LEAD-007149,5,6,2024-05-08,9,email_marketing,campanha_email_05-2024,proposal_sent,/blog/funil-vendas-complexas,AST-0006,86,0,0,0.245621,34043.06
TP-0005911,OPP-01308,LEAD-007149,6,6,2024-05-10,7,email_marketing,campanha_email_05-2024,sales_call,/blog/crm-para-industria,AST-0002,88,0,1,0.546441,75736.71
TP-0005912,OPP-01309,LEAD-007157,1,5,2024-04-18,36,webinar_evento,campanha-natal-2024,impression,/webinar/crm-para-gestores,AST-0013,9,1,0,0.004148,521.41
TP-0005913,OPP-01309,LEAD-007157,2,5,2024-04-25,29,linkedin_ads,lkd_awareness_2024,click,/produto/erp-connector,AST-0020,27,0,0,0.015782,1983.83
TP-0005914,OPP-01309,LEAD-007157,3,5,2024-04-26,28,linkedin_ads,linkedin_gestores_2024,form_fill,/webinar/integracao-erp-ao-vivo,AST-0012,68,0,0,0.062153,7812.62
TP-0005915,OPP-01309,LEAD-007157,4,5,2024-05-01,23,linkedin_ads,linkedin_prospecao_q2_2024,demo_request,/webinar/crm-para-gestores,AST-0013,76,0,0,0.129209,16241.6
TP-0005916,OPP-01309,LEAD-007157,5,5,2024-05-19,5,linkedin_ads,linkedin_prospeccao_q2_2024,sales_call,/ebook/integracao-sistemas-guia,AST-0011,91,0,1,0.788708,99140.54
TP-0005917,OPP-01310,LEAD-007166,1,8,2024-04-23,31,linkedin_ads,lkd_awareness_2024,impression,/lp/trial-30-dias,AST-0016,18,1,0,0.004851,500.58
TP-0005918,OPP-01310,LEAD-007166,2,8,2024-04-27,27,webinar_evento,black_friday_2023,click,/webinar/integracao-erp-ao-vivo,AST-0012,11,0,0,0.014895,1537.21
TP-0005919,OPP-01310,LEAD-007166,3,8,2024-04-29,25,webinar_evento,black_friday_2023,content_view,/webinar/automacao-vendas-demo,AST-0014,46,0,0,0.02291,2364.36
TP-0005920,OPP-01310,LEAD-007166,4,8,2024-05-03,21,webinar_evento,evento_crm_gestores_q2,demo_request,/blog/integracao-erp-sistemas,AST-0003,91,0,0,0.121949,12585.12
TP-0005921,OPP-01310,LEAD-007166,5,8,2024-05-07,17,webinar_evento,evento_crm_gestores_q2,sales_call,/webinar/integracao-erp-ao-vivo,AST-0012,93,0,0,0.182564,18840.57
TP-0005922,OPP-01310,LEAD-007166,6,8,2024-05-14,10,webinar_evento,black_friday_2023,proposal_sent,/webinar/crm-para-gestores,AST-0013,75,0,0,0.234108,24159.99
TP-0005923,OPP-01310,LEAD-007166,7,8,2024-05-17,7,webinar_evento,black_friday_2023,form_fill,/ebook/roi-tecnologia-empresas,AST-0010,62,0,0,0.2279,23519.3
TP-0005924,OPP-01310,LEAD-007166,8,8,2024-05-23,1,webinar_evento,campanha_natal_2024,content_view,/lp/trial-30-dias,AST-0016,41,0,1,0.190822,19692.88
TP-0005925,OPP-01311,LEAD-007167,1,4,2024-04-16,43,paid_search,crm-b2b-keywords-2024,click,/produto/crm-integracao,AST-0019,7,1,0,0.007184,219.13
TP-0005926,OPP-01311,LEAD-007167,2,4,2024-05-08,21,paid_search,integracao_erp_pesquisa_2024,click,/ebook/crm-para-varejo,AST-0008,36,0,0,0.026602,811.36
TP-0005927,OPP-01311,LEAD-007167,3,4,2024-05-13,16,paid_search,pesquisa_concorrentes_q2_2024,form_fill,/produto/api-marketplace,AST-0021,67,0,0,0.139409,4251.97
TP-0005928,OPP-01311,LEAD-007167,4,4,2024-05-27,2,paid_search,integracao_erp_pesquisa_2024,demo_request,/produto/crm-integracao,AST-0019,92,0,1,0.826805,25217.55
TP-0005929,OPP-01312,LEAD-007172,1,6,2024-04-15,36,linkedin_ads,linkedin_gestores_2024,impression,/blog/churn-saas-brasil,AST-0005,10,1,0,0.003197,279.42
TP-0005930,OPP-01312,LEAD-007172,2,6,2024-04-15,36,linkedin_ads,linkedin_gestores_2024,click,/lp/roi-calculator,AST-0018,15,0,0,0.007378,644.81
TP-0005931,OPP-01312,LEAD-007172,3,6,2024-04-29,22,linkedin_ads,linkedin_gestores_2024,content_view,/webinar/crm-para-gestores,AST-0013,27,0,0,0.026739,2337.03
TP-0005932,OPP-01312,LEAD-007172,4,6,2024-05-02,19,linkedin_ads,linkedin_gestores_2024,demo_request,/produto/crm-integracao,AST-0019,75,0,0,0.132518,11582.09
TP-0005933,OPP-01312,LEAD-007172,5,6,2024-05-13,8,linkedin_ads,linkedin_prospecao_q2_2024,sales_call,/lp/demo-gratis,AST-0015,91,0,0,0.327084,28587.15
TP-0005934,OPP-01312,LEAD-007172,6,6,2024-05-15,6,linkedin_ads,linkedin_gestores_2024,demo_request,/produto/erp-connector,AST-0020,91,0,1,0.503084,43969.51
TP-0005935,OPP-01313,LEAD-007181,1,3,2024-04-20,27,organic_search,(not set),impression,/produto/api-marketplace,AST-0021,20,1,0,0.042015,2705.74
TP-0005936,OPP-01313,LEAD-007181,2,3,2024-04-26,21,organic_search,(not set),click,/lp/trial-30-dias,AST-0016,21,0,0,0.148835,9584.97
TP-0005937,OPP-01313,LEAD-007181,3,3,2024-05-10,7,organic_search,(none),content_view,/produto/crm-integracao,AST-0019,31,0,1,0.80915,52109.29
TP-0005938,OPP-01314,LEAD-007183,1,3,2024-04-20,30,paid_search,crm-b2b-keywords-2024,click,/webinar/crm-para-gestores,AST-0013,19,1,0,0.030167,914.06
TP-0005939,OPP-01314,LEAD-007183,2,3,2024-04-22,28,paid_search,integracao_erp_pesquisa_2024,click,/lp/roi-calculator,AST-0018,4,0,0,0.026769,811.1
TP-0005940,OPP-01314,LEAD-007183,3,3,2024-05-18,2,paid_search,pesquisa_concorrentes_q2_2024,form_fill,/produto/crm-integracao,AST-0019,52,0,1,0.943064,28574.84
TP-0005941,OPP-01315,LEAD-007184,1,5,2024-04-13,38,organic_search,(none),impression,/lp/demo-gratis,AST-0015,2,1,0,0.013265,1654.09
TP-0005942,OPP-01315,LEAD-007184,2,5,2024-04-20,31,webinar_evento,bf-23,click,/webinar/integracao-erp-ao-vivo,AST-0012,24,0,0,0.050468,6293.4
TP-0005943,OPP-01315,LEAD-007184,3,5,2024-04-29,22,webinar_evento,webinar_integracao_erp_2024,content_view,/webinar/crm-para-gestores,AST-0013,35,0,0,0.127981,15959.28
TP-0005944,OPP-01315,LEAD-007184,4,5,2024-05-03,18,webinar_evento,campanha_natal_2024,form_fill,/webinar/crm-para-gestores,AST-0013,48,0,0,0.468343,58402.32
TP-0005945,OPP-01315,LEAD-007184,5,5,2024-05-07,14,webinar_evento,campanha_natal_2024,content_view,/lp/demo-gratis,AST-0015,20,0,1,0.339943,42390.91
TP-0005946,OPP-01316,LEAD-007190,1,2,2024-05-05,27,organic_search,,impression,/blog/leads-qualificados-b2b,AST-0007,1,1,0,0.200276,6709.25
TP-0005947,OPP-01316,LEAD-007190,2,2,2024-05-07,25,organic_search,(none),click,/produto/erp-connector,AST-0020,11,0,1,0.799724,26790.75
TP-0005948,OPP-01317,LEAD-007194,1,3,2024-05-10,17,direct,(not set),click,/produto/crm-integracao,AST-0019,37,1,0,0.063896,3182.01
TP-0005949,OPP-01317,LEAD-007194,2,3,2024-05-14,13,direct,,form_fill,/lp/comparativo-erp,AST-0017,62,0,0,0.239819,11943.0
TP-0005950,OPP-01317,LEAD-007194,3,3,2024-05-18,9,direct,(direct),demo_request,/lp/demo-gratis,AST-0015,100,0,1,0.696285,34674.99
TP-0005951,OPP-01318,LEAD-007211,1,6,2024-04-20,39,webinar_evento,campanha_natal_2024,impression,/webinar/automacao-vendas-demo,AST-0014,8,1,0,0.006772,267.48
TP-0005952,OPP-01318,LEAD-007211,2,6,2024-04-27,32,webinar_evento,black_friday_2023,click,/webinar/automacao-vendas-demo,AST-0014,4,0,0,0.025764,1017.7
TP-0005953,OPP-01318,LEAD-007211,3,6,2024-05-04,25,webinar_evento,campanha-natal-2024,form_fill,/ebook/integracao-sistemas-guia,AST-0011,68,0,0,0.155754,6152.29
TP-0005954,OPP-01318,LEAD-007211,4,6,2024-05-06,23,webinar_evento,bf-23,demo_request,/blog/funil-vendas-complexas,AST-0006,83,0,0,0.261342,10323.0
TP-0005955,OPP-01318,LEAD-007211,5,6,2024-05-11,18,webinar_evento,campanha_natal_2024,sales_call,/lp/demo-gratis,AST-0015,78,0,0,0.42021,16598.3
TP-0005956,OPP-01318,LEAD-007211,6,6,2024-05-14,15,webinar_evento,webinar_integracao_erp_2024,click,/blog/gestao-vendas-b2b,AST-0001,23,0,1,0.130158,5141.23
TP-0005957,OPP-01319,LEAD-007217,1,3,2024-04-23,28,paid_search,integracao_erp_pesquisa_2024,click,/blog/integracao-erp-sistemas,AST-0003,13,1,0,0.065705,3120.99
TP-0005958,OPP-01319,LEAD-007217,2,3,2024-04-26,25,paid_search,google_brand_keywords_2024,click,/lp/demo-gratis,AST-0015,26,0,0,0.062621,2974.48
TP-0005959,OPP-01319,LEAD-007217,3,3,2024-05-09,12,paid_search,integracao_erp_pesquisa_2024,form_fill,/lp/roi-calculator,AST-0018,63,0,1,0.871674,41404.53
TP-0005960,OPP-01320,LEAD-007220,1,7,2024-04-07,43,linkedin_ads,lkd_awareness_2024,impression,/webinar/automacao-vendas-demo,AST-0014,14,1,0,0.0042,158.34
TP-0005961,OPP-01320,LEAD-007220,2,7,2024-04-09,41,webinar_evento,webinar_integracao_erp_2024,click,/webinar/integracao-erp-ao-vivo,AST-0012,12,0,0,0.011181,421.51
TP-0005962,OPP-01320,LEAD-007220,3,7,2024-04-10,40,webinar_evento,evento_crm_gestores_q2,content_view,/webinar/crm-para-gestores,AST-0013,31,0,0,0.016011,603.63
TP-0005963,OPP-01320,LEAD-007220,4,7,2024-04-20,30,webinar_evento,bf-23,demo_request,/produto/crm-integracao,AST-0019,92,0,0,0.130827,4932.17
TP-0005964,OPP-01320,LEAD-007220,5,7,2024-04-23,27,webinar_evento,evento_crm_gestores_q2,sales_call,/lp/demo-gratis,AST-0015,100,0,0,0.182353,6874.7
TP-0005965,OPP-01320,LEAD-007220,6,7,2024-04-29,21,webinar_evento,evento_crm_gestores_q2,form_fill,/lp/comparativo-erp,AST-0017,71,0,0,0.171064,6449.12
TP-0005966,OPP-01320,LEAD-007220,7,7,2024-05-01,19,webinar_evento,webinar_integracao_erp_2024,sales_call,/lp/demo-gratis,AST-0015,96,0,1,0.484364,18260.53
TP-0005967,OPP-01321,LEAD-007230,1,6,2024-04-22,38,organic_search,,impression,/blog/integracao-erp-sistemas,AST-0003,32,1,0,0.003573,92.9
TP-0005968,OPP-01321,LEAD-007230,2,6,2024-04-30,30,direct,(not set),click,/lp/comparativo-erp,AST-0017,29,0,0,0.014602,379.65
TP-0005969,OPP-01321,LEAD-007230,3,6,2024-05-09,21,direct,(not set),content_view,/produto/erp-connector,AST-0020,26,0,0,0.037028,962.74
TP-0005970,OPP-01321,LEAD-007230,4,6,2024-05-13,17,direct,(not set),form_fill,/blog/funil-vendas-complexas,AST-0006,71,0,0,0.135504,3523.09
TP-0005971,OPP-01321,LEAD-007230,5,6,2024-05-16,14,direct,(not set),content_view,/produto/crm-integracao,AST-0019,30,0,0,0.061049,1587.28
TP-0005972,OPP-01321,LEAD-007230,6,6,2024-05-26,4,direct,(not set),demo_request,/produto/erp-connector,AST-0020,81,0,1,0.748244,19454.33
TP-0005973,OPP-01322,LEAD-007232,1,3,2024-04-21,32,direct,(not set),click,/produto/erp-connector,AST-0020,18,1,0,0.019127,3176.98
TP-0005974,OPP-01322,LEAD-007232,2,3,2024-05-14,9,direct,,form_fill,/produto/erp-connector,AST-0020,71,0,0,0.278905,46326.15
TP-0005975,OPP-01322,LEAD-007232,3,3,2024-05-16,7,direct,(not set),demo_request,/lp/roi-calculator,AST-0018,85,0,1,0.701968,116596.87
TP-0005976,OPP-01323,LEAD-007233,1,2,2024-04-22,31,meta_ads,ig_gestores_b2b_q2,impression,/ebook/roi-tecnologia-empresas,AST-0010,14,1,0,0.046202,1034.93
TP-0005977,OPP-01323,LEAD-007233,2,2,2024-05-17,6,meta_ads,meta_awareness_2024,click,/lp/comparativo-erp,AST-0017,20,0,1,0.953798,21365.07
TP-0005978,OPP-01324,LEAD-007236,1,5,2024-04-21,33,linkedin_ads,lkd_awareness_2024,impression,/ebook/gestao-pipeline-vendas,AST-0009,5,1,0,0.00358,632.67
TP-0005979,OPP-01324,LEAD-007236,2,5,2024-05-03,21,email_marketing,email_reengajamento_q2_2024,click,/ebook/roi-tecnologia-empresas,AST-0010,11,0,0,0.01947,3440.38
TP-0005980,OPP-01324,LEAD-007236,3,5,2024-05-15,9,email_marketing,newsletter_mensal_05_2024,content_view,/webinar/automacao-vendas-demo,AST-0014,29,0,0,0.061173,10809.3
TP-0005981,OPP-01324,LEAD-007236,4,5,2024-05-19,5,email_marketing,email_nurture_leads_2024,demo_request,/blog/leads-qualificados-b2b,AST-0007,93,0,0,0.325616,57536.29
TP-0005982,OPP-01324,LEAD-007236,5,5,2024-05-20,4,email_marketing,email_nurture_leads_2024,sales_call,/ebook/crm-para-varejo,AST-0008,94,0,1,0.59016,104281.36
TP-0005983,OPP-01325,LEAD-007240,1,2,2024-05-23,9,organic_search,(none),impression,/produto/api-marketplace,AST-0021,34,1,0,0.211962,6528.42
TP-0005984,OPP-01325,LEAD-007240,2,2,2024-05-24,8,organic_search,(none),click,/webinar/crm-para-gestores,AST-0013,21,0,1,0.788038,24271.58
TP-0005985,OPP-01326,LEAD-007244,1,5,2024-04-11,40,organic_search,(not set),impression,/produto/crm-integracao,AST-0019,18,1,0,0.002299,74.49
TP-0005986,OPP-01326,LEAD-007244,2,5,2024-04-18,33,email_marketing,newsletter_mensal_04_2024,click,/blog/gestao-vendas-b2b,AST-0001,36,0,0,0.008747,283.42
TP-0005987,OPP-01326,LEAD-007244,3,5,2024-05-08,13,email_marketing,newsletter_mensal_05_2024,content_view,/blog/gestao-vendas-b2b,AST-0001,33,0,0,0.048668,1576.83
TP-0005988,OPP-01326,LEAD-007244,4,5,2024-05-19,2,email_marketing,newsletter_mensal_05_2024,form_fill,/ebook/roi-tecnologia-empresas,AST-0010,72,0,0,0.293632,9513.68
TP-0005989,OPP-01326,LEAD-007244,5,5,2024-05-21,0,email_marketing,newsletter_mensal_05_2024,proposal_sent,/webinar/integracao-erp-ao-vivo,AST-0012,80,0,1,0.646654,20951.59
TP-0005990,OPP-01327,LEAD-007252,1,4,2024-04-20,43,paid_search,integracao_erp_pesquisa_2024,click,/produto/erp-connector,AST-0020,23,1,0,0.006149,160.48
TP-0005991,OPP-01327,LEAD-007252,2,4,2024-04-21,42,email_marketing,newsletter_mensal_04_2024,click,/blog/leads-qualificados-b2b,AST-0007,20,0,0,0.00508,132.59
TP-0005992,OPP-01327,LEAD-007252,3,4,2024-05-29,4,email_marketing,newsletter_mensal_05_2024,form_fill,/blog/crm-para-industria,AST-0002,70,0,0,0.281151,7338.04
TP-0005993,OPP-01327,LEAD-007252,4,4,2024-05-31,2,email_marketing,newsletter_mensal_05_2024,demo_request,/blog/churn-saas-brasil,AST-0005,75,0,1,0.70762,18468.89
TP-0005994,OPP-01328,LEAD-007255,1,5,2024-04-19,40,webinar_evento,evento_crm_gestores_q2,impression,/webinar/automacao-vendas-demo,AST-0014,15,1,0,0.003446,163.33
TP-0005995,OPP-01328,LEAD-007255,2,5,2024-04-21,38,organic_search,(not set),click,/blog/crm-para-industria,AST-0002,59,0,0,0.009173,434.81
TP-0005996,OPP-01328,LEAD-007255,3,5,2024-05-03,26,organic_search,(not set),form_fill,/produto/erp-connector,AST-0020,88,0,0,0.079258,3756.81
TP-0005997,OPP-01328,LEAD-007255,4,5,2024-05-14,15,organic_search,(not set),demo_request,/ebook/crm-para-varejo,AST-0008,78,0,0,0.25293,11988.87
TP-0005998,OPP-01328,LEAD-007255,5,5,2024-05-20,9,organic_search,(none),sales_call,/produto/erp-connector,AST-0020,83,0,1,0.655194,31056.18
TP-0005999,OPP-01329,LEAD-007261,1,6,2024-04-21,42,webinar_evento,campanha-natal-2024,impression,/webinar/integracao-erp-ao-vivo,AST-0012,26,1,0,0.004209,340.11
TP-0006000,OPP-01329,LEAD-007261,2,6,2024-04-23,40,linkedin_ads,linkedin_prospeccao_q2_2024,click,/webinar/automacao-vendas-demo,AST-0014,40,0,0,0.011205,905.4
TP-0006001,OPP-01329,LEAD-007261,3,6,2024-04-27,36,linkedin_ads,linkedin_gestores_2024,form_fill,/lp/comparativo-erp,AST-0017,52,0,0,0.054675,4417.71
TP-0006002,OPP-01329,LEAD-007261,4,6,2024-05-19,14,linkedin_ads,lkd_awareness_2024,demo_request,/ebook/crm-para-varejo,AST-0008,100,0,0,0.382804,30930.53
TP-0006003,OPP-01329,LEAD-007261,5,6,2024-05-20,13,linkedin_ads,linkedin_prospecao_q2_2024,sales_call,/ebook/roi-tecnologia-empresas,AST-0010,90,0,0,0.46254,37373.25
TP-0006004,OPP-01329,LEAD-007261,6,6,2024-05-31,2,linkedin_ads,lkd_awareness_2024,impression,/lp/trial-30-dias,AST-0016,1,0,1,0.084567,6832.99
TP-0006005,OPP-01330,LEAD-007266,1,4,2024-04-28,40,meta_ads,ig_gestores_b2b_q2,impression,/webinar/integracao-erp-ao-vivo,AST-0012,3,1,0,0.024062,632.82
TP-0006006,OPP-01330,LEAD-007266,2,4,2024-05-02,36,meta_ads,fb-leads-varejo-2024,click,/ebook/roi-tecnologia-empresas,AST-0010,26,0,0,0.073891,1943.32
TP-0006007,OPP-01330,LEAD-007266,3,4,2024-05-16,22,meta_ads,ig_gestores_b2b_q2,form_fill,/produto/api-marketplace,AST-0021,62,0,0,0.73647,19369.17
TP-0006008,OPP-01330,LEAD-007266,4,4,2024-05-23,15,meta_ads,ig_gestores_b2b_q2,impression,/ebook/integracao-sistemas-guia,AST-0011,10,0,1,0.165577,4354.69
TP-0006009,OPP-01331,LEAD-007276,1,3,2024-05-06,30,paid_search,google_branded_2024,click,/produto/crm-integracao,AST-0019,32,1,0,0.044183,3256.29
TP-0006010,OPP-01331,LEAD-007276,2,3,2024-05-13,23,paid_search,integracao_erp_pesquisa_2024,click,/produto/erp-connector,AST-0020,42,0,0,0.056035,4129.78
TP-0006011,OPP-01331,LEAD-007276,3,3,2024-05-28,8,paid_search,google_branded_2024,form_fill,/lp/comparativo-erp,AST-0017,68,0,1,0.899782,66313.94
TP-0006012,OPP-01332,LEAD-007285,1,4,2024-04-27,40,linkedin_ads,linkedin_gestores_2024,impression,/lp/demo-gratis,AST-0015,22,1,0,0.006305,590.16
TP-0006013,OPP-01332,LEAD-007285,2,4,2024-05-15,22,linkedin_ads,linkedin_gestores_2024,click,/webinar/integracao-erp-ao-vivo,AST-0012,21,0,0,0.052632,4926.39
TP-0006014,OPP-01332,LEAD-007285,3,4,2024-05-17,20,linkedin_ads,lkd_awareness_2024,content_view,/webinar/automacao-vendas-demo,AST-0014,30,0,0,0.080953,7577.22
TP-0006015,OPP-01332,LEAD-007285,4,4,2024-05-25,12,linkedin_ads,linkedin_prospeccao_q2_2024,demo_request,/ebook/gestao-pipeline-vendas,AST-0009,72,0,1,0.860109,80506.22
TP-0006016,OPP-01333,LEAD-007299,1,4,2024-05-15,22,direct,,click,/produto/crm-integracao,AST-0019,14,1,0,0.023251,899.82
TP-0006017,OPP-01333,LEAD-007299,2,4,2024-05-15,22,direct,(not set),form_fill,/produto/erp-connector,AST-0020,70,0,0,0.06558,2537.96
TP-0006018,OPP-01333,LEAD-007299,3,4,2024-05-20,17,direct,,demo_request,/produto/api-marketplace,AST-0021,86,0,0,0.136335,5276.16
TP-0006019,OPP-01333,LEAD-007299,4,4,2024-06-06,0,direct,,sales_call,/lp/roi-calculator,AST-0018,100,0,1,0.774833,29986.05
TP-0006020,OPP-01334,LEAD-007300,1,4,2024-04-22,33,paid_search,google_brand_keywords_2024,click,/lp/demo-gratis,AST-0015,27,1,0,0.015785,506.71
TP-0006021,OPP-01334,LEAD-007300,2,4,2024-05-05,20,paid_search,crm-b2b-keywords-2024,click,/lp/trial-30-dias,AST-0016,26,0,0,0.030732,986.48
TP-0006022,OPP-01334,LEAD-007300,3,4,2024-05-18,7,paid_search,pesquisa_concorrentes_q2_2024,form_fill,/lp/comparativo-erp,AST-0017,74,0,0,0.285187,9154.5
TP-0006023,OPP-01334,LEAD-007300,4,4,2024-05-19,6,paid_search,google_branded_2024,demo_request,/produto/api-marketplace,AST-0021,80,0,1,0.668296,21452.31
TP-0006024,OPP-01335,LEAD-007301,1,7,2024-04-25,43,webinar_evento,evento_crm_gestores_q2,impression,/webinar/crm-para-gestores,AST-0013,1,1,0,0.002494,328.21
TP-0006025,OPP-01335,LEAD-007301,2,7,2024-04-27,41,webinar_evento,bf-23,click,/webinar/crm-para-gestores,AST-0013,32,0,0,0.006639,873.71
TP-0006026,OPP-01335,LEAD-007301,3,7,2024-05-03,35,webinar_evento,webinar_integracao_erp_2024,form_fill,/lp/demo-gratis,AST-0015,56,0,0,0.037369,4917.76
TP-0006027,OPP-01335,LEAD-007301,4,7,2024-05-06,32,webinar_evento,bf-23,demo_request,/lp/comparativo-erp,AST-0017,100,0,0,0.067344,8862.52
TP-0006028,OPP-01335,LEAD-007301,5,7,2024-05-06,32,webinar_evento,bf-23,sales_call,/webinar/integracao-erp-ao-vivo,AST-0012,100,0,0,0.075762,9970.34
TP-0006029,OPP-01335,LEAD-007301,6,7,2024-05-28,10,webinar_evento,evento_crm_gestores_q2,form_fill,/lp/roi-calculator,AST-0018,58,0,0,0.222862,29328.7
TP-0006030,OPP-01335,LEAD-007301,7,7,2024-05-29,9,webinar_evento,campanha-natal-2024,sales_call,/lp/trial-30-dias,AST-0016,72,0,1,0.587529,77318.76
TP-0006031,OPP-01336,LEAD-007307,1,6,2024-04-26,43,webinar_evento,evento_crm_gestores_q2,impression,/webinar/integracao-erp-ao-vivo,AST-0012,14,1,0,0.002551,527.05
TP-0006032,OPP-01336,LEAD-007307,2,6,2024-05-19,20,webinar_evento,campanha-natal-2024,click,/webinar/automacao-vendas-demo,AST-0014,40,0,0,0.030436,6288.03
TP-0006033,OPP-01336,LEAD-007307,3,6,2024-05-21,18,webinar_evento,campanha-natal-2024,form_fill,/lp/trial-30-dias,AST-0016,63,0,0,0.128735,26596.73
TP-0006034,OPP-01336,LEAD-007307,4,6,2024-05-23,16,webinar_evento,campanha_natal_2024,demo_request,/blog/automacao-marketing-b2b,AST-0004,91,0,0,0.216007,44626.99
TP-0006035,OPP-01336,LEAD-007307,5,6,2024-05-25,14,webinar_evento,campanha_natal_2024,sales_call,/lp/trial-30-dias,AST-0016,85,0,0,0.280325,57915.15
TP-0006036,OPP-01336,LEAD-007307,6,6,2024-05-29,10,webinar_evento,bf-23,form_fill,/webinar/automacao-vendas-demo,AST-0014,47,0,1,0.341946,70646.04
TP-0006037,OPP-01337,LEAD-007316,1,6,2024-04-21,42,organic_search,(not set),impression,/produto/api-marketplace,AST-0021,8,1,0,0.002521,369.83
TP-0006038,OPP-01337,LEAD-007316,2,6,2024-04-23,40,organic_search,(none),click,/blog/crm-para-industria,AST-0002,31,0,0,0.006711,984.51
TP-0006039,OPP-01337,LEAD-007316,3,6,2024-04-26,37,organic_search,,content_view,/webinar/automacao-vendas-demo,AST-0014,37,0,0,0.011086,1626.37
TP-0006040,OPP-01337,LEAD-007316,4,6,2024-05-01,32,organic_search,,form_fill,/blog/automacao-marketing-b2b,AST-0004,72,0,0,0.043574,6392.31
TP-0006041,OPP-01337,LEAD-007316,5,6,2024-05-30,3,organic_search,,content_view,/produto/erp-connector,AST-0020,32,0,0,0.125749,18447.39
TP-0006042,OPP-01337,LEAD-007316,6,6,2024-05-31,2,organic_search,(not set),demo_request,/produto/crm-integracao,AST-0019,98,0,1,0.810359,118879.59
TP-0006043,OPP-01338,LEAD-007320,1,3,2024-04-22,43,meta_ads,meta_awareness_2024,impression,/produto/api-marketplace,AST-0021,1,1,0,0.007138,848.66
TP-0006044,OPP-01338,LEAD-007320,2,3,2024-05-03,32,meta_ads,ig_gestores_b2b_q2,click,/blog/integracao-erp-sistemas,AST-0003,5,0,0,0.036138,4296.78
TP-0006045,OPP-01338,LEAD-007320,3,3,2024-05-25,10,meta_ads,meta_awareness_2024,form_fill,/lp/demo-gratis,AST-0015,63,0,1,0.956725,113754.56
TP-0006046,OPP-01339,LEAD-007321,1,5,2024-05-05,37,linkedin_ads,linkedin_gestores_2024,impression,/produto/crm-integracao,AST-0019,35,1,0,0.002557,220.43
TP-0006047,OPP-01339,LEAD-007321,2,5,2024-05-11,31,linkedin_ads,linkedin_decisores_ti_2024,click,/webinar/crm-para-gestores,AST-0013,21,0,0,0.009059,780.85
TP-0006048,OPP-01339,LEAD-007321,3,5,2024-05-29,13,linkedin_ads,linkedin_prospeccao_q2_2024,content_view,/webinar/integracao-erp-ao-vivo,AST-0012,47,0,0,0.04369,3766.06
TP-0006049,OPP-01339,LEAD-007321,4,5,2024-06-03,8,linkedin_ads,linkedin_prospeccao_q2_2024,demo_request,/ebook/integracao-sistemas-guia,AST-0011,90,0,0,0.249773,21530.4
TP-0006050,OPP-01339,LEAD-007321,5,5,2024-06-10,1,linkedin_ads,linkedin_gestores_2024,sales_call,/webinar/integracao-erp-ao-vivo,AST-0012,77,0,1,0.694922,59902.26
TP-0006051,OPP-01340,LEAD-007330,1,5,2024-04-19,42,paid_search,integracao_erp_pesquisa_2024,click,/lp/demo-gratis,AST-0015,14,1,0,0.014438,724.81
TP-0006052,OPP-01340,LEAD-007330,2,5,2024-04-25,36,paid_search,integracao_erp_pesquisa_2024,click,/produto/erp-connector,AST-0020,12,0,0,0.017049,855.87
TP-0006053,OPP-01340,LEAD-007330,3,5,2024-04-27,34,paid_search,integracao_erp_pesquisa_2024,form_fill,/lp/demo-gratis,AST-0015,45,0,0,0.072113,3620.1
TP-0006054,OPP-01340,LEAD-007330,4,5,2024-05-11,20,paid_search,pesquisa_concorrentes_q2_2024,demo_request,/produto/crm-integracao,AST-0019,91,0,0,0.285127,14313.37
TP-0006055,OPP-01340,LEAD-007330,5,5,2024-05-16,15,paid_search,integracao_erp_pesquisa_2024,demo_request,/lp/roi-calculator,AST-0018,78,0,1,0.611272,30685.86
TP-0006056,OPP-01341,LEAD-007338,1,2,2024-04-27,41,meta_ads,ig_gestores_b2b_q2,impression,/lp/comparativo-erp,AST-0017,7,1,0,0.200276,20788.65
TP-0006057,OPP-01341,LEAD-007338,2,2,2024-04-29,39,meta_ads,fb-leads-varejo-2024,click,/blog/funil-vendas-complexas,AST-0006,15,0,1,0.799724,83011.35
TP-0006058,OPP-01342,LEAD-007339,1,5,2024-05-04,34,paid_search,integracao_erp_pesquisa_2024,click,/lp/comparativo-erp,AST-0017,19,1,0,0.010655,299.4
TP-0006059,OPP-01342,LEAD-007339,2,5,2024-05-14,24,paid_search,google_branded_2024,click,/produto/erp-connector,AST-0020,26,0,0,0.016742,470.45
TP-0006060,OPP-01342,LEAD-007339,3,5,2024-05-28,10,paid_search,google_branded_2024,form_fill,/produto/api-marketplace,AST-0021,73,0,0,0.166869,4689.02
TP-0006061,OPP-01342,LEAD-007339,4,5,2024-05-29,9,paid_search,pesquisa_concorrentes_q2_2024,demo_request,/produto/crm-integracao,AST-0019,83,0,0,0.26069,7325.39
TP-0006062,OPP-01342,LEAD-007339,5,5,2024-06-01,6,paid_search,google_branded_2024,sales_call,/lp/demo-gratis,AST-0015,88,0,1,0.545044,15315.73
TP-0006063,OPP-01343,LEAD-007347,1,3,2024-05-05,36,organic_search,(not set),impression,/produto/erp-connector,AST-0020,6,1,0,0.038399,975.33
TP-0006064,OPP-01343,LEAD-007347,2,3,2024-05-23,18,organic_search,,click,/blog/automacao-marketing-b2b,AST-0004,39,0,0,0.320534,8141.56
TP-0006065,OPP-01343,LEAD-007347,3,3,2024-05-23,18,organic_search,(not set),content_view,/webinar/automacao-vendas-demo,AST-0014,42,0,1,0.641067,16283.11
TP-0006066,OPP-01344,LEAD-007360,1,8,2024-04-23,38,webinar_evento,webinar_integracao_erp_2024,impression,/lp/demo-gratis,AST-0015,1,1,0,0.003296,288.43
TP-0006067,OPP-01344,LEAD-007360,2,8,2024-04-29,32,webinar_evento,webinar_integracao_erp_2024,click,/lp/roi-calculator,AST-0018,25,0,0,0.011677,1021.75
TP-0006068,OPP-01344,LEAD-007360,3,8,2024-05-03,28,webinar_evento,evento_crm_gestores_q2,form_fill,/lp/comparativo-erp,AST-0017,62,0,0,0.056976,4985.42
TP-0006069,OPP-01344,LEAD-007360,4,8,2024-05-05,26,webinar_evento,black_friday_2023,demo_request,/produto/erp-connector,AST-0020,78,0,0,0.095601,8365.09
TP-0006070,OPP-01344,LEAD-007360,5,8,2024-05-10,21,webinar_evento,bf-23,sales_call,/produto/crm-integracao,AST-0019,82,0,0,0.153716,13450.19
TP-0006071,OPP-01344,LEAD-007360,6,8,2024-05-20,11,webinar_evento,webinar_integracao_erp_2024,proposal_sent,/lp/roi-calculator,AST-0018,57,0,0,0.244223,21369.5
TP-0006072,OPP-01344,LEAD-007360,7,8,2024-05-21,10,webinar_evento,evento_crm_gestores_q2,sales_call,/webinar/automacao-vendas-demo,AST-0014,85,0,0,0.33725,29509.37
TP-0006073,OPP-01344,LEAD-007360,8,8,2024-05-23,8,webinar_evento,campanha_natal_2024,click,/webinar/crm-para-gestores,AST-0013,19,0,1,0.09726,8510.24
TP-0006074,OPP-01345,LEAD-007362,1,6,2024-04-25,40,organic_search,(none),impression,/produto/crm-integracao,AST-0019,5,1,0,0.006706,196.5
TP-0006075,OPP-01345,LEAD-007362,2,6,2024-05-10,25,meta_ads,ig_gestores_b2b_q2,click,/ebook/roi-tecnologia-empresas,AST-0010,29,0,0,0.045184,1323.91
TP-0006076,OPP-01345,LEAD-007362,3,6,2024-05-12,23,meta_ads,ig_gestores_b2b_q2,content_view,/ebook/crm-para-varejo,AST-0008,41,0,0,0.069498,2036.28
TP-0006077,OPP-01345,LEAD-007362,4,6,2024-05-16,19,meta_ads,meta_awareness_2024,form_fill,/ebook/crm-para-varejo,AST-0008,72,0,0,0.254324,7451.69
TP-0006078,OPP-01345,LEAD-007362,5,6,2024-05-18,17,meta_ads,fb-leads-varejo-2024,proposal_sent,/lp/demo-gratis,AST-0015,72,0,0,0.373391,10940.37
TP-0006079,OPP-01345,LEAD-007362,6,6,2024-06-03,1,meta_ads,meta_awareness_2024,email_open,/lp/roi-calculator,AST-0018,13,0,1,0.250896,7351.26
TP-0006080,OPP-01346,LEAD-007370,1,5,2024-05-01,41,direct,(not set),click,/ebook/integracao-sistemas-guia,AST-0011,18,1,0,0.012535,1094.33
TP-0006081,OPP-01346,LEAD-007370,2,5,2024-05-02,40,email_marketing,email_nurture_leads_2024,form_fill,/produto/crm-integracao,AST-0019,53,0,0,0.037974,3315.1
TP-0006082,OPP-01346,LEAD-007370,3,5,2024-05-16,26,email_marketing,newsletter_mensal_05_2024,demo_request,/blog/automacao-marketing-b2b,AST-0004,91,0,0,0.150143,13107.46
TP-0006083,OPP-01346,LEAD-007370,4,5,2024-05-17,25,email_marketing,campanha_email_05-2024,sales_call,/blog/integracao-erp-sistemas,AST-0003,80,0,0,0.181417,15837.7
TP-0006084,OPP-01346,LEAD-007370,5,5,2024-06-01,10,email_marketing,email_reengajamento_q2_2024,proposal_sent,/produto/crm-integracao,AST-0019,74,0,1,0.617931,53945.41
TP-0006085,OPP-01347,LEAD-007371,1,6,2024-05-06,39,organic_search,(not set),impression,/blog/leads-qualificados-b2b,AST-0007,1,1,0,0.002538,182.48
TP-0006086,OPP-01347,LEAD-007371,2,6,2024-05-09,36,organic_search,(none),click,/produto/api-marketplace,AST-0021,16,0,0,0.007257,521.75
TP-0006087,OPP-01347,LEAD-007371,3,6,2024-05-13,32,organic_search,,content_view,/blog/gestao-vendas-b2b,AST-0001,39,0,0,0.012875,925.73
TP-0006088,OPP-01347,LEAD-007371,4,6,2024-05-31,14,organic_search,(not set),form_fill,/lp/trial-30-dias,AST-0016,67,0,0,0.128076,9208.69
TP-0006089,OPP-01347,LEAD-007371,5,6,2024-06-06,8,organic_search,(none),click,/produto/erp-connector,AST-0020,29,0,0,0.05362,3855.25
TP-0006090,OPP-01347,LEAD-007371,6,6,2024-06-13,1,organic_search,(not set),sales_call,/blog/churn-saas-brasil,AST-0005,87,0,1,0.795634,57206.09
TP-0006091,OPP-01348,LEAD-007388,1,2,2024-05-24,17,paid_search,google_brand_keywords_2024,click,/blog/integracao-erp-sistemas,AST-0003,30,1,0,0.394409,14001.53
TP-0006092,OPP-01348,LEAD-007388,2,2,2024-05-28,13,paid_search,google_brand_keywords_2024,click,/blog/funil-vendas-complexas,AST-0006,26,0,1,0.605591,21498.47
TP-0006093,OPP-01349,LEAD-007398,1,6,2024-04-21,44,organic_search,(not set),impression,/produto/erp-connector,AST-0020,17,1,0,0.002712,186.61
TP-0006094,OPP-01349,LEAD-007398,2,6,2024-04-22,43,organic_search,(none),click,/produto/crm-integracao,AST-0019,36,0,0,0.006723,462.52
TP-0006095,OPP-01349,LEAD-007398,3,6,2024-05-16,19,organic_search,(none),content_view,/blog/funil-vendas-complexas,AST-0006,42,0,0,0.049772,3424.32
TP-0006096,OPP-01349,LEAD-007398,4,6,2024-05-23,12,organic_search,(none),form_fill,/blog/leads-qualificados-b2b,AST-0007,61,0,0,0.225666,15525.83
TP-0006097,OPP-01349,LEAD-007398,5,6,2024-05-25,10,organic_search,(none),impression,/produto/api-marketplace,AST-0021,24,0,0,0.023665,1628.19
TP-0006098,OPP-01349,LEAD-007398,6,6,2024-06-02,2,organic_search,,form_fill,/produto/api-marketplace,AST-0021,62,0,1,0.691461,47572.54
TP-0006099,OPP-01350,LEAD-007403,1,4,2024-04-19,44,organic_search,,impression,/lp/demo-gratis,AST-0015,11,1,0,0.003177,104.83
TP-0006100,OPP-01350,LEAD-007403,2,4,2024-04-26,37,linkedin_ads,linkedin_prospecao_q2_2024,click,/lp/roi-calculator,AST-0018,23,0,0,0.012087,398.85
TP-0006101,OPP-01350,LEAD-007403,3,4,2024-05-12,21,linkedin_ads,linkedin_prospecao_q2_2024,content_view,/webinar/crm-para-gestores,AST-0013,25,0,0,0.050533,1667.59
TP-0006102,OPP-01350,LEAD-007403,4,4,2024-06-02,0,linkedin_ads,linkedin_gestores_2024,form_fill,/lp/trial-30-dias,AST-0016,56,0,1,0.934204,30828.72
TP-0006103,OPP-01351,LEAD-007404,1,2,2024-04-24,42,paid_search,google_brand_keywords_2024,click,/produto/api-marketplace,AST-0021,14,1,0,0.070984,1817.19
TP-0006104,OPP-01351,LEAD-007404,2,2,2024-05-28,8,paid_search,pesquisa_concorrentes_q2_2024,click,/webinar/integracao-erp-ao-vivo,AST-0012,30,0,1,0.929016,23782.81
TP-0006105,OPP-01352,LEAD-007407,1,5,2024-04-24,43,organic_search,(not set),impression,/blog/crm-para-industria,AST-0002,17,1,0,0.004122,136.04
TP-0006106,OPP-01352,LEAD-007407,2,5,2024-05-02,35,organic_search,,click,/produto/erp-connector,AST-0020,8,0,0,0.016846,555.92
TP-0006107,OPP-01352,LEAD-007407,3,5,2024-05-10,27,organic_search,,content_view,/produto/api-marketplace,AST-0021,57,0,0,0.039775,1312.56
TP-0006108,OPP-01352,LEAD-007407,4,5,2024-05-13,24,organic_search,(not set),form_fill,/produto/api-marketplace,AST-0021,51,0,0,0.135519,4472.14
TP-0006109,OPP-01352,LEAD-007407,5,5,2024-05-27,10,organic_search,(not set),demo_request,/blog/funil-vendas-complexas,AST-0006,84,0,1,0.803738,26523.34
TP-0006110,OPP-01353,LEAD-007409,1,2,2024-04-30,36,organic_search,,impression,/blog/crm-para-industria,AST-0002,16,1,0,0.168142,5346.9
TP-0006111,OPP-01353,LEAD-007409,2,2,2024-05-05,31,organic_search,(none),click,/blog/churn-saas-brasil,AST-0005,4,0,1,0.831858,26453.1
TP-0006112,OPP-01354,LEAD-007410,1,3,2024-06-03,10,meta_ads,fb-leads-varejo-2024,impression,/ebook/roi-tecnologia-empresas,AST-0010,1,1,0,0.040347,936.04
TP-0006113,OPP-01354,LEAD-007410,2,3,2024-06-06,7,meta_ads,ig_gestores_b2b_q2,click,/blog/crm-para-industria,AST-0002,8,0,0,0.115358,2676.31
TP-0006114,OPP-01354,LEAD-007410,3,3,2024-06-10,3,meta_ads,meta_awareness_2024,form_fill,/ebook/integracao-sistemas-guia,AST-0011,60,0,1,0.844295,19587.65
TP-0006115,OPP-01355,LEAD-007429,1,4,2024-04-20,44,organic_search,(not set),impression,/produto/crm-integracao,AST-0019,11,1,0,0.009594,315.65
TP-0006116,OPP-01355,LEAD-007429,2,4,2024-04-24,40,email_marketing,campanha_email_04-2024,click,/produto/api-marketplace,AST-0021,29,0,0,0.029463,969.32
TP-0006117,OPP-01355,LEAD-007429,3,4,2024-05-10,24,email_marketing,newsletter_mensal_05_2024,content_view,/blog/crm-para-industria,AST-0002,26,0,0,0.123182,4052.7
TP-0006118,OPP-01355,LEAD-007429,4,4,2024-05-17,17,email_marketing,campanha_email_05-2024,form_fill,/ebook/roi-tecnologia-empresas,AST-0010,45,0,1,0.837761,27562.32
TP-0006119,OPP-01356,LEAD-007430,1,8,2024-05-04,40,webinar_evento,bf-23,impression,/lp/demo-gratis,AST-0015,9,1,0,0.002115,104.08
TP-0006120,OPP-01356,LEAD-007430,2,8,2024-05-07,37,paid_search,google_branded_2024,click,/lp/roi-calculator,AST-0018,35,0,0,0.006048,297.57
TP-0006121,OPP-01356,LEAD-007430,3,8,2024-05-10,34,paid_search,google_branded_2024,form_fill,/produto/api-marketplace,AST-0021,55,0,0,0.027476,1351.84
TP-0006122,OPP-01356,LEAD-007430,4,8,2024-05-12,32,paid_search,crm-b2b-keywords-2024,demo_request,/lp/trial-30-dias,AST-0016,85,0,0,0.046103,2268.27
TP-0006123,OPP-01356,LEAD-007430,5,8,2024-05-17,27,paid_search,pesquisa_concorrentes_q2_2024,sales_call,/lp/roi-calculator,AST-0018,84,0,0,0.074129,3647.15
TP-0006124,OPP-01356,LEAD-007430,6,8,2024-05-18,26,paid_search,google_brand_keywords_2024,click,/lp/trial-30-dias,AST-0016,23,0,0,0.01327,652.86
TP-0006125,OPP-01356,LEAD-007430,7,8,2024-06-05,8,paid_search,google_brand_keywords_2024,demo_request,/lp/comparativo-erp,AST-0017,84,0,0,0.255997,12595.06
TP-0006126,OPP-01356,LEAD-007430,8,8,2024-06-09,4,paid_search,google_brand_keywords_2024,sales_call,/produto/crm-integracao,AST-0019,87,0,1,0.574861,28283.17
TP-0006127,OPP-01357,LEAD-007448,1,4,2024-05-04,41,organic_search,,impression,/blog/integracao-erp-sistemas,AST-0003,2,1,0,0.010169,1538.54
TP-0006128,OPP-01357,LEAD-007448,2,4,2024-05-12,33,organic_search,,click,/produto/api-marketplace,AST-0021,32,0,0,0.041554,6287.17
TP-0006129,OPP-01357,LEAD-007448,3,4,2024-05-23,22,organic_search,(not set),content_view,/produto/erp-connector,AST-0020,37,0,0,0.121559,18391.84
TP-0006130,OPP-01357,LEAD-007448,4,4,2024-05-30,15,organic_search,(not set),form_fill,/produto/api-marketplace,AST-0021,59,0,1,0.826718,125082.45
TP-0006131,OPP-01358,LEAD-007456,1,5,2024-05-08,39,direct,(direct),click,/lp/roi-calculator,AST-0018,17,1,0,0.014071,602.26
TP-0006132,OPP-01358,LEAD-007456,2,5,2024-05-22,25,meta_ads,meta_awareness_2024,form_fill,/lp/demo-gratis,AST-0015,57,0,0,0.107885,4617.49
TP-0006133,OPP-01358,LEAD-007456,3,5,2024-06-03,13,meta_ads,ig_gestores_b2b_q2,demo_request,/lp/comparativo-erp,AST-0017,84,0,0,0.369779,15826.54
TP-0006134,OPP-01358,LEAD-007456,4,5,2024-06-03,13,meta_ads,fb-leads-varejo-2024,sales_call,/ebook/gestao-pipeline-vendas,AST-0009,84,0,0,0.416001,17804.85
TP-0006135,OPP-01358,LEAD-007456,5,5,2024-06-07,9,meta_ads,ig_gestores_b2b_q2,email_open,/lp/demo-gratis,AST-0015,9,0,1,0.092263,3948.86
TP-0006136,OPP-01359,LEAD-007457,1,3,2024-05-09,30,organic_search,,impression,/blog/integracao-erp-sistemas,AST-0003,20,1,0,0.025728,918.5
TP-0006137,OPP-01359,LEAD-007457,2,3,2024-05-30,9,organic_search,,click,/ebook/roi-tecnologia-empresas,AST-0010,16,0,0,0.266091,9499.45
TP-0006138,OPP-01359,LEAD-007457,3,3,2024-06-03,5,organic_search,(none),content_view,/lp/roi-calculator,AST-0018,56,0,1,0.708181,25282.06
TP-0006139,OPP-01360,LEAD-007459,1,5,2024-04-25,42,linkedin_ads,lkd_awareness_2024,impression,/ebook/roi-tecnologia-empresas,AST-0010,19,1,0,0.002297,88.89
TP-0006140,OPP-01360,LEAD-007459,2,5,2024-04-27,40,direct,(direct),click,/lp/demo-gratis,AST-0015,29,0,0,0.006114,236.62
TP-0006141,OPP-01360,LEAD-007459,3,5,2024-05-01,36,direct,(not set),content_view,/produto/erp-connector,AST-0020,25,0,0,0.010849,419.84
TP-0006142,OPP-01360,LEAD-007459,4,5,2024-05-11,26,direct,(not set),demo_request,/webinar/integracao-erp-ao-vivo,AST-0012,87,0,0,0.088643,3430.47
TP-0006143,OPP-01360,LEAD-007459,5,5,2024-06-05,1,direct,(not set),sales_call,/lp/roi-calculator,AST-0018,83,0,1,0.892098,34524.18
TP-0006144,OPP-01361,LEAD-007461,1,6,2024-04-28,42,email_marketing,campanha_email_04-2024,email_open,/ebook/gestao-pipeline-vendas,AST-0009,29,1,0,0.00396,422.95
TP-0006145,OPP-01361,LEAD-007461,2,6,2024-05-02,38,meta_ads,meta_awareness_2024,click,/lp/trial-30-dias,AST-0016,17,0,0,0.006081,649.42
TP-0006146,OPP-01361,LEAD-007461,3,6,2024-05-14,26,meta_ads,fb-leads-varejo-2024,content_view,/ebook/integracao-sistemas-guia,AST-0011,40,0,0,0.019105,2040.4
TP-0006147,OPP-01361,LEAD-007461,4,6,2024-05-24,16,meta_ads,ig_gestores_b2b_q2,form_fill,/ebook/gestao-pipeline-vendas,AST-0009,57,0,0,0.107322,11461.94
TP-0006148,OPP-01361,LEAD-007461,5,6,2024-06-03,6,meta_ads,ig_gestores_b2b_q2,sales_call,/ebook/roi-tecnologia-empresas,AST-0010,92,0,0,0.358738,38313.2
TP-0006149,OPP-01361,LEAD-007461,6,6,2024-06-09,0,meta_ads,fb-leads-varejo-2024,form_fill,/ebook/integracao-sistemas-guia,AST-0011,54,0,1,0.504795,53912.08
TP-0006150,OPP-01362,LEAD-007465,1,2,2024-05-18,26,meta_ads,fb-leads-varejo-2024,impression,/ebook/crm-para-varejo,AST-0008,6,1,0,0.17837,10202.79
TP-0006151,OPP-01362,LEAD-007465,2,2,2024-05-22,22,meta_ads,meta_awareness_2024,click,/ebook/crm-para-varejo,AST-0008,29,0,1,0.82163,46997.21
TP-0006152,OPP-01363,LEAD-007466,1,3,2024-05-07,29,direct,(direct),click,/produto/erp-connector,AST-0020,20,1,0,0.09158,15687.71
TP-0006153,OPP-01363,LEAD-007466,2,3,2024-05-07,29,direct,(direct),form_fill,/lp/roi-calculator,AST-0018,60,0,0,0.258304,44247.39
TP-0006154,OPP-01363,LEAD-007466,3,3,2024-05-09,27,direct,(direct),demo_request,/ebook/integracao-sistemas-guia,AST-0011,78,0,1,0.650116,111364.9
TP-0006155,OPP-01364,LEAD-007469,1,3,2024-04-29,41,direct,,click,/lp/trial-30-dias,AST-0016,31,1,0,0.053864,2052.23
TP-0006156,OPP-01364,LEAD-007469,2,3,2024-05-07,33,direct,,form_fill,/produto/crm-integracao,AST-0019,57,0,0,0.269028,10249.96
TP-0006157,OPP-01364,LEAD-007469,3,3,2024-05-09,31,direct,,demo_request,/produto/api-marketplace,AST-0021,89,0,1,0.677108,25797.81
TP-0006158,OPP-01365,LEAD-007471,1,3,2024-05-08,43,webinar_evento,campanha-natal-2024,impression,/blog/integracao-erp-sistemas,AST-0003,16,1,0,0.01323,549.06
TP-0006159,OPP-01365,LEAD-007471,2,3,2024-05-27,24,webinar_evento,webinar_integracao_erp_2024,click,/lp/demo-gratis,AST-0015,32,0,0,0.118618,4922.63
TP-0006160,OPP-01365,LEAD-007471,3,3,2024-05-31,20,webinar_evento,black_friday_2023,form_fill,/webinar/automacao-vendas-demo,AST-0014,75,0,1,0.868152,36028.31
TP-0006161,OPP-01366,LEAD-007482,1,6,2024-04-30,42,linkedin_ads,linkedin_prospeccao_q2_2024,impression,/lp/demo-gratis,AST-0015,24,1,0,0.001405,51.43
TP-0006162,OPP-01366,LEAD-007482,2,6,2024-05-27,15,linkedin_ads,linkedin_prospeccao_q2_2024,click,/webinar/crm-para-gestores,AST-0013,29,0,0,0.022311,816.57
TP-0006163,OPP-01366,LEAD-007482,3,6,2024-05-29,13,linkedin_ads,linkedin_gestores_2024,content_view,/lp/demo-gratis,AST-0015,14,0,0,0.034316,1255.95
TP-0006164,OPP-01366,LEAD-007482,4,6,2024-05-30,12,linkedin_ads,linkedin_prospecao_q2_2024,demo_request,/lp/trial-30-dias,AST-0016,82,0,0,0.147426,5395.79
TP-0006165,OPP-01366,LEAD-007482,5,6,2024-06-06,5,linkedin_ads,linkedin_gestores_2024,sales_call,/webinar/automacao-vendas-demo,AST-0014,70,0,0,0.273447,10008.16
TP-0006166,OPP-01366,LEAD-007482,6,6,2024-06-11,0,linkedin_ads,linkedin_decisores_ti_2024,demo_request,/lp/trial-30-dias,AST-0016,83,0,1,0.521095,19072.09
TP-0006167,OPP-01367,LEAD-007486,1,6,2024-05-11,41,organic_search,,impression,/blog/churn-saas-brasil,AST-0005,15,1,0,0.010156,295.55
TP-0006168,OPP-01367,LEAD-007486,2,6,2024-05-19,33,organic_search,(not set),click,/blog/automacao-marketing-b2b,AST-0004,15,0,0,0.041503,1207.73
TP-0006169,OPP-01367,LEAD-007486,3,6,2024-05-30,22,organic_search,,content_view,/produto/erp-connector,AST-0020,33,0,0,0.121408,3532.98
TP-0006170,OPP-01367,LEAD-007486,4,6,2024-06-06,15,organic_search,(not set),form_fill,/blog/integracao-erp-sistemas,AST-0003,93,0,0,0.550464,16018.49
TP-0006171,OPP-01367,LEAD-007486,5,6,2024-06-07,14,organic_search,(none),click,/blog/crm-para-industria,AST-0002,21,0,0,0.161242,4692.14
TP-0006172,OPP-01367,LEAD-007486,6,6,2024-06-12,9,organic_search,(not set),impression,/blog/churn-saas-brasil,AST-0005,19,0,1,0.115227,3353.1
TP-0006173,OPP-01368,LEAD-007487,1,8,2024-05-17,20,linkedin_ads,lkd_awareness_2024,impression,/blog/integracao-erp-sistemas,AST-0003,7,1,0,0.006048,1222.91
TP-0006174,OPP-01368,LEAD-007487,2,8,2024-05-19,18,linkedin_ads,linkedin_prospeccao_q2_2024,click,/lp/trial-30-dias,AST-0016,29,0,0,0.0161,3255.47
TP-0006175,OPP-01368,LEAD-007487,3,8,2024-05-23,14,linkedin_ads,lkd_awareness_2024,content_view,/lp/comparativo-erp,AST-0017,26,0,0,0.028566,5776.12
TP-0006176,OPP-01368,LEAD-007487,4,8,2024-05-24,13,linkedin_ads,linkedin_prospeccao_q2_2024,demo_request,/blog/funil-vendas-complexas,AST-0006,90,0,0,0.122726,24815.18
TP-0006177,OPP-01368,LEAD-007487,5,8,2024-05-27,10,linkedin_ads,linkedin_decisores_ti_2024,sales_call,/webinar/automacao-vendas-demo,AST-0014,85,0,0,0.171061,34588.61
TP-0006178,OPP-01368,LEAD-007487,6,8,2024-06-01,5,linkedin_ads,linkedin_gestores_2024,form_fill,/webinar/integracao-erp-ao-vivo,AST-0012,49,0,0,0.149409,30210.54
TP-0006179,OPP-01368,LEAD-007487,7,8,2024-06-05,1,linkedin_ads,lkd_awareness_2024,impression,/ebook/gestao-pipeline-vendas,AST-0009,8,0,0,0.018075,3654.68
TP-0006180,OPP-01368,LEAD-007487,8,8,2024-06-05,1,linkedin_ads,lkd_awareness_2024,sales_call,/ebook/integracao-sistemas-guia,AST-0011,72,0,1,0.488014,98676.49
TP-0006181,OPP-01369,LEAD-007493,1,3,2024-06-05,14,meta_ads,ig_gestores_b2b_q2,impression,/ebook/gestao-pipeline-vendas,AST-0009,1,1,0,0.029614,583.4
TP-0006182,OPP-01369,LEAD-007493,2,3,2024-06-08,11,meta_ads,fb-leads-varejo-2024,click,/lp/roi-calculator,AST-0018,15,0,0,0.084672,1668.04
TP-0006183,OPP-01369,LEAD-007493,3,3,2024-06-17,2,meta_ads,meta_awareness_2024,form_fill,/lp/trial-30-dias,AST-0016,75,0,1,0.885714,17448.56
TP-0006184,OPP-01370,LEAD-007495,1,8,2024-05-13,39,webinar_evento,bf-23,impression,/lp/demo-gratis,AST-0015,8,1,0,0.003884,214.81
TP-0006185,OPP-01370,LEAD-007495,2,8,2024-05-15,37,organic_search,(none),click,/produto/erp-connector,AST-0020,29,0,0,0.010341,571.85
TP-0006186,OPP-01370,LEAD-007495,3,8,2024-05-21,31,organic_search,,form_fill,/produto/api-marketplace,AST-0021,93,0,0,0.058204,3218.68
TP-0006187,OPP-01370,LEAD-007495,4,8,2024-05-26,26,organic_search,(not set),demo_request,/produto/api-marketplace,AST-0021,71,0,0,0.121,6691.29
TP-0006188,OPP-01370,LEAD-007495,5,8,2024-05-29,23,organic_search,(not set),sales_call,/ebook/integracao-sistemas-guia,AST-0011,98,0,0,0.168656,9326.65
TP-0006189,OPP-01370,LEAD-007495,6,8,2024-06-10,11,organic_search,(none),demo_request,/produto/erp-connector,AST-0020,88,0,0,0.353265,19535.55
TP-0006190,OPP-01370,LEAD-007495,7,8,2024-06-10,11,organic_search,(none),click,/blog/churn-saas-brasil,AST-0005,29,0,0,0.066237,3662.92
TP-0006191,OPP-01370,LEAD-007495,8,8,2024-06-17,4,organic_search,(none),content_view,/blog/crm-para-industria,AST-0002,44,0,1,0.218413,12078.25
TP-0006192,OPP-01371,LEAD-007507,1,2,2024-05-01,37,paid_search,pesquisa_concorrentes_q2_2024,click,/blog/leads-qualificados-b2b,AST-0007,27,1,0,0.126882,16723.02
TP-0006193,OPP-01371,LEAD-007507,2,2,2024-05-26,12,paid_search,crm-b2b-keywords-2024,click,/produto/api-marketplace,AST-0021,25,0,1,0.873118,115076.98
TP-0006194,OPP-01372,LEAD-007510,1,3,2024-05-07,36,meta_ads,facebook_retargeting_2024,impression,/lp/roi-calculator,AST-0018,1,1,0,0.010281,1038.42
TP-0006195,OPP-01372,LEAD-007510,2,3,2024-05-08,35,meta_ads,facebook_retargeting_2024,click,/ebook/roi-tecnologia-empresas,AST-0010,19,0,0,0.025483,2573.79
TP-0006196,OPP-01372,LEAD-007510,3,3,2024-06-04,8,meta_ads,ig_gestores_b2b_q2,form_fill,/lp/roi-calculator,AST-0018,69,0,1,0.964235,97387.78
TP-0006197,OPP-01373,LEAD-007513,1,6,2024-05-13,33,webinar_evento,webinar_integracao_erp_2024,impression,/lp/demo-gratis,AST-0015,19,1,0,0.002522,159.13
TP-0006198,OPP-01373,LEAD-007513,2,6,2024-05-27,19,webinar_evento,campanha_natal_2024,click,/webinar/automacao-vendas-demo,AST-0014,45,0,0,0.01582,998.24
TP-0006199,OPP-01373,LEAD-007513,3,6,2024-05-27,19,webinar_evento,campanha_natal_2024,form_fill,/webinar/automacao-vendas-demo,AST-0014,62,0,0,0.058007,3660.22
TP-0006200,OPP-01373,LEAD-007513,4,6,2024-05-31,15,webinar_evento,campanha-natal-2024,demo_request,/webinar/integracao-erp-ao-vivo,AST-0012,85,0,0,0.112277,7084.65
TP-0006201,OPP-01373,LEAD-007513,5,6,2024-06-13,2,webinar_evento,black_friday_2023,sales_call,/blog/automacao-marketing-b2b,AST-0004,100,0,0,0.31968,20171.79
TP-0006202,OPP-01373,LEAD-007513,6,6,2024-06-15,0,webinar_evento,campanha-natal-2024,demo_request,/lp/demo-gratis,AST-0015,100,0,1,0.491695,31025.96
TP-0006203,OPP-01374,LEAD-007514,1,9,2024-05-08,41,linkedin_ads,linkedin_decisores_ti_2024,impression,/ebook/gestao-pipeline-vendas,AST-0009,16,1,0,0.001391,156.92
TP-0006204,OPP-01374,LEAD-007514,2,9,2024-05-16,33,linkedin_ads,linkedin_prospeccao_q2_2024,click,/lp/roi-calculator,AST-0018,6,0,0,0.005685,641.24
TP-0006205,OPP-01374,LEAD-007514,3,9,2024-05-23,26,linkedin_ads,linkedin_prospeccao_q2_2024,content_view,/webinar/integracao-erp-ao-vivo,AST-0012,36,0,0,0.012497,1409.63
TP-0006206,OPP-01374,LEAD-007514,4,9,2024-06-01,17,linkedin_ads,linkedin_prospecao_q2_2024,demo_request,/lp/comparativo-erp,AST-0017,75,0,0,0.09507,10723.93
TP-0006207,OPP-01374,LEAD-007514,5,9,2024-06-02,16,linkedin_ads,linkedin_prospeccao_q2_2024,sales_call,/lp/trial-30-dias,AST-0016,84,0,0,0.114873,12957.69
TP-0006208,OPP-01374,LEAD-007514,6,9,2024-06-07,11,linkedin_ads,linkedin_gestores_2024,content_view,/lp/roi-calculator,AST-0018,35,0,0,0.036485,4115.48
TP-0006209,OPP-01374,LEAD-007514,7,9,2024-06-08,10,linkedin_ads,linkedin_gestores_2024,sales_call,/lp/comparativo-erp,AST-0017,83,0,0,0.176338,19890.87
TP-0006210,OPP-01374,LEAD-007514,8,9,2024-06-16,2,linkedin_ads,lkd_awareness_2024,impression,/webinar/crm-para-gestores,AST-0013,8,0,0,0.017348,1956.81
TP-0006211,OPP-01374,LEAD-007514,9,9,2024-06-18,0,linkedin_ads,linkedin_gestores_2024,sales_call,/lp/demo-gratis,AST-0015,87,0,1,0.540314,60947.43
TP-0006212,OPP-01375,LEAD-007528,1,3,2024-05-19,22,organic_search,(not set),impression,/lp/trial-30-dias,AST-0016,21,1,0,0.062405,2171.68
TP-0006213,OPP-01375,LEAD-007528,2,3,2024-05-20,21,organic_search,(not set),click,/blog/automacao-marketing-b2b,AST-0004,22,0,0,0.154673,5382.63
TP-0006214,OPP-01375,LEAD-007528,3,3,2024-06-02,8,organic_search,(not set),content_view,/blog/integracao-erp-sistemas,AST-0003,33,0,1,0.782922,27245.69
TP-0006215,OPP-01376,LEAD-007537,1,3,2024-05-14,33,paid_search,google_brand_keywords_2024,click,/blog/automacao-marketing-b2b,AST-0004,16,1,0,0.025534,1858.87
TP-0006216,OPP-01376,LEAD-007537,2,3,2024-06-08,8,paid_search,google_branded_2024,click,/blog/funil-vendas-complexas,AST-0006,15,0,0,0.117139,8527.69
TP-0006217,OPP-01376,LEAD-007537,3,3,2024-06-12,4,paid_search,google_branded_2024,form_fill,/lp/demo-gratis,AST-0015,49,0,1,0.857328,62413.44
TP-0006218,OPP-01377,LEAD-007546,1,4,2024-05-13,37,organic_search,(not set),impression,/produto/crm-integracao,AST-0019,10,1,0,0.008974,356.28
TP-0006219,OPP-01377,LEAD-007546,2,4,2024-05-20,30,webinar_evento,webinar_integracao_erp_2024,click,/lp/comparativo-erp,AST-0017,24,0,0,0.034145,1355.57
TP-0006220,OPP-01377,LEAD-007546,3,4,2024-06-02,17,webinar_evento,campanha_natal_2024,content_view,/webinar/automacao-vendas-demo,AST-0014,41,0,0,0.115224,4574.39
TP-0006221,OPP-01377,LEAD-007546,4,4,2024-06-10,9,webinar_evento,webinar_integracao_erp_2024,form_fill,/lp/roi-calculator,AST-0018,78,0,1,0.841656,33413.76
TP-0006222,OPP-01378,LEAD-007552,1,5,2024-05-17,35,paid_search,google_brand_keywords_2024,click,/produto/crm-integracao,AST-0019,14,1,0,0.014964,733.23
TP-0006223,OPP-01378,LEAD-007552,2,5,2024-06-08,13,linkedin_ads,lkd_awareness_2024,click,/webinar/automacao-vendas-demo,AST-0014,24,0,0,0.055407,2714.95
TP-0006224,OPP-01378,LEAD-007552,3,5,2024-06-14,7,linkedin_ads,linkedin_prospeccao_q2_2024,form_fill,/lp/demo-gratis,AST-0015,64,0,0,0.311862,15281.25
TP-0006225,OPP-01378,LEAD-007552,4,5,2024-06-15,6,linkedin_ads,lkd_awareness_2024,demo_request,/ebook/crm-para-varejo,AST-0008,82,0,0,0.487204,23873.02
TP-0006226,OPP-01378,LEAD-007552,5,5,2024-06-20,1,linkedin_ads,linkedin_decisores_ti_2024,email_open,/webinar/automacao-vendas-demo,AST-0014,22,0,1,0.130562,6397.55
TP-0006227,OPP-01379,LEAD-007556,1,2,2024-05-28,14,meta_ads,facebook_retargeting_2024,impression,/ebook/crm-para-varejo,AST-0008,17,1,0,0.096067,2680.26
TP-0006228,OPP-01379,LEAD-007556,2,2,2024-06-11,0,meta_ads,fb-leads-varejo-2024,click,/ebook/roi-tecnologia-empresas,AST-0010,27,0,1,0.903933,25219.74
TP-0006229,OPP-01380,LEAD-007557,1,5,2024-05-04,39,paid_search,google_branded_2024,click,/produto/api-marketplace,AST-0021,27,1,0,0.030181,1856.14
TP-0006230,OPP-01380,LEAD-007557,2,5,2024-05-10,33,linkedin_ads,linkedin_decisores_ti_2024,click,/blog/churn-saas-brasil,AST-0005,35,0,0,0.035638,2191.77
TP-0006231,OPP-01380,LEAD-007557,3,5,2024-05-12,31,linkedin_ads,linkedin_decisores_ti_2024,form_fill,/ebook/crm-para-varejo,AST-0008,81,0,0,0.150741,9270.6
TP-0006232,OPP-01380,LEAD-007557,4,5,2024-05-17,26,linkedin_ads,linkedin_decisores_ti_2024,demo_request,/ebook/gestao-pipeline-vendas,AST-0009,92,0,0,0.313376,19272.6
TP-0006233,OPP-01380,LEAD-007557,5,5,2024-05-17,26,linkedin_ads,linkedin_gestores_2024,demo_request,/webinar/automacao-vendas-demo,AST-0014,88,0,1,0.470063,28908.9
TP-0006234,OPP-01381,LEAD-007572,1,2,2024-05-09,41,paid_search,pesquisa_concorrentes_q2_2024,click,/ebook/gestao-pipeline-vendas,AST-0009,23,1,0,0.411592,23790.04
TP-0006235,OPP-01381,LEAD-007572,2,2,2024-05-12,38,paid_search,google_brand_keywords_2024,click,/lp/trial-30-dias,AST-0016,16,0,1,0.588408,34009.96
TP-0006236,OPP-01382,LEAD-007574,1,5,2024-05-04,43,organic_search,(none),impression,/blog/churn-saas-brasil,AST-0005,21,1,0,0.003369,294.09
TP-0006237,OPP-01382,LEAD-007574,2,5,2024-05-18,29,organic_search,(none),click,/webinar/integracao-erp-ao-vivo,AST-0012,40,0,0,0.021132,1844.79
TP-0006238,OPP-01382,LEAD-007574,3,5,2024-05-18,29,organic_search,(none),content_view,/blog/integracao-erp-sistemas,AST-0003,53,0,0,0.028176,2459.72
TP-0006239,OPP-01382,LEAD-007574,4,5,2024-05-30,17,organic_search,(none),form_fill,/produto/erp-connector,AST-0020,76,0,0,0.182582,15939.38
TP-0006240,OPP-01382,LEAD-007574,5,5,2024-06-10,6,organic_search,(not set),proposal_sent,/blog/automacao-marketing-b2b,AST-0004,82,0,1,0.764742,66762.02
TP-0006241,OPP-01383,LEAD-007576,1,5,2024-05-01,43,paid_search,google_brand_keywords_2024,click,/lp/roi-calculator,AST-0018,14,1,0,0.018955,562.98
TP-0006242,OPP-01383,LEAD-007576,2,5,2024-05-02,42,paid_search,pesquisa_concorrentes_q2_2024,click,/ebook/gestao-pipeline-vendas,AST-0009,11,0,0,0.015661,465.12
TP-0006243,OPP-01383,LEAD-007576,3,5,2024-05-16,28,paid_search,integracao_erp_pesquisa_2024,form_fill,/blog/leads-qualificados-b2b,AST-0007,52,0,0,0.156091,4635.9
TP-0006244,OPP-01383,LEAD-007576,4,5,2024-05-31,13,paid_search,integracao_erp_pesquisa_2024,demo_request,/lp/trial-30-dias,AST-0016,82,0,0,0.662858,19686.89
TP-0006245,OPP-01383,LEAD-007576,5,5,2024-06-12,1,paid_search,google_brand_keywords_2024,impression,/ebook/integracao-sistemas-guia,AST-0011,1,0,1,0.146435,4349.11
TP-0006246,OPP-01384,LEAD-007577,1,8,2024-05-07,40,webinar_evento,campanha-natal-2024,impression,/blog/crm-para-industria,AST-0002,15,1,0,0.003173,164.65
TP-0006247,OPP-01384,LEAD-007577,2,8,2024-05-27,20,linkedin_ads,lkd_awareness_2024,click,/ebook/roi-tecnologia-empresas,AST-0010,33,0,0,0.030549,1585.52
TP-0006248,OPP-01384,LEAD-007577,3,8,2024-05-31,16,linkedin_ads,linkedin_gestores_2024,form_fill,/webinar/integracao-erp-ao-vivo,AST-0012,83,0,0,0.14906,7736.19
TP-0006249,OPP-01384,LEAD-007577,4,8,2024-06-03,13,linkedin_ads,lkd_awareness_2024,demo_request,/webinar/automacao-vendas-demo,AST-0014,70,0,0,0.268627,13941.75
TP-0006250,OPP-01384,LEAD-007577,5,8,2024-06-06,10,linkedin_ads,linkedin_gestores_2024,sales_call,/webinar/integracao-erp-ao-vivo,AST-0012,83,0,0,0.374426,19432.7
TP-0006251,OPP-01384,LEAD-007577,6,8,2024-06-10,6,linkedin_ads,linkedin_prospecao_q2_2024,email_open,/webinar/integracao-erp-ao-vivo,AST-0012,13,0,0,0.055361,2873.26
TP-0006252,OPP-01384,LEAD-007577,7,8,2024-06-11,5,linkedin_ads,linkedin_decisores_ti_2024,email_open,/lp/roi-calculator,AST-0018,12,0,0,0.05946,3086.0
TP-0006253,OPP-01384,LEAD-007577,8,8,2024-06-15,1,linkedin_ads,linkedin_gestores_2024,impression,/webinar/integracao-erp-ao-vivo,AST-0012,9,0,1,0.059344,3079.93
TP-0006254,OPP-01385,LEAD-007581,1,3,2024-05-24,31,paid_search,google_brand_keywords_2024,click,/lp/roi-calculator,AST-0018,23,1,0,0.041092,1487.52
TP-0006255,OPP-01385,LEAD-007581,2,3,2024-06-02,22,paid_search,google_brand_keywords_2024,click,/webinar/integracao-erp-ao-vivo,AST-0012,27,0,0,0.060118,2176.26
TP-0006256,OPP-01385,LEAD-007581,3,3,2024-06-16,8,paid_search,crm-b2b-keywords-2024,form_fill,/blog/integracao-erp-sistemas,AST-0003,57,0,1,0.898791,32536.22
TP-0006257,OPP-01386,LEAD-007589,1,5,2024-05-13,43,paid_search,crm-b2b-keywords-2024,click,/webinar/crm-para-gestores,AST-0013,28,1,0,0.005073,597.62
TP-0006258,OPP-01386,LEAD-007589,2,5,2024-06-02,23,meta_ads,ig_gestores_b2b_q2,click,/lp/roi-calculator,AST-0018,40,0,0,0.016284,1918.23
TP-0006259,OPP-01386,LEAD-007589,3,5,2024-06-11,14,meta_ads,facebook_retargeting_2024,form_fill,/lp/comparativo-erp,AST-0017,65,0,0,0.113558,13377.09
TP-0006260,OPP-01386,LEAD-007589,4,5,2024-06-17,8,meta_ads,facebook_retargeting_2024,demo_request,/lp/roi-calculator,AST-0018,95,0,0,0.253554,29868.63
TP-0006261,OPP-01386,LEAD-007589,5,5,2024-06-22,3,meta_ads,meta_awareness_2024,sales_call,/ebook/crm-para-varejo,AST-0008,100,0,1,0.611532,72038.43
TP-0006262,OPP-01387,LEAD-007596,1,2,2024-05-16,40,organic_search,,impression,/produto/crm-integracao,AST-0019,1,1,0,0.069212,2470.87
TP-0006263,OPP-01387,LEAD-007596,2,2,2024-06-04,21,organic_search,,click,/produto/erp-connector,AST-0020,26,0,1,0.930788,33229.13
TP-0006264,OPP-01388,LEAD-007597,1,5,2024-05-07,38,organic_search,(not set),impression,/blog/integracao-erp-sistemas,AST-0003,4,1,0,0.010675,845.42
TP-0006265,OPP-01388,LEAD-007597,2,5,2024-05-12,33,webinar_evento,bf-23,click,/lp/demo-gratis,AST-0015,6,0,0,0.035207,2788.42
TP-0006266,OPP-01388,LEAD-007597,3,5,2024-05-14,31,webinar_evento,campanha-natal-2024,content_view,/lp/comparativo-erp,AST-0017,56,0,0,0.054152,4288.83
TP-0006267,OPP-01388,LEAD-007597,4,5,2024-06-06,8,webinar_evento,webinar_integracao_erp_2024,form_fill,/webinar/integracao-erp-ao-vivo,AST-0012,49,0,0,0.769892,60975.45
TP-0006268,OPP-01388,LEAD-007597,5,5,2024-06-09,5,webinar_evento,black_friday_2023,impression,/webinar/integracao-erp-ao-vivo,AST-0012,1,0,1,0.130074,10301.88
TP-0006269,OPP-01389,LEAD-007601,1,6,2024-05-19,42,organic_search,(none),impression,/blog/gestao-vendas-b2b,AST-0001,10,1,0,0.005109,163.49
TP-0006270,OPP-01389,LEAD-007601,2,6,2024-05-21,40,email_marketing,email_nurture_leads_2024,click,/ebook/gestao-pipeline-vendas,AST-0009,18,0,0,0.013601,435.22
TP-0006271,OPP-01389,LEAD-007601,3,6,2024-05-30,31,email_marketing,campanha_email_05-2024,content_view,/ebook/integracao-sistemas-guia,AST-0011,35,0,0,0.03449,1103.67
TP-0006272,OPP-01389,LEAD-007601,4,6,2024-06-11,19,email_marketing,email_reengajamento_q2_2024,form_fill,/ebook/gestao-pipeline-vendas,AST-0009,53,0,0,0.223498,7151.92
TP-0006273,OPP-01389,LEAD-007601,5,6,2024-06-16,14,email_marketing,email_nurture_leads_2024,sales_call,/ebook/crm-para-varejo,AST-0008,74,0,0,0.522706,16726.6
TP-0006274,OPP-01389,LEAD-007601,6,6,2024-06-22,8,email_marketing,email_nurture_leads_2024,click,/webinar/automacao-vendas-demo,AST-0014,7,0,1,0.200597,6419.1
TP-0006275,OPP-01390,LEAD-007612,1,5,2024-05-11,37,linkedin_ads,lkd_awareness_2024,impression,/webinar/integracao-erp-ao-vivo,AST-0012,9,1,0,0.002084,92.75
TP-0006276,OPP-01390,LEAD-007612,2,5,2024-05-21,27,organic_search,,click,/lp/trial-30-dias,AST-0016,40,0,0,0.009825,437.21
TP-0006277,OPP-01390,LEAD-007612,3,5,2024-06-07,10,organic_search,,content_view,/blog/integracao-erp-sistemas,AST-0003,42,0,0,0.044119,1963.3
TP-0006278,OPP-01390,LEAD-007612,4,5,2024-06-16,1,organic_search,(not set),demo_request,/produto/crm-integracao,AST-0019,82,0,0,0.335641,14936.03
TP-0006279,OPP-01390,LEAD-007612,5,5,2024-06-17,0,organic_search,(not set),sales_call,/ebook/integracao-sistemas-guia,AST-0011,76,0,1,0.608331,27070.72
TP-0006280,OPP-01391,LEAD-007620,1,5,2024-05-11,42,organic_search,,impression,/produto/api-marketplace,AST-0021,21,1,0,0.018324,692.65
TP-0006281,OPP-01391,LEAD-007620,2,5,2024-05-14,39,webinar_evento,bf-23,click,/webinar/automacao-vendas-demo,AST-0014,26,0,0,0.052391,1980.4
TP-0006282,OPP-01391,LEAD-007620,3,5,2024-05-21,32,webinar_evento,evento_crm_gestores_q2,content_view,/webinar/crm-para-gestores,AST-0013,39,0,0,0.115172,4353.5
TP-0006283,OPP-01391,LEAD-007620,4,5,2024-05-27,26,webinar_evento,webinar_integracao_erp_2024,form_fill,/webinar/integracao-erp-ao-vivo,AST-0012,61,0,0,0.486189,18377.95
TP-0006284,OPP-01391,LEAD-007620,5,5,2024-06-03,19,webinar_evento,campanha-natal-2024,click,/webinar/automacao-vendas-demo,AST-0014,22,0,1,0.327923,12395.51
TP-0006285,OPP-01392,LEAD-007623,1,2,2024-05-03,42,paid_search,crm-b2b-keywords-2024,click,/webinar/crm-para-gestores,AST-0013,8,1,0,0.428994,12784.01
TP-0006286,OPP-01392,LEAD-007623,2,2,2024-05-05,40,paid_search,google_branded_2024,click,/produto/crm-integracao,AST-0019,29,0,1,0.571006,17015.99
TP-0006287,OPP-01393,LEAD-007624,1,2,2024-05-20,33,paid_search,integracao_erp_pesquisa_2024,click,/lp/demo-gratis,AST-0015,18,1,0,0.182389,10998.07
TP-0006288,OPP-01393,LEAD-007624,2,2,2024-06-08,14,paid_search,crm-b2b-keywords-2024,click,/produto/crm-integracao,AST-0019,13,0,1,0.817611,49301.93
TP-0006289,OPP-01394,LEAD-007629,1,3,2024-06-09,21,paid_search,crm-b2b-keywords-2024,click,/lp/trial-30-dias,AST-0016,20,1,0,0.047815,1295.78
TP-0006290,OPP-01394,LEAD-007629,2,3,2024-06-12,18,paid_search,integracao_erp_pesquisa_2024,click,/lp/demo-gratis,AST-0015,30,0,0,0.04557,1234.95
TP-0006291,OPP-01394,LEAD-007629,3,3,2024-06-30,0,paid_search,integracao_erp_pesquisa_2024,form_fill,/produto/erp-connector,AST-0020,71,0,1,0.906615,24569.27
TP-0006292,OPP-01395,LEAD-007646,1,2,2024-05-16,31,meta_ads,fb-leads-varejo-2024,impression,/lp/roi-calculator,AST-0018,4,1,0,0.035123,1654.3
TP-0006293,OPP-01395,LEAD-007646,2,2,2024-06-14,2,meta_ads,fb-leads-varejo-2024,click,/webinar/integracao-erp-ao-vivo,AST-0012,27,0,1,0.964877,45445.7
TP-0006294,OPP-01396,LEAD-007666,1,5,2024-05-25,34,linkedin_ads,linkedin_prospecao_q2_2024,impression,/produto/crm-integracao,AST-0019,9,1,0,0.002864,260.92
TP-0006295,OPP-01396,LEAD-007666,2,5,2024-05-30,29,linkedin_ads,lkd_awareness_2024,click,/lp/demo-gratis,AST-0015,43,0,0,0.009446,860.57
TP-0006296,OPP-01396,LEAD-007666,3,5,2024-06-14,14,linkedin_ads,linkedin_prospecao_q2_2024,content_view,/webinar/automacao-vendas-demo,AST-0014,18,0,0,0.036773,3349.98
TP-0006297,OPP-01396,LEAD-007666,4,5,2024-06-25,3,linkedin_ads,linkedin_decisores_ti_2024,demo_request,/lp/roi-calculator,AST-0018,93,0,0,0.322712,29399.08
TP-0006298,OPP-01396,LEAD-007666,5,5,2024-06-27,1,linkedin_ads,linkedin_decisores_ti_2024,sales_call,/blog/automacao-marketing-b2b,AST-0004,81,0,1,0.628205,57229.45
TP-0006299,OPP-01397,LEAD-007676,1,7,2024-05-10,43,webinar_evento,campanha-natal-2024,impression,/webinar/integracao-erp-ao-vivo,AST-0012,10,1,0,0.003081,125.4
TP-0006300,OPP-01397,LEAD-007676,2,7,2024-05-22,31,webinar_evento,campanha_natal_2024,click,/webinar/automacao-vendas-demo,AST-0014,24,0,0,0.016755,681.91
TP-0006301,OPP-01397,LEAD-007676,3,7,2024-05-28,25,webinar_evento,black_friday_2023,form_fill,/lp/demo-gratis,AST-0015,75,0,0,0.094304,3838.17
TP-0006302,OPP-01397,LEAD-007676,4,7,2024-05-30,23,webinar_evento,evento_crm_gestores_q2,demo_request,/webinar/crm-para-gestores,AST-0013,78,0,0,0.158234,6440.11
TP-0006303,OPP-01397,LEAD-007676,5,7,2024-06-01,21,webinar_evento,evento_crm_gestores_q2,sales_call,/ebook/crm-para-varejo,AST-0008,85,0,0,0.205349,8357.72
TP-0006304,OPP-01397,LEAD-007676,6,7,2024-06-11,11,webinar_evento,evento_crm_gestores_q2,form_fill,/lp/demo-gratis,AST-0015,67,0,0,0.256345,10433.22
TP-0006305,OPP-01397,LEAD-007676,7,7,2024-06-20,2,webinar_evento,black_friday_2023,content_view,/webinar/integracao-erp-ao-vivo,AST-0012,36,0,1,0.265933,10823.47
TP-0006306,OPP-01398,LEAD-007681,1,6,2024-05-08,43,webinar_evento,webinar_integracao_erp_2024,impression,/lp/roi-calculator,AST-0018,5,1,0,0.001551,61.73
TP-0006307,OPP-01398,LEAD-007681,2,6,2024-05-15,36,email_marketing,newsletter_mensal_05_2024,click,/blog/integracao-erp-sistemas,AST-0003,9,0,0,0.005901,234.86
TP-0006308,OPP-01398,LEAD-007681,3,6,2024-06-01,19,email_marketing,email_nurture_leads_2024,form_fill,/webinar/automacao-vendas-demo,AST-0014,81,0,0,0.07287,2900.23
TP-0006309,OPP-01398,LEAD-007681,4,6,2024-06-13,7,email_marketing,newsletter_mensal_06_2024,demo_request,/blog/integracao-erp-sistemas,AST-0003,90,0,0,0.249763,9940.58
TP-0006310,OPP-01398,LEAD-007681,5,6,2024-06-14,6,email_marketing,email_nurture_leads_2024,sales_call,/blog/churn-saas-brasil,AST-0005,99,0,0,0.301788,12011.16
TP-0006311,OPP-01398,LEAD-007681,6,6,2024-06-18,2,email_marketing,campanha_email_06-2024,form_fill,/produto/api-marketplace,AST-0021,92,0,1,0.368127,14651.45
TP-0006312,OPP-01399,LEAD-007692,1,8,2024-05-11,44,webinar_evento,campanha_natal_2024,impression,/lp/roi-calculator,AST-0018,15,1,0,0.002255,87.48
TP-0006313,OPP-01399,LEAD-007692,2,8,2024-05-11,44,paid_search,pesquisa_concorrentes_q2_2024,click,/produto/erp-connector,AST-0020,7,0,0,0.005203,201.87
TP-0006314,OPP-01399,LEAD-007692,3,8,2024-05-23,32,paid_search,pesquisa_concorrentes_q2_2024,form_fill,/lp/roi-calculator,AST-0018,59,0,0,0.044954,1744.21
TP-0006315,OPP-01399,LEAD-007692,4,8,2024-05-25,30,paid_search,crm-b2b-keywords-2024,demo_request,/webinar/integracao-erp-ao-vivo,AST-0012,86,0,0,0.075429,2926.63
TP-0006316,OPP-01399,LEAD-007692,5,8,2024-06-04,20,paid_search,crm-b2b-keywords-2024,sales_call,/lp/comparativo-erp,AST-0017,90,0,0,0.17334,6725.6
TP-0006317,OPP-01399,LEAD-007692,6,8,2024-06-11,13,paid_search,google_branded_2024,proposal_sent,/produto/crm-integracao,AST-0019,74,0,0,0.222281,8624.5
TP-0006318,OPP-01399,LEAD-007692,7,8,2024-06-16,8,paid_search,google_branded_2024,sales_call,/blog/leads-qualificados-b2b,AST-0007,76,0,0,0.408462,15848.33
TP-0006319,OPP-01399,LEAD-007692,8,8,2024-06-16,8,paid_search,google_brand_keywords_2024,email_open,/lp/demo-gratis,AST-0015,17,0,1,0.068077,2641.39
TP-0006320,OPP-01400,LEAD-007706,1,3,2024-05-21,39,webinar_evento,black_friday_2023,impression,/produto/crm-integracao,AST-0019,1,1,0,0.010301,1828.37
TP-0006321,OPP-01400,LEAD-007706,2,3,2024-06-16,13,webinar_evento,black_friday_2023,click,/webinar/integracao-erp-ao-vivo,AST-0012,21,0,0,0.152261,27026.41
TP-0006322,OPP-01400,LEAD-007706,3,3,2024-06-16,13,webinar_evento,campanha_natal_2024,form_fill,/webinar/integracao-erp-ao-vivo,AST-0012,76,0,1,0.837438,148645.23
TP-0006323,OPP-01401,LEAD-007716,1,7,2024-05-20,36,webinar_evento,black_friday_2023,impression,/blog/leads-qualificados-b2b,AST-0007,20,1,0,0.004634,853.51
TP-0006324,OPP-01401,LEAD-007716,2,7,2024-05-27,29,linkedin_ads,linkedin_decisores_ti_2024,click,/webinar/crm-para-gestores,AST-0013,24,0,0,0.01763,3247.38
TP-0006325,OPP-01401,LEAD-007716,3,7,2024-06-04,21,linkedin_ads,linkedin_prospecao_q2_2024,form_fill,/ebook/crm-para-varejo,AST-0008,73,0,0,0.114468,21084.97
TP-0006326,OPP-01401,LEAD-007716,4,7,2024-06-07,18,linkedin_ads,linkedin_prospecao_q2_2024,demo_request,/ebook/roi-tecnologia-empresas,AST-0010,100,0,0,0.206288,37998.24
TP-0006327,OPP-01401,LEAD-007716,5,7,2024-06-08,17,linkedin_ads,linkedin_decisores_ti_2024,sales_call,/webinar/crm-para-gestores,AST-0013,89,0,0,0.249257,45913.14
TP-0006328,OPP-01401,LEAD-007716,6,7,2024-06-15,10,linkedin_ads,linkedin_prospecao_q2_2024,demo_request,/webinar/crm-para-gestores,AST-0013,78,0,0,0.365294,67287.09
TP-0006329,OPP-01401,LEAD-007716,7,7,2024-06-18,7,linkedin_ads,linkedin_prospecao_q2_2024,impression,/blog/funil-vendas-complexas,AST-0006,25,0,1,0.04243,7815.67
TP-0006330,OPP-01402,LEAD-007727,1,6,2024-05-16,42,organic_search,(not set),impression,/produto/api-marketplace,AST-0021,10,1,0,0.00774,230.66
TP-0006331,OPP-01402,LEAD-007727,2,6,2024-05-20,38,organic_search,,click,/produto/api-marketplace,AST-0021,19,0,0,0.023769,708.32
TP-0006332,OPP-01402,LEAD-007727,3,6,2024-05-23,35,organic_search,(not set),content_view,/produto/erp-connector,AST-0020,47,0,0,0.039266,1170.12
TP-0006333,OPP-01402,LEAD-007727,4,6,2024-05-26,32,organic_search,(none),form_fill,/produto/erp-connector,AST-0020,46,0,0,0.133786,3986.82
TP-0006334,OPP-01402,LEAD-007727,5,6,2024-06-21,6,organic_search,(not set),impression,/blog/integracao-erp-sistemas,AST-0003,1,0,0,0.077905,2321.57
TP-0006335,OPP-01402,LEAD-007727,6,6,2024-06-27,0,organic_search,,content_view,/webinar/crm-para-gestores,AST-0013,14,0,1,0.717534,21382.51
TP-0006336,OPP-01403,LEAD-007732,1,5,2024-05-27,32,paid_search,google_branded_2024,click,/produto/crm-integracao,AST-0019,25,1,0,0.017396,1409.11
TP-0006337,OPP-01403,LEAD-007732,2,5,2024-06-04,24,linkedin_ads,linkedin_prospeccao_q2_2024,click,/ebook/crm-para-varejo,AST-0008,24,0,0,0.023697,1919.42
TP-0006338,OPP-01403,LEAD-007732,3,5,2024-06-16,12,linkedin_ads,linkedin_decisores_ti_2024,form_fill,/ebook/gestao-pipeline-vendas,AST-0009,57,0,0,0.204743,16584.21
TP-0006339,OPP-01403,LEAD-007732,4,5,2024-06-23,5,linkedin_ads,linkedin_decisores_ti_2024,demo_request,/lp/demo-gratis,AST-0015,85,0,0,0.491003,39771.25
TP-0006340,OPP-01403,LEAD-007732,5,5,2024-06-28,0,linkedin_ads,lkd_awareness_2024,content_view,/ebook/roi-tecnologia-empresas,AST-0010,48,0,1,0.263161,21316.0
TP-0006341,OPP-01404,LEAD-007733,1,2,2024-05-15,42,organic_search,(none),impression,/blog/integracao-erp-sistemas,AST-0003,6,1,0,0.021602,622.13
TP-0006342,OPP-01404,LEAD-007733,2,2,2024-06-20,6,organic_search,,click,/blog/funil-vendas-complexas,AST-0006,32,0,1,0.978398,28177.87
TP-0006343,OPP-01405,LEAD-007769,1,3,2024-05-26,31,paid_search,integracao_erp_pesquisa_2024,click,/produto/erp-connector,AST-0020,13,1,0,0.04747,1447.83
TP-0006344,OPP-01405,LEAD-007769,2,3,2024-06-11,15,paid_search,google_branded_2024,click,/lp/demo-gratis,AST-0015,39,0,0,0.114502,3492.3
TP-0006345,OPP-01405,LEAD-007769,3,3,2024-06-15,11,paid_search,google_branded_2024,form_fill,/ebook/roi-tecnologia-empresas,AST-0010,66,0,1,0.838028,25559.87
TP-0006346,OPP-01406,LEAD-007798,1,5,2024-05-12,42,paid_search,pesquisa_concorrentes_q2_2024,click,/produto/erp-connector,AST-0020,29,1,0,0.01113,775.73
TP-0006347,OPP-01406,LEAD-007798,2,5,2024-05-13,41,meta_ads,ig_gestores_b2b_q2,click,/ebook/integracao-sistemas-guia,AST-0011,20,0,0,0.009195,640.9
TP-0006348,OPP-01406,LEAD-007798,3,5,2024-06-08,15,meta_ads,ig_gestores_b2b_q2,form_fill,/lp/trial-30-dias,AST-0016,73,0,0,0.215961,15052.47
TP-0006349,OPP-01406,LEAD-007798,4,5,2024-06-19,4,meta_ads,fb-leads-varejo-2024,demo_request,/blog/automacao-marketing-b2b,AST-0004,100,0,0,0.689182,48035.96
TP-0006350,OPP-01406,LEAD-007798,5,5,2024-06-21,2,meta_ads,fb-leads-varejo-2024,impression,/ebook/crm-para-varejo,AST-0008,4,0,1,0.074533,5194.93
TP-0006351,OPP-01407,LEAD-007843,1,2,2024-05-18,40,direct,(direct),click,/lp/comparativo-erp,AST-0017,12,1,0,0.074896,6523.4
TP-0006352,OPP-01407,LEAD-007843,2,2,2024-06-02,25,direct,,form_fill,/webinar/automacao-vendas-demo,AST-0014,60,0,1,0.925104,80576.6
TP-0006353,OPP-01408,LEAD-007855,1,3,2024-05-29,30,meta_ads,fb-leads-varejo-2024,impression,/ebook/roi-tecnologia-empresas,AST-0010,2,1,0,0.055188,3427.16
TP-0006354,OPP-01408,LEAD-007855,2,3,2024-05-30,29,meta_ads,fb-leads-varejo-2024,click,/ebook/roi-tecnologia-empresas,AST-0010,23,0,0,0.136786,8494.41
TP-0006355,OPP-01408,LEAD-007855,3,3,2024-05-31,28,meta_ads,ig_gestores_b2b_q2,form_fill,/webinar/crm-para-gestores,AST-0013,89,0,1,0.808026,50178.43
TP-0006356,OPP-01409,LEAD-007860,1,2,2024-05-28,31,paid_search,pesquisa_concorrentes_q2_2024,click,/lp/comparativo-erp,AST-0017,17,1,0,0.344546,23015.67
TP-0006357,OPP-01409,LEAD-007860,2,2,2024-06-04,24,paid_search,google_branded_2024,click,/webinar/integracao-erp-ao-vivo,AST-0012,24,0,1,0.655454,43784.33
TP-0006358,OPP-01410,LEAD-007869,1,6,2024-05-19,42,organic_search,(not set),impression,/blog/leads-qualificados-b2b,AST-0007,1,1,0,0.003658,261.89
TP-0006359,OPP-01410,LEAD-007869,2,6,2024-05-31,30,organic_search,(not set),click,/blog/churn-saas-brasil,AST-0005,37,0,0,0.01989,1424.15
TP-0006360,OPP-01410,LEAD-007869,3,6,2024-06-19,11,organic_search,(none),content_view,/blog/integracao-erp-sistemas,AST-0003,26,0,0,0.103034,7377.22
TP-0006361,OPP-01410,LEAD-007869,4,6,2024-06-19,11,organic_search,(not set),form_fill,/blog/integracao-erp-sistemas,AST-0003,69,0,0,0.283343,20287.35
TP-0006362,OPP-01410,LEAD-007869,5,6,2024-06-21,9,organic_search,(not set),sales_call,/blog/gestao-vendas-b2b,AST-0001,100,0,0,0.534853,38295.46
TP-0006363,OPP-01410,LEAD-007869,6,6,2024-06-24,6,organic_search,(not set),impression,/produto/crm-integracao,AST-0019,1,0,1,0.055223,3953.93
